{
    "EuroSAT": [
        {
            "acc/test/EuroSAT_epoch": 0.9300000071525574,
            "loss/test/EuroSAT_epoch": 0.336326003074646,
            "acc/test/EuroSAT": 0.9300000071525574,
            "normalized_acc/test/EuroSAT": 0.9386916160583496
        }
    ],
    "Flowers102": [
        {
            "acc/test/Flowers102_epoch": 0.7545942664146423,
            "loss/test/Flowers102_epoch": 1.0557358264923096,
            "acc/test/Flowers102": 0.7545942664146423,
            "normalized_acc/test/Flowers102": 0.8008284568786621
        }
    ],
    "avg": [
        {
            "acc/test/avg": 0.8422971367835999,
            "normalized_acc/test/avg": 0.8697600364685059
        }
    ]
}