{
    "STL10": [
        {
            "acc/test/STL10_epoch": 0.9863749742507935,
            "loss/test/STL10_epoch": 0.04632846266031265,
            "acc/test/STL10": 0.9863749742507935,
            "normalized_acc/test/STL10": 0.9984815716743469
        }
    ],
    "EMNIST": [
        {
            "acc/test/EMNIST_epoch": 0.9891999959945679,
            "loss/test/EMNIST_epoch": 0.14661085605621338,
            "acc/test/EMNIST": 0.9891999959945679,
            "normalized_acc/test/EMNIST": 0.9948707222938538
        }
    ],
    "avg": [
        {
            "acc/test/avg": 0.9877874851226807,
            "normalized_acc/test/avg": 0.9966761469841003
        }
    ]
}