{
    "SUN397": [
        {
            "acc/test/SUN397_epoch": 0.7306801080703735,
            "loss/test/SUN397_epoch": 0.9307104349136353,
            "acc/test/SUN397": 0.7306801080703735,
            "normalized_acc/test/SUN397": 0.9266547560691833
        }
    ],
    "Food101": [
        {
            "acc/test/Food101_epoch": 0.9158415794372559,
            "loss/test/Food101_epoch": 0.29699134826660156,
            "acc/test/Food101": 0.9158415794372559,
            "normalized_acc/test/Food101": 1.0075374841690063
        }
    ],
    "avg": [
        {
            "acc/test/avg": 0.8232608437538147,
            "normalized_acc/test/avg": 0.9670961201190948
        }
    ]
}