{
    "RESISC45": [
        {
            "acc/test/RESISC45_epoch": 0.8712698221206665,
            "loss/test/RESISC45_epoch": 0.40525898337364197,
            "acc/test/RESISC45": 0.8712698221206665,
            "normalized_acc/test/RESISC45": 0.9013136625289917
        }
    ],
    "MNIST": [
        {
            "acc/test/MNIST_epoch": 0.9854000210762024,
            "loss/test/MNIST_epoch": 0.13707934319972992,
            "acc/test/MNIST": 0.9854000210762024,
            "normalized_acc/test/MNIST": 0.9888610243797302
        }
    ],
    "avg": [
        {
            "acc/test/avg": 0.9283349215984344,
            "normalized_acc/test/avg": 0.945087343454361
        }
    ]
}