{
    "RESISC45": [
        {
            "acc/test/RESISC45_epoch": 0.8655555844306946,
            "loss/test/RESISC45_epoch": 0.4349925220012665,
            "acc/test/RESISC45": 0.8655555844306946,
            "normalized_acc/test/RESISC45": 0.8954023718833923
        }
    ],
    "SVHN": [
        {
            "acc/test/SVHN_epoch": 0.9190995693206787,
            "loss/test/SVHN_epoch": 0.3944152593612671,
            "acc/test/SVHN": 0.9190995693206787,
            "normalized_acc/test/SVHN": 0.9427850842475891
        }
    ],
    "avg": [
        {
            "acc/test/avg": 0.8923275768756866,
            "normalized_acc/test/avg": 0.9190937280654907
        }
    ]
}