{
    "CIFAR10": [
        {
            "acc/test/CIFAR10_epoch": 0.9729999899864197,
            "loss/test/CIFAR10_epoch": 0.0896373838186264,
            "acc/test/CIFAR10": 0.9729999899864197,
            "normalized_acc/test/CIFAR10": 0.9912387728691101
        }
    ],
    "KMNIST": [
        {
            "acc/test/KMNIST_epoch": 0.3440000116825104,
            "loss/test/KMNIST_epoch": 1.840402364730835,
            "acc/test/KMNIST": 0.3440000116825104,
            "normalized_acc/test/KMNIST": 0.3497712314128876
        }
    ],
    "avg": [
        {
            "acc/test/avg": 0.658500000834465,
            "normalized_acc/test/avg": 0.6705050021409988
        }
    ]
}