{
    "GTSRB": [
        {
            "acc/test/GTSRB_epoch": 0.8863816261291504,
            "loss/test/GTSRB_epoch": 0.5162646174430847,
            "acc/test/GTSRB": 0.8863816261291504,
            "normalized_acc/test/GTSRB": 0.8961018323898315
        }
    ],
    "Food101": [
        {
            "acc/test/Food101_epoch": 0.9115643501281738,
            "loss/test/Food101_epoch": 0.30720582604408264,
            "acc/test/Food101": 0.9115643501281738,
            "normalized_acc/test/Food101": 1.002832055091858
        }
    ],
    "avg": [
        {
            "acc/test/avg": 0.8989729881286621,
            "normalized_acc/test/avg": 0.9494669437408447
        }
    ]
}