{
    "FER2013": [
        {
            "acc/test/FER2013_epoch": 0.6482307314872742,
            "loss/test/FER2013_epoch": 0.9774128198623657,
            "acc/test/FER2013": 0.6482307314872742,
            "normalized_acc/test/FER2013": 0.8792517185211182
        }
    ],
    "CIFAR100": [
        {
            "acc/test/CIFAR100_epoch": 0.8335999846458435,
            "loss/test/CIFAR100_epoch": 0.611314058303833,
            "acc/test/CIFAR100": 0.8335999846458435,
            "normalized_acc/test/CIFAR100": 0.9337962865829468
        }
    ],
    "avg": [
        {
            "acc/test/avg": 0.7409153580665588,
            "normalized_acc/test/avg": 0.9065240025520325
        }
    ]
}