{
    "Cars": [
        {
            "acc/test/Cars_epoch": 0.7846038937568665,
            "loss/test/Cars_epoch": 0.6344921588897705,
            "acc/test/Cars": 0.7846038937568665,
            "normalized_acc/test/Cars": 0.9144803285598755
        }
    ],
    "RESISC45": [
        {
            "acc/test/RESISC45_epoch": 0.8873015642166138,
            "loss/test/RESISC45_epoch": 0.35809326171875,
            "acc/test/RESISC45": 0.8873015642166138,
            "normalized_acc/test/RESISC45": 0.9178981781005859
        }
    ],
    "avg": [
        {
            "acc/test/avg": 0.8359527289867401,
            "normalized_acc/test/avg": 0.9161892533302307
        }
    ]
}