{
    "Flowers102": [
        {
            "acc/test/Flowers102_epoch": 0.787607729434967,
            "loss/test/Flowers102_epoch": 0.9035041928291321,
            "acc/test/Flowers102": 0.787607729434967,
            "normalized_acc/test/Flowers102": 0.8358646631240845
        }
    ],
    "EMNIST": [
        {
            "acc/test/EMNIST_epoch": 0.989799976348877,
            "loss/test/EMNIST_epoch": 0.139360710978508,
            "acc/test/EMNIST": 0.989799976348877,
            "normalized_acc/test/EMNIST": 0.9954741597175598
        }
    ],
    "avg": [
        {
            "acc/test/avg": 0.888703852891922,
            "normalized_acc/test/avg": 0.9156694114208221
        }
    ]
}