{
    "MNIST": [
        {
            "acc/test/MNIST_epoch": 0.9846000075340271,
            "loss/test/MNIST_epoch": 0.14261874556541443,
            "acc/test/MNIST": 0.9846000075340271,
            "normalized_acc/test/MNIST": 0.9880582094192505
        }
    ],
    "OxfordIIITPet": [
        {
            "acc/test/OxfordIIITPet_epoch": 0.9294085502624512,
            "loss/test/OxfordIIITPet_epoch": 0.21086618304252625,
            "acc/test/OxfordIIITPet": 0.9294085502624512,
            "normalized_acc/test/OxfordIIITPet": 0.9779179692268372
        }
    ],
    "avg": [
        {
            "acc/test/avg": 0.9570042788982391,
            "normalized_acc/test/avg": 0.9829880893230438
        }
    ]
}