{
    "STL10": [
        {
            "acc/test/STL10_epoch": 0.9863749742507935,
            "loss/test/STL10_epoch": 0.0456768199801445,
            "acc/test/STL10": 0.9863749742507935,
            "normalized_acc/test/STL10": 0.9984815716743469
        }
    ],
    "CIFAR100": [
        {
            "acc/test/CIFAR100_epoch": 0.8410999774932861,
            "loss/test/CIFAR100_epoch": 0.584148108959198,
            "acc/test/CIFAR100": 0.8410999774932861,
            "normalized_acc/test/CIFAR100": 0.9421977996826172
        }
    ],
    "avg": [
        {
            "acc/test/avg": 0.9137374758720398,
            "normalized_acc/test/avg": 0.9703396856784821
        }
    ]
}