{
    "GTSRB": [
        {
            "acc/test/GTSRB_epoch": 0.8961203694343567,
            "loss/test/GTSRB_epoch": 0.4972122013568878,
            "acc/test/GTSRB": 0.8961203694343567,
            "normalized_acc/test/GTSRB": 0.9059473872184753
        }
    ],
    "Flowers102": [
        {
            "acc/test/Flowers102_epoch": 0.7879329919815063,
            "loss/test/Flowers102_epoch": 0.8758985996246338,
            "acc/test/Flowers102": 0.7879329919815063,
            "normalized_acc/test/Flowers102": 0.8362098336219788
        }
    ],
    "avg": [
        {
            "acc/test/avg": 0.8420266807079315,
            "normalized_acc/test/avg": 0.871078610420227
        }
    ]
}