{
    "EuroSAT": [
        {
            "acc/test/EuroSAT_epoch": 0.9555555582046509,
            "loss/test/EuroSAT_epoch": 0.15632246434688568,
            "acc/test/EuroSAT": 0.9555555582046509,
            "normalized_acc/test/EuroSAT": 0.9644860029220581
        }
    ],
    "GTSRB": [
        {
            "acc/test/GTSRB_epoch": 0.8606492280960083,
            "loss/test/GTSRB_epoch": 0.5808001756668091,
            "acc/test/GTSRB": 0.8606492280960083,
            "normalized_acc/test/GTSRB": 0.8700872659683228
        }
    ],
    "avg": [
        {
            "acc/test/avg": 0.9081023931503296,
            "normalized_acc/test/avg": 0.9172866344451904
        }
    ]
}