{
    "RESISC45": [
        {
            "acc/test/RESISC45_epoch": 0.8852381110191345,
            "loss/test/RESISC45_epoch": 0.3741492033004761,
            "acc/test/RESISC45": 0.8852381110191345,
            "normalized_acc/test/RESISC45": 0.9157636165618896
        }
    ],
    "Food101": [
        {
            "acc/test/Food101_epoch": 0.9139801859855652,
            "loss/test/Food101_epoch": 0.2996300160884857,
            "acc/test/Food101": 0.9139801859855652,
            "normalized_acc/test/Food101": 1.005489706993103
        }
    ],
    "avg": [
        {
            "acc/test/avg": 0.8996091485023499,
            "normalized_acc/test/avg": 0.9606266617774963
        }
    ]
}