{
    "GTSRB": [
        {
            "acc/test/GTSRB_epoch": 0.8813934922218323,
            "loss/test/GTSRB_epoch": 0.5163680911064148,
            "acc/test/GTSRB": 0.8813934922218323,
            "normalized_acc/test/GTSRB": 0.8910589814186096
        }
    ],
    "FER2013": [
        {
            "acc/test/FER2013_epoch": 0.6574254631996155,
            "loss/test/FER2013_epoch": 0.9763521552085876,
            "acc/test/FER2013": 0.6574254631996155,
            "normalized_acc/test/FER2013": 0.8917233347892761
        }
    ],
    "avg": [
        {
            "acc/test/avg": 0.7694094777107239,
            "normalized_acc/test/avg": 0.8913911581039429
        }
    ]
}