{
    "SUN397": [
        {
            "acc/test/SUN397_epoch": 0.7350125908851624,
            "loss/test/SUN397_epoch": 0.9142897129058838,
            "acc/test/SUN397": 0.7350125908851624,
            "normalized_acc/test/SUN397": 0.9321492314338684
        }
    ],
    "Flowers102": [
        {
            "acc/test/Flowers102_epoch": 0.7998048663139343,
            "loss/test/Flowers102_epoch": 0.8445770144462585,
            "acc/test/Flowers102": 0.7998048663139343,
            "normalized_acc/test/Flowers102": 0.8488091230392456
        }
    ],
    "avg": [
        {
            "acc/test/avg": 0.7674087285995483,
            "normalized_acc/test/avg": 0.890479177236557
        }
    ]
}