{
    "FER2013": [
        {
            "acc/test/FER2013_epoch": 0.6486486196517944,
            "loss/test/FER2013_epoch": 0.9941997528076172,
            "acc/test/FER2013": 0.6486486196517944,
            "normalized_acc/test/FER2013": 0.8798185586929321
        }
    ],
    "EMNIST": [
        {
            "acc/test/EMNIST_epoch": 0.9883999824523926,
            "loss/test/EMNIST_epoch": 0.1318913847208023,
            "acc/test/EMNIST": 0.9883999824523926,
            "normalized_acc/test/EMNIST": 0.9940661787986755
        }
    ],
    "avg": [
        {
            "acc/test/avg": 0.8185243010520935,
            "normalized_acc/test/avg": 0.9369423687458038
        }
    ]
}