{
    "RESISC45": [
        {
            "acc/test/RESISC45_epoch": 0.8766666650772095,
            "loss/test/RESISC45_epoch": 0.3922850787639618,
            "acc/test/RESISC45": 0.8766666650772095,
            "normalized_acc/test/RESISC45": 0.9068965911865234
        }
    ],
    "EMNIST": [
        {
            "acc/test/EMNIST_epoch": 0.9890999794006348,
            "loss/test/EMNIST_epoch": 0.13443604111671448,
            "acc/test/EMNIST": 0.9890999794006348,
            "normalized_acc/test/EMNIST": 0.9947701692581177
        }
    ],
    "avg": [
        {
            "acc/test/avg": 0.9328833222389221,
            "normalized_acc/test/avg": 0.9508333802223206
        }
    ]
}