{
    "Food101": [
        {
            "acc/test/Food101_epoch": 0.9151683449745178,
            "loss/test/Food101_epoch": 0.29270583391189575,
            "acc/test/Food101": 0.9151683449745178,
            "normalized_acc/test/Food101": 1.0067968368530273
        }
    ],
    "RenderedSST2": [
        {
            "acc/test/RenderedSST2_epoch": 0.7435474991798401,
            "loss/test/RenderedSST2_epoch": 0.5280942320823669,
            "acc/test/RenderedSST2": 0.7435474991798401,
            "normalized_acc/test/RenderedSST2": 0.9637010097503662
        }
    ],
    "avg": [
        {
            "acc/test/avg": 0.829357922077179,
            "normalized_acc/test/avg": 0.9852489233016968
        }
    ]
}