{
    "SUN397": [
        {
            "acc/test/SUN397_epoch": 0.7271536588668823,
            "loss/test/SUN397_epoch": 0.9424060583114624,
            "acc/test/SUN397": 0.7271536588668823,
            "normalized_acc/test/SUN397": 0.9221825003623962
        }
    ],
    "MNIST": [
        {
            "acc/test/MNIST_epoch": 0.9853000044822693,
            "loss/test/MNIST_epoch": 0.13143952190876007,
            "acc/test/MNIST": 0.9853000044822693,
            "normalized_acc/test/MNIST": 0.9887606501579285
        }
    ],
    "avg": [
        {
            "acc/test/avg": 0.8562268316745758,
            "normalized_acc/test/avg": 0.9554715752601624
        }
    ]
}