{
    "SUN397": [
        {
            "acc/test/SUN397_epoch": 0.7673047780990601,
            "loss/test/SUN397_epoch": 0.8473293781280518,
            "acc/test/SUN397": 0.7673047780990601,
            "normalized_acc/test/SUN397": 0.9731025099754333
        }
    ],
    "Flowers102": [
        {
            "acc/test/Flowers102_epoch": 0.8560741543769836,
            "loss/test/Flowers102_epoch": 0.5692015290260315,
            "acc/test/Flowers102": 0.8560741543769836,
            "normalized_acc/test/Flowers102": 0.9085260033607483
        }
    ],
    "avg": [
        {
            "acc/test/avg": 0.8116894662380219,
            "normalized_acc/test/avg": 0.9408142566680908
        }
    ]
}