{
    "EuroSAT": [
        {
            "acc/test/EuroSAT_epoch": 0.9644444584846497,
            "loss/test/EuroSAT_epoch": 0.11422695219516754,
            "acc/test/EuroSAT": 0.9644444584846497,
            "normalized_acc/test/EuroSAT": 0.9734579920768738
        }
    ],
    "FashionMNIST": [
        {
            "acc/test/FashionMNIST_epoch": 0.9185000061988831,
            "loss/test/FashionMNIST_epoch": 0.23545010387897491,
            "acc/test/FashionMNIST": 0.9185000061988831,
            "normalized_acc/test/FashionMNIST": 0.9648109078407288
        }
    ],
    "avg": [
        {
            "acc/test/avg": 0.9414722323417664,
            "normalized_acc/test/avg": 0.9691344499588013
        }
    ]
}