{
    "CIFAR10": [
        {
            "acc/test/CIFAR10_epoch": 0.9753999710083008,
            "loss/test/CIFAR10_epoch": 0.08772926777601242,
            "acc/test/CIFAR10": 0.9753999710083008,
            "normalized_acc/test/CIFAR10": 0.9936837553977966
        }
    ],
    "FashionMNIST": [
        {
            "acc/test/FashionMNIST_epoch": 0.9244999885559082,
            "loss/test/FashionMNIST_epoch": 0.2115577906370163,
            "acc/test/FashionMNIST": 0.9244999885559082,
            "normalized_acc/test/FashionMNIST": 0.971113383769989
        }
    ],
    "avg": [
        {
            "acc/test/avg": 0.9499499797821045,
            "normalized_acc/test/avg": 0.9823985695838928
        }
    ]
}