{
    "Cars": [
        {
            "acc/test/Cars_epoch": 0.816440761089325,
            "loss/test/Cars_epoch": 0.5647855401039124,
            "acc/test/Cars": 0.816440761089325,
            "normalized_acc/test/Cars": 0.9515872001647949
        }
    ],
    "KMNIST": [
        {
            "acc/test/KMNIST_epoch": 0.8956999778747559,
            "loss/test/KMNIST_epoch": 0.4420609772205353,
            "acc/test/KMNIST": 0.8956999778747559,
            "normalized_acc/test/KMNIST": 0.9107269644737244
        }
    ],
    "avg": [
        {
            "acc/test/avg": 0.8560703694820404,
            "normalized_acc/test/avg": 0.9311570823192596
        }
    ]
}