{
    "Flowers102": [
        {
            "acc/test/Flowers102_epoch": 0.6984875798225403,
            "loss/test/Flowers102_epoch": 1.1174839735031128,
            "acc/test/Flowers102": 0.6984875798225403,
            "normalized_acc/test/Flowers102": 0.7412840723991394
        }
    ],
    "PCAM": [
        {
            "acc/test/PCAM_epoch": 0.895843505859375,
            "loss/test/PCAM_epoch": 0.24439996480941772,
            "acc/test/PCAM": 0.895843505859375,
            "normalized_acc/test/PCAM": 1.0096997022628784
        }
    ],
    "avg": [
        {
            "acc/test/avg": 0.7971655428409576,
            "normalized_acc/test/avg": 0.8754918873310089
        }
    ]
}