{
    "EuroSAT": [
        {
            "acc/test/EuroSAT_epoch": 0.9766666889190674,
            "loss/test/EuroSAT_epoch": 0.08529404550790787,
            "acc/test/EuroSAT": 0.9766666889190674,
            "normalized_acc/test/EuroSAT": 0.9857944250106812
        }
    ],
    "CIFAR100": [
        {
            "acc/test/CIFAR100_epoch": 0.850600004196167,
            "loss/test/CIFAR100_epoch": 0.56971675157547,
            "acc/test/CIFAR100": 0.850600004196167,
            "normalized_acc/test/CIFAR100": 0.9528396725654602
        }
    ],
    "avg": [
        {
            "acc/test/avg": 0.9136333465576172,
            "normalized_acc/test/avg": 0.9693170487880707
        }
    ]
}