{
    "RESISC45": [
        {
            "acc/test/RESISC45_epoch": 0.9476190209388733,
            "loss/test/RESISC45_epoch": 0.17034363746643066,
            "acc/test/RESISC45": 0.9476190209388733,
            "normalized_acc/test/RESISC45": 0.9802955389022827
        }
    ],
    "Flowers102": [
        {
            "acc/test/Flowers102_epoch": 0.8376972079277039,
            "loss/test/Flowers102_epoch": 0.6547563076019287,
            "acc/test/Flowers102": 0.8376972079277039,
            "normalized_acc/test/Flowers102": 0.8890231251716614
        }
    ],
    "avg": [
        {
            "acc/test/avg": 0.8926581144332886,
            "normalized_acc/test/avg": 0.934659332036972
        }
    ]
}