{
    "CIFAR100": [
        {
            "acc/test/CIFAR100_epoch": 0.7975000143051147,
            "loss/test/CIFAR100_epoch": 0.7334086894989014,
            "acc/test/CIFAR100": 0.7975000143051147,
            "normalized_acc/test/CIFAR100": 0.8933572173118591
        }
    ],
    "EMNIST": [
        {
            "acc/test/EMNIST_epoch": 0.921500027179718,
            "loss/test/EMNIST_epoch": 0.5104180574417114,
            "acc/test/EMNIST": 0.921500027179718,
            "normalized_acc/test/EMNIST": 0.9267826676368713
        }
    ],
    "avg": [
        {
            "acc/test/avg": 0.8595000207424164,
            "normalized_acc/test/avg": 0.9100699424743652
        }
    ]
}