{
    "SUN397": [
        {
            "acc/test/SUN397_epoch": 0.703476071357727,
            "loss/test/SUN397_epoch": 1.0092732906341553,
            "acc/test/SUN397": 0.703476071357727,
            "normalized_acc/test/SUN397": 0.8921543955802917
        }
    ],
    "STL10": [
        {
            "acc/test/STL10_epoch": 0.9853749871253967,
            "loss/test/STL10_epoch": 0.05472859367728233,
            "acc/test/STL10": 0.9853749871253967,
            "normalized_acc/test/STL10": 0.9974693059921265
        }
    ],
    "avg": [
        {
            "acc/test/avg": 0.8444255292415619,
            "normalized_acc/test/avg": 0.9448118507862091
        }
    ]
}