{
    "SVHN": [
        {
            "acc/test/SVHN_epoch": 0.7977873682975769,
            "loss/test/SVHN_epoch": 0.9915503859519958,
            "acc/test/SVHN": 0.7977873682975769,
            "normalized_acc/test/SVHN": 0.8183466196060181
        }
    ],
    "PCAM": [
        {
            "acc/test/PCAM_epoch": 0.776092529296875,
            "loss/test/PCAM_epoch": 0.450967937707901,
            "acc/test/PCAM": 0.776092529296875,
            "normalized_acc/test/PCAM": 0.8747291564941406
        }
    ],
    "avg": [
        {
            "acc/test/avg": 0.786939948797226,
            "normalized_acc/test/avg": 0.8465378880500793
        }
    ]
}