{
    "DTD": [
        {
            "acc/test/DTD_epoch": 0.5186170339584351,
            "loss/test/DTD_epoch": 1.6930842399597168,
            "acc/test/DTD": 0.5186170339584351,
            "normalized_acc/test/DTD": 0.6258022785186768
        }
    ],
    "CIFAR10": [
        {
            "acc/test/CIFAR10_epoch": 0.9668999910354614,
            "loss/test/CIFAR10_epoch": 0.109512098133564,
            "acc/test/CIFAR10": 0.9668999910354614,
            "normalized_acc/test/CIFAR10": 0.9850244522094727
        }
    ],
    "avg": [
        {
            "acc/test/avg": 0.7427585124969482,
            "normalized_acc/test/avg": 0.8054133653640747
        }
    ]
}