{
    "KMNIST": [
        {
            "acc/test/KMNIST_epoch": 0.15690000355243683,
            "loss/test/KMNIST_epoch": 2.188309907913208,
            "acc/test/KMNIST": 0.15690000355243683,
            "normalized_acc/test/KMNIST": 0.15953227877616882
        }
    ],
    "RenderedSST2": [
        {
            "acc/test/RenderedSST2_epoch": 0.6880834698677063,
            "loss/test/RenderedSST2_epoch": 0.5922371745109558,
            "acc/test/RenderedSST2": 0.6880834698677063,
            "normalized_acc/test/RenderedSST2": 0.8918149471282959
        }
    ],
    "avg": [
        {
            "acc/test/avg": 0.42249173671007156,
            "normalized_acc/test/avg": 0.5256736129522324
        }
    ]
}