{
    "CIFAR100": [
        {
            "acc/test/CIFAR100_epoch": 0.8090000152587891,
            "loss/test/CIFAR100_epoch": 0.6744512915611267,
            "acc/test/CIFAR100": 0.8090000152587891,
            "normalized_acc/test/CIFAR100": 0.9062395095825195
        }
    ],
    "CIFAR10": [
        {
            "acc/test/CIFAR10_epoch": 0.9671000242233276,
            "loss/test/CIFAR10_epoch": 0.10396786034107208,
            "acc/test/CIFAR10": 0.9671000242233276,
            "normalized_acc/test/CIFAR10": 0.9852282404899597
        }
    ],
    "avg": [
        {
            "acc/test/avg": 0.8880500197410583,
            "normalized_acc/test/avg": 0.9457338750362396
        }
    ]
}