{
    "Flowers102": [
        {
            "acc/test/Flowers102_epoch": 0.7801268696784973,
            "loss/test/Flowers102_epoch": 0.9950356483459473,
            "acc/test/Flowers102": 0.7801268696784973,
            "normalized_acc/test/Flowers102": 0.827925443649292
        }
    ],
    "CIFAR10": [
        {
            "acc/test/CIFAR10_epoch": 0.9829999804496765,
            "loss/test/CIFAR10_epoch": 0.05822433903813362,
            "acc/test/CIFAR10": 0.9829999804496765,
            "normalized_acc/test/CIFAR10": 1.0014262199401855
        }
    ],
    "avg": [
        {
            "acc/test/avg": 0.8815634250640869,
            "normalized_acc/test/avg": 0.9146758317947388
        }
    ]
}