{
    "OxfordIIITPet": [
        {
            "acc/test/OxfordIIITPet_epoch": 0.9384028315544128,
            "loss/test/OxfordIIITPet_epoch": 0.19248449802398682,
            "acc/test/OxfordIIITPet": 0.9384028315544128,
            "normalized_acc/test/OxfordIIITPet": 0.9873816967010498
        }
    ],
    "STL10": [
        {
            "acc/test/STL10_epoch": 0.9900000095367432,
            "loss/test/STL10_epoch": 0.030142296105623245,
            "acc/test/STL10": 0.9900000095367432,
            "normalized_acc/test/STL10": 1.0021511316299438
        }
    ],
    "avg": [
        {
            "acc/test/avg": 0.964201420545578,
            "normalized_acc/test/avg": 0.9947664141654968
        }
    ]
}