{
    "MNIST": [
        {
            "acc/test/MNIST_epoch": 0.9934999942779541,
            "loss/test/MNIST_epoch": 0.060858167707920074,
            "acc/test/MNIST": 0.9934999942779541,
            "normalized_acc/test/MNIST": 0.9969894289970398
        }
    ],
    "DTD": [
        {
            "acc/test/DTD_epoch": 0.6095744967460632,
            "loss/test/DTD_epoch": 1.3799482583999634,
            "acc/test/DTD": 0.6095744967460632,
            "normalized_acc/test/DTD": 0.7355583906173706
        }
    ],
    "avg": [
        {
            "acc/test/avg": 0.8015372455120087,
            "normalized_acc/test/avg": 0.8662739098072052
        }
    ]
}