{
    "OxfordIIITPet": [
        {
            "acc/test/OxfordIIITPet_epoch": 0.9250476956367493,
            "loss/test/OxfordIIITPet_epoch": 0.22686819732189178,
            "acc/test/OxfordIIITPet": 0.9250476956367493,
            "normalized_acc/test/OxfordIIITPet": 0.973329484462738
        }
    ],
    "FashionMNIST": [
        {
            "acc/test/FashionMNIST_epoch": 0.9282000064849854,
            "loss/test/FashionMNIST_epoch": 0.2040853500366211,
            "acc/test/FashionMNIST": 0.9282000064849854,
            "normalized_acc/test/FashionMNIST": 0.9749999642372131
        }
    ],
    "avg": [
        {
            "acc/test/avg": 0.9266238510608673,
            "normalized_acc/test/avg": 0.9741647243499756
        }
    ]
}