{
    "SUN397": [
        {
            "acc/test/SUN397_epoch": 0.7481611967086792,
            "loss/test/SUN397_epoch": 0.8773427605628967,
            "acc/test/SUN397": 0.7481611967086792,
            "normalized_acc/test/SUN397": 0.948824405670166
        }
    ],
    "FashionMNIST": [
        {
            "acc/test/FashionMNIST_epoch": 0.9296000003814697,
            "loss/test/FashionMNIST_epoch": 0.2035825550556183,
            "acc/test/FashionMNIST": 0.9296000003814697,
            "normalized_acc/test/FashionMNIST": 0.9764705896377563
        }
    ],
    "avg": [
        {
            "acc/test/avg": 0.8388805985450745,
            "normalized_acc/test/avg": 0.9626474976539612
        }
    ]
}