{
    "FER2013": [
        {
            "acc/test/FER2013_epoch": 0.6983839273452759,
            "loss/test/FER2013_epoch": 0.939957320690155,
            "acc/test/FER2013": 0.6983839273452759,
            "normalized_acc/test/FER2013": 0.9472788572311401
        }
    ],
    "RenderedSST2": [
        {
            "acc/test/RenderedSST2_epoch": 0.7501372694969177,
            "loss/test/RenderedSST2_epoch": 0.5213524699211121,
            "acc/test/RenderedSST2": 0.7501372694969177,
            "normalized_acc/test/RenderedSST2": 0.9722419381141663
        }
    ],
    "avg": [
        {
            "acc/test/avg": 0.7242605984210968,
            "normalized_acc/test/avg": 0.9597603976726532
        }
    ]
}