{
    "PCAM": [
        {
            "acc/test/PCAM_epoch": 0.9012451171875,
            "loss/test/PCAM_epoch": 0.23466756939888,
            "acc/test/PCAM": 0.9012451171875,
            "normalized_acc/test/PCAM": 1.0157878398895264
        }
    ],
    "EMNIST": [
        {
            "acc/test/EMNIST_epoch": 0.9919000267982483,
            "loss/test/EMNIST_epoch": 0.11881508678197861,
            "acc/test/EMNIST": 0.9919000267982483,
            "normalized_acc/test/EMNIST": 0.9975862503051758
        }
    ],
    "avg": [
        {
            "acc/test/avg": 0.9465725719928741,
            "normalized_acc/test/avg": 1.006687045097351
        }
    ]
}