{
    "Food101": [
        {
            "acc/test/Food101_epoch": 0.9141386151313782,
            "loss/test/Food101_epoch": 0.3090994954109192,
            "acc/test/Food101": 0.9141386151313782,
            "normalized_acc/test/Food101": 1.0056639909744263
        }
    ],
    "RenderedSST2": [
        {
            "acc/test/RenderedSST2_epoch": 0.7638660073280334,
            "loss/test/RenderedSST2_epoch": 0.4852946400642395,
            "acc/test/RenderedSST2": 0.7638660073280334,
            "normalized_acc/test/RenderedSST2": 0.9900355339050293
        }
    ],
    "avg": [
        {
            "acc/test/avg": 0.8390023112297058,
            "normalized_acc/test/avg": 0.9978497624397278
        }
    ]
}