{
    "EuroSAT": [
        {
            "acc/test/EuroSAT_epoch": 0.9818518757820129,
            "loss/test/EuroSAT_epoch": 0.06681964546442032,
            "acc/test/EuroSAT": 0.9818518757820129,
            "normalized_acc/test/EuroSAT": 0.9910280704498291
        }
    ],
    "STL10": [
        {
            "acc/test/STL10_epoch": 0.987625002861023,
            "loss/test/STL10_epoch": 0.03804761916399002,
            "acc/test/STL10": 0.987625002861023,
            "normalized_acc/test/STL10": 0.9997469782829285
        }
    ],
    "avg": [
        {
            "acc/test/avg": 0.9847384393215179,
            "normalized_acc/test/avg": 0.9953875243663788
        }
    ]
}