{
    "PCAM": [
        {
            "acc/test/PCAM_epoch": 0.900634765625,
            "loss/test/PCAM_epoch": 0.24154728651046753,
            "acc/test/PCAM": 0.900634765625,
            "normalized_acc/test/PCAM": 1.0150998830795288
        }
    ],
    "FER2013": [
        {
            "acc/test/FER2013_epoch": 0.6932293176651001,
            "loss/test/FER2013_epoch": 0.8777875900268555,
            "acc/test/FER2013": 0.6932293176651001,
            "normalized_acc/test/FER2013": 0.9402872323989868
        }
    ],
    "avg": [
        {
            "acc/test/avg": 0.79693204164505,
            "normalized_acc/test/avg": 0.9776935577392578
        }
    ]
}