{
    "MNIST": [
        {
            "acc/test/MNIST_epoch": 0.9922999739646912,
            "loss/test/MNIST_epoch": 0.06474795192480087,
            "acc/test/MNIST": 0.9922999739646912,
            "normalized_acc/test/MNIST": 0.9957852363586426
        }
    ],
    "FER2013": [
        {
            "acc/test/FER2013_epoch": 0.6826413869857788,
            "loss/test/FER2013_epoch": 1.0201778411865234,
            "acc/test/FER2013": 0.6826413869857788,
            "normalized_acc/test/FER2013": 0.9259259104728699
        }
    ],
    "avg": [
        {
            "acc/test/avg": 0.837470680475235,
            "normalized_acc/test/avg": 0.9608555734157562
        }
    ]
}