{
    "EuroSAT": [
        {
            "acc/test/EuroSAT_epoch": 0.9662963151931763,
            "loss/test/EuroSAT_epoch": 0.1126738116145134,
            "acc/test/EuroSAT": 0.9662963151931763,
            "normalized_acc/test/EuroSAT": 0.9753271341323853
        }
    ],
    "CIFAR100": [
        {
            "acc/test/CIFAR100_epoch": 0.8457000255584717,
            "loss/test/CIFAR100_epoch": 0.5775575041770935,
            "acc/test/CIFAR100": 0.8457000255584717,
            "normalized_acc/test/CIFAR100": 0.9473507404327393
        }
    ],
    "avg": [
        {
            "acc/test/avg": 0.905998170375824,
            "normalized_acc/test/avg": 0.9613389372825623
        }
    ]
}