{
    "EuroSAT": [
        {
            "acc/test/EuroSAT_epoch": 0.9770370125770569,
            "loss/test/EuroSAT_epoch": 0.08152273297309875,
            "acc/test/EuroSAT": 0.9770370125770569,
            "normalized_acc/test/EuroSAT": 0.9861682057380676
        }
    ],
    "FER2013": [
        {
            "acc/test/FER2013_epoch": 0.7028419971466064,
            "loss/test/FER2013_epoch": 0.9029113054275513,
            "acc/test/FER2013": 0.7028419971466064,
            "normalized_acc/test/FER2013": 0.9533257484436035
        }
    ],
    "avg": [
        {
            "acc/test/avg": 0.8399395048618317,
            "normalized_acc/test/avg": 0.9697469770908356
        }
    ]
}