{
    "EuroSAT": [
        {
            "acc/test/EuroSAT_epoch": 0.982962965965271,
            "loss/test/EuroSAT_epoch": 0.0621907003223896,
            "acc/test/EuroSAT": 0.982962965965271,
            "normalized_acc/test/EuroSAT": 0.9921495318412781
        }
    ],
    "OxfordIIITPet": [
        {
            "acc/test/OxfordIIITPet_epoch": 0.9326791763305664,
            "loss/test/OxfordIIITPet_epoch": 0.20594072341918945,
            "acc/test/OxfordIIITPet": 0.9326791763305664,
            "normalized_acc/test/OxfordIIITPet": 0.9813593029975891
        }
    ],
    "avg": [
        {
            "acc/test/avg": 0.9578210711479187,
            "normalized_acc/test/avg": 0.9867544174194336
        }
    ]
}