{
    "SUN397": [
        {
            "acc/test/SUN397_epoch": 0.7511335015296936,
            "loss/test/SUN397_epoch": 0.8930790424346924,
            "acc/test/SUN397": 0.7511335015296936,
            "normalized_acc/test/SUN397": 0.9525939226150513
        }
    ],
    "FER2013": [
        {
            "acc/test/FER2013_epoch": 0.7102257013320923,
            "loss/test/FER2013_epoch": 0.9773628115653992,
            "acc/test/FER2013": 0.7102257013320923,
            "normalized_acc/test/FER2013": 0.9633409380912781
        }
    ],
    "avg": [
        {
            "acc/test/avg": 0.7306796014308929,
            "normalized_acc/test/avg": 0.9579674303531647
        }
    ]
}