{
    "FER2013": [
        {
            "acc/test/FER2013_epoch": 0.7098077535629272,
            "loss/test/FER2013_epoch": 0.8873526453971863,
            "acc/test/FER2013": 0.7098077535629272,
            "normalized_acc/test/FER2013": 0.9627740383148193
        }
    ],
    "STL10": [
        {
            "acc/test/STL10_epoch": 0.9898750185966492,
            "loss/test/STL10_epoch": 0.03313451260328293,
            "acc/test/STL10": 0.9898750185966492,
            "normalized_acc/test/STL10": 1.002024531364441
        }
    ],
    "avg": [
        {
            "acc/test/avg": 0.8498413860797882,
            "normalized_acc/test/avg": 0.9823992848396301
        }
    ]
}