{
    "Flowers102": [
        {
            "acc/test/Flowers102_epoch": 0.8222475051879883,
            "loss/test/Flowers102_epoch": 0.7127621173858643,
            "acc/test/Flowers102": 0.8222475051879883,
            "normalized_acc/test/Flowers102": 0.8726268410682678
        }
    ],
    "RenderedSST2": [
        {
            "acc/test/RenderedSST2_epoch": 0.7435474991798401,
            "loss/test/RenderedSST2_epoch": 0.5356477499008179,
            "acc/test/RenderedSST2": 0.7435474991798401,
            "normalized_acc/test/RenderedSST2": 0.9637010097503662
        }
    ],
    "avg": [
        {
            "acc/test/avg": 0.7828975021839142,
            "normalized_acc/test/avg": 0.918163925409317
        }
    ]
}