{
    "GTSRB": [
        {
            "acc/test/GTSRB_epoch": 0.9380839467048645,
            "loss/test/GTSRB_epoch": 0.31914207339286804,
            "acc/test/GTSRB": 0.9380839467048645,
            "normalized_acc/test/GTSRB": 0.9483711123466492
        }
    ],
    "Food101": [
        {
            "acc/test/Food101_epoch": 0.9120000004768372,
            "loss/test/Food101_epoch": 0.3255441188812256,
            "acc/test/Food101": 0.9120000004768372,
            "normalized_acc/test/Food101": 1.003311276435852
        }
    ],
    "avg": [
        {
            "acc/test/avg": 0.9250419735908508,
            "normalized_acc/test/avg": 0.9758411943912506
        }
    ]
}