{
    "Cars": [
        {
            "acc/test/Cars_epoch": 0.820171594619751,
            "loss/test/Cars_epoch": 0.5402615070343018,
            "acc/test/Cars": 0.820171594619751,
            "normalized_acc/test/Cars": 0.9559355974197388
        }
    ],
    "KMNIST": [
        {
            "acc/test/KMNIST_epoch": 0.7893999814987183,
            "loss/test/KMNIST_epoch": 0.9091258645057678,
            "acc/test/KMNIST": 0.7893999814987183,
            "normalized_acc/test/KMNIST": 0.8026435971260071
        }
    ],
    "avg": [
        {
            "acc/test/avg": 0.8047857880592346,
            "normalized_acc/test/avg": 0.8792895972728729
        }
    ]
}