{
    "FER2013": [
        {
            "acc/test/FER2013_epoch": 0.7113401889801025,
            "loss/test/FER2013_epoch": 0.9298421740531921,
            "acc/test/FER2013": 0.7113401889801025,
            "normalized_acc/test/FER2013": 0.9648525714874268
        }
    ],
    "RenderedSST2": [
        {
            "acc/test/RenderedSST2_epoch": 0.7105985879898071,
            "loss/test/RenderedSST2_epoch": 0.6256250143051147,
            "acc/test/RenderedSST2": 0.7105985879898071,
            "normalized_acc/test/RenderedSST2": 0.9209964275360107
        }
    ],
    "avg": [
        {
            "acc/test/avg": 0.7109693884849548,
            "normalized_acc/test/avg": 0.9429244995117188
        }
    ]
}