{
    "GTSRB": [
        {
            "acc/test/GTSRB_epoch": 0.8806809186935425,
            "loss/test/GTSRB_epoch": 0.4608435034751892,
            "acc/test/GTSRB": 0.8806809186935425,
            "normalized_acc/test/GTSRB": 0.8903385996818542
        }
    ],
    "MNIST": [
        {
            "acc/test/MNIST_epoch": 0.9921000003814697,
            "loss/test/MNIST_epoch": 0.06169532984495163,
            "acc/test/MNIST": 0.9921000003814697,
            "normalized_acc/test/MNIST": 0.9955845475196838
        }
    ],
    "avg": [
        {
            "acc/test/avg": 0.9363904595375061,
            "normalized_acc/test/avg": 0.942961573600769
        }
    ]
}