{
    "RESISC45": [
        {
            "acc/test/RESISC45_epoch": 0.9063491821289062,
            "loss/test/RESISC45_epoch": 0.30044153332710266,
            "acc/test/RESISC45": 0.9063491821289062,
            "normalized_acc/test/RESISC45": 0.9376026391983032
        }
    ],
    "CIFAR10": [
        {
            "acc/test/CIFAR10_epoch": 0.9800000190734863,
            "loss/test/CIFAR10_epoch": 0.06809480488300323,
            "acc/test/CIFAR10": 0.9800000190734863,
            "normalized_acc/test/CIFAR10": 0.9983700513839722
        }
    ],
    "avg": [
        {
            "acc/test/avg": 0.9431746006011963,
            "normalized_acc/test/avg": 0.9679863452911377
        }
    ]
}