{
    "Food101": [
        {
            "acc/test/Food101_epoch": 0.8974257707595825,
            "loss/test/Food101_epoch": 0.37113332748413086,
            "acc/test/Food101": 0.8974257707595825,
            "normalized_acc/test/Food101": 0.9872778654098511
        }
    ],
    "FashionMNIST": [
        {
            "acc/test/FashionMNIST_epoch": 0.9208999872207642,
            "loss/test/FashionMNIST_epoch": 0.22772158682346344,
            "acc/test/FashionMNIST": 0.9208999872207642,
            "normalized_acc/test/FashionMNIST": 0.9673318862915039
        }
    ],
    "avg": [
        {
            "acc/test/avg": 0.9091628789901733,
            "normalized_acc/test/avg": 0.9773048758506775
        }
    ]
}