{
    "STL10": [
        {
            "acc/test/STL10_epoch": 0.984375,
            "loss/test/STL10_epoch": 0.048445235937833786,
            "acc/test/STL10": 0.984375,
            "normalized_acc/test/STL10": 0.996457040309906
        }
    ],
    "FashionMNIST": [
        {
            "acc/test/FashionMNIST_epoch": 0.9194999933242798,
            "loss/test/FashionMNIST_epoch": 0.23100754618644714,
            "acc/test/FashionMNIST": 0.9194999933242798,
            "normalized_acc/test/FashionMNIST": 0.9658613204956055
        }
    ],
    "avg": [
        {
            "acc/test/avg": 0.9519374966621399,
            "normalized_acc/test/avg": 0.9811591804027557
        }
    ]
}