{
    "SUN397": [
        {
            "acc/test/SUN397_epoch": 0.7508816123008728,
            "loss/test/SUN397_epoch": 0.9042825102806091,
            "acc/test/SUN397": 0.7508816123008728,
            "normalized_acc/test/SUN397": 0.9522745013237
        }
    ],
    "Cars": [
        {
            "acc/test/Cars_epoch": 0.8290013670921326,
            "loss/test/Cars_epoch": 0.5281566977500916,
            "acc/test/Cars": 0.8290013670921326,
            "normalized_acc/test/Cars": 0.9662269949913025
        }
    ],
    "avg": [
        {
            "acc/test/avg": 0.7899414896965027,
            "normalized_acc/test/avg": 0.9592507481575012
        }
    ]
}