{
    "PCAM": [
        {
            "acc/test/PCAM_epoch": 0.886016845703125,
            "loss/test/PCAM_epoch": 0.2703627049922943,
            "acc/test/PCAM": 0.886016845703125,
            "normalized_acc/test/PCAM": 0.9986241459846497
        }
    ],
    "Food101": [
        {
            "acc/test/Food101_epoch": 0.8718811869621277,
            "loss/test/Food101_epoch": 0.4615994691848755,
            "acc/test/Food101": 0.8718811869621277,
            "normalized_acc/test/Food101": 0.959175705909729
        }
    ],
    "avg": [
        {
            "acc/test/avg": 0.8789490163326263,
            "normalized_acc/test/avg": 0.9788999259471893
        }
    ]
}