{
    "EuroSAT": [
        {
            "acc/test/EuroSAT_epoch": 0.9670370221138,
            "loss/test/EuroSAT_epoch": 0.11615777760744095,
            "acc/test/EuroSAT": 0.9670370221138,
            "normalized_acc/test/EuroSAT": 0.976074755191803
        }
    ],
    "CIFAR10": [
        {
            "acc/test/CIFAR10_epoch": 0.9779999852180481,
            "loss/test/CIFAR10_epoch": 0.07379146665334702,
            "acc/test/CIFAR10": 0.9779999852180481,
            "normalized_acc/test/CIFAR10": 0.9963325262069702
        }
    ],
    "avg": [
        {
            "acc/test/avg": 0.9725185036659241,
            "normalized_acc/test/avg": 0.9862036406993866
        }
    ]
}