{
    "EuroSAT": [
        {
            "acc/test/EuroSAT_epoch": 0.9577777981758118,
            "loss/test/EuroSAT_epoch": 0.13811926543712616,
            "acc/test/EuroSAT": 0.9577777981758118,
            "normalized_acc/test/EuroSAT": 0.9667290449142456
        }
    ],
    "KMNIST": [
        {
            "acc/test/KMNIST_epoch": 0.7512999773025513,
            "loss/test/KMNIST_epoch": 1.0842758417129517,
            "acc/test/KMNIST": 0.7512999773025513,
            "normalized_acc/test/KMNIST": 0.7639043927192688
        }
    ],
    "avg": [
        {
            "acc/test/avg": 0.8545388877391815,
            "normalized_acc/test/avg": 0.8653167188167572
        }
    ]
}