{
    "Cars": [
        {
            "acc/test/Cars_epoch": 0.8288770318031311,
            "loss/test/Cars_epoch": 0.5242915749549866,
            "acc/test/Cars": 0.8288770318031311,
            "normalized_acc/test/Cars": 0.9660820960998535
        }
    ],
    "FER2013": [
        {
            "acc/test/FER2013_epoch": 0.7124547362327576,
            "loss/test/FER2013_epoch": 0.9129957556724548,
            "acc/test/FER2013": 0.7124547362327576,
            "normalized_acc/test/FER2013": 0.966364324092865
        }
    ],
    "avg": [
        {
            "acc/test/avg": 0.7706658840179443,
            "normalized_acc/test/avg": 0.9662232100963593
        }
    ]
}