{
    "RESISC45": [
        {
            "acc/test/RESISC45_epoch": 0.8868253827095032,
            "loss/test/RESISC45_epoch": 0.36133286356925964,
            "acc/test/RESISC45": 0.8868253827095032,
            "normalized_acc/test/RESISC45": 0.9174056053161621
        }
    ],
    "SVHN": [
        {
            "acc/test/SVHN_epoch": 0.9622771739959717,
            "loss/test/SVHN_epoch": 0.18487107753753662,
            "acc/test/SVHN": 0.9622771739959717,
            "normalized_acc/test/SVHN": 0.9870753884315491
        }
    ],
    "avg": [
        {
            "acc/test/avg": 0.9245512783527374,
            "normalized_acc/test/avg": 0.9522404968738556
        }
    ]
}