{
    "GTSRB": [
        {
            "acc/test/GTSRB_epoch": 0.8765637278556824,
            "loss/test/GTSRB_epoch": 0.48093998432159424,
            "acc/test/GTSRB": 0.8765637278556824,
            "normalized_acc/test/GTSRB": 0.8861762881278992
        }
    ],
    "EMNIST": [
        {
            "acc/test/EMNIST_epoch": 0.9950000047683716,
            "loss/test/EMNIST_epoch": 0.05909224972128868,
            "acc/test/EMNIST": 0.9950000047683716,
            "normalized_acc/test/EMNIST": 1.000704050064087
        }
    ],
    "avg": [
        {
            "acc/test/avg": 0.935781866312027,
            "normalized_acc/test/avg": 0.943440169095993
        }
    ]
}