{
    "SVHN": [
        {
            "acc/test/SVHN_epoch": 0.966925323009491,
            "loss/test/SVHN_epoch": 0.1636752486228943,
            "acc/test/SVHN": 0.966925323009491,
            "normalized_acc/test/SVHN": 0.9918433427810669
        }
    ],
    "DTD": [
        {
            "acc/test/DTD_epoch": 0.6053191423416138,
            "loss/test/DTD_epoch": 1.4547368288040161,
            "acc/test/DTD": 0.6053191423416138,
            "normalized_acc/test/DTD": 0.7304235696792603
        }
    ],
    "avg": [
        {
            "acc/test/avg": 0.7861222326755524,
            "normalized_acc/test/avg": 0.8611334562301636
        }
    ]
}