{
    "SUN397": [
        {
            "acc/test/SUN397_epoch": 0.7534005045890808,
            "loss/test/SUN397_epoch": 0.8739109635353088,
            "acc/test/SUN397": 0.7534005045890808,
            "normalized_acc/test/SUN397": 0.9554689526557922
        }
    ],
    "EuroSAT": [
        {
            "acc/test/EuroSAT_epoch": 0.984074056148529,
            "loss/test/EuroSAT_epoch": 0.062327608466148376,
            "acc/test/EuroSAT": 0.984074056148529,
            "normalized_acc/test/EuroSAT": 0.9932710528373718
        }
    ],
    "avg": [
        {
            "acc/test/avg": 0.8687372803688049,
            "normalized_acc/test/avg": 0.974370002746582
        }
    ]
}