{
    "Flowers102": [
        {
            "acc/test/Flowers102_epoch": 0.692145049571991,
            "loss/test/Flowers102_epoch": 1.1981194019317627,
            "acc/test/Flowers102": 0.692145049571991,
            "normalized_acc/test/Flowers102": 0.7345529794692993
        }
    ],
    "PCAM": [
        {
            "acc/test/PCAM_epoch": 0.897186279296875,
            "loss/test/PCAM_epoch": 0.24572044610977173,
            "acc/test/PCAM": 0.897186279296875,
            "normalized_acc/test/PCAM": 1.0112131834030151
        }
    ],
    "avg": [
        {
            "acc/test/avg": 0.794665664434433,
            "normalized_acc/test/avg": 0.8728830814361572
        }
    ]
}