{
    "Cars": [
        {
            "acc/test/Cars_epoch": 0.8258923292160034,
            "loss/test/Cars_epoch": 0.5462357997894287,
            "acc/test/Cars": 0.8258923292160034,
            "normalized_acc/test/Cars": 0.9626033306121826
        }
    ],
    "EMNIST": [
        {
            "acc/test/EMNIST_epoch": 0.9944999814033508,
            "loss/test/EMNIST_epoch": 0.06983673572540283,
            "acc/test/EMNIST": 0.9944999814033508,
            "normalized_acc/test/EMNIST": 1.0002011060714722
        }
    ],
    "avg": [
        {
            "acc/test/avg": 0.9101961553096771,
            "normalized_acc/test/avg": 0.9814022183418274
        }
    ]
}