{
    "MNIST": [
        {
            "acc/test/MNIST_epoch": 0.9922999739646912,
            "loss/test/MNIST_epoch": 0.07307570427656174,
            "acc/test/MNIST": 0.9922999739646912,
            "normalized_acc/test/MNIST": 0.9957852363586426
        }
    ],
    "RenderedSST2": [
        {
            "acc/test/RenderedSST2_epoch": 0.734761118888855,
            "loss/test/RenderedSST2_epoch": 0.5456350445747375,
            "acc/test/RenderedSST2": 0.734761118888855,
            "normalized_acc/test/RenderedSST2": 0.9523131251335144
        }
    ],
    "avg": [
        {
            "acc/test/avg": 0.8635305464267731,
            "normalized_acc/test/avg": 0.9740491807460785
        }
    ]
}