{
    "OxfordIIITPet": [
        {
            "acc/test/OxfordIIITPet_epoch": 0.9182338714599609,
            "loss/test/OxfordIIITPet_epoch": 0.2402016669511795,
            "acc/test/OxfordIIITPet": 0.9182338714599609,
            "normalized_acc/test/OxfordIIITPet": 0.966159999370575
        }
    ],
    "KMNIST": [
        {
            "acc/test/KMNIST_epoch": 0.8331999778747559,
            "loss/test/KMNIST_epoch": 0.8369061350822449,
            "acc/test/KMNIST": 0.8331999778747559,
            "normalized_acc/test/KMNIST": 0.8471783995628357
        }
    ],
    "avg": [
        {
            "acc/test/avg": 0.8757169246673584,
            "normalized_acc/test/avg": 0.9066691994667053
        }
    ]
}