{
    "STL10": [
        {
            "acc/test/STL10_epoch": 0.9853749871253967,
            "loss/test/STL10_epoch": 0.04736151918768883,
            "acc/test/STL10": 0.9853749871253967,
            "normalized_acc/test/STL10": 0.9974693059921265
        }
    ],
    "KMNIST": [
        {
            "acc/test/KMNIST_epoch": 0.7858999967575073,
            "loss/test/KMNIST_epoch": 1.0314565896987915,
            "acc/test/KMNIST": 0.7858999967575073,
            "normalized_acc/test/KMNIST": 0.7990849018096924
        }
    ],
    "avg": [
        {
            "acc/test/avg": 0.885637491941452,
            "normalized_acc/test/avg": 0.8982771039009094
        }
    ]
}