{
    "SUN397": [
        {
            "acc/test/SUN397_epoch": 0.7327959537506104,
            "loss/test/SUN397_epoch": 0.924480676651001,
            "acc/test/SUN397": 0.7327959537506104,
            "normalized_acc/test/SUN397": 0.9293380975723267
        }
    ],
    "Food101": [
        {
            "acc/test/Food101_epoch": 0.914495050907135,
            "loss/test/Food101_epoch": 0.3000001609325409,
            "acc/test/Food101": 0.914495050907135,
            "normalized_acc/test/Food101": 1.0060561895370483
        }
    ],
    "avg": [
        {
            "acc/test/avg": 0.8236455023288727,
            "normalized_acc/test/avg": 0.9676971435546875
        }
    ]
}