{
    "DTD": [
        {
            "acc/test/DTD_epoch": 0.6106383204460144,
            "loss/test/DTD_epoch": 1.3734997510910034,
            "acc/test/DTD": 0.6106383204460144,
            "normalized_acc/test/DTD": 0.7368420958518982
        }
    ],
    "CIFAR10": [
        {
            "acc/test/CIFAR10_epoch": 0.9776999950408936,
            "loss/test/CIFAR10_epoch": 0.06958573311567307,
            "acc/test/CIFAR10": 0.9776999950408936,
            "normalized_acc/test/CIFAR10": 0.9960269331932068
        }
    ],
    "avg": [
        {
            "acc/test/avg": 0.794169157743454,
            "normalized_acc/test/avg": 0.8664345145225525
        }
    ]
}