{
    "OxfordIIITPet": [
        {
            "acc/test/OxfordIIITPet_epoch": 0.9310438632965088,
            "loss/test/OxfordIIITPet_epoch": 0.20065177977085114,
            "acc/test/OxfordIIITPet": 0.9310438632965088,
            "normalized_acc/test/OxfordIIITPet": 0.9796386361122131
        }
    ],
    "KMNIST": [
        {
            "acc/test/KMNIST_epoch": 0.5343000292778015,
            "loss/test/KMNIST_epoch": 1.620923399925232,
            "acc/test/KMNIST": 0.5343000292778015,
            "normalized_acc/test/KMNIST": 0.543263852596283
        }
    ],
    "avg": [
        {
            "acc/test/avg": 0.7326719462871552,
            "normalized_acc/test/avg": 0.761451244354248
        }
    ]
}