{
    "EuroSAT": [
        {
            "acc/test/EuroSAT_epoch": 0.9733333587646484,
            "loss/test/EuroSAT_epoch": 0.11168093979358673,
            "acc/test/EuroSAT": 0.9733333587646484,
            "normalized_acc/test/EuroSAT": 0.9824299812316895
        }
    ],
    "DTD": [
        {
            "acc/test/DTD_epoch": 0.6196808218955994,
            "loss/test/DTD_epoch": 1.3169828653335571,
            "acc/test/DTD": 0.6196808218955994,
            "normalized_acc/test/DTD": 0.7477535009384155
        }
    ],
    "avg": [
        {
            "acc/test/avg": 0.7965070903301239,
            "normalized_acc/test/avg": 0.8650917410850525
        }
    ]
}