{
    "EuroSAT": [
        {
            "acc/test/EuroSAT_epoch": 0.9748148322105408,
            "loss/test/EuroSAT_epoch": 0.11992938816547394,
            "acc/test/EuroSAT": 0.9748148322105408,
            "normalized_acc/test/EuroSAT": 0.9839252829551697
        }
    ],
    "OxfordIIITPet": [
        {
            "acc/test/OxfordIIITPet_epoch": 0.9354047179222107,
            "loss/test/OxfordIIITPet_epoch": 0.19153328239917755,
            "acc/test/OxfordIIITPet": 0.9354047179222107,
            "normalized_acc/test/OxfordIIITPet": 0.9842270612716675
        }
    ],
    "avg": [
        {
            "acc/test/avg": 0.9551097750663757,
            "normalized_acc/test/avg": 0.9840761721134186
        }
    ]
}