{
    "DTD": [
        {
            "acc/test/DTD_epoch": 0.6079787015914917,
            "loss/test/DTD_epoch": 1.3637475967407227,
            "acc/test/DTD": 0.6079787015914917,
            "normalized_acc/test/DTD": 0.7336328029632568
        }
    ],
    "FashionMNIST": [
        {
            "acc/test/FashionMNIST_epoch": 0.9053000211715698,
            "loss/test/FashionMNIST_epoch": 0.27710574865341187,
            "acc/test/FashionMNIST": 0.9053000211715698,
            "normalized_acc/test/FashionMNIST": 0.9509453773498535
        }
    ],
    "avg": [
        {
            "acc/test/avg": 0.7566393613815308,
            "normalized_acc/test/avg": 0.8422890901565552
        }
    ]
}