{
    "SUN397": [
        {
            "acc/test/SUN397_epoch": 0.7287657260894775,
            "loss/test/SUN397_epoch": 0.9283769130706787,
            "acc/test/SUN397": 0.7287657260894775,
            "normalized_acc/test/SUN397": 0.9242269396781921
        }
    ],
    "EMNIST": [
        {
            "acc/test/EMNIST_epoch": 0.9922999739646912,
            "loss/test/EMNIST_epoch": 0.11263635009527206,
            "acc/test/EMNIST": 0.9922999739646912,
            "normalized_acc/test/EMNIST": 0.9979885220527649
        }
    ],
    "avg": [
        {
            "acc/test/avg": 0.8605328500270844,
            "normalized_acc/test/avg": 0.9611077308654785
        }
    ]
}