{
    "FER2013": [
        {
            "acc/test/FER2013_epoch": 0.654499888420105,
            "loss/test/FER2013_epoch": 0.9591063857078552,
            "acc/test/FER2013": 0.654499888420105,
            "normalized_acc/test/FER2013": 0.8877551555633545
        }
    ],
    "CIFAR10": [
        {
            "acc/test/CIFAR10_epoch": 0.9754999876022339,
            "loss/test/CIFAR10_epoch": 0.07848288863897324,
            "acc/test/CIFAR10": 0.9754999876022339,
            "normalized_acc/test/CIFAR10": 0.9937856793403625
        }
    ],
    "avg": [
        {
            "acc/test/avg": 0.8149999380111694,
            "normalized_acc/test/avg": 0.9407704174518585
        }
    ]
}