{
    "MNIST": [
        {
            "acc/test/MNIST_epoch": 0.9958000183105469,
            "loss/test/MNIST_epoch": 0.035698045045137405,
            "acc/test/MNIST": 0.9958000183105469,
            "normalized_acc/test/MNIST": 0.999297559261322
        }
    ],
    "EMNIST": [
        {
            "acc/test/EMNIST_epoch": 0.9976000189781189,
            "loss/test/EMNIST_epoch": 0.0421920120716095,
            "acc/test/EMNIST": 0.9976000189781189,
            "normalized_acc/test/EMNIST": 1.0033189058303833
        }
    ],
    "avg": [
        {
            "acc/test/avg": 0.9967000186443329,
            "normalized_acc/test/avg": 1.0013082325458527
        }
    ]
}