{
    "CIFAR10": [
        {
            "acc/test/CIFAR10_epoch": 0.9729999899864197,
            "loss/test/CIFAR10_epoch": 0.08567219972610474,
            "acc/test/CIFAR10": 0.9729999899864197,
            "normalized_acc/test/CIFAR10": 0.9912387728691101
        }
    ],
    "KMNIST": [
        {
            "acc/test/KMNIST_epoch": 0.39890000224113464,
            "loss/test/KMNIST_epoch": 1.7539080381393433,
            "acc/test/KMNIST": 0.39890000224113464,
            "normalized_acc/test/KMNIST": 0.40559226274490356
        }
    ],
    "avg": [
        {
            "acc/test/avg": 0.6859499961137772,
            "normalized_acc/test/avg": 0.6984155178070068
        }
    ]
}