{
    "GTSRB": [
        {
            "acc/test/GTSRB_epoch": 0.8846397399902344,
            "loss/test/GTSRB_epoch": 0.4894520938396454,
            "acc/test/GTSRB": 0.8846397399902344,
            "normalized_acc/test/GTSRB": 0.8943408727645874
        }
    ],
    "KMNIST": [
        {
            "acc/test/KMNIST_epoch": 0.5540000200271606,
            "loss/test/KMNIST_epoch": 1.5447009801864624,
            "acc/test/KMNIST": 0.5540000200271606,
            "normalized_acc/test/KMNIST": 0.5632943511009216
        }
    ],
    "avg": [
        {
            "acc/test/avg": 0.7193198800086975,
            "normalized_acc/test/avg": 0.7288176119327545
        }
    ]
}