{
    "DTD": [
        {
            "acc/test/DTD_epoch": 0.625,
            "loss/test/DTD_epoch": 1.3033558130264282,
            "acc/test/DTD": 0.625,
            "normalized_acc/test/DTD": 0.7541719675064087
        }
    ],
    "Food101": [
        {
            "acc/test/Food101_epoch": 0.9132277369499207,
            "loss/test/Food101_epoch": 0.3071025013923645,
            "acc/test/Food101": 0.9132277369499207,
            "normalized_acc/test/Food101": 1.0046619176864624
        }
    ],
    "avg": [
        {
            "acc/test/avg": 0.7691138684749603,
            "normalized_acc/test/avg": 0.8794169425964355
        }
    ]
}