{
    "RESISC45": [
        {
            "acc/test/RESISC45_epoch": 0.8598412871360779,
            "loss/test/RESISC45_epoch": 0.4683116674423218,
            "acc/test/RESISC45": 0.8598412871360779,
            "normalized_acc/test/RESISC45": 0.8894910216331482
        }
    ],
    "PCAM": [
        {
            "acc/test/PCAM_epoch": 0.87994384765625,
            "loss/test/PCAM_epoch": 0.290240615606308,
            "acc/test/PCAM": 0.87994384765625,
            "normalized_acc/test/PCAM": 0.9917793273925781
        }
    ],
    "avg": [
        {
            "acc/test/avg": 0.8698925673961639,
            "normalized_acc/test/avg": 0.9406351745128632
        }
    ]
}