{
    "Cars": [
        {
            "acc/test/Cars_epoch": 0.7647058963775635,
            "loss/test/Cars_epoch": 0.6736671328544617,
            "acc/test/Cars": 0.7647058963775635,
            "normalized_acc/test/Cars": 0.8912885785102844
        }
    ],
    "PCAM": [
        {
            "acc/test/PCAM_epoch": 0.883544921875,
            "loss/test/PCAM_epoch": 0.2884168326854706,
            "acc/test/PCAM": 0.883544921875,
            "normalized_acc/test/PCAM": 0.9958380460739136
        }
    ],
    "avg": [
        {
            "acc/test/avg": 0.8241254091262817,
            "normalized_acc/test/avg": 0.943563312292099
        }
    ]
}