{
    "PCAM": [
        {
            "acc/test/PCAM_epoch": 0.87548828125,
            "loss/test/PCAM_epoch": 0.2951478660106659,
            "acc/test/PCAM": 0.87548828125,
            "normalized_acc/test/PCAM": 0.9867574572563171
        }
    ],
    "STL10": [
        {
            "acc/test/STL10_epoch": 0.984749972820282,
            "loss/test/STL10_epoch": 0.04897407069802284,
            "acc/test/STL10": 0.984749972820282,
            "normalized_acc/test/STL10": 0.9968366026878357
        }
    ],
    "avg": [
        {
            "acc/test/avg": 0.930119127035141,
            "normalized_acc/test/avg": 0.9917970299720764
        }
    ]
}