{
    "RESISC45": [
        {
            "acc/test/RESISC45_epoch": 0.9611111283302307,
            "loss/test/RESISC45_epoch": 0.1366071105003357,
            "acc/test/RESISC45": 0.9611111283302307,
            "normalized_acc/test/RESISC45": 0.9942529201507568
        }
    ],
    "OxfordIIITPet": [
        {
            "acc/test/OxfordIIITPet_epoch": 0.9539384245872498,
            "loss/test/OxfordIIITPet_epoch": 0.19464394450187683,
            "acc/test/OxfordIIITPet": 0.9539384245872498,
            "normalized_acc/test/OxfordIIITPet": 1.0037281513214111
        }
    ],
    "avg": [
        {
            "acc/test/avg": 0.9575247764587402,
            "normalized_acc/test/avg": 0.998990535736084
        }
    ]
}