{
    "Cars": [
        {
            "acc/test/Cars_epoch": 0.8627036213874817,
            "loss/test/Cars_epoch": 0.4622834324836731,
            "acc/test/Cars": 0.8627036213874817,
            "normalized_acc/test/Cars": 1.0055080652236938
        }
    ],
    "EuroSAT": [
        {
            "acc/test/EuroSAT_epoch": 0.9918518662452698,
            "loss/test/EuroSAT_epoch": 0.0305958054959774,
            "acc/test/EuroSAT": 0.9918518662452698,
            "normalized_acc/test/EuroSAT": 1.0011215209960938
        }
    ],
    "avg": [
        {
            "acc/test/avg": 0.9272777438163757,
            "normalized_acc/test/avg": 1.0033147931098938
        }
    ]
}