{
    "SUN397": [
        {
            "acc/test/SUN397_epoch": 0.7884131073951721,
            "loss/test/SUN397_epoch": 0.8117932081222534,
            "acc/test/SUN397": 0.7884131073951721,
            "normalized_acc/test/SUN397": 0.9998722672462463
        }
    ],
    "Flowers102": [
        {
            "acc/test/Flowers102_epoch": 0.9120182394981384,
            "loss/test/Flowers102_epoch": 0.33799147605895996,
            "acc/test/Flowers102": 0.9120182394981384,
            "normalized_acc/test/Flowers102": 0.9678978323936462
        }
    ],
    "avg": [
        {
            "acc/test/avg": 0.8502156734466553,
            "normalized_acc/test/avg": 0.9838850498199463
        }
    ]
}