{
    "SUN397": [
        {
            "acc/test/SUN397_epoch": 0.7738538980484009,
            "loss/test/SUN397_epoch": 0.878004252910614,
            "acc/test/SUN397": 0.7738538980484009,
            "normalized_acc/test/SUN397": 0.9814081192016602
        }
    ],
    "Cars": [
        {
            "acc/test/Cars_epoch": 0.8685486912727356,
            "loss/test/Cars_epoch": 0.4566532075405121,
            "acc/test/Cars": 0.8685486912727356,
            "normalized_acc/test/Cars": 1.012320637702942
        }
    ],
    "avg": [
        {
            "acc/test/avg": 0.8212012946605682,
            "normalized_acc/test/avg": 0.996864378452301
        }
    ]
}