{
    "PCAM": [
        {
            "acc/test/PCAM_epoch": 0.883575439453125,
            "loss/test/PCAM_epoch": 0.36527568101882935,
            "acc/test/PCAM": 0.883575439453125,
            "normalized_acc/test/PCAM": 0.995872437953949
        }
    ],
    "KMNIST": [
        {
            "acc/test/KMNIST_epoch": 0.9725000262260437,
            "loss/test/KMNIST_epoch": 0.12358670681715012,
            "acc/test/KMNIST": 0.9725000262260437,
            "normalized_acc/test/KMNIST": 0.9888154864311218
        }
    ],
    "avg": [
        {
            "acc/test/avg": 0.9280377328395844,
            "normalized_acc/test/avg": 0.9923439621925354
        }
    ]
}