{
    "GTSRB": [
        {
            "acc/test/GTSRB_epoch": 0.9870942234992981,
            "loss/test/GTSRB_epoch": 0.05079885944724083,
            "acc/test/GTSRB": 0.9870942234992981,
            "normalized_acc/test/GTSRB": 0.9979188442230225
        }
    ],
    "Food101": [
        {
            "acc/test/Food101_epoch": 0.9002772569656372,
            "loss/test/Food101_epoch": 0.41674768924713135,
            "acc/test/Food101": 0.9002772569656372,
            "normalized_acc/test/Food101": 0.9904147982597351
        }
    ],
    "avg": [
        {
            "acc/test/avg": 0.9436857402324677,
            "normalized_acc/test/avg": 0.9941668212413788
        }
    ]
}