{
    "Food101": [
        {
            "acc/test/Food101_epoch": 0.8854653239250183,
            "loss/test/Food101_epoch": 0.4463297128677368,
            "acc/test/Food101": 0.8854653239250183,
            "normalized_acc/test/Food101": 0.9741199016571045
        }
    ],
    "FashionMNIST": [
        {
            "acc/test/FashionMNIST_epoch": 0.9397000074386597,
            "loss/test/FashionMNIST_epoch": 0.2146654576063156,
            "acc/test/FashionMNIST": 0.9397000074386597,
            "normalized_acc/test/FashionMNIST": 0.9870797991752625
        }
    ],
    "avg": [
        {
            "acc/test/avg": 0.912582665681839,
            "normalized_acc/test/avg": 0.9805998504161835
        }
    ]
}