{
    "PCAM": [
        {
            "acc/test/PCAM_epoch": 0.867523193359375,
            "loss/test/PCAM_epoch": 0.37435615062713623,
            "acc/test/PCAM": 0.867523193359375,
            "normalized_acc/test/PCAM": 0.9777800440788269
        }
    ],
    "CIFAR10": [
        {
            "acc/test/CIFAR10_epoch": 0.9746999740600586,
            "loss/test/CIFAR10_epoch": 0.08775350451469421,
            "acc/test/CIFAR10": 0.9746999740600586,
            "normalized_acc/test/CIFAR10": 0.9929706454277039
        }
    ],
    "avg": [
        {
            "acc/test/avg": 0.9211115837097168,
            "normalized_acc/test/avg": 0.9853753447532654
        }
    ]
}