{
    "RESISC45": [
        {
            "acc/test/RESISC45_epoch": 0.9507936239242554,
            "loss/test/RESISC45_epoch": 0.17719395458698273,
            "acc/test/RESISC45": 0.9507936239242554,
            "normalized_acc/test/RESISC45": 0.9835796356201172
        }
    ],
    "GTSRB": [
        {
            "acc/test/GTSRB_epoch": 0.988202691078186,
            "loss/test/GTSRB_epoch": 0.051533471792936325,
            "acc/test/GTSRB": 0.988202691078186,
            "normalized_acc/test/GTSRB": 0.9990394711494446
        }
    ],
    "avg": [
        {
            "acc/test/avg": 0.9694981575012207,
            "normalized_acc/test/avg": 0.9913095533847809
        }
    ]
}