{
    "EMNIST": [
        {
            "acc/test/EMNIST_epoch": 0.9943000078201294,
            "loss/test/EMNIST_epoch": 0.04229044169187546,
            "acc/test/EMNIST": 0.9943000078201294,
            "normalized_acc/test/EMNIST": 1.0
        }
    ],
    "KMNIST": [
        {
            "acc/test/KMNIST_epoch": 0.9383999705314636,
            "loss/test/KMNIST_epoch": 0.2493414580821991,
            "acc/test/KMNIST": 0.9383999705314636,
            "normalized_acc/test/KMNIST": 0.9541433453559875
        }
    ],
    "avg": [
        {
            "acc/test/avg": 0.9663499891757965,
            "normalized_acc/test/avg": 0.9770716726779938
        }
    ]
}