{
    "CIFAR10": [
        {
            "acc/test/CIFAR10_epoch": 0.972599983215332,
            "loss/test/CIFAR10_epoch": 0.1198650598526001,
            "acc/test/CIFAR10": 0.972599983215332,
            "normalized_acc/test/CIFAR10": 0.9908313155174255
        }
    ],
    "KMNIST": [
        {
            "acc/test/KMNIST_epoch": 0.9728000164031982,
            "loss/test/KMNIST_epoch": 0.11000300198793411,
            "acc/test/KMNIST": 0.9728000164031982,
            "normalized_acc/test/KMNIST": 0.9891204833984375
        }
    ],
    "avg": [
        {
            "acc/test/avg": 0.9726999998092651,
            "normalized_acc/test/avg": 0.9899758994579315
        }
    ]
}