{
    "MNIST": [
        {
            "acc/test/MNIST_epoch": 0.9951000213623047,
            "loss/test/MNIST_epoch": 0.03127644211053848,
            "acc/test/MNIST": 0.9951000213623047,
            "normalized_acc/test/MNIST": 0.998595118522644
        }
    ],
    "CIFAR100": [
        {
            "acc/test/CIFAR100_epoch": 0.8483999967575073,
            "loss/test/CIFAR100_epoch": 0.6697432398796082,
            "acc/test/CIFAR100": 0.8483999967575073,
            "normalized_acc/test/CIFAR100": 0.9503752589225769
        }
    ],
    "avg": [
        {
            "acc/test/avg": 0.921750009059906,
            "normalized_acc/test/avg": 0.9744851887226105
        }
    ]
}