{
    "EuroSAT": [
        {
            "acc/test/EuroSAT_epoch": 0.9881481528282166,
            "loss/test/EuroSAT_epoch": 0.04005993902683258,
            "acc/test/EuroSAT": 0.9881481528282166,
            "normalized_acc/test/EuroSAT": 0.997383177280426
        }
    ],
    "Food101": [
        {
            "acc/test/Food101_epoch": 0.9026534557342529,
            "loss/test/Food101_epoch": 0.38925930857658386,
            "acc/test/Food101": 0.9026534557342529,
            "normalized_acc/test/Food101": 0.9930289387702942
        }
    ],
    "avg": [
        {
            "acc/test/avg": 0.9454008042812347,
            "normalized_acc/test/avg": 0.9952060580253601
        }
    ]
}