{
    "OxfordIIITPet": [
        {
            "acc/test/OxfordIIITPet_epoch": 0.9364949464797974,
            "loss/test/OxfordIIITPet_epoch": 0.23670217394828796,
            "acc/test/OxfordIIITPet": 0.9364949464797974,
            "normalized_acc/test/OxfordIIITPet": 0.9853742122650146
        }
    ],
    "CIFAR100": [
        {
            "acc/test/CIFAR100_epoch": 0.8895000219345093,
            "loss/test/CIFAR100_epoch": 0.4776512682437897,
            "acc/test/CIFAR100": 0.8895000219345093,
            "normalized_acc/test/CIFAR100": 0.996415376663208
        }
    ],
    "avg": [
        {
            "acc/test/avg": 0.9129974842071533,
            "normalized_acc/test/avg": 0.9908947944641113
        }
    ]
}