{
    "GTSRB": [
        {
            "acc/test/GTSRB_epoch": 0.9878067970275879,
            "loss/test/GTSRB_epoch": 0.04782659187912941,
            "acc/test/GTSRB": 0.9878067970275879,
            "normalized_acc/test/GTSRB": 0.9986392259597778
        }
    ],
    "DTD": [
        {
            "acc/test/DTD_epoch": 0.7776595950126648,
            "loss/test/DTD_epoch": 0.9513805508613586,
            "acc/test/DTD": 0.7776595950126648,
            "normalized_acc/test/DTD": 0.9383825659751892
        }
    ],
    "avg": [
        {
            "acc/test/avg": 0.8827331960201263,
            "normalized_acc/test/avg": 0.9685108959674835
        }
    ]
}