{
    "STL10": [
        {
            "acc/test/STL10_epoch": 0.9672499895095825,
            "loss/test/STL10_epoch": 0.13357679545879364,
            "acc/test/STL10": 0.9672499895095825,
            "normalized_acc/test/STL10": 0.9791218638420105
        }
    ],
    "CIFAR10": [
        {
            "acc/test/CIFAR10_epoch": 0.9836999773979187,
            "loss/test/CIFAR10_epoch": 0.06815346330404282,
            "acc/test/CIFAR10": 0.9836999773979187,
            "normalized_acc/test/CIFAR10": 1.0021393299102783
        }
    ],
    "avg": [
        {
            "acc/test/avg": 0.9754749834537506,
            "normalized_acc/test/avg": 0.9906305968761444
        }
    ]
}