{
    "PCAM": [
        {
            "acc/test/PCAM_epoch": 0.853912353515625,
            "loss/test/PCAM_epoch": 0.45820000767707825,
            "acc/test/PCAM": 0.853912353515625,
            "normalized_acc/test/PCAM": 0.9624393582344055
        }
    ],
    "CIFAR100": [
        {
            "acc/test/CIFAR100_epoch": 0.809499979019165,
            "loss/test/CIFAR100_epoch": 0.688808798789978,
            "acc/test/CIFAR100": 0.809499979019165,
            "normalized_acc/test/CIFAR100": 0.9067995548248291
        }
    ],
    "avg": [
        {
            "acc/test/avg": 0.831706166267395,
            "normalized_acc/test/avg": 0.9346194565296173
        }
    ]
}