{
    "CIFAR10": [
        {
            "acc/test/CIFAR10_epoch": 0.9739999771118164,
            "loss/test/CIFAR10_epoch": 0.11080726236104965,
            "acc/test/CIFAR10": 0.9739999771118164,
            "normalized_acc/test/CIFAR10": 0.9922575354576111
        }
    ],
    "EMNIST": [
        {
            "acc/test/EMNIST_epoch": 0.9959999918937683,
            "loss/test/EMNIST_epoch": 0.03410272300243378,
            "acc/test/EMNIST": 0.9959999918937683,
            "normalized_acc/test/EMNIST": 1.0017096996307373
        }
    ],
    "avg": [
        {
            "acc/test/avg": 0.9849999845027924,
            "normalized_acc/test/avg": 0.9969836175441742
        }
    ]
}