{
    "FER2013": [
        {
            "acc/test/FER2013_epoch": 0.723321259021759,
            "loss/test/FER2013_epoch": 1.0429664850234985,
            "acc/test/FER2013": 0.723321259021759,
            "normalized_acc/test/FER2013": 0.9811035394668579
        }
    ],
    "CIFAR10": [
        {
            "acc/test/CIFAR10_epoch": 0.9814000129699707,
            "loss/test/CIFAR10_epoch": 0.08818582445383072,
            "acc/test/CIFAR10": 0.9814000129699707,
            "normalized_acc/test/CIFAR10": 0.9997962713241577
        }
    ],
    "avg": [
        {
            "acc/test/avg": 0.8523606359958649,
            "normalized_acc/test/avg": 0.9904499053955078
        }
    ]
}