{
    "EuroSAT": [
        {
            "acc/test/EuroSAT_epoch": 0.9907407164573669,
            "loss/test/EuroSAT_epoch": 0.03293049335479736,
            "acc/test/EuroSAT": 0.9907407164573669,
            "normalized_acc/test/EuroSAT": 1.0
        }
    ],
    "Flowers102": [
        {
            "acc/test/Flowers102_epoch": 0.9027484059333801,
            "loss/test/Flowers102_epoch": 0.40156832337379456,
            "acc/test/Flowers102": 0.9027484059333801,
            "normalized_acc/test/Flowers102": 0.9580600261688232
        }
    ],
    "avg": [
        {
            "acc/test/avg": 0.9467445611953735,
            "normalized_acc/test/avg": 0.9790300130844116
        }
    ]
}