{
    "EuroSAT": [
        {
            "acc/test/EuroSAT_epoch": 0.9837037324905396,
            "loss/test/EuroSAT_epoch": 0.06063878536224365,
            "acc/test/EuroSAT": 0.9837037324905396,
            "normalized_acc/test/EuroSAT": 0.9928972721099854
        }
    ],
    "MNIST": [
        {
            "acc/test/MNIST_epoch": 0.9958999752998352,
            "loss/test/MNIST_epoch": 0.02977690100669861,
            "acc/test/MNIST": 0.9958999752998352,
            "normalized_acc/test/MNIST": 0.999397873878479
        }
    ],
    "avg": [
        {
            "acc/test/avg": 0.9898018538951874,
            "normalized_acc/test/avg": 0.9961475729942322
        }
    ]
}