{
    "RESISC45": [
        {
            "acc/test/RESISC45_epoch": 0.9568253755569458,
            "loss/test/RESISC45_epoch": 0.16062620282173157,
            "acc/test/RESISC45": 0.9568253755569458,
            "normalized_acc/test/RESISC45": 0.9898194074630737
        }
    ],
    "DTD": [
        {
            "acc/test/DTD_epoch": 0.7755318880081177,
            "loss/test/DTD_epoch": 0.9006121158599854,
            "acc/test/DTD": 0.7755318880081177,
            "normalized_acc/test/DTD": 0.9358150959014893
        }
    ],
    "avg": [
        {
            "acc/test/avg": 0.8661786317825317,
            "normalized_acc/test/avg": 0.9628172516822815
        }
    ]
}