{
    "Flowers102": [
        {
            "acc/test/Flowers102_epoch": 0.8663197159767151,
            "loss/test/Flowers102_epoch": 0.4683692753314972,
            "acc/test/Flowers102": 0.8663197159767151,
            "normalized_acc/test/Flowers102": 0.9193993210792542
        }
    ],
    "FashionMNIST": [
        {
            "acc/test/FashionMNIST_epoch": 0.9463000297546387,
            "loss/test/FashionMNIST_epoch": 0.19692856073379517,
            "acc/test/FashionMNIST": 0.9463000297546387,
            "normalized_acc/test/FashionMNIST": 0.9940125942230225
        }
    ],
    "avg": [
        {
            "acc/test/avg": 0.9063098728656769,
            "normalized_acc/test/avg": 0.9567059576511383
        }
    ]
}