{
    "Cars": [
        {
            "acc/test/Cars_epoch": 0.8561124205589294,
            "loss/test/Cars_epoch": 0.4871218800544739,
            "acc/test/Cars": 0.8561124205589294,
            "normalized_acc/test/Cars": 0.9978257417678833
        }
    ],
    "EMNIST": [
        {
            "acc/test/EMNIST_epoch": 0.9962000250816345,
            "loss/test/EMNIST_epoch": 0.033014681190252304,
            "acc/test/EMNIST": 0.9962000250816345,
            "normalized_acc/test/EMNIST": 1.001910924911499
        }
    ],
    "avg": [
        {
            "acc/test/avg": 0.926156222820282,
            "normalized_acc/test/avg": 0.9998683333396912
        }
    ]
}