{
    "GTSRB": [
        {
            "acc/test/GTSRB_epoch": 0.9851939678192139,
            "loss/test/GTSRB_epoch": 0.06228387728333473,
            "acc/test/GTSRB": 0.9851939678192139,
            "normalized_acc/test/GTSRB": 0.9959977865219116
        }
    ],
    "FER2013": [
        {
            "acc/test/FER2013_epoch": 0.7142658233642578,
            "loss/test/FER2013_epoch": 1.2811545133590698,
            "acc/test/FER2013": 0.7142658233642578,
            "normalized_acc/test/FER2013": 0.9688208699226379
        }
    ],
    "avg": [
        {
            "acc/test/avg": 0.8497298955917358,
            "normalized_acc/test/avg": 0.9824093282222748
        }
    ]
}