{
    "SVHN": [
        {
            "acc/test/SVHN_epoch": 0.9696143269538879,
            "loss/test/SVHN_epoch": 0.1326036900281906,
            "acc/test/SVHN": 0.9696143269538879,
            "normalized_acc/test/SVHN": 0.9946016669273376
        }
    ],
    "FER2013": [
        {
            "acc/test/FER2013_epoch": 0.6875174045562744,
            "loss/test/FER2013_epoch": 1.3243098258972168,
            "acc/test/FER2013": 0.6875174045562744,
            "normalized_acc/test/FER2013": 0.932539701461792
        }
    ],
    "avg": [
        {
            "acc/test/avg": 0.8285658657550812,
            "normalized_acc/test/avg": 0.9635706841945648
        }
    ]
}