{
    "FER2013": [
        {
            "acc/test/FER2013_epoch": 0.7394817471504211,
            "loss/test/FER2013_epoch": 1.1962984800338745,
            "acc/test/FER2013": 0.7394817471504211,
            "normalized_acc/test/FER2013": 1.003023386001587
        }
    ],
    "RenderedSST2": [
        {
            "acc/test/RenderedSST2_epoch": 0.7742998600006104,
            "loss/test/RenderedSST2_epoch": 0.9037930369377136,
            "acc/test/RenderedSST2": 0.7742998600006104,
            "normalized_acc/test/RenderedSST2": 1.0035587549209595
        }
    ],
    "avg": [
        {
            "acc/test/avg": 0.7568908035755157,
            "normalized_acc/test/avg": 1.0032910704612732
        }
    ]
}