{
    "FER2013": [
        {
            "acc/test/FER2013_epoch": 0.7167734503746033,
            "loss/test/FER2013_epoch": 1.0589293241500854,
            "acc/test/FER2013": 0.7167734503746033,
            "normalized_acc/test/FER2013": 0.9722222089767456
        }
    ],
    "CIFAR10": [
        {
            "acc/test/CIFAR10_epoch": 0.9825000166893005,
            "loss/test/CIFAR10_epoch": 0.08382187783718109,
            "acc/test/CIFAR10": 0.9825000166893005,
            "normalized_acc/test/CIFAR10": 1.0009169578552246
        }
    ],
    "avg": [
        {
            "acc/test/avg": 0.8496367335319519,
            "normalized_acc/test/avg": 0.9865695834159851
        }
    ]
}