{
    "CIFAR100": [
        {
            "acc/test/CIFAR100_epoch": 0.8927000164985657,
            "loss/test/CIFAR100_epoch": 0.4700367748737335,
            "acc/test/CIFAR100": 0.8927000164985657,
            "normalized_acc/test/CIFAR100": 1.0
        }
    ],
    "RenderedSST2": [
        {
            "acc/test/RenderedSST2_epoch": 0.7814387679100037,
            "loss/test/RenderedSST2_epoch": 0.8457837104797363,
            "acc/test/RenderedSST2": 0.7814387679100037,
            "normalized_acc/test/RenderedSST2": 1.012811303138733
        }
    ],
    "avg": [
        {
            "acc/test/avg": 0.8370693922042847,
            "normalized_acc/test/avg": 1.0064056515693665
        }
    ]
}