{
    "SVHN": [
        {
            "acc/test/SVHN_epoch": 0.9655424356460571,
            "loss/test/SVHN_epoch": 0.14747926592826843,
            "acc/test/SVHN": 0.9655424356460571,
            "normalized_acc/test/SVHN": 0.9904248118400574
        }
    ],
    "EMNIST": [
        {
            "acc/test/EMNIST_epoch": 0.9943000078201294,
            "loss/test/EMNIST_epoch": 0.04219549894332886,
            "acc/test/EMNIST": 0.9943000078201294,
            "normalized_acc/test/EMNIST": 1.0
        }
    ],
    "avg": [
        {
            "acc/test/avg": 0.9799212217330933,
            "normalized_acc/test/avg": 0.9952124059200287
        }
    ]
}