{
    "EuroSAT": [
        {
            "acc/test/EuroSAT_epoch": 0.9851852059364319,
            "loss/test/EuroSAT_epoch": 0.058692678809165955,
            "acc/test/EuroSAT": 0.9851852059364319,
            "normalized_acc/test/EuroSAT": 0.9943925738334656
        }
    ],
    "FER2013": [
        {
            "acc/test/FER2013_epoch": 0.7407355904579163,
            "loss/test/FER2013_epoch": 1.1065974235534668,
            "acc/test/FER2013": 0.7407355904579163,
            "normalized_acc/test/FER2013": 1.004724144935608
        }
    ],
    "avg": [
        {
            "acc/test/avg": 0.8629603981971741,
            "normalized_acc/test/avg": 0.9995583593845367
        }
    ]
}