{
    "CIFAR100": [
        {
            "acc/test/CIFAR100": 0.8144000172615051,
            "loss/test/CIFAR100": 0.6502936482429504,
            "normalized_acc/test/CIFAR100": 0.9365225434303284
        }
    ],
    "Food101": [
        {
            "acc/test/Food101": 0.8637228012084961,
            "loss/test/Food101": 0.46792832016944885,
            "normalized_acc/test/Food101": 1.0039126873016357
        }
    ],
    "avg": [
        {
            "acc/test/avg": 0.8390614092350006,
            "normalized_acc/test/avg": 0.9702176153659821
        }
    ]
}