{
    "RESISC45": [
        {
            "acc/test/RESISC45": 0.03380952402949333,
            "loss/test/RESISC45": 5.5754570960998535,
            "normalized_acc/test/RESISC45": 0.03547634929418564
        }
    ],
    "SVHN": [
        {
            "acc/test/SVHN": 0.11001843959093094,
            "loss/test/SVHN": 2.406536102294922,
            "normalized_acc/test/SVHN": 0.1138133853673935
        }
    ],
    "avg": [
        {
            "acc/test/avg": 0.07191398181021214,
            "normalized_acc/test/avg": 0.07464486733078957
        }
    ]
}