{
    "Cars": [
        {
            "acc/test/Cars": 0.004601417575031519,
            "loss/test/Cars": 9.220236778259277,
            "normalized_acc/test/Cars": 0.0057650357484817505
        }
    ],
    "GTSRB": [
        {
            "acc/test/GTSRB": 0.0378463976085186,
            "loss/test/GTSRB": 5.057492256164551,
            "normalized_acc/test/GTSRB": 0.03825530409812927
        }
    ],
    "avg": [
        {
            "acc/test/avg": 0.02122390759177506,
            "normalized_acc/test/avg": 0.02201016992330551
        }
    ]
}