{
    "Food101": [
        {
            "acc/test/Food101": 0.8570693135261536,
            "loss/test/Food101": 0.4953627288341522,
            "normalized_acc/test/Food101": 0.9961793422698975
        }
    ],
    "FashionMNIST": [
        {
            "acc/test/FashionMNIST": 0.8471999764442444,
            "loss/test/FashionMNIST": 0.4508233964443207,
            "normalized_acc/test/FashionMNIST": 0.8997450470924377
        }
    ],
    "avg": [
        {
            "acc/test/avg": 0.852134644985199,
            "normalized_acc/test/avg": 0.9479621946811676
        }
    ]
}