{
    "EuroSAT": [
        {
            "acc/test/EuroSAT": 0.08037037402391434,
            "loss/test/EuroSAT": 3.5475962162017822,
            "normalized_acc/test/EuroSAT": 0.0809701532125473
        }
    ],
    "MNIST": [
        {
            "acc/test/MNIST": 0.10530000180006027,
            "loss/test/MNIST": 2.3264074325561523,
            "normalized_acc/test/MNIST": 0.10588235408067703
        }
    ],
    "avg": [
        {
            "acc/test/avg": 0.0928351879119873,
            "normalized_acc/test/avg": 0.09342625364661217
        }
    ]
}