{
    "PCAM": [
        {
            "acc/test/PCAM": 0.781463623046875,
            "loss/test/PCAM": 0.48788687586784363,
            "normalized_acc/test/PCAM": 0.9059293866157532
        }
    ],
    "FashionMNIST": [
        {
            "acc/test/FashionMNIST": 0.8313999772071838,
            "loss/test/FashionMNIST": 0.5007251501083374,
            "normalized_acc/test/FashionMNIST": 0.8829651474952698
        }
    ],
    "avg": [
        {
            "acc/test/avg": 0.8064318001270294,
            "normalized_acc/test/avg": 0.8944472670555115
        }
    ]
}