{
    "EuroSAT": [
        {
            "acc/test/EuroSAT": 0.09666666388511658,
            "loss/test/EuroSAT": 3.5620758533477783,
            "normalized_acc/test/EuroSAT": 0.09738805890083313
        }
    ],
    "DTD": [
        {
            "acc/test/DTD": 0.021276595070958138,
            "loss/test/DTD": 5.167235851287842,
            "normalized_acc/test/DTD": 0.027210883796215057
        }
    ],
    "avg": [
        {
            "acc/test/avg": 0.05897162947803736,
            "normalized_acc/test/avg": 0.062299471348524094
        }
    ]
}