{
    "EuroSAT": [
        {
            "acc/test/EuroSAT": 0.045185185968875885,
            "loss/test/EuroSAT": 3.064804792404175,
            "normalized_acc/test/EuroSAT": 0.04552238807082176
        }
    ],
    "SVHN": [
        {
            "acc/test/SVHN": 0.08858328312635422,
            "loss/test/SVHN": 2.397465944290161,
            "normalized_acc/test/SVHN": 0.09163884818553925
        }
    ],
    "avg": [
        {
            "acc/test/avg": 0.06688423454761505,
            "normalized_acc/test/avg": 0.0685806181281805
        }
    ]
}