{
    "FashionMNIST": [
        {
            "acc/test/FashionMNIST": 0.8033999800682068,
            "loss/test/FashionMNIST": 0.585252046585083,
            "normalized_acc/test/FashionMNIST": 0.8532285094261169
        }
    ],
    "EMNIST": [
        {
            "acc/test/EMNIST": 0.875,
            "loss/test/EMNIST": 0.8174366354942322,
            "normalized_acc/test/EMNIST": 0.8798391222953796
        }
    ],
    "avg": [
        {
            "acc/test/avg": 0.8391999900341034,
            "normalized_acc/test/avg": 0.8665338158607483
        }
    ]
}