{
    "OxfordIIITPet": [
        {
            "acc/test/OxfordIIITPet": 0.87953120470047,
            "loss/test/OxfordIIITPet": 0.36438053846359253,
            "normalized_acc/test/OxfordIIITPet": 0.9488385915756226
        }
    ],
    "CIFAR10": [
        {
            "acc/test/CIFAR10": 0.9514999985694885,
            "loss/test/CIFAR10": 0.15582570433616638,
            "normalized_acc/test/CIFAR10": 0.9755972623825073
        }
    ],
    "avg": [
        {
            "acc/test/avg": 0.9155156016349792,
            "normalized_acc/test/avg": 0.9622179269790649
        }
    ]
}