{
    "OxfordIIITPet": [
        {
            "acc/test/OxfordIIITPet": 0.9070591330528259,
            "loss/test/OxfordIIITPet": 0.2884249687194824,
            "normalized_acc/test/OxfordIIITPet": 0.9785357117652893
        }
    ],
    "CIFAR100": [
        {
            "acc/test/CIFAR100": 0.7883999943733215,
            "loss/test/CIFAR100": 0.7564235925674438,
            "normalized_acc/test/CIFAR100": 0.9066237211227417
        }
    ],
    "avg": [
        {
            "acc/test/avg": 0.8477295637130737,
            "normalized_acc/test/avg": 0.9425797164440155
        }
    ]
}