{
    "CIFAR100": [
        {
            "acc/test/CIFAR100": 0.8001999855041504,
            "loss/test/CIFAR100": 0.7207764387130737,
            "normalized_acc/test/CIFAR100": 0.9201931953430176
        }
    ],
    "FashionMNIST": [
        {
            "acc/test/FashionMNIST": 0.8374000191688538,
            "loss/test/FashionMNIST": 0.49077796936035156,
            "normalized_acc/test/FashionMNIST": 0.8893373012542725
        }
    ],
    "avg": [
        {
            "acc/test/avg": 0.8188000023365021,
            "normalized_acc/test/avg": 0.904765248298645
        }
    ]
}