{
    "GTSRB": [
        {
            "acc/test/GTSRB_epoch": 0.8924782276153564,
            "loss/test/GTSRB_epoch": 0.4837014079093933,
            "acc/test/GTSRB": 0.8924782276153564,
            "normalized_acc/test/GTSRB": 0.9022653102874756
        }
    ],
    "Food101": [
        {
            "acc/test/Food101_epoch": 0.9127920866012573,
            "loss/test/Food101_epoch": 0.30634769797325134,
            "acc/test/Food101": 0.9127920866012573,
            "normalized_acc/test/Food101": 1.0041826963424683
        }
    ],
    "avg": [
        {
            "acc/test/avg": 0.9026351571083069,
            "normalized_acc/test/avg": 0.9532240033149719
        }
    ]
}