{
    "EuroSAT": [
        {
            "acc/test/EuroSAT_epoch": 0.9574074149131775,
            "loss/test/EuroSAT_epoch": 0.1719205677509308,
            "acc/test/EuroSAT": 0.9574074149131775,
            "normalized_acc/test/EuroSAT": 0.9663551449775696
        }
    ],
    "CIFAR10": [
        {
            "acc/test/CIFAR10_epoch": 0.9768999814987183,
            "loss/test/CIFAR10_epoch": 0.0732274055480957,
            "acc/test/CIFAR10": 0.9768999814987183,
            "normalized_acc/test/CIFAR10": 0.9952118992805481
        }
    ],
    "avg": [
        {
            "acc/test/avg": 0.9671536982059479,
            "normalized_acc/test/avg": 0.9807835221290588
        }
    ]
}