{
    "PCAM": [
        {
            "acc/test/PCAM_epoch": 0.8779296875,
            "loss/test/PCAM_epoch": 0.2984790802001953,
            "acc/test/PCAM": 0.8779296875,
            "normalized_acc/test/PCAM": 0.9895091652870178
        }
    ],
    "KMNIST": [
        {
            "acc/test/KMNIST_epoch": 0.4004000127315521,
            "loss/test/KMNIST_epoch": 1.8783687353134155,
            "acc/test/KMNIST": 0.4004000127315521,
            "normalized_acc/test/KMNIST": 0.40711745619773865
        }
    ],
    "avg": [
        {
            "acc/test/avg": 0.6391648501157761,
            "normalized_acc/test/avg": 0.6983133107423782
        }
    ]
}