{
    "Cars": [
        {
            "acc/test/Cars_epoch": 0.7721676230430603,
            "loss/test/Cars_epoch": 0.6604673862457275,
            "acc/test/Cars": 0.7721676230430603,
            "normalized_acc/test/Cars": 0.8999854922294617
        }
    ],
    "PCAM": [
        {
            "acc/test/PCAM_epoch": 0.886566162109375,
            "loss/test/PCAM_epoch": 0.2877926826477051,
            "acc/test/PCAM": 0.886566162109375,
            "normalized_acc/test/PCAM": 0.9992432594299316
        }
    ],
    "avg": [
        {
            "acc/test/avg": 0.8293668925762177,
            "normalized_acc/test/avg": 0.9496143758296967
        }
    ]
}