{
    "PCAM": [
        {
            "acc/test/PCAM_epoch": 0.882537841796875,
            "loss/test/PCAM_epoch": 0.28677210211753845,
            "acc/test/PCAM": 0.882537841796875,
            "normalized_acc/test/PCAM": 0.9947029948234558
        }
    ],
    "STL10": [
        {
            "acc/test/STL10_epoch": 0.9850000143051147,
            "loss/test/STL10_epoch": 0.05177890509366989,
            "acc/test/STL10": 0.9850000143051147,
            "normalized_acc/test/STL10": 0.9970897436141968
        }
    ],
    "avg": [
        {
            "acc/test/avg": 0.9337689280509949,
            "normalized_acc/test/avg": 0.9958963692188263
        }
    ]
}