{
    "CIFAR100": [
        {
            "acc/test/CIFAR100_epoch": 0.8230999708175659,
            "loss/test/CIFAR100_epoch": 0.6230772137641907,
            "acc/test/CIFAR100": 0.8230999708175659,
            "normalized_acc/test/CIFAR100": 0.9220342040061951
        }
    ],
    "FashionMNIST": [
        {
            "acc/test/FashionMNIST_epoch": 0.8960000276565552,
            "loss/test/FashionMNIST_epoch": 0.3076402544975281,
            "acc/test/FashionMNIST": 0.8960000276565552,
            "normalized_acc/test/FashionMNIST": 0.9411764740943909
        }
    ],
    "avg": [
        {
            "acc/test/avg": 0.8595499992370605,
            "normalized_acc/test/avg": 0.931605339050293
        }
    ]
}