{
    "Cars": [
        {
            "acc/test/Cars_epoch": 0.7829871773719788,
            "loss/test/Cars_epoch": 0.636932909488678,
            "acc/test/Cars": 0.7829871773719788,
            "normalized_acc/test/Cars": 0.9125959873199463
        }
    ],
    "FashionMNIST": [
        {
            "acc/test/FashionMNIST_epoch": 0.8999999761581421,
            "loss/test/FashionMNIST_epoch": 0.2831228971481323,
            "acc/test/FashionMNIST": 0.8999999761581421,
            "normalized_acc/test/FashionMNIST": 0.9453781247138977
        }
    ],
    "avg": [
        {
            "acc/test/avg": 0.8414935767650604,
            "normalized_acc/test/avg": 0.928987056016922
        }
    ]
}