{
    "RESISC45": [
        {
            "acc/test/RESISC45_epoch": 0.8526983857154846,
            "loss/test/RESISC45_epoch": 0.47474405169487,
            "acc/test/RESISC45": 0.8526983857154846,
            "normalized_acc/test/RESISC45": 0.8821017742156982
        }
    ],
    "PCAM": [
        {
            "acc/test/PCAM_epoch": 0.883697509765625,
            "loss/test/PCAM_epoch": 0.28409087657928467,
            "acc/test/PCAM": 0.883697509765625,
            "normalized_acc/test/PCAM": 0.9960100650787354
        }
    ],
    "avg": [
        {
            "acc/test/avg": 0.8681979477405548,
            "normalized_acc/test/avg": 0.9390559196472168
        }
    ]
}