{
    "Flowers102": [
        {
            "acc/test/Flowers102_epoch": 0.802244246006012,
            "loss/test/Flowers102_epoch": 0.7906332015991211,
            "acc/test/Flowers102": 0.802244246006012,
            "normalized_acc/test/Flowers102": 0.8513979315757751
        }
    ],
    "KMNIST": [
        {
            "acc/test/KMNIST_epoch": 0.5006999969482422,
            "loss/test/KMNIST_epoch": 1.6326557397842407,
            "acc/test/KMNIST": 0.5006999969482422,
            "normalized_acc/test/KMNIST": 0.5091001391410828
        }
    ],
    "avg": [
        {
            "acc/test/avg": 0.6514721214771271,
            "normalized_acc/test/avg": 0.680249035358429
        }
    ]
}