{
    "SUN397": [
        {
            "acc/test/SUN397_epoch": 0.7256926894187927,
            "loss/test/SUN397_epoch": 0.9266565442085266,
            "acc/test/SUN397": 0.7256926894187927,
            "normalized_acc/test/SUN397": 0.9203296899795532
        }
    ],
    "CIFAR10": [
        {
            "acc/test/CIFAR10_epoch": 0.9771000146865845,
            "loss/test/CIFAR10_epoch": 0.0723186805844307,
            "acc/test/CIFAR10": 0.9771000146865845,
            "normalized_acc/test/CIFAR10": 0.9954156875610352
        }
    ],
    "avg": [
        {
            "acc/test/avg": 0.8513963520526886,
            "normalized_acc/test/avg": 0.9578726887702942
        }
    ]
}