{
    "STL10": [
        {
            "acc/test/STL10_epoch": 0.9832500219345093,
            "loss/test/STL10_epoch": 0.050850700587034225,
            "acc/test/STL10": 0.9832500219345093,
            "normalized_acc/test/STL10": 0.9953182935714722
        }
    ],
    "FashionMNIST": [
        {
            "acc/test/FashionMNIST_epoch": 0.8949999809265137,
            "loss/test/FashionMNIST_epoch": 0.2949926257133484,
            "acc/test/FashionMNIST": 0.8949999809265137,
            "normalized_acc/test/FashionMNIST": 0.9401260018348694
        }
    ],
    "avg": [
        {
            "acc/test/avg": 0.9391250014305115,
            "normalized_acc/test/avg": 0.9677221477031708
        }
    ]
}