{
    "Cars": [
        {
            "acc/test/Cars_epoch": 0.7806243300437927,
            "loss/test/Cars_epoch": 0.6381217837333679,
            "acc/test/Cars": 0.7806243300437927,
            "normalized_acc/test/Cars": 0.9098420143127441
        }
    ],
    "Food101": [
        {
            "acc/test/Food101_epoch": 0.9118415713310242,
            "loss/test/Food101_epoch": 0.30997684597969055,
            "acc/test/Food101": 0.9118415713310242,
            "normalized_acc/test/Food101": 1.0031369924545288
        }
    ],
    "avg": [
        {
            "acc/test/avg": 0.8462329506874084,
            "normalized_acc/test/avg": 0.9564895033836365
        }
    ]
}