{
    "GTSRB": [
        {
            "acc/test/GTSRB_epoch": 0.8944576382637024,
            "loss/test/GTSRB_epoch": 0.5052791833877563,
            "acc/test/GTSRB": 0.8944576382637024,
            "normalized_acc/test/GTSRB": 0.9042664170265198
        }
    ],
    "FashionMNIST": [
        {
            "acc/test/FashionMNIST_epoch": 0.8953999876976013,
            "loss/test/FashionMNIST_epoch": 0.30175283551216125,
            "acc/test/FashionMNIST": 0.8953999876976013,
            "normalized_acc/test/FashionMNIST": 0.9405461549758911
        }
    ],
    "avg": [
        {
            "acc/test/avg": 0.8949288129806519,
            "normalized_acc/test/avg": 0.9224062860012054
        }
    ]
}