{
    "EuroSAT": [
        {
            "acc/test/EuroSAT_epoch": 0.9722222089767456,
            "loss/test/EuroSAT_epoch": 0.11935070157051086,
            "acc/test/EuroSAT": 0.9722222089767456,
            "normalized_acc/test/EuroSAT": 0.9813084006309509
        }
    ],
    "RenderedSST2": [
        {
            "acc/test/RenderedSST2_epoch": 0.7303679585456848,
            "loss/test/RenderedSST2_epoch": 0.5357822775840759,
            "acc/test/RenderedSST2": 0.7303679585456848,
            "normalized_acc/test/RenderedSST2": 0.9466192126274109
        }
    ],
    "avg": [
        {
            "acc/test/avg": 0.8512950837612152,
            "normalized_acc/test/avg": 0.9639638066291809
        }
    ]
}