{
    "SUN397": [
        {
            "acc/test/SUN397_epoch": 0.750931978225708,
            "loss/test/SUN397_epoch": 0.9002484679222107,
            "acc/test/SUN397": 0.750931978225708,
            "normalized_acc/test/SUN397": 0.9523383378982544
        }
    ],
    "KMNIST": [
        {
            "acc/test/KMNIST_epoch": 0.929099977016449,
            "loss/test/KMNIST_epoch": 0.3191325068473816,
            "acc/test/KMNIST": 0.929099977016449,
            "normalized_acc/test/KMNIST": 0.9446873068809509
        }
    ],
    "avg": [
        {
            "acc/test/avg": 0.8400159776210785,
            "normalized_acc/test/avg": 0.9485128223896027
        }
    ]
}