{
    "MNIST": [
        {
            "acc/test/MNIST_epoch": 0.9943000078201294,
            "loss/test/MNIST_epoch": 0.04356655478477478,
            "acc/test/MNIST": 0.9943000078201294,
            "normalized_acc/test/MNIST": 0.9977922439575195
        }
    ],
    "STL10": [
        {
            "acc/test/STL10_epoch": 0.9776250123977661,
            "loss/test/STL10_epoch": 0.07155805826187134,
            "acc/test/STL10": 0.9776250123977661,
            "normalized_acc/test/STL10": 0.9896242022514343
        }
    ],
    "avg": [
        {
            "acc/test/avg": 0.9859625101089478,
            "normalized_acc/test/avg": 0.9937082231044769
        }
    ]
}