{
    "GTSRB": [
        {
            "acc/test/GTSRB_epoch": 0.9719715118408203,
            "loss/test/GTSRB_epoch": 0.1223440170288086,
            "acc/test/GTSRB": 0.9719715118408203,
            "normalized_acc/test/GTSRB": 0.9826303124427795
        }
    ],
    "RenderedSST2": [
        {
            "acc/test/RenderedSST2_epoch": 0.776496410369873,
            "loss/test/RenderedSST2_epoch": 0.5304684042930603,
            "acc/test/RenderedSST2": 0.776496410369873,
            "normalized_acc/test/RenderedSST2": 1.0064055919647217
        }
    ],
    "avg": [
        {
            "acc/test/avg": 0.8742339611053467,
            "normalized_acc/test/avg": 0.9945179522037506
        }
    ]
}