{
    "SUN397": [
        {
            "acc/test/SUN397_epoch": 0.7548111081123352,
            "loss/test/SUN397_epoch": 0.9170912504196167,
            "acc/test/SUN397": 0.7548111081123352,
            "normalized_acc/test/SUN397": 0.9572579264640808
        }
    ],
    "RESISC45": [
        {
            "acc/test/RESISC45_epoch": 0.9417460560798645,
            "loss/test/RESISC45_epoch": 0.19975312054157257,
            "acc/test/RESISC45": 0.9417460560798645,
            "normalized_acc/test/RESISC45": 0.9742200970649719
        }
    ],
    "avg": [
        {
            "acc/test/avg": 0.8482785820960999,
            "normalized_acc/test/avg": 0.9657390117645264
        }
    ]
}