{
    "Cars": [
        {
            "acc/test/Cars_epoch": 0.8297475576400757,
            "loss/test/Cars_epoch": 0.5230321884155273,
            "acc/test/Cars": 0.8297475576400757,
            "normalized_acc/test/Cars": 0.9670966863632202
        }
    ],
    "RESISC45": [
        {
            "acc/test/RESISC45_epoch": 0.9419047832489014,
            "loss/test/RESISC45_epoch": 0.19302408397197723,
            "acc/test/RESISC45": 0.9419047832489014,
            "normalized_acc/test/RESISC45": 0.9743843078613281
        }
    ],
    "avg": [
        {
            "acc/test/avg": 0.8858261704444885,
            "normalized_acc/test/avg": 0.9707404971122742
        }
    ]
}