{
    "GTSRB": [
        {
            "acc/test/GTSRB_epoch": 0.9492478370666504,
            "loss/test/GTSRB_epoch": 0.2190866619348526,
            "acc/test/GTSRB": 0.9492478370666504,
            "normalized_acc/test/GTSRB": 0.9596574306488037
        }
    ],
    "CIFAR10": [
        {
            "acc/test/CIFAR10_epoch": 0.974399983882904,
            "loss/test/CIFAR10_epoch": 0.0924275666475296,
            "acc/test/CIFAR10": 0.974399983882904,
            "normalized_acc/test/CIFAR10": 0.9926650524139404
        }
    ],
    "avg": [
        {
            "acc/test/avg": 0.9618239104747772,
            "normalized_acc/test/avg": 0.9761612415313721
        }
    ]
}