{
    "MNIST": [
        {
            "acc/test/MNIST_epoch": 0.9944000244140625,
            "loss/test/MNIST_epoch": 0.05216449126601219,
            "acc/test/MNIST": 0.9944000244140625,
            "normalized_acc/test/MNIST": 0.9978926181793213
        }
    ],
    "CIFAR10": [
        {
            "acc/test/CIFAR10_epoch": 0.9717000126838684,
            "loss/test/CIFAR10_epoch": 0.10060401260852814,
            "acc/test/CIFAR10": 0.9717000126838684,
            "normalized_acc/test/CIFAR10": 0.9899144768714905
        }
    ],
    "avg": [
        {
            "acc/test/avg": 0.9830500185489655,
            "normalized_acc/test/avg": 0.9939035475254059
        }
    ]
}