{
    "SVHN": [
        {
            "acc/test/SVHN_epoch": 0.9709203839302063,
            "loss/test/SVHN_epoch": 0.13156192004680634,
            "acc/test/SVHN": 0.9709203839302063,
            "normalized_acc/test/SVHN": 0.9959413409233093
        }
    ],
    "DTD": [
        {
            "acc/test/DTD_epoch": 0.6728723645210266,
            "loss/test/DTD_epoch": 1.2105822563171387,
            "acc/test/DTD": 0.6728723645210266,
            "normalized_acc/test/DTD": 0.8119384050369263
        }
    ],
    "avg": [
        {
            "acc/test/avg": 0.8218963742256165,
            "normalized_acc/test/avg": 0.9039398729801178
        }
    ]
}