{
    "RESISC45": [
        {
            "acc/test/RESISC45_epoch": 0.8874602913856506,
            "loss/test/RESISC45_epoch": 0.38468730449676514,
            "acc/test/RESISC45": 0.8874602913856506,
            "normalized_acc/test/RESISC45": 0.9312124848365784
        }
    ],
    "EMNIST": [
        {
            "acc/test/EMNIST_epoch": 0.9912999868392944,
            "loss/test/EMNIST_epoch": 0.04555259272456169,
            "acc/test/EMNIST": 0.9912999868392944,
            "normalized_acc/test/EMNIST": 0.9967823028564453
        }
    ],
    "avg": [
        {
            "acc/test/avg": 0.9393801391124725,
            "normalized_acc/test/avg": 0.9639973938465118
        }
    ]
}