{
    "GTSRB": [
        {
            "acc/test/GTSRB_epoch": 0.963341236114502,
            "loss/test/GTSRB_epoch": 0.15446360409259796,
            "acc/test/GTSRB": 0.963341236114502,
            "normalized_acc/test/GTSRB": 0.9737495183944702
        }
    ],
    "RenderedSST2": [
        {
            "acc/test/RenderedSST2_epoch": 0.6924766898155212,
            "loss/test/RenderedSST2_epoch": 0.7435598969459534,
            "acc/test/RenderedSST2": 0.6924766898155212,
            "normalized_acc/test/RenderedSST2": 1.0202265977859497
        }
    ],
    "avg": [
        {
            "acc/test/avg": 0.8279089629650116,
            "normalized_acc/test/avg": 0.99698805809021
        }
    ]
}