{
    "GTSRB": [
        {
            "acc/test/GTSRB_epoch": 0.9315122961997986,
            "loss/test/GTSRB_epoch": 0.27737459540367126,
            "acc/test/GTSRB": 0.9315122961997986,
            "normalized_acc/test/GTSRB": 0.9415766596794128
        }
    ],
    "CIFAR10": [
        {
            "acc/test/CIFAR10_epoch": 0.964900016784668,
            "loss/test/CIFAR10_epoch": 0.13238438963890076,
            "acc/test/CIFAR10": 0.964900016784668,
            "normalized_acc/test/CIFAR10": 0.9893366098403931
        }
    ],
    "avg": [
        {
            "acc/test/avg": 0.9482061564922333,
            "normalized_acc/test/avg": 0.965456634759903
        }
    ]
}