{
    "Cars": [
        {
            "acc/test/Cars_epoch": 0.7076234221458435,
            "loss/test/Cars_epoch": 0.9342073798179626,
            "acc/test/Cars": 0.7076234221458435,
            "normalized_acc/test/Cars": 0.8865690231323242
        }
    ],
    "STL10": [
        {
            "acc/test/STL10_epoch": 0.9794999957084656,
            "loss/test/STL10_epoch": 0.06234201416373253,
            "acc/test/STL10": 0.9794999957084656,
            "normalized_acc/test/STL10": 1.0041004419326782
        }
    ],
    "avg": [
        {
            "acc/test/avg": 0.8435617089271545,
            "normalized_acc/test/avg": 0.9453347325325012
        }
    ]
}