{
    "EuroSAT": [
        {
            "acc/test/EuroSAT_epoch": 0.9851852059364319,
            "loss/test/EuroSAT_epoch": 0.04893586412072182,
            "acc/test/EuroSAT": 0.9851852059364319,
            "normalized_acc/test/EuroSAT": 0.9925373792648315
        }
    ],
    "OxfordIIITPet": [
        {
            "acc/test/OxfordIIITPet_epoch": 0.9111474752426147,
            "loss/test/OxfordIIITPet_epoch": 0.29852283000946045,
            "acc/test/OxfordIIITPet": 0.9111474752426147,
            "normalized_acc/test/OxfordIIITPet": 0.9829462170600891
        }
    ],
    "avg": [
        {
            "acc/test/avg": 0.9481663405895233,
            "normalized_acc/test/avg": 0.9877417981624603
        }
    ]
}