{
    "DTD": [
        {
            "acc/test/DTD_epoch": 0.6707446575164795,
            "loss/test/DTD_epoch": 1.220794677734375,
            "acc/test/DTD": 0.6707446575164795,
            "normalized_acc/test/DTD": 0.8578230738639832
        }
    ],
    "CIFAR10": [
        {
            "acc/test/CIFAR10_epoch": 0.9740999937057495,
            "loss/test/CIFAR10_epoch": 0.09501805156469345,
            "acc/test/CIFAR10": 0.9740999937057495,
            "normalized_acc/test/CIFAR10": 0.9987695813179016
        }
    ],
    "avg": [
        {
            "acc/test/avg": 0.8224223256111145,
            "normalized_acc/test/avg": 0.9282963275909424
        }
    ]
}