{
    "RESISC45": [
        {
            "acc/test/RESISC45_epoch": 0.926031768321991,
            "loss/test/RESISC45_epoch": 0.2419605851173401,
            "acc/test/RESISC45": 0.926031768321991,
            "normalized_acc/test/RESISC45": 0.9716855883598328
        }
    ],
    "Flowers102": [
        {
            "acc/test/Flowers102_epoch": 0.8118393421173096,
            "loss/test/Flowers102_epoch": 0.8337578177452087,
            "acc/test/Flowers102": 0.8118393421173096,
            "normalized_acc/test/Flowers102": 0.9033659100532532
        }
    ],
    "avg": [
        {
            "acc/test/avg": 0.8689355552196503,
            "normalized_acc/test/avg": 0.937525749206543
        }
    ]
}