{
    "SUN397": [
        {
            "acc/test/SUN397_epoch": 0.7274559140205383,
            "loss/test/SUN397_epoch": 0.9841194748878479,
            "acc/test/SUN397": 0.7274559140205383,
            "normalized_acc/test/SUN397": 0.9715400338172913
        }
    ],
    "RenderedSST2": [
        {
            "acc/test/RenderedSST2_epoch": 0.7051070928573608,
            "loss/test/RenderedSST2_epoch": 0.7360814213752747,
            "acc/test/RenderedSST2": 0.7051070928573608,
            "normalized_acc/test/RenderedSST2": 1.0388349294662476
        }
    ],
    "avg": [
        {
            "acc/test/avg": 0.7162815034389496,
            "normalized_acc/test/avg": 1.0051874816417694
        }
    ]
}