{
    "SUN397": [
        {
            "acc/test/SUN397_epoch": 0.6838790774345398,
            "loss/test/SUN397_epoch": 1.093230128288269,
            "acc/test/SUN397": 0.6838790774345398,
            "normalized_acc/test/SUN397": 0.8673012852668762
        }
    ],
    "Cars": [
        {
            "acc/test/Cars_epoch": 0.679641842842102,
            "loss/test/Cars_epoch": 0.8992917537689209,
            "acc/test/Cars": 0.679641842842102,
            "normalized_acc/test/Cars": 0.7921438217163086
        }
    ],
    "RESISC45": [
        {
            "acc/test/RESISC45_epoch": 0.7330158948898315,
            "loss/test/RESISC45_epoch": 0.8332836627960205,
            "acc/test/RESISC45": 0.7330158948898315,
            "normalized_acc/test/RESISC45": 0.7582923173904419
        }
    ],
    "EuroSAT": [
        {
            "acc/test/EuroSAT_epoch": 0.7403703927993774,
            "loss/test/EuroSAT_epoch": 0.7506974339485168,
            "acc/test/EuroSAT": 0.7403703927993774,
            "normalized_acc/test/EuroSAT": 0.747289776802063
        }
    ],
    "SVHN": [
        {
            "acc/test/SVHN_epoch": 0.7954824566841125,
            "loss/test/SVHN_epoch": 0.7465156316757202,
            "acc/test/SVHN": 0.7954824566841125,
            "normalized_acc/test/SVHN": 0.8159823417663574
        }
    ],
    "GTSRB": [
        {
            "acc/test/GTSRB_epoch": 0.5813934803009033,
            "loss/test/GTSRB_epoch": 1.415022850036621,
            "acc/test/GTSRB": 0.5813934803009033,
            "normalized_acc/test/GTSRB": 0.5877691507339478
        }
    ],
    "MNIST": [
        {
            "acc/test/MNIST_epoch": 0.9539999961853027,
            "loss/test/MNIST_epoch": 0.3893895149230957,
            "acc/test/MNIST": 0.9539999961853027,
            "normalized_acc/test/MNIST": 0.9573507308959961
        }
    ],
    "DTD": [
        {
            "acc/test/DTD_epoch": 0.47659575939178467,
            "loss/test/DTD_epoch": 1.9208500385284424,
            "acc/test/DTD": 0.47659575939178467,
            "normalized_acc/test/DTD": 0.5750962495803833
        }
    ],
    "avg": [
        {
            "acc/test/avg": 0.7055473625659943,
            "normalized_acc/test/avg": 0.7626532092690468
        }
    ]
}