{
    "OxfordIIITPet": [
        {
            "acc/test/OxfordIIITPet_epoch": 0.9108749032020569,
            "loss/test/OxfordIIITPet_epoch": 0.2566527724266052,
            "acc/test/OxfordIIITPet": 0.9108749032020569,
            "normalized_acc/test/OxfordIIITPet": 0.9584169387817383
        }
    ],
    "CIFAR10": [
        {
            "acc/test/CIFAR10_epoch": 0.9664000272750854,
            "loss/test/CIFAR10_epoch": 0.1121644377708435,
            "acc/test/CIFAR10": 0.9664000272750854,
            "normalized_acc/test/CIFAR10": 0.9845151305198669
        }
    ],
    "avg": [
        {
            "acc/test/avg": 0.9386374652385712,
            "normalized_acc/test/avg": 0.9714660346508026
        }
    ]
}