{
    "MNIST__Cars": {
        "MNIST": [
            {
                "acc/test/MNIST": 0.989300012588501,
                "loss/test/MNIST": 0.10387872159481049,
                "normalized_acc/test/MNIST": 0.9927747249603271
            }
        ],
        "Cars": [
            {
                "acc/test/Cars": 0.7576172351837158,
                "loss/test/Cars": 0.7031691074371338,
                "normalized_acc/test/Cars": 0.8830265402793884
            }
        ],
        "avg": [
            {
                "acc/test/avg": 0.8734586238861084,
                "normalized_acc/test/avg": 0.9379006326198578
            }
        ]
    }
}