{
    "DTD": [
        {
            "acc/test/DTD": 0.63882976770401,
            "loss/test/DTD": 1.2588589191436768,
            "normalized_acc/test/DTD": 0.7708600163459778
        }
    ],
    "Flowers102": [
        {
            "acc/test/Flowers102": 0.8121646046638489,
            "loss/test/Flowers102": 0.7863197922706604,
            "normalized_acc/test/Flowers102": 0.8619261384010315
        }
    ],
    "avg": [
        {
            "acc/test/avg": 0.7254971861839294,
            "normalized_acc/test/avg": 0.8163930773735046
        }
    ]
}