{
    "EMNIST": [
        {
            "acc/test/EMNIST": 0.988099992275238,
            "loss/test/EMNIST": 0.1359027773141861,
            "normalized_acc/test/EMNIST": 0.9937644600868225
        }
    ],
    "KMNIST": [
        {
            "acc/test/KMNIST": 0.4641000032424927,
            "loss/test/KMNIST": 1.7231647968292236,
            "normalized_acc/test/KMNIST": 0.47188612818717957
        }
    ],
    "avg": [
        {
            "acc/test/avg": 0.7260999977588654,
            "normalized_acc/test/avg": 0.732825294137001
        }
    ]
}