{
    "Food101": [
        {
            "acc/test/Food101": 0.9088316559791565,
            "loss/test/Food101": 0.3183589279651642,
            "normalized_acc/test/Food101": 0.9998257160186768
        }
    ],
    "FashionMNIST": [
        {
            "acc/test/FashionMNIST": 0.8937000036239624,
            "loss/test/FashionMNIST": 0.30379796028137207,
            "normalized_acc/test/FashionMNIST": 0.9387604594230652
        }
    ],
    "avg": [
        {
            "acc/test/avg": 0.9012658298015594,
            "normalized_acc/test/avg": 0.969293087720871
        }
    ]
}