{
    "PCAM": [
        {
            "acc/test/PCAM": 0.775726318359375,
            "loss/test/PCAM": 0.4530734121799469,
            "normalized_acc/test/PCAM": 0.874316394329071
        }
    ],
    "KMNIST": [
        {
            "acc/test/KMNIST": 0.40149998664855957,
            "loss/test/KMNIST": 1.9139790534973145,
            "normalized_acc/test/KMNIST": 0.4082358777523041
        }
    ],
    "avg": [
        {
            "acc/test/avg": 0.5886131525039673,
            "normalized_acc/test/avg": 0.6412761360406876
        }
    ]
}