{
    "SVHN": [
        {
            "acc/test/SVHN": 0.92958664894104,
            "loss/test/SVHN": 0.2661355137825012,
            "normalized_acc/test/SVHN": 0.9535424113273621
        }
    ],
    "MNIST": [
        {
            "acc/test/MNIST": 0.9898999929428101,
            "loss/test/MNIST": 0.05949023365974426,
            "normalized_acc/test/MNIST": 0.9933767914772034
        }
    ],
    "avg": [
        {
            "acc/test/avg": 0.959743320941925,
            "normalized_acc/test/avg": 0.9734596014022827
        }
    ]
}