{
    "GTSRB": [
        {
            "acc/test/GTSRB": 0.8708630204200745,
            "loss/test/GTSRB": 0.49418923258781433,
            "normalized_acc/test/GTSRB": 0.8804130554199219
        }
    ],
    "MNIST": [
        {
            "acc/test/MNIST": 0.9894000291824341,
            "loss/test/MNIST": 0.09290048480033875,
            "normalized_acc/test/MNIST": 0.9928750991821289
        }
    ],
    "avg": [
        {
            "acc/test/avg": 0.9301315248012543,
            "normalized_acc/test/avg": 0.9366440773010254
        }
    ]
}