{
    "OxfordIIITPet": [
        {
            "acc/test/OxfordIIITPet": 0.9343145489692688,
            "loss/test/OxfordIIITPet": 0.19027726352214813,
            "normalized_acc/test/OxfordIIITPet": 0.9830800294876099
        }
    ],
    "Food101": [
        {
            "acc/test/Food101": 0.9165940880775452,
            "loss/test/Food101": 0.293152779340744,
            "normalized_acc/test/Food101": 1.008365273475647
        }
    ],
    "avg": [
        {
            "acc/test/avg": 0.925454318523407,
            "normalized_acc/test/avg": 0.9957226514816284
        }
    ]
}