{
    "SVHN": [
        {
            "acc/test/SVHN": 0.9247464537620544,
            "loss/test/SVHN": 0.36286699771881104,
            "normalized_acc/test/SVHN": 0.9485775232315063
        }
    ],
    "STL10": [
        {
            "acc/test/STL10": 0.9872499704360962,
            "loss/test/STL10": 0.042406655848026276,
            "normalized_acc/test/STL10": 0.9993672966957092
        }
    ],
    "avg": [
        {
            "acc/test/avg": 0.9559982120990753,
            "normalized_acc/test/avg": 0.9739724099636078
        }
    ]
}