{
    "PCAM": [
        {
            "acc/test/PCAM": 0.786102294921875,
            "loss/test/PCAM": 0.4418080747127533,
            "normalized_acc/test/PCAM": 0.8860110640525818
        }
    ],
    "RenderedSST2": [
        {
            "acc/test/RenderedSST2": 0.7413508892059326,
            "loss/test/RenderedSST2": 0.524609386920929,
            "normalized_acc/test/RenderedSST2": 0.9608540534973145
        }
    ],
    "avg": [
        {
            "acc/test/avg": 0.7637265920639038,
            "normalized_acc/test/avg": 0.9234325587749481
        }
    ]
}