{
    "FER2013": [
        {
            "acc/test/FER2013": 0.6572861671447754,
            "loss/test/FER2013": 0.9513847231864929,
            "normalized_acc/test/FER2013": 0.8915343880653381
        }
    ],
    "KMNIST": [
        {
            "acc/test/KMNIST": 0.5418000221252441,
            "loss/test/KMNIST": 1.6492797136306763,
            "normalized_acc/test/KMNIST": 0.5508896708488464
        }
    ],
    "avg": [
        {
            "acc/test/avg": 0.5995430946350098,
            "normalized_acc/test/avg": 0.7212120294570923
        }
    ]
}