{
    "GTSRB": [
        {
            "acc/test/GTSRB": 0.8653998374938965,
            "loss/test/GTSRB": 0.6250353455543518,
            "normalized_acc/test/GTSRB": 0.8748899698257446
        }
    ],
    "PCAM": [
        {
            "acc/test/PCAM": 0.7596435546875,
            "loss/test/PCAM": 0.4846314489841461,
            "normalized_acc/test/PCAM": 0.8561896085739136
        }
    ],
    "avg": [
        {
            "acc/test/avg": 0.8125216960906982,
            "normalized_acc/test/avg": 0.8655397891998291
        }
    ]
}