{
    "SVHN": [
        {
            "acc/test/SVHN": 0.919791042804718,
            "loss/test/SVHN": 0.3536536395549774,
            "normalized_acc/test/SVHN": 0.9434943795204163
        }
    ],
    "KMNIST": [
        {
            "acc/test/KMNIST": 0.52920001745224,
            "loss/test/KMNIST": 1.6579962968826294,
            "normalized_acc/test/KMNIST": 0.5380783081054688
        }
    ],
    "avg": [
        {
            "acc/test/avg": 0.724495530128479,
            "normalized_acc/test/avg": 0.7407863438129425
        }
    ]
}