{
    "EuroSAT": [
        {
            "acc/test/EuroSAT": 0.9692592620849609,
            "loss/test/EuroSAT": 0.13356052339076996,
            "normalized_acc/test/EuroSAT": 0.9783177971839905
        }
    ],
    "STL10": [
        {
            "acc/test/STL10": 0.987625002861023,
            "loss/test/STL10": 0.04035264626145363,
            "normalized_acc/test/STL10": 0.9997469782829285
        }
    ],
    "avg": [
        {
            "acc/test/avg": 0.9784421324729919,
            "normalized_acc/test/avg": 0.9890323877334595
        }
    ]
}