{
    "RESISC45": [
        {
            "acc/test/RESISC45": 0.8801587224006653,
            "loss/test/RESISC45": 0.3902025520801544,
            "normalized_acc/test/RESISC45": 0.9105090498924255
        }
    ],
    "GTSRB": [
        {
            "acc/test/GTSRB": 0.8893903493881226,
            "loss/test/GTSRB": 0.4723973274230957,
            "normalized_acc/test/GTSRB": 0.8991435766220093
        }
    ],
    "avg": [
        {
            "acc/test/avg": 0.8847745358943939,
            "normalized_acc/test/avg": 0.9048263132572174
        }
    ]
}