{
    "CIFAR10": [
        {
            "acc/test/CIFAR10": 0.9704999923706055,
            "loss/test/CIFAR10": 0.09420453757047653,
            "normalized_acc/test/CIFAR10": 0.9886919260025024
        }
    ],
    "KMNIST": [
        {
            "acc/test/KMNIST": 0.40849998593330383,
            "loss/test/KMNIST": 1.8336882591247559,
            "normalized_acc/test/KMNIST": 0.41535332798957825
        }
    ],
    "avg": [
        {
            "acc/test/avg": 0.6894999891519547,
            "normalized_acc/test/avg": 0.7020226269960403
        }
    ]
}