{
    "GTSRB": [
        {
            "acc/test/GTSRB": 0.8954077363014221,
            "loss/test/GTSRB": 0.4885377883911133,
            "normalized_acc/test/GTSRB": 0.9052269458770752
        }
    ],
    "STL10": [
        {
            "acc/test/STL10": 0.987625002861023,
            "loss/test/STL10": 0.04089498519897461,
            "normalized_acc/test/STL10": 0.9997469782829285
        }
    ],
    "avg": [
        {
            "acc/test/avg": 0.9415163695812225,
            "normalized_acc/test/avg": 0.9524869620800018
        }
    ]
}