{
    "SUN397": [
        {
            "acc/test/SUN397": 0.7260453104972839,
            "loss/test/SUN397": 0.9461367726325989,
            "normalized_acc/test/SUN397": 0.920776903629303
        }
    ],
    "MNIST": [
        {
            "acc/test/MNIST": 0.9891999959945679,
            "loss/test/MNIST": 0.09709853678941727,
            "normalized_acc/test/MNIST": 0.9926743507385254
        }
    ],
    "avg": [
        {
            "acc/test/avg": 0.8576226532459259,
            "normalized_acc/test/avg": 0.9567256271839142
        }
    ]
}