{
    "SVHN": [
        {
            "acc/test/SVHN": 0.9342731833457947,
            "loss/test/SVHN": 0.3253026008605957,
            "normalized_acc/test/SVHN": 0.9583497643470764
        }
    ],
    "Flowers102": [
        {
            "acc/test/Flowers102": 0.7786632180213928,
            "loss/test/Flowers102": 0.9139302968978882,
            "normalized_acc/test/Flowers102": 0.8263720870018005
        }
    ],
    "avg": [
        {
            "acc/test/avg": 0.8564682006835938,
            "normalized_acc/test/avg": 0.8923609256744385
        }
    ]
}