{
    "FER2013": [
        {
            "acc/test/FER2013": 0.6460016965866089,
            "loss/test/FER2013": 0.9876866340637207,
            "normalized_acc/test/FER2013": 0.8762283325195312
        }
    ],
    "EMNIST": [
        {
            "acc/test/EMNIST": 0.9901999831199646,
            "loss/test/EMNIST": 0.1261199414730072,
            "normalized_acc/test/EMNIST": 0.9958764910697937
        }
    ],
    "avg": [
        {
            "acc/test/avg": 0.8181008398532867,
            "normalized_acc/test/avg": 0.9360524117946625
        }
    ]
}