{
    "SUN397": [
        {
            "acc/test/SUN397": 0.7318891882896423,
            "loss/test/SUN397": 0.9243357181549072,
            "normalized_acc/test/SUN397": 0.928188145160675
        }
    ],
    "FER2013": [
        {
            "acc/test/FER2013": 0.6815268993377686,
            "loss/test/FER2013": 0.9248219132423401,
            "normalized_acc/test/FER2013": 0.9244142174720764
        }
    ],
    "avg": [
        {
            "acc/test/avg": 0.7067080438137054,
            "normalized_acc/test/avg": 0.9263011813163757
        }
    ]
}