{
    "EuroSAT": [
        {
            "acc/test/EuroSAT": 0.9751851558685303,
            "loss/test/EuroSAT": 0.11157386749982834,
            "normalized_acc/test/EuroSAT": 0.9842990636825562
        }
    ],
    "Flowers102": [
        {
            "acc/test/Flowers102": 0.7973654270172119,
            "loss/test/Flowers102": 0.840011715888977,
            "normalized_acc/test/Flowers102": 0.8462201952934265
        }
    ],
    "avg": [
        {
            "acc/test/avg": 0.8862752914428711,
            "normalized_acc/test/avg": 0.9152596294879913
        }
    ]
}