{
    "RESISC45": [
        {
            "acc/test/RESISC45": 0.8876190185546875,
            "loss/test/RESISC45": 0.3553110659122467,
            "normalized_acc/test/RESISC45": 0.9182265996932983
        }
    ],
    "OxfordIIITPet": [
        {
            "acc/test/OxfordIIITPet": 0.9370400905609131,
            "loss/test/OxfordIIITPet": 0.18519525229930878,
            "normalized_acc/test/OxfordIIITPet": 0.9859477877616882
        }
    ],
    "avg": [
        {
            "acc/test/avg": 0.9123295545578003,
            "normalized_acc/test/avg": 0.9520871937274933
        }
    ]
}