{
    "RESISC45": [
        {
            "acc/test/RESISC45": 0.892380952835083,
            "loss/test/RESISC45": 0.3458312749862671,
            "normalized_acc/test/RESISC45": 0.92315274477005
        }
    ],
    "RenderedSST2": [
        {
            "acc/test/RenderedSST2": 0.7413508892059326,
            "loss/test/RenderedSST2": 0.5344272255897522,
            "normalized_acc/test/RenderedSST2": 0.9608540534973145
        }
    ],
    "avg": [
        {
            "acc/test/avg": 0.8168659210205078,
            "normalized_acc/test/avg": 0.9420033991336823
        }
    ]
}