{
    "MNIST": [
        {
            "acc/test/MNIST": 0.9884999990463257,
            "loss/test/MNIST": 0.10402009636163712,
            "normalized_acc/test/MNIST": 0.9919719099998474
        }
    ],
    "CIFAR100": [
        {
            "acc/test/CIFAR100": 0.8216999769210815,
            "loss/test/CIFAR100": 0.6706206798553467,
            "normalized_acc/test/CIFAR100": 0.9204659461975098
        }
    ],
    "avg": [
        {
            "acc/test/avg": 0.9050999879837036,
            "normalized_acc/test/avg": 0.9562189280986786
        }
    ]
}