{
    "RESISC45": [
        {
            "acc/test/RESISC45": 0.8792063593864441,
            "loss/test/RESISC45": 0.38504329323768616,
            "normalized_acc/test/RESISC45": 0.9095238447189331
        }
    ],
    "KMNIST": [
        {
            "acc/test/KMNIST": 0.5012000203132629,
            "loss/test/KMNIST": 1.7325191497802734,
            "normalized_acc/test/KMNIST": 0.5096085667610168
        }
    ],
    "avg": [
        {
            "acc/test/avg": 0.6902031898498535,
            "normalized_acc/test/avg": 0.709566205739975
        }
    ]
}