{
    "EMNIST": [
        {
            "acc/test/EMNIST": 0.9879000186920166,
            "loss/test/EMNIST": 0.13584963977336884,
            "normalized_acc/test/EMNIST": 0.9935632944107056
        }
    ],
    "KMNIST": [
        {
            "acc/test/KMNIST": 0.4643999934196472,
            "loss/test/KMNIST": 1.7230578660964966,
            "normalized_acc/test/KMNIST": 0.4721911549568176
        }
    ],
    "avg": [
        {
            "acc/test/avg": 0.7261500060558319,
            "normalized_acc/test/avg": 0.7328772246837616
        }
    ]
}