{
    "EuroSAT": [
        {
            "acc/test/EuroSAT": 0.9596296548843384,
            "loss/test/EuroSAT": 0.16467109322547913,
            "normalized_acc/test/EuroSAT": 0.9685981869697571
        }
    ],
    "CIFAR10": [
        {
            "acc/test/CIFAR10": 0.973800003528595,
            "loss/test/CIFAR10": 0.08640048652887344,
            "normalized_acc/test/CIFAR10": 0.9920538067817688
        }
    ],
    "avg": [
        {
            "acc/test/avg": 0.9667148292064667,
            "normalized_acc/test/avg": 0.9803259968757629
        }
    ]
}