{
    "DTD": [
        {
            "acc/test/DTD": 0.6260638236999512,
            "loss/test/DTD": 1.301343560218811,
            "normalized_acc/test/DTD": 0.7554556727409363
        }
    ],
    "FER2013": [
        {
            "acc/test/FER2013": 0.6734466552734375,
            "loss/test/FER2013": 0.9275739789009094,
            "normalized_acc/test/FER2013": 0.9134542942047119
        }
    ],
    "avg": [
        {
            "acc/test/avg": 0.6497552394866943,
            "normalized_acc/test/avg": 0.8344549834728241
        }
    ]
}