{
    "DTD": [
        {
            "acc/test/DTD": 0.6265957355499268,
            "loss/test/DTD": 1.2703166007995605,
            "normalized_acc/test/DTD": 0.7560975551605225
        }
    ],
    "OxfordIIITPet": [
        {
            "acc/test/OxfordIIITPet": 0.9384028315544128,
            "loss/test/OxfordIIITPet": 0.18557122349739075,
            "normalized_acc/test/OxfordIIITPet": 0.9873816967010498
        }
    ],
    "avg": [
        {
            "acc/test/avg": 0.7824992835521698,
            "normalized_acc/test/avg": 0.8717396259307861
        }
    ]
}