{
    "STL10": [
        {
            "acc/test/STL10": 0.987625002861023,
            "loss/test/STL10": 0.03980144113302231,
            "normalized_acc/test/STL10": 0.9997469782829285
        }
    ],
    "KMNIST": [
        {
            "acc/test/KMNIST": 0.4781999886035919,
            "loss/test/KMNIST": 1.8072824478149414,
            "normalized_acc/test/KMNIST": 0.48622265458106995
        }
    ],
    "avg": [
        {
            "acc/test/avg": 0.7329124957323074,
            "normalized_acc/test/avg": 0.7429848164319992
        }
    ]
}