{
    "Cars": [
        {
            "acc/test/Cars": 0.7617211937904358,
            "loss/test/Cars": 0.6982133984565735,
            "normalized_acc/test/Cars": 0.8878098130226135
        }
    ],
    "SVHN": [
        {
            "acc/test/SVHN": 0.9316610097885132,
            "loss/test/SVHN": 0.32782232761383057,
            "normalized_acc/test/SVHN": 0.9556702375411987
        }
    ],
    "avg": [
        {
            "acc/test/avg": 0.8466911017894745,
            "normalized_acc/test/avg": 0.9217400252819061
        }
    ]
}