{
    "SUN397": [
        {
            "acc/test/SUN397": 0.7285138368606567,
            "loss/test/SUN397": 0.92386394739151,
            "normalized_acc/test/SUN397": 0.923907458782196
        }
    ],
    "CIFAR10": [
        {
            "acc/test/CIFAR10": 0.9763000011444092,
            "loss/test/CIFAR10": 0.07820911705493927,
            "normalized_acc/test/CIFAR10": 0.9946006536483765
        }
    ],
    "avg": [
        {
            "acc/test/avg": 0.852406919002533,
            "normalized_acc/test/avg": 0.9592540562152863
        }
    ]
}