{
    "DTD": [
        {
            "acc/test/DTD": 0.6276595592498779,
            "loss/test/DTD": 1.3009175062179565,
            "normalized_acc/test/DTD": 0.7573812007904053
        }
    ],
    "STL10": [
        {
            "acc/test/STL10": 0.9898750185966492,
            "loss/test/STL10": 0.03075515851378441,
            "normalized_acc/test/STL10": 1.002024531364441
        }
    ],
    "avg": [
        {
            "acc/test/avg": 0.8087672889232635,
            "normalized_acc/test/avg": 0.8797028660774231
        }
    ]
}