{
    "EuroSAT": [
        {
            "acc/test/EuroSAT": 0.9737036824226379,
            "loss/test/EuroSAT": 0.11017701029777527,
            "normalized_acc/test/EuroSAT": 0.9828037619590759
        }
    ],
    "DTD": [
        {
            "acc/test/DTD": 0.617553174495697,
            "loss/test/DTD": 1.3278976678848267,
            "normalized_acc/test/DTD": 0.7451860904693604
        }
    ],
    "avg": [
        {
            "acc/test/avg": 0.7956284284591675,
            "normalized_acc/test/avg": 0.8639949262142181
        }
    ]
}