{
    "MNIST": [
        {
            "acc/test/MNIST": 0.9958000183105469,
            "loss/test/MNIST": 0.037346962839365005,
            "normalized_acc/test/MNIST": 0.999297559261322
        }
    ],
    "EMNIST": [
        {
            "acc/test/EMNIST": 0.9970999956130981,
            "loss/test/EMNIST": 0.04454461857676506,
            "normalized_acc/test/EMNIST": 1.002816081047058
        }
    ],
    "avg": [
        {
            "acc/test/avg": 0.9964500069618225,
            "normalized_acc/test/avg": 1.00105682015419
        }
    ]
}