{
    "DTD": [
        {
            "acc/test/DTD": 0.5819149017333984,
            "loss/test/DTD": 1.409729242324829,
            "normalized_acc/test/DTD": 0.7021822929382324
        }
    ],
    "PCAM": [
        {
            "acc/test/PCAM": 0.82061767578125,
            "loss/test/PCAM": 0.3855201005935669,
            "normalized_acc/test/PCAM": 0.9249131679534912
        }
    ],
    "avg": [
        {
            "acc/test/avg": 0.7012662887573242,
            "normalized_acc/test/avg": 0.8135477304458618
        }
    ]
}