{
    "SUN397": [
        {
            "acc/test/SUN397": 0.7301259636878967,
            "loss/test/SUN397": 0.9272653460502625,
            "normalized_acc/test/SUN397": 0.9259520173072815
        }
    ],
    "GTSRB": [
        {
            "acc/test/GTSRB": 0.9040380120277405,
            "loss/test/GTSRB": 0.431654155254364,
            "normalized_acc/test/GTSRB": 0.9139518141746521
        }
    ],
    "avg": [
        {
            "acc/test/avg": 0.8170819878578186,
            "normalized_acc/test/avg": 0.9199519157409668
        }
    ]
}