{
    "Cars": [
        {
            "acc/test/Cars": 0.7617211937904358,
            "loss/test/Cars": 0.6982636451721191,
            "normalized_acc/test/Cars": 0.8878098130226135
        }
    ],
    "SVHN": [
        {
            "acc/test/SVHN": 0.9316994547843933,
            "loss/test/SVHN": 0.32776138186454773,
            "normalized_acc/test/SVHN": 0.95570969581604
        }
    ],
    "avg": [
        {
            "acc/test/avg": 0.8467103242874146,
            "normalized_acc/test/avg": 0.9217597544193268
        }
    ]
}