{
    "Flowers102": [
        {
            "acc/test/Flowers102": 0.7972028255462646,
            "loss/test/Flowers102": 0.8195027709007263,
            "normalized_acc/test/Flowers102": 0.8460476398468018
        }
    ],
    "FER2013": [
        {
            "acc/test/FER2013": 0.6786012649536133,
            "loss/test/FER2013": 0.9109169840812683,
            "normalized_acc/test/FER2013": 0.9204459190368652
        }
    ],
    "avg": [
        {
            "acc/test/avg": 0.737902045249939,
            "normalized_acc/test/avg": 0.8832467794418335
        }
    ]
}