{
    "FER2013": [
        {
            "acc/test/FER2013": 0.6730287075042725,
            "loss/test/FER2013": 0.9163153171539307,
            "normalized_acc/test/FER2013": 0.9128873944282532
        }
    ],
    "Food101": [
        {
            "acc/test/Food101": 0.9143762588500977,
            "loss/test/Food101": 0.30323877930641174,
            "normalized_acc/test/Food101": 1.0059254169464111
        }
    ],
    "avg": [
        {
            "acc/test/avg": 0.7937024831771851,
            "normalized_acc/test/avg": 0.9594064056873322
        }
    ]
}