{
    "MNIST": [
        {
            "acc/test/MNIST": 0.9891999959945679,
            "loss/test/MNIST": 0.09376394003629684,
            "normalized_acc/test/MNIST": 0.9926743507385254
        }
    ],
    "DTD": [
        {
            "acc/test/DTD": 0.617553174495697,
            "loss/test/DTD": 1.332005262374878,
            "normalized_acc/test/DTD": 0.7451860904693604
        }
    ],
    "avg": [
        {
            "acc/test/avg": 0.8033765852451324,
            "normalized_acc/test/avg": 0.8689302206039429
        }
    ]
}