{
    "STL10": [
        {
            "acc/test/STL10": 0.9892500042915344,
            "loss/test/STL10": 0.03747335076332092,
            "normalized_acc/test/STL10": 1.001391887664795
        }
    ],
    "Food101": [
        {
            "acc/test/Food101": 0.9148910641670227,
            "loss/test/Food101": 0.29611098766326904,
            "normalized_acc/test/Food101": 1.006491780281067
        }
    ],
    "avg": [
        {
            "acc/test/avg": 0.9520705342292786,
            "normalized_acc/test/avg": 1.003941833972931
        }
    ]
}