{
    "DTD": [
        {
            "acc/test/DTD": 0.6265957355499268,
            "loss/test/DTD": 1.3013875484466553,
            "normalized_acc/test/DTD": 0.7560975551605225
        }
    ],
    "FER2013": [
        {
            "acc/test/FER2013": 0.6737252473831177,
            "loss/test/FER2013": 0.927544355392456,
            "normalized_acc/test/FER2013": 0.9138321876525879
        }
    ],
    "avg": [
        {
            "acc/test/avg": 0.6501604914665222,
            "normalized_acc/test/avg": 0.8349648714065552
        }
    ]
}