{
    "RESISC45": [
        {
            "acc/test/RESISC45_epoch": 0.8434920907020569,
            "loss/test/RESISC45_epoch": 0.48677292466163635,
            "acc/test/RESISC45": 0.8434920907020569,
            "normalized_acc/test/RESISC45": 0.8725780248641968
        }
    ],
    "SVHN": [
        {
            "acc/test/SVHN_epoch": 0.890673041343689,
            "loss/test/SVHN_epoch": 0.5502920150756836,
            "acc/test/SVHN": 0.890673041343689,
            "normalized_acc/test/SVHN": 0.9136260151863098
        }
    ],
    "avg": [
        {
            "acc/test/avg": 0.8670825660228729,
            "normalized_acc/test/avg": 0.8931020200252533
        }
    ]
}