{
    "OxfordIIITPet": [
        {
            "acc/test/OxfordIIITPet_epoch": 0.9174162149429321,
            "loss/test/OxfordIIITPet_epoch": 0.23531413078308105,
            "acc/test/OxfordIIITPet": 0.9174162149429321,
            "normalized_acc/test/OxfordIIITPet": 0.965299665927887
        }
    ],
    "CIFAR10": [
        {
            "acc/test/CIFAR10_epoch": 0.9739999771118164,
            "loss/test/CIFAR10_epoch": 0.08499818295240402,
            "acc/test/CIFAR10": 0.9739999771118164,
            "normalized_acc/test/CIFAR10": 0.9922575354576111
        }
    ],
    "avg": [
        {
            "acc/test/avg": 0.9457080960273743,
            "normalized_acc/test/avg": 0.978778600692749
        }
    ]
}