{
    "OxfordIIITPet": [
        {
            "acc/test/OxfordIIITPet_epoch": 0.9209594130516052,
            "loss/test/OxfordIIITPet_epoch": 0.23012177646160126,
            "acc/test/OxfordIIITPet": 0.9209594130516052,
            "normalized_acc/test/OxfordIIITPet": 0.9690278172492981
        }
    ],
    "RenderedSST2": [
        {
            "acc/test/RenderedSST2_epoch": 0.7073037028312683,
            "loss/test/RenderedSST2_epoch": 0.562131941318512,
            "acc/test/RenderedSST2": 0.7073037028312683,
            "normalized_acc/test/RenderedSST2": 0.9167259931564331
        }
    ],
    "avg": [
        {
            "acc/test/avg": 0.8141315579414368,
            "normalized_acc/test/avg": 0.9428769052028656
        }
    ]
}