{
    "FER2013": [
        {
            "acc/test/FER2013_epoch": 0.631652295589447,
            "loss/test/FER2013_epoch": 1.0054272413253784,
            "acc/test/FER2013": 0.631652295589447,
            "normalized_acc/test/FER2013": 0.8567649722099304
        }
    ],
    "FashionMNIST": [
        {
            "acc/test/FashionMNIST_epoch": 0.8808000087738037,
            "loss/test/FashionMNIST_epoch": 0.3397485911846161,
            "acc/test/FashionMNIST": 0.8808000087738037,
            "normalized_acc/test/FashionMNIST": 0.9252100586891174
        }
    ],
    "avg": [
        {
            "acc/test/avg": 0.7562261521816254,
            "normalized_acc/test/avg": 0.8909875154495239
        }
    ]
}