{
    "SVHN": [
        {
            "acc/test/SVHN_epoch": 0.886216938495636,
            "loss/test/SVHN_epoch": 0.5359291434288025,
            "acc/test/SVHN": 0.886216938495636,
            "normalized_acc/test/SVHN": 0.9090550541877747
        }
    ],
    "KMNIST": [
        {
            "acc/test/KMNIST_epoch": 0.24860000610351562,
            "loss/test/KMNIST_epoch": 1.972373604774475,
            "acc/test/KMNIST": 0.24860000610351562,
            "normalized_acc/test/KMNIST": 0.25277072191238403
        }
    ],
    "avg": [
        {
            "acc/test/avg": 0.5674084722995758,
            "normalized_acc/test/avg": 0.5809128880500793
        }
    ]
}