{
    "MNIST": [
        {
            "acc/test/MNIST_epoch": 0.9745000004768372,
            "loss/test/MNIST_epoch": 0.3836418688297272,
            "acc/test/MNIST": 0.9745000004768372,
            "normalized_acc/test/MNIST": 0.9779227375984192
        }
    ],
    "Food101": [
        {
            "acc/test/Food101_epoch": 0.9072079062461853,
            "loss/test/Food101_epoch": 0.3216927945613861,
            "acc/test/Food101": 0.9072079062461853,
            "normalized_acc/test/Food101": 0.9980393648147583
        }
    ],
    "avg": [
        {
            "acc/test/avg": 0.9408539533615112,
            "normalized_acc/test/avg": 0.9879810512065887
        }
    ]
}