{
    "PCAM": [
        {
            "acc/test/PCAM_epoch": 0.853729248046875,
            "loss/test/PCAM_epoch": 0.3411875367164612,
            "acc/test/PCAM": 0.853729248046875,
            "normalized_acc/test/PCAM": 0.9622330069541931
        }
    ],
    "STL10": [
        {
            "acc/test/STL10_epoch": 0.9860000014305115,
            "loss/test/STL10_epoch": 0.046860937029123306,
            "acc/test/STL10": 0.9860000014305115,
            "normalized_acc/test/STL10": 0.9981020092964172
        }
    ],
    "avg": [
        {
            "acc/test/avg": 0.9198646247386932,
            "normalized_acc/test/avg": 0.9801675081253052
        }
    ]
}