{
    "FashionMNIST": [
        {
            "acc/test/FashionMNIST_epoch": 0.8639000058174133,
            "loss/test/FashionMNIST_epoch": 0.3821355700492859,
            "acc/test/FashionMNIST": 0.8639000058174133,
            "normalized_acc/test/FashionMNIST": 0.9074579477310181
        }
    ],
    "KMNIST": [
        {
            "acc/test/KMNIST_epoch": 0.21950000524520874,
            "loss/test/KMNIST_epoch": 2.05556058883667,
            "acc/test/KMNIST": 0.21950000524520874,
            "normalized_acc/test/KMNIST": 0.22318251430988312
        }
    ],
    "avg": [
        {
            "acc/test/avg": 0.541700005531311,
            "normalized_acc/test/avg": 0.5653202310204506
        }
    ]
}