{
    "OxfordIIITPet": [
        {
            "acc/test/OxfordIIITPet_epoch": 0.9174162149429321,
            "loss/test/OxfordIIITPet_epoch": 0.23556606471538544,
            "acc/test/OxfordIIITPet": 0.9174162149429321,
            "normalized_acc/test/OxfordIIITPet": 0.965299665927887
        }
    ],
    "CIFAR100": [
        {
            "acc/test/CIFAR100_epoch": 0.8317000269889832,
            "loss/test/CIFAR100_epoch": 0.6093751192092896,
            "acc/test/CIFAR100": 0.8317000269889832,
            "normalized_acc/test/CIFAR100": 0.9316679835319519
        }
    ],
    "avg": [
        {
            "acc/test/avg": 0.8745581209659576,
            "normalized_acc/test/avg": 0.9484838247299194
        }
    ]
}