{
    "EuroSAT": [
        {
            "acc/test/EuroSAT_epoch": 0.9525926113128662,
            "loss/test/EuroSAT_epoch": 0.1998634785413742,
            "acc/test/EuroSAT": 0.9525926113128662,
            "normalized_acc/test/EuroSAT": 0.9614953398704529
        }
    ],
    "Food101": [
        {
            "acc/test/Food101_epoch": 0.9091880917549133,
            "loss/test/Food101_epoch": 0.31501832604408264,
            "acc/test/Food101": 0.9091880917549133,
            "normalized_acc/test/Food101": 1.0002177953720093
        }
    ],
    "avg": [
        {
            "acc/test/avg": 0.9308903515338898,
            "normalized_acc/test/avg": 0.9808565676212311
        }
    ]
}