{
    "OxfordIIITPet": [
        {
            "acc/test/OxfordIIITPet_epoch": 0.9176887273788452,
            "loss/test/OxfordIIITPet_epoch": 0.23366019129753113,
            "acc/test/OxfordIIITPet": 0.9176887273788452,
            "normalized_acc/test/OxfordIIITPet": 0.9655864238739014
        }
    ],
    "EMNIST": [
        {
            "acc/test/EMNIST_epoch": 0.9745000004768372,
            "loss/test/EMNIST_epoch": 0.24014809727668762,
            "acc/test/EMNIST": 0.9745000004768372,
            "normalized_acc/test/EMNIST": 0.9800865054130554
        }
    ],
    "avg": [
        {
            "acc/test/avg": 0.9460943639278412,
            "normalized_acc/test/avg": 0.9728364646434784
        }
    ]
}