{
    "FER2013": [
        {
            "acc/test/FER2013_epoch": 0.6472554802894592,
            "loss/test/FER2013_epoch": 0.9814615845680237,
            "acc/test/FER2013": 0.6472554802894592,
            "normalized_acc/test/FER2013": 0.8779289126396179
        }
    ],
    "EMNIST": [
        {
            "acc/test/EMNIST_epoch": 0.9779000282287598,
            "loss/test/EMNIST_epoch": 0.20993110537528992,
            "acc/test/EMNIST": 0.9779000282287598,
            "normalized_acc/test/EMNIST": 0.9835060238838196
        }
    ],
    "avg": [
        {
            "acc/test/avg": 0.8125777542591095,
            "normalized_acc/test/avg": 0.9307174682617188
        }
    ]
}