{
    "RESISC45": [
        {
            "acc/test/RESISC45_epoch": 0.8593651056289673,
            "loss/test/RESISC45_epoch": 0.4392460286617279,
            "acc/test/RESISC45": 0.8593651056289673,
            "normalized_acc/test/RESISC45": 0.8889983892440796
        }
    ],
    "GTSRB": [
        {
            "acc/test/GTSRB_epoch": 0.7441805005073547,
            "loss/test/GTSRB_epoch": 0.9156486392021179,
            "acc/test/GTSRB": 0.7441805005073547,
            "normalized_acc/test/GTSRB": 0.7523413300514221
        }
    ],
    "avg": [
        {
            "acc/test/avg": 0.801772803068161,
            "normalized_acc/test/avg": 0.8206698596477509
        }
    ]
}