{
    "EuroSAT": [
        {
            "acc/test/EuroSAT_epoch": 0.9618518352508545,
            "loss/test/EuroSAT_epoch": 0.18057075142860413,
            "acc/test/EuroSAT": 0.9618518352508545,
            "normalized_acc/test/EuroSAT": 0.970841109752655
        }
    ],
    "OxfordIIITPet": [
        {
            "acc/test/OxfordIIITPet_epoch": 0.9195966124534607,
            "loss/test/OxfordIIITPet_epoch": 0.23214206099510193,
            "acc/test/OxfordIIITPet": 0.9195966124534607,
            "normalized_acc/test/OxfordIIITPet": 0.9675939083099365
        }
    ],
    "avg": [
        {
            "acc/test/avg": 0.9407242238521576,
            "normalized_acc/test/avg": 0.9692175090312958
        }
    ]
}