{
    "EuroSAT": [
        {
            "acc/test/EuroSAT_epoch": 0.95333331823349,
            "loss/test/EuroSAT_epoch": 0.21293853223323822,
            "acc/test/EuroSAT": 0.95333331823349,
            "normalized_acc/test/EuroSAT": 0.9622430205345154
        }
    ],
    "FER2013": [
        {
            "acc/test/FER2013_epoch": 0.6600724458694458,
            "loss/test/FER2013_epoch": 0.9549557566642761,
            "acc/test/FER2013": 0.6600724458694458,
            "normalized_acc/test/FER2013": 0.8953136801719666
        }
    ],
    "avg": [
        {
            "acc/test/avg": 0.8067028820514679,
            "normalized_acc/test/avg": 0.928778350353241
        }
    ]
}