{
    "SUN397": [
        {
            "acc/test/SUN397_epoch": 0.7281612157821655,
            "loss/test/SUN397_epoch": 0.9363178014755249,
            "acc/test/SUN397": 0.7281612157821655,
            "normalized_acc/test/SUN397": 0.9234603047370911
        }
    ],
    "Flowers102": [
        {
            "acc/test/Flowers102_epoch": 0.7692307829856873,
            "loss/test/Flowers102_epoch": 0.9803280234336853,
            "acc/test/Flowers102": 0.7692307829856873,
            "normalized_acc/test/Flowers102": 0.8163617253303528
        }
    ],
    "avg": [
        {
            "acc/test/avg": 0.7486959993839264,
            "normalized_acc/test/avg": 0.8699110150337219
        }
    ]
}