{
    "FashionMNIST": [
        {
            "acc/test/FashionMNIST_epoch": 0.8651000261306763,
            "loss/test/FashionMNIST_epoch": 0.3894515633583069,
            "acc/test/FashionMNIST": 0.8651000261306763,
            "normalized_acc/test/FashionMNIST": 0.908718466758728
        }
    ],
    "EMNIST": [
        {
            "acc/test/EMNIST_epoch": 0.9704999923706055,
            "loss/test/EMNIST_epoch": 0.2746114134788513,
            "acc/test/EMNIST": 0.9704999923706055,
            "normalized_acc/test/EMNIST": 0.9760635495185852
        }
    ],
    "avg": [
        {
            "acc/test/avg": 0.9178000092506409,
            "normalized_acc/test/avg": 0.9423910081386566
        }
    ]
}