{
    "SUN397": [
        {
            "acc/test/SUN397_epoch": 0.7208564281463623,
            "loss/test/SUN397_epoch": 0.9574452042579651,
            "acc/test/SUN397": 0.7208564281463623,
            "normalized_acc/test/SUN397": 0.9141963124275208
        }
    ],
    "SVHN": [
        {
            "acc/test/SVHN_epoch": 0.8971650004386902,
            "loss/test/SVHN_epoch": 0.5111211538314819,
            "acc/test/SVHN": 0.8971650004386902,
            "normalized_acc/test/SVHN": 0.9202852845191956
        }
    ],
    "avg": [
        {
            "acc/test/avg": 0.8090107142925262,
            "normalized_acc/test/avg": 0.9172407984733582
        }
    ]
}