{
    "DTD": [
        {
            "acc/test/DTD_epoch": 0.5537233948707581,
            "loss/test/DTD_epoch": 1.5595771074295044,
            "acc/test/DTD": 0.5537233948707581,
            "normalized_acc/test/DTD": 0.6681642532348633
        }
    ],
    "OxfordIIITPet": [
        {
            "acc/test/OxfordIIITPet_epoch": 0.9228672385215759,
            "loss/test/OxfordIIITPet_epoch": 0.22535476088523865,
            "acc/test/OxfordIIITPet": 0.9228672385215759,
            "normalized_acc/test/OxfordIIITPet": 0.9710352420806885
        }
    ],
    "avg": [
        {
            "acc/test/avg": 0.738295316696167,
            "normalized_acc/test/avg": 0.8195997476577759
        }
    ]
}