{
    "SUN397": [
        {
            "acc/test/SUN397_epoch": 0.7246347665786743,
            "loss/test/SUN397_epoch": 0.9471096992492676,
            "acc/test/SUN397": 0.7246347665786743,
            "normalized_acc/test/SUN397": 0.9189879894256592
        }
    ],
    "KMNIST": [
        {
            "acc/test/KMNIST_epoch": 0.24860000610351562,
            "loss/test/KMNIST_epoch": 1.9921300411224365,
            "acc/test/KMNIST": 0.24860000610351562,
            "normalized_acc/test/KMNIST": 0.25277072191238403
        }
    ],
    "avg": [
        {
            "acc/test/avg": 0.48661738634109497,
            "normalized_acc/test/avg": 0.5858793556690216
        }
    ]
}