{
    "CIFAR10": [
        {
            "acc/test/CIFAR10_epoch": 0.9708999991416931,
            "loss/test/CIFAR10_epoch": 0.09335526823997498,
            "acc/test/CIFAR10": 0.9708999991416931,
            "normalized_acc/test/CIFAR10": 0.9890994429588318
        }
    ],
    "EMNIST": [
        {
            "acc/test/EMNIST_epoch": 0.9739999771118164,
            "loss/test/EMNIST_epoch": 0.2541029155254364,
            "acc/test/EMNIST": 0.9739999771118164,
            "normalized_acc/test/EMNIST": 0.9795836210250854
        }
    ],
    "avg": [
        {
            "acc/test/avg": 0.9724499881267548,
            "normalized_acc/test/avg": 0.9843415319919586
        }
    ]
}