{
    "RESISC45": [
        {
            "acc/test/RESISC45_epoch": 0.8682539463043213,
            "loss/test/RESISC45_epoch": 0.42247244715690613,
            "acc/test/RESISC45": 0.8682539463043213,
            "normalized_acc/test/RESISC45": 0.8981937766075134
        }
    ],
    "RenderedSST2": [
        {
            "acc/test/RenderedSST2_epoch": 0.6891817450523376,
            "loss/test/RenderedSST2_epoch": 0.5795778632164001,
            "acc/test/RenderedSST2": 0.6891817450523376,
            "normalized_acc/test/RenderedSST2": 0.893238365650177
        }
    ],
    "avg": [
        {
            "acc/test/avg": 0.7787178456783295,
            "normalized_acc/test/avg": 0.8957160711288452
        }
    ]
}