{
    "SUN397": [
        {
            "acc/test/SUN397_epoch": 0.7235768437385559,
            "loss/test/SUN397_epoch": 0.9421406388282776,
            "acc/test/SUN397": 0.7235768437385559,
            "normalized_acc/test/SUN397": 0.9176463484764099
        }
    ],
    "EuroSAT": [
        {
            "acc/test/EuroSAT_epoch": 0.962592601776123,
            "loss/test/EuroSAT_epoch": 0.1649923324584961,
            "acc/test/EuroSAT": 0.962592601776123,
            "normalized_acc/test/EuroSAT": 0.9715887904167175
        }
    ],
    "avg": [
        {
            "acc/test/avg": 0.8430847227573395,
            "normalized_acc/test/avg": 0.9446175694465637
        }
    ]
}