{
    "FER2013": [
        {
            "acc/test/FER2013_epoch": 0.6602117419242859,
            "loss/test/FER2013_epoch": 0.9577199816703796,
            "acc/test/FER2013": 0.6602117419242859,
            "normalized_acc/test/FER2013": 0.8955026268959045
        }
    ],
    "KMNIST": [
        {
            "acc/test/KMNIST_epoch": 0.2531999945640564,
            "loss/test/KMNIST_epoch": 1.9602328538894653,
            "acc/test/KMNIST": 0.2531999945640564,
            "normalized_acc/test/KMNIST": 0.25744789838790894
        }
    ],
    "avg": [
        {
            "acc/test/avg": 0.45670586824417114,
            "normalized_acc/test/avg": 0.5764752626419067
        }
    ]
}