{
    "Food101": [
        {
            "acc/test/Food101_epoch": 0.9074455499649048,
            "loss/test/Food101_epoch": 0.3242590129375458,
            "acc/test/Food101": 0.9074455499649048,
            "normalized_acc/test/Food101": 0.9983008503913879
        }
    ],
    "FashionMNIST": [
        {
            "acc/test/FashionMNIST_epoch": 0.8759999871253967,
            "loss/test/FashionMNIST_epoch": 0.35173237323760986,
            "acc/test/FashionMNIST": 0.8759999871253967,
            "normalized_acc/test/FashionMNIST": 0.9201680421829224
        }
    ],
    "avg": [
        {
            "acc/test/avg": 0.8917227685451508,
            "normalized_acc/test/avg": 0.9592344462871552
        }
    ]
}