{
    "RESISC45": [
        {
            "acc/test/RESISC45_epoch": 0.8573015928268433,
            "loss/test/RESISC45_epoch": 0.44060271978378296,
            "acc/test/RESISC45": 0.8573015928268433,
            "normalized_acc/test/RESISC45": 0.8868637681007385
        }
    ],
    "Food101": [
        {
            "acc/test/Food101_epoch": 0.9119207859039307,
            "loss/test/Food101_epoch": 0.30688390135765076,
            "acc/test/Food101": 0.9119207859039307,
            "normalized_acc/test/Food101": 1.0032241344451904
        }
    ],
    "avg": [
        {
            "acc/test/avg": 0.884611189365387,
            "normalized_acc/test/avg": 0.9450439512729645
        }
    ]
}