{
    "Flowers102": [
        {
            "acc/test/Flowers102_epoch": 0.7645145654678345,
            "loss/test/Flowers102_epoch": 1.055845856666565,
            "acc/test/Flowers102": 0.7645145654678345,
            "normalized_acc/test/Flowers102": 0.8113565444946289
        }
    ],
    "CIFAR10": [
        {
            "acc/test/CIFAR10_epoch": 0.9760000109672546,
            "loss/test/CIFAR10_epoch": 0.0825786218047142,
            "acc/test/CIFAR10": 0.9760000109672546,
            "normalized_acc/test/CIFAR10": 0.994295060634613
        }
    ],
    "avg": [
        {
            "acc/test/avg": 0.8702572882175446,
            "normalized_acc/test/avg": 0.902825802564621
        }
    ]
}