{
    "DTD": [
        {
            "acc/test/DTD_epoch": 0.5537233948707581,
            "loss/test/DTD_epoch": 1.5472486019134521,
            "acc/test/DTD": 0.5537233948707581,
            "normalized_acc/test/DTD": 0.6681642532348633
        }
    ],
    "RenderedSST2": [
        {
            "acc/test/RenderedSST2_epoch": 0.6952223777770996,
            "loss/test/RenderedSST2_epoch": 0.5710464715957642,
            "acc/test/RenderedSST2": 0.6952223777770996,
            "normalized_acc/test/RenderedSST2": 0.9010675549507141
        }
    ],
    "avg": [
        {
            "acc/test/avg": 0.6244728863239288,
            "normalized_acc/test/avg": 0.7846159040927887
        }
    ]
}