{
    "Cars": [
        {
            "acc/test/Cars_epoch": 0.7385897040367126,
            "loss/test/Cars_epoch": 0.7912092804908752,
            "acc/test/Cars": 0.7385897040367126,
            "normalized_acc/test/Cars": 0.8608493804931641
        }
    ],
    "CIFAR10": [
        {
            "acc/test/CIFAR10_epoch": 0.9715999960899353,
            "loss/test/CIFAR10_epoch": 0.09463534504175186,
            "acc/test/CIFAR10": 0.9715999960899353,
            "normalized_acc/test/CIFAR10": 0.9898125529289246
        }
    ],
    "avg": [
        {
            "acc/test/avg": 0.855094850063324,
            "normalized_acc/test/avg": 0.9253309667110443
        }
    ]
}