{
    "GTSRB": [
        {
            "acc/test/GTSRB_epoch": 0.7800474762916565,
            "loss/test/GTSRB_epoch": 0.8809783458709717,
            "acc/test/GTSRB": 0.7800474762916565,
            "normalized_acc/test/GTSRB": 0.7886015772819519
        }
    ],
    "KMNIST": [
        {
            "acc/test/KMNIST_epoch": 0.25699999928474426,
            "loss/test/KMNIST_epoch": 1.949790596961975,
            "acc/test/KMNIST": 0.25699999928474426,
            "normalized_acc/test/KMNIST": 0.2613116502761841
        }
    ],
    "avg": [
        {
            "acc/test/avg": 0.5185237377882004,
            "normalized_acc/test/avg": 0.524956613779068
        }
    ]
}