{
    "RESISC45": [
        {
            "acc/test/RESISC45_epoch": 0.8552380800247192,
            "loss/test/RESISC45_epoch": 0.45098164677619934,
            "acc/test/RESISC45": 0.8552380800247192,
            "normalized_acc/test/RESISC45": 0.8847290873527527
        }
    ],
    "EMNIST": [
        {
            "acc/test/EMNIST_epoch": 0.9771999716758728,
            "loss/test/EMNIST_epoch": 0.22980085015296936,
            "acc/test/EMNIST": 0.9771999716758728,
            "normalized_acc/test/EMNIST": 0.9828019142150879
        }
    ],
    "avg": [
        {
            "acc/test/avg": 0.916219025850296,
            "normalized_acc/test/avg": 0.9337655007839203
        }
    ]
}