{
  "coefficients": {
    "right_subspace_overlap_top_k": 0.0680802310254852,
    "right_subspace_overlap_bottom_k": -0.5622983871477858,
    "interaction_matrix_overlap_top_k": -0.2177519267847192,
    "interaction_matrix_overlap_bottom_k": 0.6836918292126248,
    "effective_rank": 0.07578724185561535,
    "effective_rank_mergeability_score": 0.14813772207471476,
    "stable_rank": -0.009317162729941134,
    "spectral_gap": 0.09733642302522384,
    "singular_value_ratio": 0.12658665204568667,
    "layerwise_effective_rank": 0.1395334284835389,
    "layerwise_effective_rank_mergeability_score": 0.08439153544679368,
    "task_vector_cosine_similarity": 0.09106862742905028,
    "task_vector_l2_distance": -0.10026822886025723,
    "task_vector_dot_product": 0.15103948062702532,
    "weight_space_angle": 0.06659442785517547,
    "task_vector_magnitude_ratio": -0.02969686989248007,
    "singular_value_overlap": -0.07395360436982001,
    "subspace_overlap": -0.03266277821404507,
    "right_subspace_overlap": 0.06810091292627427,
    "activation_l2_distance": 0.11337662101559577,
    "activation_cosine_similarity": 0.056560957642290854,
    "activation_magnitude_ratio": 0.01854749773607344,
    "activation_dot_product": 0.037115369597879616
  },
  "correlation": {
    "train": 0.41758056161827334,
    "train_p_value": 8.681230950906926e-08,
    "validation": 0.3120803857523179,
    "validation_p_value": 0.056459166489058854,
    "full_dataset": 0.3873052564835578,
    "full_dataset_p_value": 3.38250717773427e-08
  },
  "n_pairs": {
    "total": 190,
    "train": 152,
    "validation": 38
  },
  "n_metrics": 23,
  "target_metric": "acc/test/avg",
  "optimization": {
    "n_iterations": 1000,
    "total_iterations": 348,
    "stopped_early": true,
    "learning_rate": 0.01,
    "convergence_threshold": 0.0001,
    "patience": 50,
    "final_loss": -0.41633515935175397,
    "validation_split": 0.2,
    "random_seed": 42
  },
  "normalization": {
    "min_vals": {
      "right_subspace_overlap_top_k": 0.25041620259966396,
      "right_subspace_overlap_bottom_k": 0.2723849411974317,
      "interaction_matrix_overlap_top_k": 0.10403256360792888,
      "interaction_matrix_overlap_bottom_k": 0.14161783274491582,
      "effective_rank": 1.5310468673706055,
      "effective_rank_mergeability_score": 0.0006166696548461914,
      "stable_rank": 1.3470213413238525,
      "spectral_gap": 0.04846324399113655,
      "singular_value_ratio": 0.17907467484474182,
      "layerwise_effective_rank": 1.4840256127297484,
      "layerwise_effective_rank_mergeability_score": 0.05279409214075703,
      "task_vector_cosine_similarity": 0.017599662765860558,
      "task_vector_l2_distance": 1.1018004417419434,
      "task_vector_dot_product": 0.01899923011660576,
      "weight_space_angle": 65.43018249703549,
      "task_vector_magnitude_ratio": 0.17972049093878661,
      "singular_value_overlap": 0.8586736580110946,
      "subspace_overlap": 0.057509828710331105,
      "right_subspace_overlap": 0.07918855210520184,
      "activation_l2_distance": 1.3818771839141846,
      "activation_cosine_similarity": 0.765999436378479,
      "activation_magnitude_ratio": 0.8479683236390776,
      "activation_dot_product": 72.62097930908203
    },
    "max_vals": {
      "right_subspace_overlap_top_k": 0.7592418675200329,
      "right_subspace_overlap_bottom_k": 0.4271782482496782,
      "interaction_matrix_overlap_top_k": 0.5886276431803433,
      "interaction_matrix_overlap_bottom_k": 0.2883538798349997,
      "effective_rank": 1.9993833303451538,
      "effective_rank_mergeability_score": 0.46895313262939453,
      "stable_rank": 1.9987672567367554,
      "spectral_gap": 0.8209252953529358,
      "singular_value_ratio": 0.9515367746353149,
      "layerwise_effective_rank": 1.947205907859243,
      "layerwise_effective_rank_mergeability_score": 0.5159743872702516,
      "task_vector_cosine_similarity": 0.4158017635345459,
      "task_vector_l2_distance": 5.254244804382324,
      "task_vector_dot_product": 2.7083942890167236,
      "weight_space_angle": 88.99156153777179,
      "task_vector_magnitude_ratio": 0.9982956026653382,
      "singular_value_overlap": 0.941358577530339,
      "subspace_overlap": 0.19920345094968686,
      "right_subspace_overlap": 0.24009334951076866,
      "activation_l2_distance": 7.238561630249023,
      "activation_cosine_similarity": 0.9904800057411194,
      "activation_magnitude_ratio": 0.9995727165966162,
      "activation_dot_product": 119.74378204345703
    }
  }
}