{
  "RESISC45": [
    {
      "acc/test/RESISC45_epoch": 0.8049206137657166,
      "loss/test/RESISC45_epoch": 0.6594379544258118,
      "acc/test/RESISC45": 0.8049206137657166,
      "normalized_acc/test/RESISC45": 0.8326765298843384
    }
  ],
  "SVHN": [
    {
      "acc/test/SVHN_epoch": 0.8913644552230835,
      "loss/test/SVHN_epoch": 0.42291873693466187,
      "acc/test/SVHN": 0.8913644552230835,
      "normalized_acc/test/SVHN": 0.9143352508544922
    }
  ],
  "Flowers102": [
    {
      "acc/test/Flowers102_epoch": 0.7295495271682739,
      "loss/test/Flowers102_epoch": 1.4765430688858032,
      "acc/test/Flowers102": 0.7295495271682739,
      "normalized_acc/test/Flowers102": 0.7742491960525513
    }
  ],
  "CIFAR100": [
    {
      "acc/test/CIFAR100_epoch": 0.7943999767303467,
      "loss/test/CIFAR100_epoch": 0.8527504801750183,
      "acc/test/CIFAR100": 0.7943999767303467,
      "normalized_acc/test/CIFAR100": 0.8898845911026001
    }
  ],
  "Food101": [
    {
      "acc/test/Food101_epoch": 0.8749703168869019,
      "loss/test/Food101_epoch": 0.4785831868648529,
      "acc/test/Food101": 0.8749703168869019,
      "normalized_acc/test/Food101": 0.9625741243362427
    }
  ],
  "avg": [
    {
      "acc/test/avg": 0.8190409779548645,
      "normalized_acc/test/avg": 0.8747439384460449
    }
  ]
}