{
  "EuroSAT": [
    {
      "acc/test/EuroSAT_epoch": 0.8288888931274414,
      "loss/test/EuroSAT_epoch": 0.5379074215888977,
      "acc/test/EuroSAT": 0.8288888931274414,
      "normalized_acc/test/EuroSAT": 0.8366355299949646
    }
  ],
  "GTSRB": [
    {
      "acc/test/GTSRB_epoch": 0.8332541584968567,
      "loss/test/GTSRB_epoch": 0.6378493309020996,
      "acc/test/GTSRB": 0.8332541584968567,
      "normalized_acc/test/GTSRB": 0.8423917889595032
    }
  ],
  "Flowers102": [
    {
      "acc/test/Flowers102_epoch": 0.6905187964439392,
      "loss/test/Flowers102_epoch": 1.3756707906723022,
      "acc/test/Flowers102": 0.6905187964439392,
      "normalized_acc/test/Flowers102": 0.7328270673751831
    }
  ],
  "FashionMNIST": [
    {
      "acc/test/FashionMNIST_epoch": 0.8543000221252441,
      "loss/test/FashionMNIST_epoch": 0.47562921047210693,
      "acc/test/FashionMNIST": 0.8543000221252441,
      "normalized_acc/test/FashionMNIST": 0.8973739743232727
    }
  ],
  "KMNIST": [
    {
      "acc/test/KMNIST_epoch": 0.492900013923645,
      "loss/test/KMNIST_epoch": 1.7272859811782837,
      "acc/test/KMNIST": 0.492900013923645,
      "normalized_acc/test/KMNIST": 0.5011693239212036
    }
  ],
  "avg": [
    {
      "acc/test/avg": 0.7399723768234253,
      "normalized_acc/test/avg": 0.7620795369148254
    }
  ]
}