{
  "MNIST": [
    {
      "acc/test/MNIST_epoch": 0.9848999977111816,
      "loss/test/MNIST_epoch": 0.11715882271528244,
      "acc/test/MNIST": 0.9848999977111816,
      "normalized_acc/test/MNIST": 0.9883592128753662
    }
  ],
  "Flowers102": [
    {
      "acc/test/Flowers102_epoch": 0.7245080471038818,
      "loss/test/Flowers102_epoch": 1.375705361366272,
      "acc/test/Flowers102": 0.7245080471038818,
      "normalized_acc/test/Flowers102": 0.7688988447189331
    }
  ],
  "FER2013": [
    {
      "acc/test/FER2013_epoch": 0.6177208423614502,
      "loss/test/FER2013_epoch": 1.0909346342086792,
      "acc/test/FER2013": 0.6177208423614502,
      "normalized_acc/test/FER2013": 0.8378685116767883
    }
  ],
  "Food101": [
    {
      "acc/test/Food101_epoch": 0.865742564201355,
      "loss/test/Food101_epoch": 0.5119697451591492,
      "acc/test/Food101": 0.865742564201355,
      "normalized_acc/test/Food101": 0.9524224400520325
    }
  ],
  "FashionMNIST": [
    {
      "acc/test/FashionMNIST_epoch": 0.8651999831199646,
      "loss/test/FashionMNIST_epoch": 0.43802568316459656,
      "acc/test/FashionMNIST": 0.8651999831199646,
      "normalized_acc/test/FashionMNIST": 0.9088234901428223
    }
  ],
  "avg": [
    {
      "acc/test/avg": 0.8116142868995666,
      "normalized_acc/test/avg": 0.8912744998931885
    }
  ]
}