{
  "SUN397": [
    {
      "acc/test/SUN397_epoch": 0.7011083364486694,
      "loss/test/SUN397_epoch": 1.1298919916152954,
      "acc/test/SUN397": 0.7011083364486694,
      "normalized_acc/test/SUN397": 0.8891515731811523
    }
  ],
  "RESISC45": [
    {
      "acc/test/RESISC45_epoch": 0.7822222113609314,
      "loss/test/RESISC45_epoch": 0.767848014831543,
      "acc/test/RESISC45": 0.7822222113609314,
      "normalized_acc/test/RESISC45": 0.8091953992843628
    }
  ],
  "GTSRB": [
    {
      "acc/test/GTSRB_epoch": 0.832304060459137,
      "loss/test/GTSRB_epoch": 0.6103264093399048,
      "acc/test/GTSRB": 0.832304060459137,
      "normalized_acc/test/GTSRB": 0.8414312601089478
    }
  ],
  "CIFAR100": [
    {
      "acc/test/CIFAR100_epoch": 0.7825000286102295,
      "loss/test/CIFAR100_epoch": 0.9656158089637756,
      "acc/test/CIFAR100": 0.7825000286102295,
      "normalized_acc/test/CIFAR100": 0.8765543103218079
    }
  ],
  "EMNIST": [
    {
      "acc/test/EMNIST_epoch": 0.9868000149726868,
      "loss/test/EMNIST_epoch": 0.12374720722436905,
      "acc/test/EMNIST": 0.9868000149726868,
      "normalized_acc/test/EMNIST": 0.9924570322036743
    }
  ],
  "avg": [
    {
      "acc/test/avg": 0.8169869303703308,
      "normalized_acc/test/avg": 0.881757915019989
    }
  ]
}