{
  "SUN397": [
    {
      "acc/test/SUN397_epoch": 0.7092695236206055,
      "loss/test/SUN397_epoch": 1.0083842277526855,
      "acc/test/SUN397": 0.7092695236206055,
      "normalized_acc/test/SUN397": 0.8995016813278198
    }
  ],
  "Flowers102": [
    {
      "acc/test/Flowers102_epoch": 0.7173523902893066,
      "loss/test/Flowers102_epoch": 1.2700164318084717,
      "acc/test/Flowers102": 0.7173523902893066,
      "normalized_acc/test/Flowers102": 0.7613047361373901
    }
  ],
  "PCAM": [
    {
      "acc/test/PCAM_epoch": 0.818603515625,
      "loss/test/PCAM_epoch": 0.3838168978691101,
      "acc/test/PCAM": 0.818603515625,
      "normalized_acc/test/PCAM": 0.9226430058479309
    }
  ],
  "STL10": [
    {
      "acc/test/STL10_epoch": 0.9800000190734863,
      "loss/test/STL10_epoch": 0.07050052285194397,
      "acc/test/STL10": 0.9800000190734863,
      "normalized_acc/test/STL10": 0.9920283555984497
    }
  ],
  "CIFAR10": [
    {
      "acc/test/CIFAR10_epoch": 0.9664999842643738,
      "loss/test/CIFAR10_epoch": 0.11920028924942017,
      "acc/test/CIFAR10": 0.9664999842643738,
      "normalized_acc/test/CIFAR10": 0.9846169352531433
    }
  ],
  "avg": [
    {
      "acc/test/avg": 0.8383450865745544,
      "normalized_acc/test/avg": 0.9120189428329468
    }
  ]
}