{
  "SVHN": [
    {
      "acc/test/SVHN_epoch": 0.9011985063552856,
      "loss/test/SVHN_epoch": 0.35948991775512695,
      "acc/test/SVHN": 0.9011985063552856,
      "normalized_acc/test/SVHN": 0.9244227409362793
    }
  ],
  "MNIST": [
    {
      "acc/test/MNIST_epoch": 0.9894000291824341,
      "loss/test/MNIST_epoch": 0.06320367008447647,
      "acc/test/MNIST": 0.9894000291824341,
      "normalized_acc/test/MNIST": 0.9928750991821289
    }
  ],
  "Flowers102": [
    {
      "acc/test/Flowers102_epoch": 0.6674255728721619,
      "loss/test/Flowers102_epoch": 1.7027111053466797,
      "acc/test/Flowers102": 0.6674255728721619,
      "normalized_acc/test/Flowers102": 0.7083188891410828
    }
  ],
  "FER2013": [
    {
      "acc/test/FER2013_epoch": 0.6061577200889587,
      "loss/test/FER2013_epoch": 1.1644524335861206,
      "acc/test/FER2013": 0.6061577200889587,
      "normalized_acc/test/FER2013": 0.8221844434738159
    }
  ],
  "CIFAR100": [
    {
      "acc/test/CIFAR100_epoch": 0.7251999974250793,
      "loss/test/CIFAR100_epoch": 1.1711833477020264,
      "acc/test/CIFAR100": 0.7251999974250793,
      "normalized_acc/test/CIFAR100": 0.8123669624328613
    }
  ],
  "avg": [
    {
      "acc/test/avg": 0.777876365184784,
      "normalized_acc/test/avg": 0.8520336270332336
    }
  ]
}