{
  "SUN397": [
    {
      "acc/test/SUN397_epoch": 0.7010075449943542,
      "loss/test/SUN397_epoch": 1.0405347347259521,
      "acc/test/SUN397": 0.7010075449943542,
      "normalized_acc/test/SUN397": 0.8890237808227539
    }
  ],
  "EuroSAT": [
    {
      "acc/test/EuroSAT_epoch": 0.8688889145851135,
      "loss/test/EuroSAT_epoch": 0.4341484010219574,
      "acc/test/EuroSAT": 0.8688889145851135,
      "normalized_acc/test/EuroSAT": 0.877009391784668
    }
  ],
  "PCAM": [
    {
      "acc/test/PCAM_epoch": 0.806793212890625,
      "loss/test/PCAM_epoch": 0.4029625952243805,
      "acc/test/PCAM": 0.806793212890625,
      "normalized_acc/test/PCAM": 0.9093316793441772
    }
  ],
  "STL10": [
    {
      "acc/test/STL10_epoch": 0.9777500033378601,
      "loss/test/STL10_epoch": 0.07207338511943817,
      "acc/test/STL10": 0.9777500033378601,
      "normalized_acc/test/STL10": 0.9897507429122925
    }
  ],
  "KMNIST": [
    {
      "acc/test/KMNIST_epoch": 0.38589999079704285,
      "loss/test/KMNIST_epoch": 1.9156056642532349,
      "acc/test/KMNIST": 0.38589999079704285,
      "normalized_acc/test/KMNIST": 0.3923741579055786
    }
  ],
  "avg": [
    {
      "acc/test/avg": 0.7480679333209992,
      "normalized_acc/test/avg": 0.8114979505538941
    }
  ]
}