{
  "SUN397": [
    {
      "acc/test/SUN397_epoch": 0.7129471302032471,
      "loss/test/SUN397_epoch": 1.037642002105713,
      "acc/test/SUN397": 0.7129471302032471,
      "normalized_acc/test/SUN397": 0.9041656255722046
    }
  ],
  "EuroSAT": [
    {
      "acc/test/EuroSAT_epoch": 0.9207407236099243,
      "loss/test/EuroSAT_epoch": 0.26357871294021606,
      "acc/test/EuroSAT": 0.9207407236099243,
      "normalized_acc/test/EuroSAT": 0.9293457865715027
    }
  ],
  "SVHN": [
    {
      "acc/test/SVHN_epoch": 0.9146050810813904,
      "loss/test/SVHN_epoch": 0.34677767753601074,
      "acc/test/SVHN": 0.9146050810813904,
      "normalized_acc/test/SVHN": 0.9381747841835022
    }
  ],
  "DTD": [
    {
      "acc/test/DTD_epoch": 0.5712766051292419,
      "loss/test/DTD_epoch": 1.6169756650924683,
      "acc/test/DTD": 0.5712766051292419,
      "normalized_acc/test/DTD": 0.6893453001976013
    }
  ],
  "STL10": [
    {
      "acc/test/STL10_epoch": 0.984499990940094,
      "loss/test/STL10_epoch": 0.05242522805929184,
      "acc/test/STL10": 0.984499990940094,
      "normalized_acc/test/STL10": 0.9965835809707642
    }
  ],
  "avg": [
    {
      "acc/test/avg": 0.8208139061927795,
      "normalized_acc/test/avg": 0.891523015499115
    }
  ]
}