{
  "Cars": [
    {
      "acc/test/Cars_epoch": 0.7235418558120728,
      "loss/test/Cars_epoch": 0.841848611831665,
      "acc/test/Cars": 0.7235418558120728,
      "normalized_acc/test/Cars": 0.8433106541633606
    }
  ],
  "RESISC45": [
    {
      "acc/test/RESISC45_epoch": 0.8301587104797363,
      "loss/test/RESISC45_epoch": 0.5571754574775696,
      "acc/test/RESISC45": 0.8301587104797363,
      "normalized_acc/test/RESISC45": 0.8587849140167236
    }
  ],
  "DTD": [
    {
      "acc/test/DTD_epoch": 0.5595744848251343,
      "loss/test/DTD_epoch": 1.8445801734924316,
      "acc/test/DTD": 0.5595744848251343,
      "normalized_acc/test/DTD": 0.6752246618270874
    }
  ],
  "CIFAR100": [
    {
      "acc/test/CIFAR100_epoch": 0.7773000001907349,
      "loss/test/CIFAR100_epoch": 0.9732193350791931,
      "acc/test/CIFAR100": 0.7773000001907349,
      "normalized_acc/test/CIFAR100": 0.8707292079925537
    }
  ],
  "KMNIST": [
    {
      "acc/test/KMNIST_epoch": 0.5543000102043152,
      "loss/test/KMNIST_epoch": 1.5537112951278687,
      "acc/test/KMNIST": 0.5543000102043152,
      "normalized_acc/test/KMNIST": 0.5635994076728821
    }
  ],
  "avg": [
    {
      "acc/test/avg": 0.6889750123023987,
      "normalized_acc/test/avg": 0.7623297691345214
    }
  ]
}