{
  "SVHN": [
    {
      "acc/test/SVHN_epoch": 0.8780347108840942,
      "loss/test/SVHN_epoch": 0.4522141218185425,
      "acc/test/SVHN": 0.8780347108840942,
      "normalized_acc/test/SVHN": 0.9006620049476624
    }
  ],
  "MNIST": [
    {
      "acc/test/MNIST_epoch": 0.9948999881744385,
      "loss/test/MNIST_epoch": 0.032701313495635986,
      "acc/test/MNIST": 0.9948999881744385,
      "normalized_acc/test/MNIST": 0.9983943700790405
    }
  ],
  "Flowers102": [
    {
      "acc/test/Flowers102_epoch": 0.5698487758636475,
      "loss/test/Flowers102_epoch": 1.8740516901016235,
      "acc/test/Flowers102": 0.5698487758636475,
      "normalized_acc/test/Flowers102": 0.6047635674476624
    }
  ],
  "PCAM": [
    {
      "acc/test/PCAM_epoch": 0.74896240234375,
      "loss/test/PCAM_epoch": 0.5032062530517578,
      "acc/test/PCAM": 0.74896240234375,
      "normalized_acc/test/PCAM": 0.8441509008407593
    }
  ],
  "EMNIST": [
    {
      "acc/test/EMNIST_epoch": 0.9955999851226807,
      "loss/test/EMNIST_epoch": 0.04289526119828224,
      "acc/test/EMNIST": 0.9955999851226807,
      "normalized_acc/test/EMNIST": 1.001307487487793
    }
  ],
  "avg": [
    {
      "acc/test/avg": 0.8374691724777221,
      "normalized_acc/test/avg": 0.8698556661605835
    }
  ]
}