{
  "SUN397": [
    {
      "acc/test/SUN397_epoch": 0.6998992562294006,
      "loss/test/SUN397_epoch": 1.0628340244293213,
      "acc/test/SUN397": 0.6998992562294006,
      "normalized_acc/test/SUN397": 0.8876182436943054
    }
  ],
  "SVHN": [
    {
      "acc/test/SVHN_epoch": 0.9229025840759277,
      "loss/test/SVHN_epoch": 0.32554614543914795,
      "acc/test/SVHN": 0.9229025840759277,
      "normalized_acc/test/SVHN": 0.9466861486434937
    }
  ],
  "GTSRB": [
    {
      "acc/test/GTSRB_epoch": 0.8832937479019165,
      "loss/test/GTSRB_epoch": 0.4746529459953308,
      "acc/test/GTSRB": 0.8832937479019165,
      "normalized_acc/test/GTSRB": 0.8929800987243652
    }
  ],
  "Flowers102": [
    {
      "acc/test/Flowers102_epoch": 0.6854773163795471,
      "loss/test/Flowers102_epoch": 1.4338029623031616,
      "acc/test/Flowers102": 0.6854773163795471,
      "normalized_acc/test/Flowers102": 0.7274766564369202
    }
  ],
  "PCAM": [
    {
      "acc/test/PCAM_epoch": 0.791656494140625,
      "loss/test/PCAM_epoch": 0.43305012583732605,
      "acc/test/PCAM": 0.791656494140625,
      "normalized_acc/test/PCAM": 0.8922711610794067
    }
  ],
  "avg": [
    {
      "acc/test/avg": 0.7966458797454834,
      "normalized_acc/test/avg": 0.8694064617156982
    }
  ]
}