{
  "Cars": [
    {
      "acc/test/Cars_epoch": 0.7532645463943481,
      "loss/test/Cars_epoch": 0.7635505199432373,
      "acc/test/Cars": 0.7532645463943481,
      "normalized_acc/test/Cars": 0.8779533505439758
    }
  ],
  "DTD": [
    {
      "acc/test/DTD_epoch": 0.6164893507957458,
      "loss/test/DTD_epoch": 1.399828553199768,
      "acc/test/DTD": 0.6164893507957458,
      "normalized_acc/test/DTD": 0.7439023852348328
    }
  ],
  "FER2013": [
    {
      "acc/test/FER2013_epoch": 0.6590972542762756,
      "loss/test/FER2013_epoch": 1.0313750505447388,
      "acc/test/FER2013": 0.6590972542762756,
      "normalized_acc/test/FER2013": 0.8939909338951111
    }
  ],
  "STL10": [
    {
      "acc/test/STL10_epoch": 0.9881250262260437,
      "loss/test/STL10_epoch": 0.03937078267335892,
      "acc/test/STL10": 0.9881250262260437,
      "normalized_acc/test/STL10": 1.0002530813217163
    }
  ],
  "RenderedSST2": [
    {
      "acc/test/RenderedSST2_epoch": 0.7144426107406616,
      "loss/test/RenderedSST2_epoch": 0.5806088447570801,
      "acc/test/RenderedSST2": 0.7144426107406616,
      "normalized_acc/test/RenderedSST2": 0.9259786009788513
    }
  ],
  "avg": [
    {
      "acc/test/avg": 0.746283757686615,
      "normalized_acc/test/avg": 0.8884156703948974
    }
  ]
}