{
  "RESISC45": [
    {
      "acc/test/RESISC45_epoch": 0.8203174471855164,
      "loss/test/RESISC45_epoch": 0.6089304685592651,
      "acc/test/RESISC45": 0.8203174471855164,
      "normalized_acc/test/RESISC45": 0.8486042618751526
    }
  ],
  "DTD": [
    {
      "acc/test/DTD_epoch": 0.5515957474708557,
      "loss/test/DTD_epoch": 1.9035916328430176,
      "acc/test/DTD": 0.5515957474708557,
      "normalized_acc/test/DTD": 0.6655969023704529
    }
  ],
  "CIFAR100": [
    {
      "acc/test/CIFAR100_epoch": 0.7806000113487244,
      "loss/test/CIFAR100_epoch": 0.9550448060035706,
      "acc/test/CIFAR100": 0.7806000113487244,
      "normalized_acc/test/CIFAR100": 0.8744258880615234
    }
  ],
  "Food101": [
    {
      "acc/test/Food101_epoch": 0.8829702734947205,
      "loss/test/Food101_epoch": 0.4513220489025116,
      "acc/test/Food101": 0.8829702734947205,
      "normalized_acc/test/Food101": 0.971375048160553
    }
  ],
  "KMNIST": [
    {
      "acc/test/KMNIST_epoch": 0.5550000071525574,
      "loss/test/KMNIST_epoch": 1.5704554319381714,
      "acc/test/KMNIST": 0.5550000071525574,
      "normalized_acc/test/KMNIST": 0.564311146736145
    }
  ],
  "avg": [
    {
      "acc/test/avg": 0.7180966973304749,
      "normalized_acc/test/avg": 0.7848626494407653
    }
  ]
}