{
  "SUN397": [
    {
      "acc/test/SUN397_epoch": 0.7133501172065735,
      "loss/test/SUN397_epoch": 1.0704505443572998,
      "acc/test/SUN397": 0.7133501172065735,
      "normalized_acc/test/SUN397": 0.9046767354011536
    }
  ],
  "Cars": [
    {
      "acc/test/Cars_epoch": 0.7209302186965942,
      "loss/test/Cars_epoch": 0.8806579113006592,
      "acc/test/Cars": 0.7209302186965942,
      "normalized_acc/test/Cars": 0.8402667045593262
    }
  ],
  "MNIST": [
    {
      "acc/test/MNIST_epoch": 0.9879000186920166,
      "loss/test/MNIST_epoch": 0.09701793640851974,
      "acc/test/MNIST": 0.9879000186920166,
      "normalized_acc/test/MNIST": 0.9913697838783264
    }
  ],
  "Flowers102": [
    {
      "acc/test/Flowers102_epoch": 0.7246706485748291,
      "loss/test/Flowers102_epoch": 1.537192940711975,
      "acc/test/Flowers102": 0.7246706485748291,
      "normalized_acc/test/Flowers102": 0.7690714001655579
    }
  ],
  "CIFAR100": [
    {
      "acc/test/CIFAR100_epoch": 0.804099977016449,
      "loss/test/CIFAR100_epoch": 0.8619386553764343,
      "acc/test/CIFAR100": 0.804099977016449,
      "normalized_acc/test/CIFAR100": 0.9007505178451538
    }
  ],
  "avg": [
    {
      "acc/test/avg": 0.7901901960372925,
      "normalized_acc/test/avg": 0.8812270283699035
    }
  ]
}