{
  "SUN397": [
    {
      "acc/test/SUN397_epoch": 0.7240302562713623,
      "loss/test/SUN397_epoch": 1.0181841850280762,
      "acc/test/SUN397": 0.7240302562713623,
      "normalized_acc/test/SUN397": 0.9182213544845581
    }
  ],
  "RESISC45": [
    {
      "acc/test/RESISC45_epoch": 0.8755555748939514,
      "loss/test/RESISC45_epoch": 0.4027765691280365,
      "acc/test/RESISC45": 0.8755555748939514,
      "normalized_acc/test/RESISC45": 0.9057471752166748
    }
  ],
  "DTD": [
    {
      "acc/test/DTD_epoch": 0.5946808457374573,
      "loss/test/DTD_epoch": 1.5585646629333496,
      "acc/test/DTD": 0.5946808457374573,
      "normalized_acc/test/DTD": 0.7175866365432739
    }
  ],
  "Flowers102": [
    {
      "acc/test/Flowers102_epoch": 0.7762237787246704,
      "loss/test/Flowers102_epoch": 1.0128480195999146,
      "acc/test/Flowers102": 0.7762237787246704,
      "normalized_acc/test/Flowers102": 0.8237832188606262
    }
  ],
  "RenderedSST2": [
    {
      "acc/test/RenderedSST2_epoch": 0.7331136465072632,
      "loss/test/RenderedSST2_epoch": 0.5363545417785645,
      "acc/test/RenderedSST2": 0.7331136465072632,
      "normalized_acc/test/RenderedSST2": 0.9501778483390808
    }
  ],
  "avg": [
    {
      "acc/test/avg": 0.7407208204269409,
      "normalized_acc/test/avg": 0.8631032466888428
    }
  ]
}