{
  "RESISC45": [
    {
      "acc/test/RESISC45_epoch": 0.776190459728241,
      "loss/test/RESISC45_epoch": 0.7429051995277405,
      "acc/test/RESISC45": 0.776190459728241,
      "normalized_acc/test/RESISC45": 0.802955687046051
    }
  ],
  "FER2013": [
    {
      "acc/test/FER2013_epoch": 0.6273335218429565,
      "loss/test/FER2013_epoch": 1.0551066398620605,
      "acc/test/FER2013": 0.6273335218429565,
      "normalized_acc/test/FER2013": 0.850907027721405
    }
  ],
  "OxfordIIITPet": [
    {
      "acc/test/OxfordIIITPet_epoch": 0.9160534143447876,
      "loss/test/OxfordIIITPet_epoch": 0.2609431743621826,
      "acc/test/OxfordIIITPet": 0.9160534143447876,
      "normalized_acc/test/OxfordIIITPet": 0.9638657569885254
    }
  ],
  "CIFAR100": [
    {
      "acc/test/CIFAR100_epoch": 0.7889999747276306,
      "loss/test/CIFAR100_epoch": 0.8737251162528992,
      "acc/test/CIFAR100": 0.7889999747276306,
      "normalized_acc/test/CIFAR100": 0.88383549451828
    }
  ],
  "FashionMNIST": [
    {
      "acc/test/FashionMNIST_epoch": 0.885699987411499,
      "loss/test/FashionMNIST_epoch": 0.3728799521923065,
      "acc/test/FashionMNIST": 0.885699987411499,
      "normalized_acc/test/FashionMNIST": 0.9303570985794067
    }
  ],
  "avg": [
    {
      "acc/test/avg": 0.798855471611023,
      "normalized_acc/test/avg": 0.8863842129707337
    }
  ]
}