{
  "SUN397": [
    {
      "acc/test/SUN397_epoch": 0.7179849147796631,
      "loss/test/SUN397_epoch": 1.054988145828247,
      "acc/test/SUN397": 0.7179849147796631,
      "normalized_acc/test/SUN397": 0.9105545878410339
    }
  ],
  "Cars": [
    {
      "acc/test/Cars_epoch": 0.7383409738540649,
      "loss/test/Cars_epoch": 0.776339590549469,
      "acc/test/Cars": 0.7383409738540649,
      "normalized_acc/test/Cars": 0.8605594635009766
    }
  ],
  "RESISC45": [
    {
      "acc/test/RESISC45_epoch": 0.8487301468849182,
      "loss/test/RESISC45_epoch": 0.49390459060668945,
      "acc/test/RESISC45": 0.8487301468849182,
      "normalized_acc/test/RESISC45": 0.8779967427253723
    }
  ],
  "DTD": [
    {
      "acc/test/DTD_epoch": 0.5771276354789734,
      "loss/test/DTD_epoch": 1.6677625179290771,
      "acc/test/DTD": 0.5771276354789734,
      "normalized_acc/test/DTD": 0.6964055895805359
    }
  ],
  "Food101": [
    {
      "acc/test/Food101_epoch": 0.9053069353103638,
      "loss/test/Food101_epoch": 0.3635665476322174,
      "acc/test/Food101": 0.9053069353103638,
      "normalized_acc/test/Food101": 0.995948076248169
    }
  ],
  "avg": [
    {
      "acc/test/avg": 0.7574981212615967,
      "normalized_acc/test/avg": 0.8682928919792176
    }
  ]
}