{
  "EuroSAT": [
    {
      "acc/test/EuroSAT_epoch": 0.8799999952316284,
      "loss/test/EuroSAT_epoch": 0.395224928855896,
      "acc/test/EuroSAT": 0.8799999952316284,
      "normalized_acc/test/EuroSAT": 0.8882243037223816
    }
  ],
  "GTSRB": [
    {
      "acc/test/GTSRB_epoch": 0.8102929592132568,
      "loss/test/GTSRB_epoch": 0.6717879176139832,
      "acc/test/GTSRB": 0.8102929592132568,
      "normalized_acc/test/GTSRB": 0.8191787600517273
    }
  ],
  "MNIST": [
    {
      "acc/test/MNIST_epoch": 0.9854999780654907,
      "loss/test/MNIST_epoch": 0.10165922343730927,
      "acc/test/MNIST": 0.9854999780654907,
      "normalized_acc/test/MNIST": 0.9889613389968872
    }
  ],
  "FER2013": [
    {
      "acc/test/FER2013_epoch": 0.6333240270614624,
      "loss/test/FER2013_epoch": 1.1285943984985352,
      "acc/test/FER2013": 0.6333240270614624,
      "normalized_acc/test/FER2013": 0.8590324521064758
    }
  ],
  "RenderedSST2": [
    {
      "acc/test/RenderedSST2_epoch": 0.7265238761901855,
      "loss/test/RenderedSST2_epoch": 0.5392553806304932,
      "acc/test/RenderedSST2": 0.7265238761901855,
      "normalized_acc/test/RenderedSST2": 0.9416369795799255
    }
  ],
  "avg": [
    {
      "acc/test/avg": 0.8071281671524048,
      "normalized_acc/test/avg": 0.8994067668914795
    }
  ]
}