{
  "SVHN": [
    {
      "acc/test/SVHN_epoch": 0.9153733849525452,
      "loss/test/SVHN_epoch": 0.34231850504875183,
      "acc/test/SVHN": 0.9153733849525452,
      "normalized_acc/test/SVHN": 0.9389628767967224
    }
  ],
  "DTD": [
    {
      "acc/test/DTD_epoch": 0.568617045879364,
      "loss/test/DTD_epoch": 1.611567497253418,
      "acc/test/DTD": 0.568617045879364,
      "normalized_acc/test/DTD": 0.6861360669136047
    }
  ],
  "Food101": [
    {
      "acc/test/Food101_epoch": 0.8834455609321594,
      "loss/test/Food101_epoch": 0.4487924575805664,
      "acc/test/Food101": 0.8834455609321594,
      "normalized_acc/test/Food101": 0.9718979001045227
    }
  ],
  "KMNIST": [
    {
      "acc/test/KMNIST_epoch": 0.6087999939918518,
      "loss/test/KMNIST_epoch": 1.524261236190796,
      "acc/test/KMNIST": 0.6087999939918518,
      "normalized_acc/test/KMNIST": 0.6190137267112732
    }
  ],
  "RenderedSST2": [
    {
      "acc/test/RenderedSST2_epoch": 0.7193849682807922,
      "loss/test/RenderedSST2_epoch": 0.5524919033050537,
      "acc/test/RenderedSST2": 0.7193849682807922,
      "normalized_acc/test/RenderedSST2": 0.9323843121528625
    }
  ],
  "avg": [
    {
      "acc/test/avg": 0.7391241908073425,
      "normalized_acc/test/avg": 0.8296789765357971
    }
  ]
}