{
  "EuroSAT": [
    {
      "acc/test/EuroSAT_epoch": 0.9288889169692993,
      "loss/test/EuroSAT_epoch": 0.2696094810962677,
      "acc/test/EuroSAT": 0.9288889169692993,
      "normalized_acc/test/EuroSAT": 0.9375701546669006
    }
  ],
  "DTD": [
    {
      "acc/test/DTD_epoch": 0.5601063966751099,
      "loss/test/DTD_epoch": 1.5506879091262817,
      "acc/test/DTD": 0.5601063966751099,
      "normalized_acc/test/DTD": 0.6758664846420288
    }
  ],
  "PCAM": [
    {
      "acc/test/PCAM_epoch": 0.821868896484375,
      "loss/test/PCAM_epoch": 0.38209235668182373,
      "acc/test/PCAM": 0.821868896484375,
      "normalized_acc/test/PCAM": 0.926323413848877
    }
  ],
  "OxfordIIITPet": [
    {
      "acc/test/OxfordIIITPet_epoch": 0.9157808423042297,
      "loss/test/OxfordIIITPet_epoch": 0.23922324180603027,
      "acc/test/OxfordIIITPet": 0.9157808423042297,
      "normalized_acc/test/OxfordIIITPet": 0.9635789394378662
    }
  ],
  "STL10": [
    {
      "acc/test/STL10_epoch": 0.9821249842643738,
      "loss/test/STL10_epoch": 0.05850331857800484,
      "acc/test/STL10": 0.9821249842643738,
      "normalized_acc/test/STL10": 0.9941794276237488
    }
  ],
  "avg": [
    {
      "acc/test/avg": 0.8417540073394776,
      "normalized_acc/test/avg": 0.8995036840438843
    }
  ]
}