{
  "EuroSAT": [
    {
      "acc/test/EuroSAT_epoch": 0.8614814877510071,
      "loss/test/EuroSAT_epoch": 0.4546632766723633,
      "acc/test/EuroSAT": 0.8614814877510071,
      "normalized_acc/test/EuroSAT": 0.8695327639579773
    }
  ],
  "MNIST": [
    {
      "acc/test/MNIST_epoch": 0.9843000173568726,
      "loss/test/MNIST_epoch": 0.11356884986162186,
      "acc/test/MNIST": 0.9843000173568726,
      "normalized_acc/test/MNIST": 0.98775714635849
    }
  ],
  "Flowers102": [
    {
      "acc/test/Flowers102_epoch": 0.6762075424194336,
      "loss/test/Flowers102_epoch": 1.6023393869400024,
      "acc/test/Flowers102": 0.6762075424194336,
      "normalized_acc/test/Flowers102": 0.7176389694213867
    }
  ],
  "CIFAR100": [
    {
      "acc/test/CIFAR100_epoch": 0.7275000214576721,
      "loss/test/CIFAR100_epoch": 1.1737958192825317,
      "acc/test/CIFAR100": 0.7275000214576721,
      "normalized_acc/test/CIFAR100": 0.8149434328079224
    }
  ],
  "KMNIST": [
    {
      "acc/test/KMNIST_epoch": 0.49000000953674316,
      "loss/test/KMNIST_epoch": 1.7260304689407349,
      "acc/test/KMNIST": 0.49000000953674316,
      "normalized_acc/test/KMNIST": 0.49822065234184265
    }
  ],
  "avg": [
    {
      "acc/test/avg": 0.7478978157043457,
      "normalized_acc/test/avg": 0.7776185929775238
    }
  ]
}