{
    "FER2013": [
        {
            "acc/test/FER2013_epoch": 0.6446084976196289,
            "loss/test/FER2013_epoch": 1.0133094787597656,
            "acc/test/FER2013": 0.6446084976196289,
            "normalized_acc/test/FER2013": 0.8743385672569275
        }
    ],
    "KMNIST": [
        {
            "acc/test/KMNIST_epoch": 0.2223999947309494,
            "loss/test/KMNIST_epoch": 2.117811918258667,
            "acc/test/KMNIST": 0.2223999947309494,
            "normalized_acc/test/KMNIST": 0.2261311560869217
        }
    ],
    "avg": [
        {
            "acc/test/avg": 0.43350424617528915,
            "normalized_acc/test/avg": 0.5502348616719246
        }
    ]
}