{
    "Cars": [
        {
            "acc/test/Cars_epoch": 0.819922924041748,
            "loss/test/Cars_epoch": 0.5558668971061707,
            "acc/test/Cars": 0.819922924041748,
            "normalized_acc/test/Cars": 0.9556457996368408
        }
    ],
    "Food101": [
        {
            "acc/test/Food101_epoch": 0.9175049662590027,
            "loss/test/Food101_epoch": 0.28426632285118103,
            "acc/test/Food101": 0.9175049662590027,
            "normalized_acc/test/Food101": 1.0093674659729004
        }
    ],
    "avg": [
        {
            "acc/test/avg": 0.8687139451503754,
            "normalized_acc/test/avg": 0.9825066328048706
        }
    ]
}