{
    "Food101": [
        {
            "acc/test/Food101_epoch": 0.9170693159103394,
            "loss/test/Food101_epoch": 0.28594261407852173,
            "acc/test/Food101": 0.9170693159103394,
            "normalized_acc/test/Food101": 1.0088881254196167
        }
    ],
    "RenderedSST2": [
        {
            "acc/test/RenderedSST2_epoch": 0.7402526140213013,
            "loss/test/RenderedSST2_epoch": 0.5340302586555481,
            "acc/test/RenderedSST2": 0.7402526140213013,
            "normalized_acc/test/RenderedSST2": 0.9594305753707886
        }
    ],
    "avg": [
        {
            "acc/test/avg": 0.8286609649658203,
            "normalized_acc/test/avg": 0.9841593503952026
        }
    ]
}