{
    "EuroSAT": [
        {
            "acc/test/EuroSAT_epoch": 0.9592592716217041,
            "loss/test/EuroSAT_epoch": 0.2142331898212433,
            "acc/test/EuroSAT": 0.9592592716217041,
            "normalized_acc/test/EuroSAT": 0.9682243466377258
        }
    ],
    "SVHN": [
        {
            "acc/test/SVHN_epoch": 0.8064305186271667,
            "loss/test/SVHN_epoch": 0.8879476189613342,
            "acc/test/SVHN": 0.8064305186271667,
            "normalized_acc/test/SVHN": 0.8272125124931335
        }
    ],
    "avg": [
        {
            "acc/test/avg": 0.8828448951244354,
            "normalized_acc/test/avg": 0.8977184295654297
        }
    ]
}