{
    "SUN397": [
        {
            "acc/test/SUN397_epoch": 0.7481611967086792,
            "loss/test/SUN397_epoch": 0.8648539781570435,
            "acc/test/SUN397": 0.7481611967086792,
            "normalized_acc/test/SUN397": 0.948824405670166
        }
    ],
    "FashionMNIST": [
        {
            "acc/test/FashionMNIST_epoch": 0.8822000026702881,
            "loss/test/FashionMNIST_epoch": 0.3334275782108307,
            "acc/test/FashionMNIST": 0.8822000026702881,
            "normalized_acc/test/FashionMNIST": 0.9266806244850159
        }
    ],
    "avg": [
        {
            "acc/test/avg": 0.8151805996894836,
            "normalized_acc/test/avg": 0.9377525150775909
        }
    ]
}