{
    "EuroSAT": [
        {
            "acc/test/EuroSAT_epoch": 0.9522222280502319,
            "loss/test/EuroSAT_epoch": 0.26894867420196533,
            "acc/test/EuroSAT": 0.9522222280502319,
            "normalized_acc/test/EuroSAT": 0.9611214995384216
        }
    ],
    "PCAM": [
        {
            "acc/test/PCAM_epoch": 0.798309326171875,
            "loss/test/PCAM_epoch": 0.43210381269454956,
            "acc/test/PCAM": 0.798309326171875,
            "normalized_acc/test/PCAM": 0.8997695446014404
        }
    ],
    "avg": [
        {
            "acc/test/avg": 0.8752657771110535,
            "normalized_acc/test/avg": 0.930445522069931
        }
    ]
}