{
    "GTSRB": [
        {
            "acc/test/GTSRB_epoch": 0.834045946598053,
            "loss/test/GTSRB_epoch": 0.6485028266906738,
            "acc/test/GTSRB": 0.834045946598053,
            "normalized_acc/test/GTSRB": 0.8431922197341919
        }
    ],
    "KMNIST": [
        {
            "acc/test/KMNIST_epoch": 0.18610000610351562,
            "loss/test/KMNIST_epoch": 2.1778464317321777,
            "acc/test/KMNIST": 0.18610000610351562,
            "normalized_acc/test/KMNIST": 0.18922217190265656
        }
    ],
    "avg": [
        {
            "acc/test/avg": 0.5100729763507843,
            "normalized_acc/test/avg": 0.5162071958184242
        }
    ]
}