{
    "MNIST": [
        {
            "acc/test/MNIST_epoch": 0.9416000247001648,
            "loss/test/MNIST_epoch": 0.5916167497634888,
            "acc/test/MNIST": 0.9416000247001648,
            "normalized_acc/test/MNIST": 0.9449071884155273
        }
    ],
    "STL10": [
        {
            "acc/test/STL10_epoch": 0.9894999861717224,
            "loss/test/STL10_epoch": 0.03460751473903656,
            "acc/test/STL10": 0.9894999861717224,
            "normalized_acc/test/STL10": 1.0016449689865112
        }
    ],
    "avg": [
        {
            "acc/test/avg": 0.9655500054359436,
            "normalized_acc/test/avg": 0.9732760787010193
        }
    ]
}