{
    "CIFAR100": [
        {
            "acc/test/CIFAR100_epoch": 0.8447999954223633,
            "loss/test/CIFAR100_epoch": 0.5601410865783691,
            "acc/test/CIFAR100": 0.8447999954223633,
            "normalized_acc/test/CIFAR100": 0.9463425278663635
        }
    ],
    "FashionMNIST": [
        {
            "acc/test/FashionMNIST_epoch": 0.8824999928474426,
            "loss/test/FashionMNIST_epoch": 0.3321366012096405,
            "acc/test/FashionMNIST": 0.8824999928474426,
            "normalized_acc/test/FashionMNIST": 0.9269957542419434
        }
    ],
    "avg": [
        {
            "acc/test/avg": 0.863649994134903,
            "normalized_acc/test/avg": 0.9366691410541534
        }
    ]
}