{
    "PCAM": [
        {
            "acc/test/PCAM_epoch": 0.812042236328125,
            "loss/test/PCAM_epoch": 0.4043266177177429,
            "acc/test/PCAM": 0.812042236328125,
            "normalized_acc/test/PCAM": 0.9152477979660034
        }
    ],
    "Food101": [
        {
            "acc/test/Food101_epoch": 0.9055049419403076,
            "loss/test/Food101_epoch": 0.3281190097332001,
            "acc/test/Food101": 0.9055049419403076,
            "normalized_acc/test/Food101": 0.996165931224823
        }
    ],
    "avg": [
        {
            "acc/test/avg": 0.8587735891342163,
            "normalized_acc/test/avg": 0.9557068645954132
        }
    ]
}