{
    "GTSRB": [
        {
            "acc/test/GTSRB_epoch": 0.8669041991233826,
            "loss/test/GTSRB_epoch": 0.543471097946167,
            "acc/test/GTSRB": 0.8669041991233826,
            "normalized_acc/test/GTSRB": 0.8764107823371887
        }
    ],
    "CIFAR100": [
        {
            "acc/test/CIFAR100_epoch": 0.8281999826431274,
            "loss/test/CIFAR100_epoch": 0.612478494644165,
            "acc/test/CIFAR100": 0.8281999826431274,
            "normalized_acc/test/CIFAR100": 0.9277472496032715
        }
    ],
    "avg": [
        {
            "acc/test/avg": 0.847552090883255,
            "normalized_acc/test/avg": 0.9020790159702301
        }
    ]
}