{
    "Cars": [
        {
            "acc/test/Cars_epoch": 0.8015172481536865,
            "loss/test/Cars_epoch": 0.5979985594749451,
            "acc/test/Cars": 0.8015172481536865,
            "normalized_acc/test/Cars": 0.9341933727264404
        }
    ],
    "FashionMNIST": [
        {
            "acc/test/FashionMNIST_epoch": 0.8845000267028809,
            "loss/test/FashionMNIST_epoch": 0.3303810656070709,
            "acc/test/FashionMNIST": 0.8845000267028809,
            "normalized_acc/test/FashionMNIST": 0.9290966391563416
        }
    ],
    "avg": [
        {
            "acc/test/avg": 0.8430086374282837,
            "normalized_acc/test/avg": 0.931645005941391
        }
    ]
}