{
    "CIFAR10": [
        {
            "acc/test/CIFAR10_epoch": 0.9724000096321106,
            "loss/test/CIFAR10_epoch": 0.08929604291915894,
            "acc/test/CIFAR10": 0.9724000096321106,
            "normalized_acc/test/CIFAR10": 0.9906275868415833
        }
    ],
    "EMNIST": [
        {
            "acc/test/EMNIST_epoch": 0.9429000020027161,
            "loss/test/EMNIST_epoch": 0.3834199607372284,
            "acc/test/EMNIST": 0.9429000020027161,
            "normalized_acc/test/EMNIST": 0.9483053088188171
        }
    ],
    "avg": [
        {
            "acc/test/avg": 0.9576500058174133,
            "normalized_acc/test/avg": 0.9694664478302002
        }
    ]
}