{
    "RESISC45": [
        {
            "acc/test/RESISC45_epoch": 0.9142857193946838,
            "loss/test/RESISC45_epoch": 0.29222312569618225,
            "acc/test/RESISC45": 0.9142857193946838,
            "normalized_acc/test/RESISC45": 0.9458128213882446
        }
    ],
    "CIFAR100": [
        {
            "acc/test/CIFAR100_epoch": 0.8327999711036682,
            "loss/test/CIFAR100_epoch": 0.6000450253486633,
            "acc/test/CIFAR100": 0.8327999711036682,
            "normalized_acc/test/CIFAR100": 0.9329001307487488
        }
    ],
    "avg": [
        {
            "acc/test/avg": 0.873542845249176,
            "normalized_acc/test/avg": 0.9393564760684967
        }
    ]
}