{
    "SVHN": [
        {
            "acc/test/SVHN_epoch": 0.8053549528121948,
            "loss/test/SVHN_epoch": 0.9275320768356323,
            "acc/test/SVHN": 0.8053549528121948,
            "normalized_acc/test/SVHN": 0.8261092305183411
        }
    ],
    "STL10": [
        {
            "acc/test/STL10_epoch": 0.9894999861717224,
            "loss/test/STL10_epoch": 0.035028740763664246,
            "acc/test/STL10": 0.9894999861717224,
            "normalized_acc/test/STL10": 1.0016449689865112
        }
    ],
    "avg": [
        {
            "acc/test/avg": 0.8974274694919586,
            "normalized_acc/test/avg": 0.9138770997524261
        }
    ]
}