{
    "SUN397": [
        {
            "acc/test/SUN397_epoch": 0.7257430553436279,
            "loss/test/SUN397_epoch": 0.9425627589225769,
            "acc/test/SUN397": 0.7257430553436279,
            "normalized_acc/test/SUN397": 0.9203935265541077
        }
    ],
    "OxfordIIITPet": [
        {
            "acc/test/OxfordIIITPet_epoch": 0.9446715712547302,
            "loss/test/OxfordIIITPet_epoch": 0.16462163627147675,
            "acc/test/OxfordIIITPet": 0.9446715712547302,
            "normalized_acc/test/OxfordIIITPet": 0.9939776062965393
        }
    ],
    "avg": [
        {
            "acc/test/avg": 0.8352073132991791,
            "normalized_acc/test/avg": 0.9571855664253235
        }
    ]
}