{
    "EuroSAT": [
        {
            "acc/test/EuroSAT_epoch": 0.9377777576446533,
            "loss/test/EuroSAT_epoch": 0.2951965630054474,
            "acc/test/EuroSAT": 0.9377777576446533,
            "normalized_acc/test/EuroSAT": 0.9465420842170715
        }
    ],
    "RenderedSST2": [
        {
            "acc/test/RenderedSST2_epoch": 0.6551345586776733,
            "loss/test/RenderedSST2_epoch": 0.6089113354682922,
            "acc/test/RenderedSST2": 0.6551345586776733,
            "normalized_acc/test/RenderedSST2": 0.8491103053092957
        }
    ],
    "avg": [
        {
            "acc/test/avg": 0.7964561581611633,
            "normalized_acc/test/avg": 0.8978261947631836
        }
    ]
}