{
    "GTSRB": [
        {
            "acc/test/GTSRB_epoch": 0.8526524305343628,
            "loss/test/GTSRB_epoch": 0.6007908582687378,
            "acc/test/GTSRB": 0.8526524305343628,
            "normalized_acc/test/GTSRB": 0.8620027303695679
        }
    ],
    "FER2013": [
        {
            "acc/test/FER2013_epoch": 0.6193925738334656,
            "loss/test/FER2013_epoch": 1.0649522542953491,
            "acc/test/FER2013": 0.6193925738334656,
            "normalized_acc/test/FER2013": 0.8401360511779785
        }
    ],
    "avg": [
        {
            "acc/test/avg": 0.7360225021839142,
            "normalized_acc/test/avg": 0.8510693907737732
        }
    ]
}