{
    "EuroSAT": [
        {
            "acc/test/EuroSAT_epoch": 0.9592592716217041,
            "loss/test/EuroSAT_epoch": 0.18516355752944946,
            "acc/test/EuroSAT": 0.9592592716217041,
            "normalized_acc/test/EuroSAT": 0.9682243466377258
        }
    ],
    "CIFAR100": [
        {
            "acc/test/CIFAR100_epoch": 0.8274999856948853,
            "loss/test/CIFAR100_epoch": 0.6268519759178162,
            "acc/test/CIFAR100": 0.8274999856948853,
            "normalized_acc/test/CIFAR100": 0.9269630908966064
        }
    ],
    "avg": [
        {
            "acc/test/avg": 0.8933796286582947,
            "normalized_acc/test/avg": 0.9475937187671661
        }
    ]
}