{
    "SUN397": [
        {
            "acc/test/SUN397_epoch": 0.7497228980064392,
            "loss/test/SUN397_epoch": 0.8625443577766418,
            "acc/test/SUN397": 0.7497228980064392,
            "normalized_acc/test/SUN397": 0.9508050084114075
        }
    ],
    "FER2013": [
        {
            "acc/test/FER2013_epoch": 0.637782096862793,
            "loss/test/FER2013_epoch": 1.0083084106445312,
            "acc/test/FER2013": 0.637782096862793,
            "normalized_acc/test/FER2013": 0.8650793433189392
        }
    ],
    "avg": [
        {
            "acc/test/avg": 0.6937524974346161,
            "normalized_acc/test/avg": 0.9079421758651733
        }
    ]
}