{
    "Cars": [
        {
            "acc/test/Cars_epoch": 0.7892053127288818,
            "loss/test/Cars_epoch": 0.6351222395896912,
            "acc/test/Cars": 0.7892053127288818,
            "normalized_acc/test/Cars": 0.9198434352874756
        }
    ],
    "PCAM": [
        {
            "acc/test/PCAM_epoch": 0.810699462890625,
            "loss/test/PCAM_epoch": 0.4161737561225891,
            "acc/test/PCAM": 0.810699462890625,
            "normalized_acc/test/PCAM": 0.9137343764305115
        }
    ],
    "avg": [
        {
            "acc/test/avg": 0.7999523878097534,
            "normalized_acc/test/avg": 0.9167889058589935
        }
    ]
}