{
    "PCAM": [
        {
            "acc/test/PCAM_epoch": 0.7974853515625,
            "loss/test/PCAM_epoch": 0.43339091539382935,
            "acc/test/PCAM": 0.7974853515625,
            "normalized_acc/test/PCAM": 0.8988408446311951
        }
    ],
    "FashionMNIST": [
        {
            "acc/test/FashionMNIST_epoch": 0.8719000220298767,
            "loss/test/FashionMNIST_epoch": 0.364483118057251,
            "acc/test/FashionMNIST": 0.8719000220298767,
            "normalized_acc/test/FashionMNIST": 0.9158613681793213
        }
    ],
    "avg": [
        {
            "acc/test/avg": 0.8346926867961884,
            "normalized_acc/test/avg": 0.9073511064052582
        }
    ]
}