{
    "GTSRB": [
        {
            "acc/test/GTSRB_epoch": 0.8608075976371765,
            "loss/test/GTSRB_epoch": 0.579062819480896,
            "acc/test/GTSRB": 0.8608075976371765,
            "normalized_acc/test/GTSRB": 0.8702473640441895
        }
    ],
    "FashionMNIST": [
        {
            "acc/test/FashionMNIST_epoch": 0.8664000034332275,
            "loss/test/FashionMNIST_epoch": 0.3836517632007599,
            "acc/test/FashionMNIST": 0.8664000034332275,
            "normalized_acc/test/FashionMNIST": 0.9100840091705322
        }
    ],
    "avg": [
        {
            "acc/test/avg": 0.863603800535202,
            "normalized_acc/test/avg": 0.8901656866073608
        }
    ]
}