{
    "GTSRB": [
        {
            "acc/test/GTSRB_epoch": 0.7735550403594971,
            "loss/test/GTSRB_epoch": 0.842930793762207,
            "acc/test/GTSRB": 0.7735550403594971,
            "normalized_acc/test/GTSRB": 0.7820379734039307
        }
    ],
    "EMNIST": [
        {
            "acc/test/EMNIST_epoch": 0.9165999889373779,
            "loss/test/EMNIST_epoch": 0.5296659469604492,
            "acc/test/EMNIST": 0.9165999889373779,
            "normalized_acc/test/EMNIST": 0.921854555606842
        }
    ],
    "avg": [
        {
            "acc/test/avg": 0.8450775146484375,
            "normalized_acc/test/avg": 0.8519462645053864
        }
    ]
}