{
    "RESISC45": [
        {
            "acc/test/RESISC45_epoch": 0.9044444561004639,
            "loss/test/RESISC45_epoch": 0.34764376282691956,
            "acc/test/RESISC45": 0.9044444561004639,
            "normalized_acc/test/RESISC45": 0.9356322288513184
        }
    ],
    "CIFAR10": [
        {
            "acc/test/CIFAR10_epoch": 0.9735999703407288,
            "loss/test/CIFAR10_epoch": 0.08814087510108948,
            "acc/test/CIFAR10": 0.9735999703407288,
            "normalized_acc/test/CIFAR10": 0.9918500185012817
        }
    ],
    "avg": [
        {
            "acc/test/avg": 0.9390222132205963,
            "normalized_acc/test/avg": 0.9637411236763
        }
    ]
}