{
    "Cars": [
        {
            "acc/test/Cars_epoch": 0.8049993515014648,
            "loss/test/Cars_epoch": 0.5881231427192688,
            "acc/test/Cars": 0.8049993515014648,
            "normalized_acc/test/Cars": 0.9382519125938416
        }
    ],
    "FER2013": [
        {
            "acc/test/FER2013_epoch": 0.646140992641449,
            "loss/test/FER2013_epoch": 0.9926517009735107,
            "acc/test/FER2013": 0.646140992641449,
            "normalized_acc/test/FER2013": 0.8764172196388245
        }
    ],
    "avg": [
        {
            "acc/test/avg": 0.7255701720714569,
            "normalized_acc/test/avg": 0.907334566116333
        }
    ]
}