{
    "Food101": [
        {
            "acc/test/Food101_epoch": 0.895049512386322,
            "loss/test/Food101_epoch": 0.4249610900878906,
            "acc/test/Food101": 0.895049512386322,
            "normalized_acc/test/Food101": 0.9846636652946472
        }
    ],
    "KMNIST": [
        {
            "acc/test/KMNIST_epoch": 0.9739999771118164,
            "loss/test/KMNIST_epoch": 0.10536543279886246,
            "acc/test/KMNIST": 0.9739999771118164,
            "normalized_acc/test/KMNIST": 0.9903405904769897
        }
    ],
    "avg": [
        {
            "acc/test/avg": 0.9345247447490692,
            "normalized_acc/test/avg": 0.9875021278858185
        }
    ]
}