{
    "GTSRB": [
        {
            "acc/test/GTSRB_epoch": 0.979255735874176,
            "loss/test/GTSRB_epoch": 0.0847092941403389,
            "acc/test/GTSRB": 0.979255735874176,
            "normalized_acc/test/GTSRB": 0.9899944067001343
        }
    ],
    "FER2013": [
        {
            "acc/test/FER2013_epoch": 0.7220674157142639,
            "loss/test/FER2013_epoch": 1.175366759300232,
            "acc/test/FER2013": 0.7220674157142639,
            "normalized_acc/test/FER2013": 0.9794028401374817
        }
    ],
    "avg": [
        {
            "acc/test/avg": 0.85066157579422,
            "normalized_acc/test/avg": 0.984698623418808
        }
    ]
}