{
    "CIFAR100": [
        {
            "acc/test/CIFAR100_epoch": 0.8371000289916992,
            "loss/test/CIFAR100_epoch": 0.708645224571228,
            "acc/test/CIFAR100": 0.8371000289916992,
            "normalized_acc/test/CIFAR100": 0.937717080116272
        }
    ],
    "KMNIST": [
        {
            "acc/test/KMNIST_epoch": 0.9714999794960022,
            "loss/test/KMNIST_epoch": 0.11923956125974655,
            "acc/test/KMNIST": 0.9714999794960022,
            "normalized_acc/test/KMNIST": 0.9877986311912537
        }
    ],
    "avg": [
        {
            "acc/test/avg": 0.9043000042438507,
            "normalized_acc/test/avg": 0.9627578556537628
        }
    ]
}