{
    "CIFAR100": [
        {
            "acc/test/CIFAR100_epoch": 0.8823000192642212,
            "loss/test/CIFAR100_epoch": 0.5009004473686218,
            "acc/test/CIFAR100": 0.8823000192642212,
            "normalized_acc/test/CIFAR100": 0.988349974155426
        }
    ],
    "Food101": [
        {
            "acc/test/Food101_epoch": 0.8911682963371277,
            "loss/test/Food101_epoch": 0.4422103464603424,
            "acc/test/Food101": 0.8911682963371277,
            "normalized_acc/test/Food101": 0.9803938865661621
        }
    ],
    "avg": [
        {
            "acc/test/avg": 0.8867341578006744,
            "normalized_acc/test/avg": 0.9843719303607941
        }
    ]
}