{
    "Cars": [
        {
            "acc/test/Cars_epoch": 0.8520084619522095,
            "loss/test/Cars_epoch": 0.505672812461853,
            "acc/test/Cars": 0.8520084619522095,
            "normalized_acc/test/Cars": 0.9930424690246582
        }
    ],
    "KMNIST": [
        {
            "acc/test/KMNIST_epoch": 0.9743000268936157,
            "loss/test/KMNIST_epoch": 0.10783778131008148,
            "acc/test/KMNIST": 0.9743000268936157,
            "normalized_acc/test/KMNIST": 0.9906456470489502
        }
    ],
    "avg": [
        {
            "acc/test/avg": 0.9131542444229126,
            "normalized_acc/test/avg": 0.9918440580368042
        }
    ]
}