{
    "Cars": [
        {
            "acc/test/Cars_epoch": 0.8307424187660217,
            "loss/test/Cars_epoch": 0.5379894971847534,
            "acc/test/Cars": 0.8307424187660217,
            "normalized_acc/test/Cars": 0.9682562351226807
        }
    ],
    "PCAM": [
        {
            "acc/test/PCAM_epoch": 0.87530517578125,
            "loss/test/PCAM_epoch": 0.3373905420303345,
            "acc/test/PCAM": 0.87530517578125,
            "normalized_acc/test/PCAM": 0.9865511059761047
        }
    ],
    "avg": [
        {
            "acc/test/avg": 0.8530237972736359,
            "normalized_acc/test/avg": 0.9774036705493927
        }
    ]
}