{
    "EuroSAT": [
        {
            "acc/test/EuroSAT_epoch": 0.9870370626449585,
            "loss/test/EuroSAT_epoch": 0.04128430783748627,
            "acc/test/EuroSAT": 0.9870370626449585,
            "normalized_acc/test/EuroSAT": 0.996261715888977
        }
    ],
    "Flowers102": [
        {
            "acc/test/Flowers102_epoch": 0.8653439879417419,
            "loss/test/Flowers102_epoch": 0.5419256687164307,
            "acc/test/Flowers102": 0.8653439879417419,
            "normalized_acc/test/Flowers102": 0.9183638095855713
        }
    ],
    "avg": [
        {
            "acc/test/avg": 0.9261905252933502,
            "normalized_acc/test/avg": 0.9573127627372742
        }
    ]
}