{
    "RESISC45": [
        {
            "acc/test/RESISC45_epoch": 0.9492063522338867,
            "loss/test/RESISC45_epoch": 0.1803436577320099,
            "acc/test/RESISC45": 0.9492063522338867,
            "normalized_acc/test/RESISC45": 0.9819376468658447
        }
    ],
    "MNIST": [
        {
            "acc/test/MNIST_epoch": 0.9955000281333923,
            "loss/test/MNIST_epoch": 0.031229985877871513,
            "acc/test/MNIST": 0.9955000281333923,
            "normalized_acc/test/MNIST": 0.9989964962005615
        }
    ],
    "avg": [
        {
            "acc/test/avg": 0.9723531901836395,
            "normalized_acc/test/avg": 0.9904670715332031
        }
    ]
}