{
    "SVHN": [
        {
            "acc/test/SVHN_epoch": 0.9659265279769897,
            "loss/test/SVHN_epoch": 0.14101310074329376,
            "acc/test/SVHN": 0.9659265279769897,
            "normalized_acc/test/SVHN": 0.9908187985420227
        }
    ],
    "MNIST": [
        {
            "acc/test/MNIST_epoch": 0.9932000041007996,
            "loss/test/MNIST_epoch": 0.038241419941186905,
            "acc/test/MNIST": 0.9932000041007996,
            "normalized_acc/test/MNIST": 0.9966884255409241
        }
    ],
    "avg": [
        {
            "acc/test/avg": 0.9795632660388947,
            "normalized_acc/test/avg": 0.9937536120414734
        }
    ]
}