{
    "EuroSAT": [
        {
            "acc/test/EuroSAT_epoch": 0.987407386302948,
            "loss/test/EuroSAT_epoch": 0.03842563182115555,
            "acc/test/EuroSAT": 0.987407386302948,
            "normalized_acc/test/EuroSAT": 0.9966354966163635
        }
    ],
    "DTD": [
        {
            "acc/test/DTD_epoch": 0.7303191423416138,
            "loss/test/DTD_epoch": 1.0276762247085571,
            "acc/test/DTD": 0.7303191423416138,
            "normalized_acc/test/DTD": 0.8812580108642578
        }
    ],
    "avg": [
        {
            "acc/test/avg": 0.8588632643222809,
            "normalized_acc/test/avg": 0.9389467537403107
        }
    ]
}