{
    "FER2013": [
        {
            "acc/test/FER2013_epoch": 0.7134299278259277,
            "loss/test/FER2013_epoch": 1.0055679082870483,
            "acc/test/FER2013": 0.7134299278259277,
            "normalized_acc/test/FER2013": 0.9676870703697205
        }
    ],
    "FashionMNIST": [
        {
            "acc/test/FashionMNIST_epoch": 0.9441999793052673,
            "loss/test/FashionMNIST_epoch": 0.18488526344299316,
            "acc/test/FashionMNIST": 0.9441999793052673,
            "normalized_acc/test/FashionMNIST": 0.99180668592453
        }
    ],
    "avg": [
        {
            "acc/test/avg": 0.8288149535655975,
            "normalized_acc/test/avg": 0.9797468781471252
        }
    ]
}