{
    "SVHN": [
        {
            "acc/test/SVHN_epoch": 0.9695374965667725,
            "loss/test/SVHN_epoch": 0.134874165058136,
            "acc/test/SVHN": 0.9695374965667725,
            "normalized_acc/test/SVHN": 0.9945228099822998
        }
    ],
    "GTSRB": [
        {
            "acc/test/GTSRB_epoch": 0.9525732398033142,
            "loss/test/GTSRB_epoch": 0.20580846071243286,
            "acc/test/GTSRB": 0.9525732398033142,
            "normalized_acc/test/GTSRB": 0.9630193114280701
        }
    ],
    "avg": [
        {
            "acc/test/avg": 0.9610553681850433,
            "normalized_acc/test/avg": 0.9787710607051849
        }
    ]
}