{
    "SVHN": [
        {
            "acc/test/SVHN_epoch": 0.9728026986122131,
            "loss/test/SVHN_epoch": 0.12042029201984406,
            "acc/test/SVHN": 0.9728026986122131,
            "normalized_acc/test/SVHN": 0.9978721737861633
        }
    ],
    "DTD": [
        {
            "acc/test/DTD_epoch": 0.6968085169792175,
            "loss/test/DTD_epoch": 1.164513349533081,
            "acc/test/DTD": 0.6968085169792175,
            "normalized_acc/test/DTD": 0.8408215641975403
        }
    ],
    "avg": [
        {
            "acc/test/avg": 0.8348056077957153,
            "normalized_acc/test/avg": 0.9193468689918518
        }
    ]
}