{
    "RESISC45": [
        {
            "acc/test/RESISC45_epoch": 0.961904764175415,
            "loss/test/RESISC45_epoch": 0.1354033648967743,
            "acc/test/RESISC45": 0.961904764175415,
            "normalized_acc/test/RESISC45": 0.9950739145278931
        }
    ],
    "RenderedSST2": [
        {
            "acc/test/RenderedSST2_epoch": 0.7671608924865723,
            "loss/test/RenderedSST2_epoch": 0.7310850024223328,
            "acc/test/RenderedSST2": 0.7671608924865723,
            "normalized_acc/test/RenderedSST2": 0.9943060278892517
        }
    ],
    "avg": [
        {
            "acc/test/avg": 0.8645328283309937,
            "normalized_acc/test/avg": 0.9946899712085724
        }
    ]
}