{
    "GTSRB": [
        {
            "acc/test/GTSRB_epoch": 0.9575613737106323,
            "loss/test/GTSRB_epoch": 0.17550446093082428,
            "acc/test/GTSRB": 0.9575613737106323,
            "normalized_acc/test/GTSRB": 0.968062162399292
        }
    ],
    "MNIST": [
        {
            "acc/test/MNIST_epoch": 0.9937999844551086,
            "loss/test/MNIST_epoch": 0.04266265779733658,
            "acc/test/MNIST": 0.9937999844551086,
            "normalized_acc/test/MNIST": 0.9972904920578003
        }
    ],
    "avg": [
        {
            "acc/test/avg": 0.9756806790828705,
            "normalized_acc/test/avg": 0.9826763272285461
        }
    ]
}