{
    "Cars": [
        {
            "acc/test/Cars_epoch": 0.8694192171096802,
            "loss/test/Cars_epoch": 0.43460357189178467,
            "acc/test/Cars": 0.8694192171096802,
            "normalized_acc/test/Cars": 1.0133352279663086
        }
    ],
    "Flowers102": [
        {
            "acc/test/Flowers102_epoch": 0.8515205979347229,
            "loss/test/Flowers102_epoch": 0.5900137424468994,
            "acc/test/Flowers102": 0.8515205979347229,
            "normalized_acc/test/Flowers102": 0.9036934971809387
        }
    ],
    "avg": [
        {
            "acc/test/avg": 0.8604699075222015,
            "normalized_acc/test/avg": 0.9585143625736237
        }
    ]
}