{
    "GTSRB": [
        {
            "acc/test/GTSRB_epoch": 0.9572446346282959,
            "loss/test/GTSRB_epoch": 0.1804550588130951,
            "acc/test/GTSRB": 0.9572446346282959,
            "normalized_acc/test/GTSRB": 0.9677419066429138
        }
    ],
    "KMNIST": [
        {
            "acc/test/KMNIST_epoch": 0.9700999855995178,
            "loss/test/KMNIST_epoch": 0.12237663567066193,
            "acc/test/KMNIST": 0.9700999855995178,
            "normalized_acc/test/KMNIST": 0.9863751530647278
        }
    ],
    "avg": [
        {
            "acc/test/avg": 0.9636723101139069,
            "normalized_acc/test/avg": 0.9770585298538208
        }
    ]
}