{
    "GTSRB": [
        {
            "acc/test/GTSRB_epoch": 0.965716540813446,
            "loss/test/GTSRB_epoch": 0.1506788730621338,
            "acc/test/GTSRB": 0.965716540813446,
            "normalized_acc/test/GTSRB": 0.9763067364692688
        }
    ],
    "CIFAR10": [
        {
            "acc/test/CIFAR10_epoch": 0.978600025177002,
            "loss/test/CIFAR10_epoch": 0.07857915759086609,
            "acc/test/CIFAR10": 0.978600025177002,
            "normalized_acc/test/CIFAR10": 0.9969438314437866
        }
    ],
    "avg": [
        {
            "acc/test/avg": 0.972158282995224,
            "normalized_acc/test/avg": 0.9866252839565277
        }
    ]
}