{
    "DTD": [
        {
            "acc/test/DTD_epoch": 0.7521276473999023,
            "loss/test/DTD_epoch": 0.9535151124000549,
            "acc/test/DTD": 0.7521276473999023,
            "normalized_acc/test/DTD": 0.9075737595558167
        }
    ],
    "STL10": [
        {
            "acc/test/STL10_epoch": 0.9925000071525574,
            "loss/test/STL10_epoch": 0.02738858200609684,
            "acc/test/STL10": 0.9925000071525574,
            "normalized_acc/test/STL10": 1.0046818256378174
        }
    ],
    "avg": [
        {
            "acc/test/avg": 0.8723138272762299,
            "normalized_acc/test/avg": 0.956127792596817
        }
    ]
}