{
    "SVHN": [
        {
            "acc/test/SVHN_epoch": 0.970881998538971,
            "loss/test/SVHN_epoch": 0.13698484003543854,
            "acc/test/SVHN": 0.970881998538971,
            "normalized_acc/test/SVHN": 0.9959020018577576
        }
    ],
    "PCAM": [
        {
            "acc/test/PCAM_epoch": 0.800811767578125,
            "loss/test/PCAM_epoch": 0.5823180079460144,
            "acc/test/PCAM": 0.800811767578125,
            "normalized_acc/test/PCAM": 0.9025900363922119
        }
    ],
    "avg": [
        {
            "acc/test/avg": 0.885846883058548,
            "normalized_acc/test/avg": 0.9492460191249847
        }
    ]
}