{
    "Cars": [
        {
            "acc/test/Cars_epoch": 0.8488993644714355,
            "loss/test/Cars_epoch": 0.5005649924278259,
            "acc/test/Cars": 0.8488993644714355,
            "normalized_acc/test/Cars": 0.9894187450408936
        }
    ],
    "STL10": [
        {
            "acc/test/STL10_epoch": 0.9898750185966492,
            "loss/test/STL10_epoch": 0.03689238429069519,
            "acc/test/STL10": 0.9898750185966492,
            "normalized_acc/test/STL10": 1.002024531364441
        }
    ],
    "avg": [
        {
            "acc/test/avg": 0.9193871915340424,
            "normalized_acc/test/avg": 0.9957216382026672
        }
    ]
}