{
    "EMNIST": [
        {
            "acc/test/EMNIST_epoch": 0.9961000084877014,
            "loss/test/EMNIST_epoch": 0.034244559705257416,
            "acc/test/EMNIST": 0.9961000084877014,
            "normalized_acc/test/EMNIST": 1.0018103122711182
        }
    ],
    "RenderedSST2": [
        {
            "acc/test/RenderedSST2_epoch": 0.7611202597618103,
            "loss/test/RenderedSST2_epoch": 0.6704091429710388,
            "acc/test/RenderedSST2": 0.7611202597618103,
            "normalized_acc/test/RenderedSST2": 0.9864768385887146
        }
    ],
    "avg": [
        {
            "acc/test/avg": 0.8786101341247559,
            "normalized_acc/test/avg": 0.9941435754299164
        }
    ]
}