{
    "Cars": [
        {
            "acc/test/Cars_epoch": 0.8623305559158325,
            "loss/test/Cars_epoch": 0.45293524861335754,
            "acc/test/Cars": 0.8623305559158325,
            "normalized_acc/test/Cars": 1.0050731897354126
        }
    ],
    "GTSRB": [
        {
            "acc/test/GTSRB_epoch": 0.9817894101142883,
            "loss/test/GTSRB_epoch": 0.08043286204338074,
            "acc/test/GTSRB": 0.9817894101142883,
            "normalized_acc/test/GTSRB": 0.9925558567047119
        }
    ],
    "avg": [
        {
            "acc/test/avg": 0.9220599830150604,
            "normalized_acc/test/avg": 0.9988145232200623
        }
    ]
}