{
    "FER2013": [
        {
            "acc/test/FER2013_epoch": 0.7415714859962463,
            "loss/test/FER2013_epoch": 1.1031643152236938,
            "acc/test/FER2013": 0.7415714859962463,
            "normalized_acc/test/FER2013": 1.0058579444885254
        }
    ],
    "RenderedSST2": [
        {
            "acc/test/RenderedSST2_epoch": 0.7451949715614319,
            "loss/test/RenderedSST2_epoch": 0.8443379998207092,
            "acc/test/RenderedSST2": 0.7451949715614319,
            "normalized_acc/test/RenderedSST2": 0.9658362865447998
        }
    ],
    "avg": [
        {
            "acc/test/avg": 0.7433832287788391,
            "normalized_acc/test/avg": 0.9858471155166626
        }
    ]
}