{
    "Cars": [
        {
            "acc/test/Cars_epoch": 0.7344857454299927,
            "loss/test/Cars_epoch": 0.7528584599494934,
            "acc/test/Cars": 0.7344857454299927,
            "normalized_acc/test/Cars": 0.8560660481452942
        }
    ],
    "MNIST": [
        {
            "acc/test/MNIST_epoch": 0.9434999823570251,
            "loss/test/MNIST_epoch": 0.8020434975624084,
            "acc/test/MNIST": 0.9434999823570251,
            "normalized_acc/test/MNIST": 0.9468138217926025
        }
    ],
    "avg": [
        {
            "acc/test/avg": 0.8389928638935089,
            "normalized_acc/test/avg": 0.9014399349689484
        }
    ]
}