{
    "CIFAR100": [
        {
            "acc/test/CIFAR100_epoch": 0.7972999811172485,
            "loss/test/CIFAR100_epoch": 0.7397911548614502,
            "acc/test/CIFAR100": 0.7972999811172485,
            "normalized_acc/test/CIFAR100": 0.8931331634521484
        }
    ],
    "FashionMNIST": [
        {
            "acc/test/FashionMNIST_epoch": 0.8359000086784363,
            "loss/test/FashionMNIST_epoch": 0.48654142022132874,
            "acc/test/FashionMNIST": 0.8359000086784363,
            "normalized_acc/test/FashionMNIST": 0.8780462145805359
        }
    ],
    "avg": [
        {
            "acc/test/avg": 0.8165999948978424,
            "normalized_acc/test/avg": 0.8855896890163422
        }
    ]
}