{
    "RESISC45": [
        {
            "acc/test/RESISC45_epoch": 0.8142856955528259,
            "loss/test/RESISC45_epoch": 0.5839850902557373,
            "acc/test/RESISC45": 0.8142856955528259,
            "normalized_acc/test/RESISC45": 0.8423645496368408
        }
    ],
    "EuroSAT": [
        {
            "acc/test/EuroSAT_epoch": 0.911481499671936,
            "loss/test/EuroSAT_epoch": 0.3774152398109436,
            "acc/test/EuroSAT": 0.911481499671936,
            "normalized_acc/test/EuroSAT": 0.9200000166893005
        }
    ],
    "avg": [
        {
            "acc/test/avg": 0.862883597612381,
            "normalized_acc/test/avg": 0.8811822831630707
        }
    ]
}