{
    "MNIST": [
        {
            "acc/test/MNIST_epoch": 0.9362000226974487,
            "loss/test/MNIST_epoch": 0.7319213151931763,
            "acc/test/MNIST": 0.9362000226974487,
            "normalized_acc/test/MNIST": 0.9394882321357727
        }
    ],
    "KMNIST": [
        {
            "acc/test/KMNIST_epoch": 0.15080000460147858,
            "loss/test/KMNIST_epoch": 2.212233304977417,
            "acc/test/KMNIST": 0.15080000460147858,
            "normalized_acc/test/KMNIST": 0.15332995355129242
        }
    ],
    "avg": [
        {
            "acc/test/avg": 0.5435000136494637,
            "normalized_acc/test/avg": 0.5464090928435326
        }
    ]
}