{
    "Cars": [
        {
            "acc/test/Cars_epoch": 0.732869029045105,
            "loss/test/Cars_epoch": 0.7608073353767395,
            "acc/test/Cars": 0.732869029045105,
            "normalized_acc/test/Cars": 0.8541817665100098
        }
    ],
    "FashionMNIST": [
        {
            "acc/test/FashionMNIST_epoch": 0.84170001745224,
            "loss/test/FashionMNIST_epoch": 0.46612027287483215,
            "acc/test/FashionMNIST": 0.84170001745224,
            "normalized_acc/test/FashionMNIST": 0.8841386437416077
        }
    ],
    "avg": [
        {
            "acc/test/avg": 0.7872845232486725,
            "normalized_acc/test/avg": 0.8691602051258087
        }
    ]
}