{
    "PCAM": [
        {
            "acc/test/PCAM_epoch": 0.724822998046875,
            "loss/test/PCAM_epoch": 0.5128564238548279,
            "acc/test/PCAM": 0.724822998046875,
            "normalized_acc/test/PCAM": 0.8169435262680054
        }
    ],
    "EMNIST": [
        {
            "acc/test/EMNIST_epoch": 0.9243999719619751,
            "loss/test/EMNIST_epoch": 0.6595689058303833,
            "acc/test/EMNIST": 0.9243999719619751,
            "normalized_acc/test/EMNIST": 0.9296992421150208
        }
    ],
    "avg": [
        {
            "acc/test/avg": 0.824611485004425,
            "normalized_acc/test/avg": 0.8733213841915131
        }
    ]
}