{
    "Cars": [
        {
            "acc/test/Cars_epoch": 0.7339882850646973,
            "loss/test/Cars_epoch": 0.7540972232818604,
            "acc/test/Cars": 0.7339882850646973,
            "normalized_acc/test/Cars": 0.855486273765564
        }
    ],
    "KMNIST": [
        {
            "acc/test/KMNIST_epoch": 0.13359999656677246,
            "loss/test/KMNIST_epoch": 2.2542901039123535,
            "acc/test/KMNIST": 0.13359999656677246,
            "normalized_acc/test/KMNIST": 0.13584138453006744
        }
    ],
    "avg": [
        {
            "acc/test/avg": 0.43379414081573486,
            "normalized_acc/test/avg": 0.4956638291478157
        }
    ]
}