{
    "SUN397": [
        {
            "acc/test/SUN397_epoch": 0.7009068131446838,
            "loss/test/SUN397_epoch": 1.0226902961730957,
            "acc/test/SUN397": 0.7009068131446838,
            "normalized_acc/test/SUN397": 0.8888960480690002
        }
    ],
    "DTD": [
        {
            "acc/test/DTD_epoch": 0.4994680881500244,
            "loss/test/DTD_epoch": 1.7775176763534546,
            "acc/test/DTD": 0.4994680881500244,
            "normalized_acc/test/DTD": 0.6026957631111145
        }
    ],
    "avg": [
        {
            "acc/test/avg": 0.6001874506473541,
            "normalized_acc/test/avg": 0.7457959055900574
        }
    ]
}