{
    "Food101": [
        {
            "acc/test/Food101_epoch": 0.9059010148048401,
            "loss/test/Food101_epoch": 0.32181316614151,
            "acc/test/Food101": 0.9059010148048401,
            "normalized_acc/test/Food101": 0.9966016411781311
        }
    ],
    "RenderedSST2": [
        {
            "acc/test/RenderedSST2_epoch": 0.6990664601325989,
            "loss/test/RenderedSST2_epoch": 0.5862523913383484,
            "acc/test/RenderedSST2": 0.6990664601325989,
            "normalized_acc/test/RenderedSST2": 0.9060497879981995
        }
    ],
    "avg": [
        {
            "acc/test/avg": 0.8024837374687195,
            "normalized_acc/test/avg": 0.9513257145881653
        }
    ]
}