{
    "GTSRB": [
        {
            "acc/test/GTSRB_epoch": 0.5802058577537537,
            "loss/test/GTSRB_epoch": 1.551559567451477,
            "acc/test/GTSRB": 0.5802058577537537,
            "normalized_acc/test/GTSRB": 0.5865684747695923
        }
    ],
    "PCAM": [
        {
            "acc/test/PCAM_epoch": 0.744842529296875,
            "loss/test/PCAM_epoch": 0.48385754227638245,
            "acc/test/PCAM": 0.744842529296875,
            "normalized_acc/test/PCAM": 0.8395074605941772
        }
    ],
    "avg": [
        {
            "acc/test/avg": 0.6625241935253143,
            "normalized_acc/test/avg": 0.7130379676818848
        }
    ]
}