{
    "GTSRB": [
        {
            "acc/test/GTSRB_epoch": 0.5875692963600159,
            "loss/test/GTSRB_epoch": 1.4546514749526978,
            "acc/test/GTSRB": 0.5875692963600159,
            "normalized_acc/test/GTSRB": 0.5940126776695251
        }
    ],
    "KMNIST": [
        {
            "acc/test/KMNIST_epoch": 0.14259999990463257,
            "loss/test/KMNIST_epoch": 2.21852970123291,
            "acc/test/KMNIST": 0.14259999990463257,
            "normalized_acc/test/KMNIST": 0.14499236643314362
        }
    ],
    "avg": [
        {
            "acc/test/avg": 0.3650846481323242,
            "normalized_acc/test/avg": 0.3695025220513344
        }
    ]
}