{
    "SUN397": [
        {
            "acc/test/SUN397_epoch": 0.6982871294021606,
            "loss/test/SUN397_epoch": 1.0254689455032349,
            "acc/test/SUN397": 0.6982871294021606,
            "normalized_acc/test/SUN397": 0.88557368516922
        }
    ],
    "FashionMNIST": [
        {
            "acc/test/FashionMNIST_epoch": 0.8500000238418579,
            "loss/test/FashionMNIST_epoch": 0.4448447823524475,
            "acc/test/FashionMNIST": 0.8500000238418579,
            "normalized_acc/test/FashionMNIST": 0.8928571343421936
        }
    ],
    "avg": [
        {
            "acc/test/avg": 0.7741435766220093,
            "normalized_acc/test/avg": 0.8892154097557068
        }
    ]
}