{
    "EuroSAT": [
        {
            "acc/test/EuroSAT_epoch": 0.902222216129303,
            "loss/test/EuroSAT_epoch": 0.44731268286705017,
            "acc/test/EuroSAT": 0.902222216129303,
            "normalized_acc/test/EuroSAT": 0.9106542468070984
        }
    ],
    "EMNIST": [
        {
            "acc/test/EMNIST_epoch": 0.9315000176429749,
            "loss/test/EMNIST_epoch": 0.49708467721939087,
            "acc/test/EMNIST": 0.9315000176429749,
            "normalized_acc/test/EMNIST": 0.9368399977684021
        }
    ],
    "avg": [
        {
            "acc/test/avg": 0.9168611168861389,
            "normalized_acc/test/avg": 0.9237471222877502
        }
    ]
}