{
    "RESISC45": [
        {
            "acc/test/RESISC45_epoch": 0.8138095140457153,
            "loss/test/RESISC45_epoch": 0.5825241208076477,
            "acc/test/RESISC45": 0.8138095140457153,
            "normalized_acc/test/RESISC45": 0.8418719172477722
        }
    ],
    "STL10": [
        {
            "acc/test/STL10_epoch": 0.9868749976158142,
            "loss/test/STL10_epoch": 0.051428694278001785,
            "acc/test/STL10": 0.9868749976158142,
            "normalized_acc/test/STL10": 0.9989877343177795
        }
    ],
    "avg": [
        {
            "acc/test/avg": 0.9003422558307648,
            "normalized_acc/test/avg": 0.9204298257827759
        }
    ]
}