{
    "Cars": [
        {
            "acc/test/Cars_epoch": 0.7372217178344727,
            "loss/test/Cars_epoch": 0.751200795173645,
            "acc/test/Cars": 0.7372217178344727,
            "normalized_acc/test/Cars": 0.8592549562454224
        }
    ],
    "OxfordIIITPet": [
        {
            "acc/test/OxfordIIITPet_epoch": 0.8999727368354797,
            "loss/test/OxfordIIITPet_epoch": 0.28293830156326294,
            "acc/test/OxfordIIITPet": 0.8999727368354797,
            "normalized_acc/test/OxfordIIITPet": 0.9469457864761353
        }
    ],
    "avg": [
        {
            "acc/test/avg": 0.8185972273349762,
            "normalized_acc/test/avg": 0.9031003713607788
        }
    ]
}