{
    "RESISC45": [
        {
            "acc/test/RESISC45_epoch": 0.7806349396705627,
            "loss/test/RESISC45_epoch": 0.6993047595024109,
            "acc/test/RESISC45": 0.7806349396705627,
            "normalized_acc/test/RESISC45": 0.8075534105300903
        }
    ],
    "PCAM": [
        {
            "acc/test/PCAM_epoch": 0.73736572265625,
            "loss/test/PCAM_epoch": 0.49256977438926697,
            "acc/test/PCAM": 0.73736572265625,
            "normalized_acc/test/PCAM": 0.8310803771018982
        }
    ],
    "avg": [
        {
            "acc/test/avg": 0.7590003311634064,
            "normalized_acc/test/avg": 0.8193168938159943
        }
    ]
}