{
    "MNIST": [
        {
            "acc/test/MNIST_epoch": 0.9555000066757202,
            "loss/test/MNIST_epoch": 0.6827699542045593,
            "acc/test/MNIST": 0.9555000066757202,
            "normalized_acc/test/MNIST": 0.9588559865951538
        }
    ],
    "DTD": [
        {
            "acc/test/DTD_epoch": 0.5010638236999512,
            "loss/test/DTD_epoch": 1.769632339477539,
            "acc/test/DTD": 0.5010638236999512,
            "normalized_acc/test/DTD": 0.6046212911605835
        }
    ],
    "avg": [
        {
            "acc/test/avg": 0.7282819151878357,
            "normalized_acc/test/avg": 0.7817386388778687
        }
    ]
}