{
    "PCAM": [
        {
            "acc/test/PCAM_epoch": 0.710052490234375,
            "loss/test/PCAM_epoch": 0.5306289196014404,
            "acc/test/PCAM": 0.710052490234375,
            "normalized_acc/test/PCAM": 0.8002958297729492
        }
    ],
    "Food101": [
        {
            "acc/test/Food101_epoch": 0.9032475352287292,
            "loss/test/Food101_epoch": 0.3325906991958618,
            "acc/test/Food101": 0.9032475352287292,
            "normalized_acc/test/Food101": 0.9936825037002563
        }
    ],
    "avg": [
        {
            "acc/test/avg": 0.8066500127315521,
            "normalized_acc/test/avg": 0.8969891667366028
        }
    ]
}