{
    "EuroSAT": [
        {
            "acc/test/EuroSAT_epoch": 0.9100000262260437,
            "loss/test/EuroSAT_epoch": 0.3846553862094879,
            "acc/test/EuroSAT": 0.9100000262260437,
            "normalized_acc/test/EuroSAT": 0.9185047149658203
        }
    ],
    "GTSRB": [
        {
            "acc/test/GTSRB_epoch": 0.6163895726203918,
            "loss/test/GTSRB_epoch": 1.3490644693374634,
            "acc/test/GTSRB": 0.6163895726203918,
            "normalized_acc/test/GTSRB": 0.6231489777565002
        }
    ],
    "avg": [
        {
            "acc/test/avg": 0.7631947994232178,
            "normalized_acc/test/avg": 0.7708268463611603
        }
    ]
}