{
    "SVHN": [
        {
            "acc/test/SVHN_epoch": 0.7828441858291626,
            "loss/test/SVHN_epoch": 0.9825494885444641,
            "acc/test/SVHN": 0.7828441858291626,
            "normalized_acc/test/SVHN": 0.8030183911323547
        }
    ],
    "Food101": [
        {
            "acc/test/Food101_epoch": 0.9037624001502991,
            "loss/test/Food101_epoch": 0.3282110095024109,
            "acc/test/Food101": 0.9037624001502991,
            "normalized_acc/test/Food101": 0.9942489266395569
        }
    ],
    "avg": [
        {
            "acc/test/avg": 0.8433032929897308,
            "normalized_acc/test/avg": 0.8986336588859558
        }
    ]
}