{
    "Cars": [
        {
            "acc/test/Cars_epoch": 0.7377191781997681,
            "loss/test/Cars_epoch": 0.7515251040458679,
            "acc/test/Cars": 0.7377191781997681,
            "normalized_acc/test/Cars": 0.8598347306251526
        }
    ],
    "STL10": [
        {
            "acc/test/STL10_epoch": 0.9866250157356262,
            "loss/test/STL10_epoch": 0.054464299231767654,
            "acc/test/STL10": 0.9866250157356262,
            "normalized_acc/test/STL10": 0.998734712600708
        }
    ],
    "avg": [
        {
            "acc/test/avg": 0.8621720969676971,
            "normalized_acc/test/avg": 0.9292847216129303
        }
    ]
}