{
    "SVHN": [
        {
            "acc/test/SVHN_epoch": 0.8173401951789856,
            "loss/test/SVHN_epoch": 0.8062799572944641,
            "acc/test/SVHN": 0.8173401951789856,
            "normalized_acc/test/SVHN": 0.8384033441543579
        }
    ],
    "GTSRB": [
        {
            "acc/test/GTSRB_epoch": 0.6081551909446716,
            "loss/test/GTSRB_epoch": 1.3723986148834229,
            "acc/test/GTSRB": 0.6081551909446716,
            "normalized_acc/test/GTSRB": 0.6148242950439453
        }
    ],
    "avg": [
        {
            "acc/test/avg": 0.7127476930618286,
            "normalized_acc/test/avg": 0.7266138195991516
        }
    ]
}