{
    "SVHN": [
        {
            "acc/test/SVHN_epoch": 0.8077750205993652,
            "loss/test/SVHN_epoch": 0.9014037847518921,
            "acc/test/SVHN": 0.8077750205993652,
            "normalized_acc/test/SVHN": 0.8285917043685913
        }
    ],
    "RenderedSST2": [
        {
            "acc/test/RenderedSST2_epoch": 0.7045579552650452,
            "loss/test/RenderedSST2_epoch": 0.5809549689292908,
            "acc/test/RenderedSST2": 0.7045579552650452,
            "normalized_acc/test/RenderedSST2": 0.9131672382354736
        }
    ],
    "avg": [
        {
            "acc/test/avg": 0.7561664879322052,
            "normalized_acc/test/avg": 0.8708794713020325
        }
    ]
}