{
    "Flowers102": [
        {
            "acc/test/Flowers102_epoch": 0.734428346157074,
            "loss/test/Flowers102_epoch": 1.1491763591766357,
            "acc/test/Flowers102": 0.734428346157074,
            "normalized_acc/test/Flowers102": 0.7794269323348999
        }
    ],
    "KMNIST": [
        {
            "acc/test/KMNIST_epoch": 0.14249999821186066,
            "loss/test/KMNIST_epoch": 2.2290403842926025,
            "acc/test/KMNIST": 0.14249999821186066,
            "normalized_acc/test/KMNIST": 0.144890695810318
        }
    ],
    "avg": [
        {
            "acc/test/avg": 0.4384641721844673,
            "normalized_acc/test/avg": 0.46215881407260895
        }
    ]
}