{
    "DTD": [
        {
            "acc/test/DTD_epoch": 0.7303191423416138,
            "loss/test/DTD_epoch": 0.9638134837150574,
            "acc/test/DTD": 0.7303191423416138,
            "normalized_acc/test/DTD": 0.8812580108642578
        }
    ],
    "STL10": [
        {
            "acc/test/STL10_epoch": 0.9907500147819519,
            "loss/test/STL10_epoch": 0.02675654925405979,
            "acc/test/STL10": 0.9907500147819519,
            "normalized_acc/test/STL10": 1.0029103755950928
        }
    ],
    "avg": [
        {
            "acc/test/avg": 0.8605345785617828,
            "normalized_acc/test/avg": 0.9420841932296753
        }
    ]
}