{
    "SUN397": [
        {
            "acc/test/SUN397_epoch": 0.7478589415550232,
            "loss/test/SUN397_epoch": 0.9120531678199768,
            "acc/test/SUN397": 0.7478589415550232,
            "normalized_acc/test/SUN397": 0.9484410881996155
        }
    ],
    "KMNIST": [
        {
            "acc/test/KMNIST_epoch": 0.9406999945640564,
            "loss/test/KMNIST_epoch": 0.30907487869262695,
            "acc/test/KMNIST": 0.9406999945640564,
            "normalized_acc/test/KMNIST": 0.95648193359375
        }
    ],
    "avg": [
        {
            "acc/test/avg": 0.8442794680595398,
            "normalized_acc/test/avg": 0.9524615108966827
        }
    ]
}