{
    "EuroSAT": [
        {
            "acc/test/EuroSAT_epoch": 0.984074056148529,
            "loss/test/EuroSAT_epoch": 0.05584835633635521,
            "acc/test/EuroSAT": 0.984074056148529,
            "normalized_acc/test/EuroSAT": 0.9932710528373718
        }
    ],
    "Food101": [
        {
            "acc/test/Food101_epoch": 0.9038415551185608,
            "loss/test/Food101_epoch": 0.35430601239204407,
            "acc/test/Food101": 0.9038415551185608,
            "normalized_acc/test/Food101": 0.9943360090255737
        }
    ],
    "avg": [
        {
            "acc/test/avg": 0.9439578056335449,
            "normalized_acc/test/avg": 0.9938035309314728
        }
    ]
}