{
    "Cars": [
        {
            "acc/test/Cars_epoch": 0.8010197877883911,
            "loss/test/Cars_epoch": 0.6073263883590698,
            "acc/test/Cars": 0.8010197877883911,
            "normalized_acc/test/Cars": 0.9336135983467102
        }
    ],
    "FER2013": [
        {
            "acc/test/FER2013_epoch": 0.7196990847587585,
            "loss/test/FER2013_epoch": 0.923158586025238,
            "acc/test/FER2013": 0.7196990847587585,
            "normalized_acc/test/FER2013": 0.9761905074119568
        }
    ],
    "avg": [
        {
            "acc/test/avg": 0.7603594362735748,
            "normalized_acc/test/avg": 0.9549020528793335
        }
    ]
}