{
    "SUN397": [
        {
            "acc/test/SUN397_epoch": 0.7401007413864136,
            "loss/test/SUN397_epoch": 0.9604630470275879,
            "acc/test/SUN397": 0.7401007413864136,
            "normalized_acc/test/SUN397": 0.938602089881897
        }
    ],
    "MNIST": [
        {
            "acc/test/MNIST_epoch": 0.9939000010490417,
            "loss/test/MNIST_epoch": 0.0401429608464241,
            "acc/test/MNIST": 0.9939000010490417,
            "normalized_acc/test/MNIST": 0.997390866279602
        }
    ],
    "avg": [
        {
            "acc/test/avg": 0.8670003712177277,
            "normalized_acc/test/avg": 0.9679964780807495
        }
    ]
}