{
    "SUN397": [
        {
            "acc/test/SUN397_epoch": 0.760705292224884,
            "loss/test/SUN397_epoch": 0.8519493937492371,
            "acc/test/SUN397": 0.760705292224884,
            "normalized_acc/test/SUN397": 0.9647329449653625
        }
    ],
    "STL10": [
        {
            "acc/test/STL10_epoch": 0.9881250262260437,
            "loss/test/STL10_epoch": 0.04011048376560211,
            "acc/test/STL10": 0.9881250262260437,
            "normalized_acc/test/STL10": 1.0002530813217163
        }
    ],
    "avg": [
        {
            "acc/test/avg": 0.8744151592254639,
            "normalized_acc/test/avg": 0.9824930131435394
        }
    ]
}