{
    "SVHN": [
        {
            "acc/test/SVHN_epoch": 0.9665027856826782,
            "loss/test/SVHN_epoch": 0.1508278101682663,
            "acc/test/SVHN": 0.9665027856826782,
            "normalized_acc/test/SVHN": 0.9914098978042603
        }
    ],
    "FER2013": [
        {
            "acc/test/FER2013_epoch": 0.6635553240776062,
            "loss/test/FER2013_epoch": 1.0956244468688965,
            "acc/test/FER2013": 0.6635553240776062,
            "normalized_acc/test/FER2013": 0.9000378251075745
        }
    ],
    "avg": [
        {
            "acc/test/avg": 0.8150290548801422,
            "normalized_acc/test/avg": 0.9457238614559174
        }
    ]
}