{
    "CIFAR10": [
        {
            "acc/test/CIFAR10_epoch": 0.9746999740600586,
            "loss/test/CIFAR10_epoch": 0.0912114828824997,
            "acc/test/CIFAR10": 0.9746999740600586,
            "normalized_acc/test/CIFAR10": 0.9929706454277039
        }
    ],
    "EMNIST": [
        {
            "acc/test/EMNIST_epoch": 0.9954000115394592,
            "loss/test/EMNIST_epoch": 0.059775903820991516,
            "acc/test/EMNIST": 0.9954000115394592,
            "normalized_acc/test/EMNIST": 1.0011062622070312
        }
    ],
    "avg": [
        {
            "acc/test/avg": 0.9850499927997589,
            "normalized_acc/test/avg": 0.9970384538173676
        }
    ]
}