{
    "CIFAR10": [
        {
            "acc/test/CIFAR10_epoch": 0.974399983882904,
            "loss/test/CIFAR10_epoch": 0.08722961694002151,
            "acc/test/CIFAR10": 0.974399983882904,
            "normalized_acc/test/CIFAR10": 0.9926650524139404
        }
    ],
    "FashionMNIST": [
        {
            "acc/test/FashionMNIST_epoch": 0.9244999885559082,
            "loss/test/FashionMNIST_epoch": 0.22210727632045746,
            "acc/test/FashionMNIST": 0.9244999885559082,
            "normalized_acc/test/FashionMNIST": 0.971113383769989
        }
    ],
    "avg": [
        {
            "acc/test/avg": 0.9494499862194061,
            "normalized_acc/test/avg": 0.9818892180919647
        }
    ]
}