{
    "SVHN": [
        {
            "acc/test/SVHN_epoch": 0.9701905250549316,
            "loss/test/SVHN_epoch": 0.13818952441215515,
            "acc/test/SVHN": 0.9701905250549316,
            "normalized_acc/test/SVHN": 0.9951927065849304
        }
    ],
    "OxfordIIITPet": [
        {
            "acc/test/OxfordIIITPet_epoch": 0.9343145489692688,
            "loss/test/OxfordIIITPet_epoch": 0.2178230881690979,
            "acc/test/OxfordIIITPet": 0.9343145489692688,
            "normalized_acc/test/OxfordIIITPet": 0.9830800294876099
        }
    ],
    "avg": [
        {
            "acc/test/avg": 0.9522525370121002,
            "normalized_acc/test/avg": 0.9891363680362701
        }
    ]
}