{
    "RESISC45": [
        {
            "acc/test/RESISC45_epoch": 0.8960317373275757,
            "loss/test/RESISC45_epoch": 0.334250807762146,
            "acc/test/RESISC45": 0.8960317373275757,
            "normalized_acc/test/RESISC45": 0.9269294142723083
        }
    ],
    "FashionMNIST": [
        {
            "acc/test/FashionMNIST_epoch": 0.9307000041007996,
            "loss/test/FashionMNIST_epoch": 0.20846939086914062,
            "acc/test/FashionMNIST": 0.9307000041007996,
            "normalized_acc/test/FashionMNIST": 0.9776260256767273
        }
    ],
    "avg": [
        {
            "acc/test/avg": 0.9133658707141876,
            "normalized_acc/test/avg": 0.9522777199745178
        }
    ]
}