{
    "Cars": [
        {
            "acc/test/Cars_epoch": 0.7744061946868896,
            "loss/test/Cars_epoch": 0.7260133624076843,
            "acc/test/Cars": 0.7744061946868896,
            "normalized_acc/test/Cars": 0.9025946259498596
        }
    ],
    "STL10": [
        {
            "acc/test/STL10_epoch": 0.9897500276565552,
            "loss/test/STL10_epoch": 0.033752016723155975,
            "acc/test/STL10": 0.9897500276565552,
            "normalized_acc/test/STL10": 1.0018980503082275
        }
    ],
    "avg": [
        {
            "acc/test/avg": 0.8820781111717224,
            "normalized_acc/test/avg": 0.9522463381290436
        }
    ]
}