{
    "Cars": [
        {
            "acc/test/Cars_epoch": 0.7829871773719788,
            "loss/test/Cars_epoch": 0.6596285700798035,
            "acc/test/Cars": 0.7829871773719788,
            "normalized_acc/test/Cars": 0.9125959873199463
        }
    ],
    "KMNIST": [
        {
            "acc/test/KMNIST_epoch": 0.9298999905586243,
            "loss/test/KMNIST_epoch": 0.3648730516433716,
            "acc/test/KMNIST": 0.9298999905586243,
            "normalized_acc/test/KMNIST": 0.9455007314682007
        }
    ],
    "avg": [
        {
            "acc/test/avg": 0.8564435839653015,
            "normalized_acc/test/avg": 0.9290483593940735
        }
    ]
}