{
    "OxfordIIITPet": [
        {
            "acc/test/OxfordIIITPet_epoch": 0.9362223744392395,
            "loss/test/OxfordIIITPet_epoch": 0.19852887094020844,
            "acc/test/OxfordIIITPet": 0.9362223744392395,
            "normalized_acc/test/OxfordIIITPet": 0.9850873947143555
        }
    ],
    "FashionMNIST": [
        {
            "acc/test/FashionMNIST_epoch": 0.9333000183105469,
            "loss/test/FashionMNIST_epoch": 0.1996082216501236,
            "acc/test/FashionMNIST": 0.9333000183105469,
            "normalized_acc/test/FashionMNIST": 0.9803571105003357
        }
    ],
    "avg": [
        {
            "acc/test/avg": 0.9347611963748932,
            "normalized_acc/test/avg": 0.9827222526073456
        }
    ]
}