{
  "SUN397": [
    {
      "acc/test/SUN397_epoch": 0.7582367658615112,
      "loss/test/SUN397_epoch": 0.8994176983833313,
      "acc/test/SUN397": 0.7582367658615112,
      "normalized_acc/test/SUN397": 0.9616023302078247
    }
  ],
  "EuroSAT": [
    {
      "acc/test/EuroSAT_epoch": 0.982962965965271,
      "loss/test/EuroSAT_epoch": 0.05717187374830246,
      "acc/test/EuroSAT": 0.982962965965271,
      "normalized_acc/test/EuroSAT": 0.9921495318412781
    }
  ],
  "DTD": [
    {
      "acc/test/DTD_epoch": 0.7106382846832275,
      "loss/test/DTD_epoch": 1.1119964122772217,
      "acc/test/DTD": 0.7106382846832275,
      "normalized_acc/test/DTD": 0.8575096130371094
    }
  ],
  "Flowers102": [
    {
      "acc/test/Flowers102_epoch": 0.8346072435379028,
      "loss/test/Flowers102_epoch": 0.6335847973823547,
      "acc/test/Flowers102": 0.8346072435379028,
      "normalized_acc/test/Flowers102": 0.8857438564300537
    }
  ],
  "FashionMNIST": [
    {
      "acc/test/FashionMNIST_epoch": 0.9381999969482422,
      "loss/test/FashionMNIST_epoch": 0.2259129136800766,
      "acc/test/FashionMNIST": 0.9381999969482422,
      "normalized_acc/test/FashionMNIST": 0.985504150390625
    }
  ],
  "avg": [
    {
      "acc/test/avg": 0.8449290513992309,
      "normalized_acc/test/avg": 0.9365018963813782
    }
  ]
}