{
  "GTSRB": [
    {
      "acc/test/GTSRB_epoch": 0.9404592514038086,
      "loss/test/GTSRB_epoch": 0.2310941070318222,
      "acc/test/GTSRB": 0.9404592514038086,
      "normalized_acc/test/GTSRB": 0.9507724642753601
    }
  ],
  "DTD": [
    {
      "acc/test/DTD_epoch": 0.7196808457374573,
      "loss/test/DTD_epoch": 1.1223677396774292,
      "acc/test/DTD": 0.7196808457374573,
      "normalized_acc/test/DTD": 0.8684210181236267
    }
  ],
  "EMNIST": [
    {
      "acc/test/EMNIST_epoch": 0.9937000274658203,
      "loss/test/EMNIST_epoch": 0.05153813585639,
      "acc/test/EMNIST": 0.9937000274658203,
      "normalized_acc/test/EMNIST": 0.999396562576294
    }
  ],
  "KMNIST": [
    {
      "acc/test/KMNIST_epoch": 0.9240000247955322,
      "loss/test/KMNIST_epoch": 0.3734394907951355,
      "acc/test/KMNIST": 0.9240000247955322,
      "normalized_acc/test/KMNIST": 0.9395018219947815
    }
  ],
  "RenderedSST2": [
    {
      "acc/test/RenderedSST2_epoch": 0.7649642825126648,
      "loss/test/RenderedSST2_epoch": 0.6463273167610168,
      "acc/test/RenderedSST2": 0.7649642825126648,
      "normalized_acc/test/RenderedSST2": 0.9914590120315552
    }
  ],
  "avg": [
    {
      "acc/test/avg": 0.8685608863830566,
      "normalized_acc/test/avg": 0.9499101758003234
    }
  ]
}