{
  "SUN397": [
    {
      "acc/test/SUN397_epoch": 0.7533501386642456,
      "loss/test/SUN397_epoch": 0.9218098521232605,
      "acc/test/SUN397": 0.7533501386642456,
      "normalized_acc/test/SUN397": 0.9554051160812378
    }
  ],
  "GTSRB": [
    {
      "acc/test/GTSRB_epoch": 0.9780681133270264,
      "loss/test/GTSRB_epoch": 0.08985141664743423,
      "acc/test/GTSRB": 0.9780681133270264,
      "normalized_acc/test/GTSRB": 0.9887937903404236
    }
  ],
  "FER2013": [
    {
      "acc/test/FER2013_epoch": 0.7081359624862671,
      "loss/test/FER2013_epoch": 1.2130671739578247,
      "acc/test/FER2013": 0.7081359624862671,
      "normalized_acc/test/FER2013": 0.9605064392089844
    }
  ],
  "Food101": [
    {
      "acc/test/Food101_epoch": 0.9078415632247925,
      "loss/test/Food101_epoch": 0.3823593258857727,
      "acc/test/Food101": 0.9078415632247925,
      "normalized_acc/test/Food101": 0.9987365007400513
    }
  ],
  "RenderedSST2": [
    {
      "acc/test/RenderedSST2_epoch": 0.7732015252113342,
      "loss/test/RenderedSST2_epoch": 0.6977831721305847,
      "acc/test/RenderedSST2": 0.7732015252113342,
      "normalized_acc/test/RenderedSST2": 1.002135157585144
    }
  ],
  "avg": [
    {
      "acc/test/avg": 0.8241194605827331,
      "normalized_acc/test/avg": 0.9811154007911682
    }
  ]
}