{
  "EuroSAT": [
    {
      "acc/test/EuroSAT_epoch": 0.9733333587646484,
      "loss/test/EuroSAT_epoch": 0.08589699119329453,
      "acc/test/EuroSAT": 0.9733333587646484,
      "normalized_acc/test/EuroSAT": 0.9824299812316895
    }
  ],
  "MNIST": [
    {
      "acc/test/MNIST_epoch": 0.995199978351593,
      "loss/test/MNIST_epoch": 0.030938634648919106,
      "acc/test/MNIST": 0.995199978351593,
      "normalized_acc/test/MNIST": 0.9986953735351562
    }
  ],
  "DTD": [
    {
      "acc/test/DTD_epoch": 0.6909574270248413,
      "loss/test/DTD_epoch": 1.2312451601028442,
      "acc/test/DTD": 0.6909574270248413,
      "normalized_acc/test/DTD": 0.8337611556053162
    }
  ],
  "FER2013": [
    {
      "acc/test/FER2013_epoch": 0.7061855792999268,
      "loss/test/FER2013_epoch": 1.0787301063537598,
      "acc/test/FER2013": 0.7061855792999268,
      "normalized_acc/test/FER2013": 0.9578609466552734
    }
  ],
  "FashionMNIST": [
    {
      "acc/test/FashionMNIST_epoch": 0.9175000190734863,
      "loss/test/FashionMNIST_epoch": 0.3053336441516876,
      "acc/test/FashionMNIST": 0.9175000190734863,
      "normalized_acc/test/FashionMNIST": 0.963760495185852
    }
  ],
  "avg": [
    {
      "acc/test/avg": 0.8566352725028992,
      "normalized_acc/test/avg": 0.9473015904426575
    }
  ]
}