{
  "EuroSAT": [
    {
      "acc/test/EuroSAT_epoch": 0.872592568397522,
      "loss/test/EuroSAT_epoch": 0.4254622459411621,
      "acc/test/EuroSAT": 0.872592568397522,
      "normalized_acc/test/EuroSAT": 0.8807476758956909
    }
  ],
  "PCAM": [
    {
      "acc/test/PCAM_epoch": 0.775177001953125,
      "loss/test/PCAM_epoch": 0.6704878807067871,
      "acc/test/PCAM": 0.775177001953125,
      "normalized_acc/test/PCAM": 0.8736972212791443
    }
  ],
  "CIFAR100": [
    {
      "acc/test/CIFAR100_epoch": 0.7763000130653381,
      "loss/test/CIFAR100_epoch": 0.8511138558387756,
      "acc/test/CIFAR100": 0.7763000130653381,
      "normalized_acc/test/CIFAR100": 0.8696090579032898
    }
  ],
  "FashionMNIST": [
    {
      "acc/test/FashionMNIST_epoch": 0.9132999777793884,
      "loss/test/FashionMNIST_epoch": 0.29610729217529297,
      "acc/test/FashionMNIST": 0.9132999777793884,
      "normalized_acc/test/FashionMNIST": 0.9593486785888672
    }
  ],
  "KMNIST": [
    {
      "acc/test/KMNIST_epoch": 0.9018999934196472,
      "loss/test/KMNIST_epoch": 0.48200127482414246,
      "acc/test/KMNIST": 0.9018999934196472,
      "normalized_acc/test/KMNIST": 0.9170309901237488
    }
  ],
  "avg": [
    {
      "acc/test/avg": 0.8478539109230041,
      "normalized_acc/test/avg": 0.9000867247581482
    }
  ]
}