{
  "EuroSAT": [
    {
      "acc/test/EuroSAT_epoch": 0.9725925922393799,
      "loss/test/EuroSAT_epoch": 0.08793668448925018,
      "acc/test/EuroSAT": 0.9725925922393799,
      "normalized_acc/test/EuroSAT": 0.9816822409629822
    }
  ],
  "MNIST": [
    {
      "acc/test/MNIST_epoch": 0.9958999752998352,
      "loss/test/MNIST_epoch": 0.029070908203721046,
      "acc/test/MNIST": 0.9958999752998352,
      "normalized_acc/test/MNIST": 0.999397873878479
    }
  ],
  "DTD": [
    {
      "acc/test/DTD_epoch": 0.688829779624939,
      "loss/test/DTD_epoch": 1.2877562046051025,
      "acc/test/DTD": 0.688829779624939,
      "normalized_acc/test/DTD": 0.8311938047409058
    }
  ],
  "CIFAR100": [
    {
      "acc/test/CIFAR100_epoch": 0.8273000121116638,
      "loss/test/CIFAR100_epoch": 0.7388162016868591,
      "acc/test/CIFAR100": 0.8273000121116638,
      "normalized_acc/test/CIFAR100": 0.9267390966415405
    }
  ],
  "Food101": [
    {
      "acc/test/Food101_epoch": 0.8849900960922241,
      "loss/test/Food101_epoch": 0.46624788641929626,
      "acc/test/Food101": 0.8849900960922241,
      "normalized_acc/test/Food101": 0.9735971093177795
    }
  ],
  "avg": [
    {
      "acc/test/avg": 0.8739224910736084,
      "normalized_acc/test/avg": 0.9425220251083374
    }
  ]
}