{
  "SUN397": [
    {
      "acc/test/SUN397_epoch": 0.7342065572738647,
      "loss/test/SUN397_epoch": 0.9615823030471802,
      "acc/test/SUN397": 0.7342065572738647,
      "normalized_acc/test/SUN397": 0.9311270117759705
    }
  ],
  "SVHN": [
    {
      "acc/test/SVHN_epoch": 0.965350329875946,
      "loss/test/SVHN_epoch": 0.1435118168592453,
      "acc/test/SVHN": 0.965350329875946,
      "normalized_acc/test/SVHN": 0.9902277588844299
    }
  ],
  "GTSRB": [
    {
      "acc/test/GTSRB_epoch": 0.9661124348640442,
      "loss/test/GTSRB_epoch": 0.14550939202308655,
      "acc/test/GTSRB": 0.9661124348640442,
      "normalized_acc/test/GTSRB": 0.9767069816589355
    }
  ],
  "Flowers102": [
    {
      "acc/test/Flowers102_epoch": 0.7297121286392212,
      "loss/test/Flowers102_epoch": 1.0831393003463745,
      "acc/test/Flowers102": 0.7297121286392212,
      "normalized_acc/test/Flowers102": 0.774421751499176
    }
  ],
  "PCAM": [
    {
      "acc/test/PCAM_epoch": 0.8077392578125,
      "loss/test/PCAM_epoch": 0.5753944516181946,
      "acc/test/PCAM": 0.8077392578125,
      "normalized_acc/test/PCAM": 0.9103979468345642
    }
  ],
  "avg": [
    {
      "acc/test/avg": 0.8406241416931153,
      "normalized_acc/test/avg": 0.9165762901306153
    }
  ]
}