{
  "RESISC45": [
    {
      "acc/test/RESISC45_epoch": 0.9477777481079102,
      "loss/test/RESISC45_epoch": 0.17660360038280487,
      "acc/test/RESISC45": 0.9477777481079102,
      "normalized_acc/test/RESISC45": 0.9804597496986389
    }
  ],
  "MNIST": [
    {
      "acc/test/MNIST_epoch": 0.996399998664856,
      "loss/test/MNIST_epoch": 0.026978734880685806,
      "acc/test/MNIST": 0.996399998664856,
      "normalized_acc/test/MNIST": 0.9998996257781982
    }
  ],
  "Flowers102": [
    {
      "acc/test/Flowers102_epoch": 0.8245242834091187,
      "loss/test/Flowers102_epoch": 0.7184479236602783,
      "acc/test/Flowers102": 0.8245242834091187,
      "normalized_acc/test/Flowers102": 0.8750430941581726
    }
  ],
  "OxfordIIITPet": [
    {
      "acc/test/OxfordIIITPet_epoch": 0.9501226544380188,
      "loss/test/OxfordIIITPet_epoch": 0.19598117470741272,
      "acc/test/OxfordIIITPet": 0.9501226544380188,
      "normalized_acc/test/OxfordIIITPet": 0.9997131824493408
    }
  ],
  "RenderedSST2": [
    {
      "acc/test/RenderedSST2_epoch": 0.7841845154762268,
      "loss/test/RenderedSST2_epoch": 0.611815869808197,
      "acc/test/RenderedSST2": 0.7841845154762268,
      "normalized_acc/test/RenderedSST2": 1.0163700580596924
    }
  ],
  "avg": [
    {
      "acc/test/avg": 0.900601840019226,
      "normalized_acc/test/avg": 0.9742971420288086
    }
  ]
}