{
  "EuroSAT": [
    {
      "acc/test/EuroSAT_epoch": 0.9237037301063538,
      "loss/test/EuroSAT_epoch": 0.2268756628036499,
      "acc/test/EuroSAT": 0.9237037301063538,
      "normalized_acc/test/EuroSAT": 0.9323365092277527
    }
  ],
  "GTSRB": [
    {
      "acc/test/GTSRB_epoch": 0.9447347521781921,
      "loss/test/GTSRB_epoch": 0.22468629479408264,
      "acc/test/GTSRB": 0.9447347521781921,
      "normalized_acc/test/GTSRB": 0.9550948739051819
    }
  ],
  "PCAM": [
    {
      "acc/test/PCAM_epoch": 0.795379638671875,
      "loss/test/PCAM_epoch": 0.6148331165313721,
      "acc/test/PCAM": 0.795379638671875,
      "normalized_acc/test/PCAM": 0.8964675068855286
    }
  ],
  "CIFAR10": [
    {
      "acc/test/CIFAR10_epoch": 0.9689000248908997,
      "loss/test/CIFAR10_epoch": 0.11158083379268646,
      "acc/test/CIFAR10": 0.9689000248908997,
      "normalized_acc/test/CIFAR10": 0.9870619773864746
    }
  ],
  "RenderedSST2": [
    {
      "acc/test/RenderedSST2_epoch": 0.7891268730163574,
      "loss/test/RenderedSST2_epoch": 0.5698592066764832,
      "acc/test/RenderedSST2": 0.7891268730163574,
      "normalized_acc/test/RenderedSST2": 1.0227757692337036
    }
  ],
  "avg": [
    {
      "acc/test/avg": 0.8843690037727356,
      "normalized_acc/test/avg": 0.9587473273277283
    }
  ]
}