{
  "RESISC45": [
    {
      "acc/test/RESISC45_epoch": 0.8722222447395325,
      "loss/test/RESISC45_epoch": 0.446485698223114,
      "acc/test/RESISC45": 0.8722222447395325,
      "normalized_acc/test/RESISC45": 0.9022989273071289
    }
  ],
  "SVHN": [
    {
      "acc/test/SVHN_epoch": 0.9522894620895386,
      "loss/test/SVHN_epoch": 0.179946631193161,
      "acc/test/SVHN": 0.9522894620895386,
      "normalized_acc/test/SVHN": 0.9768303036689758
    }
  ],
  "Food101": [
    {
      "acc/test/Food101_epoch": 0.8682772517204285,
      "loss/test/Food101_epoch": 0.5311388969421387,
      "acc/test/Food101": 0.8682772517204285,
      "normalized_acc/test/Food101": 0.9552109241485596
    }
  ],
  "FashionMNIST": [
    {
      "acc/test/FashionMNIST_epoch": 0.9211000204086304,
      "loss/test/FashionMNIST_epoch": 0.2792416512966156,
      "acc/test/FashionMNIST": 0.9211000204086304,
      "normalized_acc/test/FashionMNIST": 0.9675419926643372
    }
  ],
  "EMNIST": [
    {
      "acc/test/EMNIST_epoch": 0.9919999837875366,
      "loss/test/EMNIST_epoch": 0.05120241641998291,
      "acc/test/EMNIST": 0.9919999837875366,
      "normalized_acc/test/EMNIST": 0.9976868033409119
    }
  ],
  "avg": [
    {
      "acc/test/avg": 0.9211777925491333,
      "normalized_acc/test/avg": 0.9599137902259827
    }
  ]
}