{
  "SUN397": [
    {
      "acc/test/SUN397_epoch": 0.757581889629364,
      "loss/test/SUN397_epoch": 0.9126049876213074,
      "acc/test/SUN397": 0.757581889629364,
      "normalized_acc/test/SUN397": 0.9607718586921692
    }
  ],
  "GTSRB": [
    {
      "acc/test/GTSRB_epoch": 0.974030077457428,
      "loss/test/GTSRB_epoch": 0.1017867773771286,
      "acc/test/GTSRB": 0.974030077457428,
      "normalized_acc/test/GTSRB": 0.9847114682197571
    }
  ],
  "DTD": [
    {
      "acc/test/DTD_epoch": 0.7260638475418091,
      "loss/test/DTD_epoch": 1.073294758796692,
      "acc/test/DTD": 0.7260638475418091,
      "normalized_acc/test/DTD": 0.8761232495307922
    }
  ],
  "Flowers102": [
    {
      "acc/test/Flowers102_epoch": 0.8201333284378052,
      "loss/test/Flowers102_epoch": 0.75851970911026,
      "acc/test/Flowers102": 0.8201333284378052,
      "normalized_acc/test/Flowers102": 0.870383083820343
    }
  ],
  "CIFAR10": [
    {
      "acc/test/CIFAR10_epoch": 0.977400004863739,
      "loss/test/CIFAR10_epoch": 0.10292623192071915,
      "acc/test/CIFAR10": 0.977400004863739,
      "normalized_acc/test/CIFAR10": 0.9957212805747986
    }
  ],
  "avg": [
    {
      "acc/test/avg": 0.851041829586029,
      "normalized_acc/test/avg": 0.9375421881675721
    }
  ]
}