{
  "SUN397": [
    {
      "acc/test/SUN397_epoch": 0.7400503754615784,
      "loss/test/SUN397_epoch": 0.9832634329795837,
      "acc/test/SUN397": 0.7400503754615784,
      "normalized_acc/test/SUN397": 0.9385381937026978
    }
  ],
  "GTSRB": [
    {
      "acc/test/GTSRB_epoch": 0.9505146741867065,
      "loss/test/GTSRB_epoch": 0.18627290427684784,
      "acc/test/GTSRB": 0.9505146741867065,
      "normalized_acc/test/GTSRB": 0.9609381556510925
    }
  ],
  "FER2013": [
    {
      "acc/test/FER2013_epoch": 0.684731125831604,
      "loss/test/FER2013_epoch": 1.1952688694000244,
      "acc/test/FER2013": 0.684731125831604,
      "normalized_acc/test/FER2013": 0.9287604093551636
    }
  ],
  "FashionMNIST": [
    {
      "acc/test/FashionMNIST_epoch": 0.9296000003814697,
      "loss/test/FashionMNIST_epoch": 0.25676941871643066,
      "acc/test/FashionMNIST": 0.9296000003814697,
      "normalized_acc/test/FashionMNIST": 0.9764705896377563
    }
  ],
  "EMNIST": [
    {
      "acc/test/EMNIST_epoch": 0.9945999979972839,
      "loss/test/EMNIST_epoch": 0.043397847563028336,
      "acc/test/EMNIST": 0.9945999979972839,
      "normalized_acc/test/EMNIST": 1.000301718711853
    }
  ],
  "avg": [
    {
      "acc/test/avg": 0.8598992347717285,
      "normalized_acc/test/avg": 0.9610018134117126
    }
  ]
}