{
  "CIFAR100": [
    {
      "acc/test/CIFAR100_epoch": 0.8499000072479248,
      "loss/test/CIFAR100_epoch": 0.5755441188812256,
      "acc/test/CIFAR100": 0.8499000072479248,
      "normalized_acc/test/CIFAR100": 0.9520555734634399
    }
  ],
  "CIFAR10": [
    {
      "acc/test/CIFAR10_epoch": 0.982699990272522,
      "loss/test/CIFAR10_epoch": 0.0731993019580841,
      "acc/test/CIFAR10": 0.982699990272522,
      "normalized_acc/test/CIFAR10": 1.0011205673217773
    }
  ],
  "Food101": [
    {
      "acc/test/Food101_epoch": 0.8629702925682068,
      "loss/test/Food101_epoch": 0.5594045519828796,
      "acc/test/Food101": 0.8629702925682068,
      "normalized_acc/test/Food101": 0.9493725895881653
    }
  ],
  "EMNIST": [
    {
      "acc/test/EMNIST_epoch": 0.9950000047683716,
      "loss/test/EMNIST_epoch": 0.038702115416526794,
      "acc/test/EMNIST": 0.9950000047683716,
      "normalized_acc/test/EMNIST": 1.000704050064087
    }
  ],
  "RenderedSST2": [
    {
      "acc/test/RenderedSST2_epoch": 0.7891268730163574,
      "loss/test/RenderedSST2_epoch": 0.6199187636375427,
      "acc/test/RenderedSST2": 0.7891268730163574,
      "normalized_acc/test/RenderedSST2": 1.0227757692337036
    }
  ],
  "avg": [
    {
      "acc/test/avg": 0.8959394335746765,
      "normalized_acc/test/avg": 0.9852057099342346
    }
  ]
}