{
  "RESISC45": [
    {
      "acc/test/RESISC45_epoch": 0.9188888669013977,
      "loss/test/RESISC45_epoch": 0.2925710082054138,
      "acc/test/RESISC45": 0.9188888669013977,
      "normalized_acc/test/RESISC45": 0.9505746960639954
    }
  ],
  "EuroSAT": [
    {
      "acc/test/EuroSAT_epoch": 0.9707407355308533,
      "loss/test/EuroSAT_epoch": 0.09914164245128632,
      "acc/test/EuroSAT": 0.9707407355308533,
      "normalized_acc/test/EuroSAT": 0.9798130989074707
    }
  ],
  "Flowers102": [
    {
      "acc/test/Flowers102_epoch": 0.8320052027702332,
      "loss/test/Flowers102_epoch": 0.6585816740989685,
      "acc/test/Flowers102": 0.8320052027702332,
      "normalized_acc/test/Flowers102": 0.8829823732376099
    }
  ],
  "FER2013": [
    {
      "acc/test/FER2013_epoch": 0.7099470496177673,
      "loss/test/FER2013_epoch": 1.0869075059890747,
      "acc/test/FER2013": 0.7099470496177673,
      "normalized_acc/test/FER2013": 0.9629629254341125
    }
  ],
  "KMNIST": [
    {
      "acc/test/KMNIST_epoch": 0.9760000109672546,
      "loss/test/KMNIST_epoch": 0.10170377045869827,
      "acc/test/KMNIST": 0.9760000109672546,
      "normalized_acc/test/KMNIST": 0.9923741817474365
    }
  ],
  "avg": [
    {
      "acc/test/avg": 0.8815163731575012,
      "normalized_acc/test/avg": 0.953741455078125
    }
  ]
}