{
  "SVHN": [
    {
      "acc/test/SVHN_epoch": 0.9701905250549316,
      "loss/test/SVHN_epoch": 0.128097802400589,
      "acc/test/SVHN": 0.9701905250549316,
      "normalized_acc/test/SVHN": 0.9951927065849304
    }
  ],
  "DTD": [
    {
      "acc/test/DTD_epoch": 0.7085106372833252,
      "loss/test/DTD_epoch": 1.162658929824829,
      "acc/test/DTD": 0.7085106372833252,
      "normalized_acc/test/DTD": 0.8549422025680542
    }
  ],
  "OxfordIIITPet": [
    {
      "acc/test/OxfordIIITPet_epoch": 0.9403107166290283,
      "loss/test/OxfordIIITPet_epoch": 0.23297187685966492,
      "acc/test/OxfordIIITPet": 0.9403107166290283,
      "normalized_acc/test/OxfordIIITPet": 0.9893891215324402
    }
  ],
  "CIFAR100": [
    {
      "acc/test/CIFAR100_epoch": 0.823199987411499,
      "loss/test/CIFAR100_epoch": 0.7728126645088196,
      "acc/test/CIFAR100": 0.823199987411499,
      "normalized_acc/test/CIFAR100": 0.9221462607383728
    }
  ],
  "RenderedSST2": [
    {
      "acc/test/RenderedSST2_epoch": 0.7830862402915955,
      "loss/test/RenderedSST2_epoch": 0.6434170007705688,
      "acc/test/RenderedSST2": 0.7830862402915955,
      "normalized_acc/test/RenderedSST2": 1.0149465799331665
    }
  ],
  "avg": [
    {
      "acc/test/avg": 0.845059621334076,
      "normalized_acc/test/avg": 0.9553233742713928
    }
  ]
}