{
  "Cars": [
    {
      "acc/test/Cars_epoch": 0.8142021894454956,
      "loss/test/Cars_epoch": 0.6101410388946533,
      "acc/test/Cars": 0.8142021894454956,
      "normalized_acc/test/Cars": 0.948978066444397
    }
  ],
  "RESISC45": [
    {
      "acc/test/RESISC45_epoch": 0.9476190209388733,
      "loss/test/RESISC45_epoch": 0.18051743507385254,
      "acc/test/RESISC45": 0.9476190209388733,
      "normalized_acc/test/RESISC45": 0.9802955389022827
    }
  ],
  "Flowers102": [
    {
      "acc/test/Flowers102_epoch": 0.8059847354888916,
      "loss/test/Flowers102_epoch": 0.8654543161392212,
      "acc/test/Flowers102": 0.8059847354888916,
      "normalized_acc/test/Flowers102": 0.8553676009178162
    }
  ],
  "CIFAR100": [
    {
      "acc/test/CIFAR100_epoch": 0.8741000294685364,
      "loss/test/CIFAR100_epoch": 0.5449203848838806,
      "acc/test/CIFAR100": 0.8741000294685364,
      "normalized_acc/test/CIFAR100": 0.9791643619537354
    }
  ],
  "RenderedSST2": [
    {
      "acc/test/RenderedSST2_epoch": 0.788577675819397,
      "loss/test/RenderedSST2_epoch": 0.7586138248443604,
      "acc/test/RenderedSST2": 0.788577675819397,
      "normalized_acc/test/RenderedSST2": 1.022063970565796
    }
  ],
  "avg": [
    {
      "acc/test/avg": 0.8460967302322387,
      "normalized_acc/test/avg": 0.9571739077568054
    }
  ]
}