{
  "SUN397": [
    {
      "acc/test/SUN397_epoch": 0.729823648929596,
      "loss/test/SUN397_epoch": 1.0092326402664185,
      "acc/test/SUN397": 0.729823648929596,
      "normalized_acc/test/SUN397": 0.9255685806274414
    }
  ],
  "RESISC45": [
    {
      "acc/test/RESISC45_epoch": 0.8892063498497009,
      "loss/test/RESISC45_epoch": 0.41009724140167236,
      "acc/test/RESISC45": 0.8892063498497009,
      "normalized_acc/test/RESISC45": 0.9198686480522156
    }
  ],
  "EuroSAT": [
    {
      "acc/test/EuroSAT_epoch": 0.9670370221138,
      "loss/test/EuroSAT_epoch": 0.104765385389328,
      "acc/test/EuroSAT": 0.9670370221138,
      "normalized_acc/test/EuroSAT": 0.976074755191803
    }
  ],
  "MNIST": [
    {
      "acc/test/MNIST_epoch": 0.9961000084877014,
      "loss/test/MNIST_epoch": 0.029451537877321243,
      "acc/test/MNIST": 0.9961000084877014,
      "normalized_acc/test/MNIST": 0.9995985627174377
    }
  ],
  "CIFAR10": [
    {
      "acc/test/CIFAR10_epoch": 0.9725000262260437,
      "loss/test/CIFAR10_epoch": 0.11974471807479858,
      "acc/test/CIFAR10": 0.9725000262260437,
      "normalized_acc/test/CIFAR10": 0.9907294511795044
    }
  ],
  "avg": [
    {
      "acc/test/avg": 0.9109334111213684,
      "normalized_acc/test/avg": 0.9623679995536805
    }
  ]
}