{
  "OxfordIIITPet": [
    {
      "acc/test/OxfordIIITPet_epoch": 0.9356772899627686,
      "loss/test/OxfordIIITPet_epoch": 0.22445815801620483,
      "acc/test/OxfordIIITPet": 0.9356772899627686,
      "normalized_acc/test/OxfordIIITPet": 0.9845138788223267
    }
  ],
  "Food101": [
    {
      "acc/test/Food101_epoch": 0.8942574262619019,
      "loss/test/Food101_epoch": 0.43063482642173767,
      "acc/test/Food101": 0.8942574262619019,
      "normalized_acc/test/Food101": 0.9837923049926758
    }
  ],
  "FashionMNIST": [
    {
      "acc/test/FashionMNIST_epoch": 0.9164999723434448,
      "loss/test/FashionMNIST_epoch": 0.3075561225414276,
      "acc/test/FashionMNIST": 0.9164999723434448,
      "normalized_acc/test/FashionMNIST": 0.9627100229263306
    }
  ],
  "KMNIST": [
    {
      "acc/test/KMNIST_epoch": 0.9646999835968018,
      "loss/test/KMNIST_epoch": 0.1703292280435562,
      "acc/test/KMNIST": 0.9646999835968018,
      "normalized_acc/test/KMNIST": 0.9808845520019531
    }
  ],
  "RenderedSST2": [
    {
      "acc/test/RenderedSST2_epoch": 0.7753981351852417,
      "loss/test/RenderedSST2_epoch": 0.6901633739471436,
      "acc/test/RenderedSST2": 0.7753981351852417,
      "normalized_acc/test/RenderedSST2": 1.0049822330474854
    }
  ],
  "avg": [
    {
      "acc/test/avg": 0.8973065614700317,
      "normalized_acc/test/avg": 0.9833765983581543
    }
  ]
}