{
  "SUN397": [
    {
      "acc/test/SUN397_epoch": 0.7303274273872375,
      "loss/test/SUN397_epoch": 0.9799932837486267,
      "acc/test/SUN397": 0.7303274273872375,
      "normalized_acc/test/SUN397": 0.9262074828147888
    }
  ],
  "Cars": [
    {
      "acc/test/Cars_epoch": 0.7874642610549927,
      "loss/test/Cars_epoch": 0.6925067901611328,
      "acc/test/Cars": 0.7874642610549927,
      "normalized_acc/test/Cars": 0.9178141951560974
    }
  ],
  "PCAM": [
    {
      "acc/test/PCAM_epoch": 0.82122802734375,
      "loss/test/PCAM_epoch": 0.5587897300720215,
      "acc/test/PCAM": 0.82122802734375,
      "normalized_acc/test/PCAM": 0.925601065158844
    }
  ],
  "FER2013": [
    {
      "acc/test/FER2013_epoch": 0.7027027010917664,
      "loss/test/FER2013_epoch": 1.0659335851669312,
      "acc/test/FER2013": 0.7027027010917664,
      "normalized_acc/test/FER2013": 0.9531368017196655
    }
  ],
  "KMNIST": [
    {
      "acc/test/KMNIST_epoch": 0.9736999869346619,
      "loss/test/KMNIST_epoch": 0.11216141283512115,
      "acc/test/KMNIST": 0.9736999869346619,
      "normalized_acc/test/KMNIST": 0.9900355935096741
    }
  ],
  "avg": [
    {
      "acc/test/avg": 0.8030844807624817,
      "normalized_acc/test/avg": 0.942559027671814
    }
  ]
}