{
  "RESISC45": [
    {
      "acc/test/RESISC45_epoch": 0.9301587343215942,
      "loss/test/RESISC45_epoch": 0.23922525346279144,
      "acc/test/RESISC45": 0.9301587343215942,
      "normalized_acc/test/RESISC45": 0.9622331857681274
    }
  ],
  "EuroSAT": [
    {
      "acc/test/EuroSAT_epoch": 0.9807407259941101,
      "loss/test/EuroSAT_epoch": 0.05871884524822235,
      "acc/test/EuroSAT": 0.9807407259941101,
      "normalized_acc/test/EuroSAT": 0.9899065494537354
    }
  ],
  "DTD": [
    {
      "acc/test/DTD_epoch": 0.7297872304916382,
      "loss/test/DTD_epoch": 1.029478669166565,
      "acc/test/DTD": 0.7297872304916382,
      "normalized_acc/test/DTD": 0.8806161284446716
    }
  ],
  "STL10": [
    {
      "acc/test/STL10_epoch": 0.9886249899864197,
      "loss/test/STL10_epoch": 0.04073995351791382,
      "acc/test/STL10": 0.9886249899864197,
      "normalized_acc/test/STL10": 1.000759243965149
    }
  ],
  "RenderedSST2": [
    {
      "acc/test/RenderedSST2_epoch": 0.7924217581748962,
      "loss/test/RenderedSST2_epoch": 0.7506471276283264,
      "acc/test/RenderedSST2": 0.7924217581748962,
      "normalized_acc/test/RenderedSST2": 1.0270462036132812
    }
  ],
  "avg": [
    {
      "acc/test/avg": 0.8843466877937317,
      "normalized_acc/test/avg": 0.9721122622489929
    }
  ]
}