{
  "RESISC45": [
    {
      "acc/test/RESISC45_epoch": 0.8830158710479736,
      "loss/test/RESISC45_epoch": 0.39673545956611633,
      "acc/test/RESISC45": 0.8830158710479736,
      "normalized_acc/test/RESISC45": 0.9134647250175476
    }
  ],
  "EuroSAT": [
    {
      "acc/test/EuroSAT_epoch": 0.9514814615249634,
      "loss/test/EuroSAT_epoch": 0.1585114598274231,
      "acc/test/EuroSAT": 0.9514814615249634,
      "normalized_acc/test/EuroSAT": 0.9603738188743591
    }
  ],
  "PCAM": [
    {
      "acc/test/PCAM_epoch": 0.8021240234375,
      "loss/test/PCAM_epoch": 0.617720901966095,
      "acc/test/PCAM": 0.8021240234375,
      "normalized_acc/test/PCAM": 0.9040690660476685
    }
  ],
  "STL10": [
    {
      "acc/test/STL10_epoch": 0.9787499904632568,
      "loss/test/STL10_epoch": 0.06816847622394562,
      "acc/test/STL10": 0.9787499904632568,
      "normalized_acc/test/STL10": 0.9907630085945129
    }
  ],
  "EMNIST": [
    {
      "acc/test/EMNIST_epoch": 0.9965000152587891,
      "loss/test/EMNIST_epoch": 0.03960046544671059,
      "acc/test/EMNIST": 0.9965000152587891,
      "normalized_acc/test/EMNIST": 1.002212643623352
    }
  ],
  "avg": [
    {
      "acc/test/avg": 0.9223742723464966,
      "normalized_acc/test/avg": 0.9541766524314881
    }
  ]
}