{
  "RESISC45": [
    {
      "acc/test/RESISC45_epoch": 0.9201587438583374,
      "loss/test/RESISC45_epoch": 0.2809206545352936,
      "acc/test/RESISC45": 0.9201587438583374,
      "normalized_acc/test/RESISC45": 0.951888382434845
    }
  ],
  "FER2013": [
    {
      "acc/test/FER2013_epoch": 0.6951797008514404,
      "loss/test/FER2013_epoch": 1.054519534111023,
      "acc/test/FER2013": 0.6951797008514404,
      "normalized_acc/test/FER2013": 0.9429327249526978
    }
  ],
  "OxfordIIITPet": [
    {
      "acc/test/OxfordIIITPet_epoch": 0.9313164353370667,
      "loss/test/OxfordIIITPet_epoch": 0.2379036396741867,
      "acc/test/OxfordIIITPet": 0.9313164353370667,
      "normalized_acc/test/OxfordIIITPet": 0.9799253940582275
    }
  ],
  "CIFAR100": [
    {
      "acc/test/CIFAR100_epoch": 0.8464999794960022,
      "loss/test/CIFAR100_epoch": 0.641193687915802,
      "acc/test/CIFAR100": 0.8464999794960022,
      "normalized_acc/test/CIFAR100": 0.9482468366622925
    }
  ],
  "FashionMNIST": [
    {
      "acc/test/FashionMNIST_epoch": 0.9358000159263611,
      "loss/test/FashionMNIST_epoch": 0.22481440007686615,
      "acc/test/FashionMNIST": 0.9358000159263611,
      "normalized_acc/test/FashionMNIST": 0.9829831719398499
    }
  ],
  "avg": [
    {
      "acc/test/avg": 0.8657909750938415,
      "normalized_acc/test/avg": 0.9611953020095825
    }
  ]
}