{
  "SUN397": [
    {
      "acc/test/SUN397_epoch": 0.7307304739952087,
      "loss/test/SUN397_epoch": 1.024065375328064,
      "acc/test/SUN397": 0.7307304739952087,
      "normalized_acc/test/SUN397": 0.9267186522483826
    }
  ],
  "GTSRB": [
    {
      "acc/test/GTSRB_epoch": 0.9332541823387146,
      "loss/test/GTSRB_epoch": 0.23567180335521698,
      "acc/test/GTSRB": 0.9332541823387146,
      "normalized_acc/test/GTSRB": 0.9434884190559387
    }
  ],
  "CIFAR100": [
    {
      "acc/test/CIFAR100_epoch": 0.8388000130653381,
      "loss/test/CIFAR100_epoch": 0.6733325123786926,
      "acc/test/CIFAR100": 0.8388000130653381,
      "normalized_acc/test/CIFAR100": 0.9396213889122009
    }
  ],
  "CIFAR10": [
    {
      "acc/test/CIFAR10_epoch": 0.9794999957084656,
      "loss/test/CIFAR10_epoch": 0.09190808981657028,
      "acc/test/CIFAR10": 0.9794999957084656,
      "normalized_acc/test/CIFAR10": 0.9978606700897217
    }
  ],
  "EMNIST": [
    {
      "acc/test/EMNIST_epoch": 0.994700014591217,
      "loss/test/EMNIST_epoch": 0.04316837340593338,
      "acc/test/EMNIST": 0.994700014591217,
      "normalized_acc/test/EMNIST": 1.0004023313522339
    }
  ],
  "avg": [
    {
      "acc/test/avg": 0.8953969359397889,
      "normalized_acc/test/avg": 0.9616182923316956
    }
  ]
}