{
  "RESISC45": [
    {
      "acc/test/RESISC45_epoch": 0.8842856884002686,
      "loss/test/RESISC45_epoch": 0.3789341449737549,
      "acc/test/RESISC45": 0.8842856884002686,
      "normalized_acc/test/RESISC45": 0.9147783517837524
    }
  ],
  "DTD": [
    {
      "acc/test/DTD_epoch": 0.6345744729042053,
      "loss/test/DTD_epoch": 1.3502719402313232,
      "acc/test/DTD": 0.6345744729042053,
      "normalized_acc/test/DTD": 0.7657252550125122
    }
  ],
  "PCAM": [
    {
      "acc/test/PCAM_epoch": 0.783721923828125,
      "loss/test/PCAM_epoch": 0.718416690826416,
      "acc/test/PCAM": 0.783721923828125,
      "normalized_acc/test/PCAM": 0.8833281993865967
    }
  ],
  "CIFAR100": [
    {
      "acc/test/CIFAR100_epoch": 0.84170001745224,
      "loss/test/CIFAR100_epoch": 0.6390247941017151,
      "acc/test/CIFAR100": 0.84170001745224,
      "normalized_acc/test/CIFAR100": 0.9428699612617493
    }
  ],
  "RenderedSST2": [
    {
      "acc/test/RenderedSST2_epoch": 0.7852827906608582,
      "loss/test/RenderedSST2_epoch": 0.6836774349212646,
      "acc/test/RenderedSST2": 0.7852827906608582,
      "normalized_acc/test/RenderedSST2": 1.0177935361862183
    }
  ],
  "avg": [
    {
      "acc/test/avg": 0.7859129786491394,
      "normalized_acc/test/avg": 0.9048990607261658
    }
  ]
}