{
  "EuroSAT": [
    {
      "acc/test/EuroSAT_epoch": 0.978518545627594,
      "loss/test/EuroSAT_epoch": 0.0751584991812706,
      "acc/test/EuroSAT": 0.978518545627594,
      "normalized_acc/test/EuroSAT": 0.9876636266708374
    }
  ],
  "OxfordIIITPet": [
    {
      "acc/test/OxfordIIITPet_epoch": 0.9392204880714417,
      "loss/test/OxfordIIITPet_epoch": 0.2244400978088379,
      "acc/test/OxfordIIITPet": 0.9392204880714417,
      "normalized_acc/test/OxfordIIITPet": 0.9882420301437378
    }
  ],
  "CIFAR100": [
    {
      "acc/test/CIFAR100_epoch": 0.8518999814987183,
      "loss/test/CIFAR100_epoch": 0.6117371916770935,
      "acc/test/CIFAR100": 0.8518999814987183,
      "normalized_acc/test/CIFAR100": 0.9542959332466125
    }
  ],
  "Food101": [
    {
      "acc/test/Food101_epoch": 0.8948118686676025,
      "loss/test/Food101_epoch": 0.4226562976837158,
      "acc/test/Food101": 0.8948118686676025,
      "normalized_acc/test/Food101": 0.9844022393226624
    }
  ],
  "RenderedSST2": [
    {
      "acc/test/RenderedSST2_epoch": 0.7874794006347656,
      "loss/test/RenderedSST2_epoch": 0.7269590497016907,
      "acc/test/RenderedSST2": 0.7874794006347656,
      "normalized_acc/test/RenderedSST2": 1.02064049243927
    }
  ],
  "avg": [
    {
      "acc/test/avg": 0.8903860569000244,
      "normalized_acc/test/avg": 0.987048864364624
    }
  ]
}