{
  "EuroSAT": [
    {
      "acc/test/EuroSAT_epoch": 0.9448148012161255,
      "loss/test/EuroSAT_epoch": 0.16970908641815186,
      "acc/test/EuroSAT": 0.9448148012161255,
      "normalized_acc/test/EuroSAT": 0.953644871711731
    }
  ],
  "PCAM": [
    {
      "acc/test/PCAM_epoch": 0.81805419921875,
      "loss/test/PCAM_epoch": 0.5268061757087708,
      "acc/test/PCAM": 0.81805419921875,
      "normalized_acc/test/PCAM": 0.9220238924026489
    }
  ],
  "STL10": [
    {
      "acc/test/STL10_epoch": 0.9711250066757202,
      "loss/test/STL10_epoch": 0.09000624716281891,
      "acc/test/STL10": 0.9711250066757202,
      "normalized_acc/test/STL10": 0.983044445514679
    }
  ],
  "CIFAR10": [
    {
      "acc/test/CIFAR10_epoch": 0.9704999923706055,
      "loss/test/CIFAR10_epoch": 0.10377757251262665,
      "acc/test/CIFAR10": 0.9704999923706055,
      "normalized_acc/test/CIFAR10": 0.9886919260025024
    }
  ],
  "RenderedSST2": [
    {
      "acc/test/RenderedSST2_epoch": 0.7929708957672119,
      "loss/test/RenderedSST2_epoch": 0.5653312802314758,
      "acc/test/RenderedSST2": 0.7929708957672119,
      "normalized_acc/test/RenderedSST2": 1.027758002281189
    }
  ],
  "avg": [
    {
      "acc/test/avg": 0.8994929790496826,
      "normalized_acc/test/avg": 0.97503262758255
    }
  ]
}