{
  "Cars": [
    {
      "acc/test/Cars_epoch": 0.8059942722320557,
      "loss/test/Cars_epoch": 0.6480927467346191,
      "acc/test/Cars": 0.8059942722320557,
      "normalized_acc/test/Cars": 0.9394115209579468
    }
  ],
  "EuroSAT": [
    {
      "acc/test/EuroSAT_epoch": 0.9788888692855835,
      "loss/test/EuroSAT_epoch": 0.07569717615842819,
      "acc/test/EuroSAT": 0.9788888692855835,
      "normalized_acc/test/EuroSAT": 0.9880374073982239
    }
  ],
  "FER2013": [
    {
      "acc/test/FER2013_epoch": 0.7227640151977539,
      "loss/test/FER2013_epoch": 1.0269204378128052,
      "acc/test/FER2013": 0.7227640151977539,
      "normalized_acc/test/FER2013": 0.9803476929664612
    }
  ],
  "OxfordIIITPet": [
    {
      "acc/test/OxfordIIITPet_epoch": 0.9392204880714417,
      "loss/test/OxfordIIITPet_epoch": 0.2225046455860138,
      "acc/test/OxfordIIITPet": 0.9392204880714417,
      "normalized_acc/test/OxfordIIITPet": 0.9882420301437378
    }
  ],
  "CIFAR100": [
    {
      "acc/test/CIFAR100_epoch": 0.857200026512146,
      "loss/test/CIFAR100_epoch": 0.5876420140266418,
      "acc/test/CIFAR100": 0.857200026512146,
      "normalized_acc/test/CIFAR100": 0.9602330327033997
    }
  ],
  "avg": [
    {
      "acc/test/avg": 0.8608135342597961,
      "normalized_acc/test/avg": 0.9712543368339539
    }
  ]
}