{
  "EuroSAT": [
    {
      "acc/test/EuroSAT_epoch": 0.9744444489479065,
      "loss/test/EuroSAT_epoch": 0.08888224512338638,
      "acc/test/EuroSAT": 0.9744444489479065,
      "normalized_acc/test/EuroSAT": 0.9835514426231384
    }
  ],
  "MNIST": [
    {
      "acc/test/MNIST_epoch": 0.9961000084877014,
      "loss/test/MNIST_epoch": 0.028375443071126938,
      "acc/test/MNIST": 0.9961000084877014,
      "normalized_acc/test/MNIST": 0.9995985627174377
    }
  ],
  "DTD": [
    {
      "acc/test/DTD_epoch": 0.6909574270248413,
      "loss/test/DTD_epoch": 1.2433476448059082,
      "acc/test/DTD": 0.6909574270248413,
      "normalized_acc/test/DTD": 0.8337611556053162
    }
  ],
  "OxfordIIITPet": [
    {
      "acc/test/OxfordIIITPet_epoch": 0.9340419769287109,
      "loss/test/OxfordIIITPet_epoch": 0.23251880705356598,
      "acc/test/OxfordIIITPet": 0.9340419769287109,
      "normalized_acc/test/OxfordIIITPet": 0.9827932119369507
    }
  ],
  "CIFAR100": [
    {
      "acc/test/CIFAR100_epoch": 0.8307999968528748,
      "loss/test/CIFAR100_epoch": 0.7327318787574768,
      "acc/test/CIFAR100": 0.8307999968528748,
      "normalized_acc/test/CIFAR100": 0.9306597709655762
    }
  ],
  "avg": [
    {
      "acc/test/avg": 0.885268771648407,
      "normalized_acc/test/avg": 0.9460728287696838
    }
  ]
}