{
  "SVHN": [
    {
      "acc/test/SVHN_epoch": 0.9621619582176208,
      "loss/test/SVHN_epoch": 0.1521901935338974,
      "acc/test/SVHN": 0.9621619582176208,
      "normalized_acc/test/SVHN": 0.9869572520256042
    }
  ],
  "DTD": [
    {
      "acc/test/DTD_epoch": 0.6968085169792175,
      "loss/test/DTD_epoch": 1.2219711542129517,
      "acc/test/DTD": 0.6968085169792175,
      "normalized_acc/test/DTD": 0.8408215641975403
    }
  ],
  "Flowers102": [
    {
      "acc/test/Flowers102_epoch": 0.7612619996070862,
      "loss/test/Flowers102_epoch": 1.009824275970459,
      "acc/test/Flowers102": 0.7612619996070862,
      "normalized_acc/test/Flowers102": 0.8079047203063965
    }
  ],
  "CIFAR100": [
    {
      "acc/test/CIFAR100_epoch": 0.8093000054359436,
      "loss/test/CIFAR100_epoch": 0.8320237398147583,
      "acc/test/CIFAR100": 0.8093000054359436,
      "normalized_acc/test/CIFAR100": 0.9065755605697632
    }
  ],
  "EMNIST": [
    {
      "acc/test/EMNIST_epoch": 0.9937000274658203,
      "loss/test/EMNIST_epoch": 0.046523693948984146,
      "acc/test/EMNIST": 0.9937000274658203,
      "normalized_acc/test/EMNIST": 0.999396562576294
    }
  ],
  "avg": [
    {
      "acc/test/avg": 0.8446465015411377,
      "normalized_acc/test/avg": 0.9083311319351196
    }
  ]
}