{
  "RESISC45": [
    {
      "acc/test/RESISC45_epoch": 0.9379364848136902,
      "loss/test/RESISC45_epoch": 0.21123507618904114,
      "acc/test/RESISC45": 0.9379364848136902,
      "normalized_acc/test/RESISC45": 0.9702791571617126
    }
  ],
  "GTSRB": [
    {
      "acc/test/GTSRB_epoch": 0.9661915898323059,
      "loss/test/GTSRB_epoch": 0.13339582085609436,
      "acc/test/GTSRB": 0.9661915898323059,
      "normalized_acc/test/GTSRB": 0.9767870306968689
    }
  ],
  "DTD": [
    {
      "acc/test/DTD_epoch": 0.7228723168373108,
      "loss/test/DTD_epoch": 1.095308780670166,
      "acc/test/DTD": 0.7228723168373108,
      "normalized_acc/test/DTD": 0.8722720742225647
    }
  ],
  "Flowers102": [
    {
      "acc/test/Flowers102_epoch": 0.8290778994560242,
      "loss/test/Flowers102_epoch": 0.6786471605300903,
      "acc/test/Flowers102": 0.8290778994560242,
      "normalized_acc/test/Flowers102": 0.8798757195472717
    }
  ],
  "EMNIST": [
    {
      "acc/test/EMNIST_epoch": 0.9955000281333923,
      "loss/test/EMNIST_epoch": 0.038186557590961456,
      "acc/test/EMNIST": 0.9955000281333923,
      "normalized_acc/test/EMNIST": 1.001206874847412
    }
  ],
  "avg": [
    {
      "acc/test/avg": 0.8903156638145446,
      "normalized_acc/test/avg": 0.940084171295166
    }
  ]
}