{
  "RESISC45": [
    {
      "acc/test/RESISC45_epoch": 0.902222216129303,
      "loss/test/RESISC45_epoch": 0.3244360089302063,
      "acc/test/RESISC45": 0.902222216129303,
      "normalized_acc/test/RESISC45": 0.9333333373069763
    }
  ],
  "EuroSAT": [
    {
      "acc/test/EuroSAT_epoch": 0.9725925922393799,
      "loss/test/EuroSAT_epoch": 0.09464936703443527,
      "acc/test/EuroSAT": 0.9725925922393799,
      "normalized_acc/test/EuroSAT": 0.9816822409629822
    }
  ],
  "DTD": [
    {
      "acc/test/DTD_epoch": 0.6632978916168213,
      "loss/test/DTD_epoch": 1.1982061862945557,
      "acc/test/DTD": 0.6632978916168213,
      "normalized_acc/test/DTD": 0.8003851175308228
    }
  ],
  "PCAM": [
    {
      "acc/test/PCAM_epoch": 0.799163818359375,
      "loss/test/PCAM_epoch": 0.6759094595909119,
      "acc/test/PCAM": 0.799163818359375,
      "normalized_acc/test/PCAM": 0.9007326364517212
    }
  ],
  "RenderedSST2": [
    {
      "acc/test/RenderedSST2_epoch": 0.7896760106086731,
      "loss/test/RenderedSST2_epoch": 0.6763313412666321,
      "acc/test/RenderedSST2": 0.7896760106086731,
      "normalized_acc/test/RenderedSST2": 1.0234875679016113
    }
  ],
  "avg": [
    {
      "acc/test/avg": 0.8253905057907105,
      "normalized_acc/test/avg": 0.9279241800308228
    }
  ]
}