{
    "EMNIST": [
        {
            "acc/test/EMNIST_epoch": 0.9955999851226807,
            "loss/test/EMNIST_epoch": 0.04461519420146942,
            "acc/test/EMNIST": 0.9955999851226807,
            "normalized_acc/test/EMNIST": 1.001307487487793
        }
    ],
    "RenderedSST2": [
        {
            "acc/test/RenderedSST2_epoch": 0.7611202597618103,
            "loss/test/RenderedSST2_epoch": 0.556523323059082,
            "acc/test/RenderedSST2": 0.7611202597618103,
            "normalized_acc/test/RenderedSST2": 0.9864768385887146
        }
    ],
    "avg": [
        {
            "acc/test/avg": 0.8783601224422455,
            "normalized_acc/test/avg": 0.9938921630382538
        }
    ]
}