{
    "GTSRB": [
        {
            "acc/test/GTSRB_epoch": 0.9734758734703064,
            "loss/test/GTSRB_epoch": 0.11752346158027649,
            "acc/test/GTSRB": 0.9734758734703064,
            "normalized_acc/test/GTSRB": 0.9841511845588684
        }
    ],
    "OxfordIIITPet": [
        {
            "acc/test/OxfordIIITPet_epoch": 0.9373126029968262,
            "loss/test/OxfordIIITPet_epoch": 0.2055436372756958,
            "acc/test/OxfordIIITPet": 0.9373126029968262,
            "normalized_acc/test/OxfordIIITPet": 0.9862345457077026
        }
    ],
    "avg": [
        {
            "acc/test/avg": 0.9553942382335663,
            "normalized_acc/test/avg": 0.9851928651332855
        }
    ]
}