{
    "STL10": [
        {
            "acc/test/STL10_epoch": 0.9803749918937683,
            "loss/test/STL10_epoch": 0.06732091307640076,
            "acc/test/STL10": 0.9803749918937683,
            "normalized_acc/test/STL10": 0.9924079775810242
        }
    ],
    "FashionMNIST": [
        {
            "acc/test/FashionMNIST_epoch": 0.9301999807357788,
            "loss/test/FashionMNIST_epoch": 0.2038477659225464,
            "acc/test/FashionMNIST": 0.9301999807357788,
            "normalized_acc/test/FashionMNIST": 0.9771007895469666
        }
    ],
    "avg": [
        {
            "acc/test/avg": 0.9552874863147736,
            "normalized_acc/test/avg": 0.9847543835639954
        }
    ]
}