{
    "EuroSAT": [
        {
            "acc/test/EuroSAT_epoch": 0.9848148226737976,
            "loss/test/EuroSAT_epoch": 0.050447285175323486,
            "acc/test/EuroSAT": 0.9848148226737976,
            "normalized_acc/test/EuroSAT": 0.9940187335014343
        }
    ],
    "STL10": [
        {
            "acc/test/STL10_epoch": 0.9865000247955322,
            "loss/test/STL10_epoch": 0.043435029685497284,
            "acc/test/STL10": 0.9865000247955322,
            "normalized_acc/test/STL10": 0.9986081719398499
        }
    ],
    "avg": [
        {
            "acc/test/avg": 0.9856574237346649,
            "normalized_acc/test/avg": 0.9963134527206421
        }
    ]
}