{
    "CIFAR10": [
        {
            "acc/test/CIFAR10_epoch": 0.9812999963760376,
            "loss/test/CIFAR10_epoch": 0.06613732129335403,
            "acc/test/CIFAR10": 0.9812999963760376,
            "normalized_acc/test/CIFAR10": 0.9996944069862366
        }
    ],
    "Food101": [
        {
            "acc/test/Food101_epoch": 0.8966732621192932,
            "loss/test/Food101_epoch": 0.3766765594482422,
            "acc/test/Food101": 0.8966732621192932,
            "normalized_acc/test/Food101": 0.9864500164985657
        }
    ],
    "avg": [
        {
            "acc/test/avg": 0.9389866292476654,
            "normalized_acc/test/avg": 0.9930722117424011
        }
    ]
}