{
    "SUN397": [
        {
            "acc/test/SUN397_epoch": 0.7326448559761047,
            "loss/test/SUN397_epoch": 0.9224128127098083,
            "acc/test/SUN397": 0.7326448559761047,
            "normalized_acc/test/SUN397": 0.9291464686393738
        }
    ],
    "PCAM": [
        {
            "acc/test/PCAM_epoch": 0.907958984375,
            "loss/test/PCAM_epoch": 0.21677269041538239,
            "acc/test/PCAM": 0.907958984375,
            "normalized_acc/test/PCAM": 1.0233550071716309
        }
    ],
    "avg": [
        {
            "acc/test/avg": 0.8203019201755524,
            "normalized_acc/test/avg": 0.9762507379055023
        }
    ]
}