{
    "OxfordIIITPet": [
        {
            "acc/test/OxfordIIITPet_epoch": 0.9362223744392395,
            "loss/test/OxfordIIITPet_epoch": 0.20675739645957947,
            "acc/test/OxfordIIITPet": 0.9362223744392395,
            "normalized_acc/test/OxfordIIITPet": 0.9850873947143555
        }
    ],
    "EMNIST": [
        {
            "acc/test/EMNIST_epoch": 0.9955999851226807,
            "loss/test/EMNIST_epoch": 0.04397241398692131,
            "acc/test/EMNIST": 0.9955999851226807,
            "normalized_acc/test/EMNIST": 1.001307487487793
        }
    ],
    "avg": [
        {
            "acc/test/avg": 0.9659111797809601,
            "normalized_acc/test/avg": 0.9931974411010742
        }
    ]
}