{
    "SUN397": [
        {
            "acc/test/SUN397_epoch": 0.7477077841758728,
            "loss/test/SUN397_epoch": 0.8933112621307373,
            "acc/test/SUN397": 0.7477077841758728,
            "normalized_acc/test/SUN397": 0.9482493996620178
        }
    ],
    "CIFAR10": [
        {
            "acc/test/CIFAR10_epoch": 0.9829999804496765,
            "loss/test/CIFAR10_epoch": 0.06249634921550751,
            "acc/test/CIFAR10": 0.9829999804496765,
            "normalized_acc/test/CIFAR10": 1.0014262199401855
        }
    ],
    "avg": [
        {
            "acc/test/avg": 0.8653538823127747,
            "normalized_acc/test/avg": 0.9748378098011017
        }
    ]
}