{
    "EMNIST": [
        {
            "acc/test/EMNIST_epoch": 0.9958000183105469,
            "loss/test/EMNIST_epoch": 0.044249795377254486,
            "acc/test/EMNIST": 0.9958000183105469,
            "normalized_acc/test/EMNIST": 1.0015085935592651
        }
    ],
    "RenderedSST2": [
        {
            "acc/test/RenderedSST2_epoch": 0.760021984577179,
            "loss/test/RenderedSST2_epoch": 0.5520845055580139,
            "acc/test/RenderedSST2": 0.760021984577179,
            "normalized_acc/test/RenderedSST2": 0.9850533604621887
        }
    ],
    "avg": [
        {
            "acc/test/avg": 0.8779110014438629,
            "normalized_acc/test/avg": 0.9932809770107269
        }
    ]
}