{
    "STL10": [
        {
            "acc/test/STL10_epoch": 0.9898750185966492,
            "loss/test/STL10_epoch": 0.033509377390146255,
            "acc/test/STL10": 0.9898750185966492,
            "normalized_acc/test/STL10": 1.002024531364441
        }
    ],
    "Food101": [
        {
            "acc/test/Food101_epoch": 0.9184554219245911,
            "loss/test/Food101_epoch": 0.30040788650512695,
            "acc/test/Food101": 0.9184554219245911,
            "normalized_acc/test/Food101": 1.0104130506515503
        }
    ],
    "avg": [
        {
            "acc/test/avg": 0.9541652202606201,
            "normalized_acc/test/avg": 1.0062187910079956
        }
    ]
}