{
    "SVHN": [
        {
            "acc/test/SVHN_epoch": 0.9697295427322388,
            "loss/test/SVHN_epoch": 0.1403500735759735,
            "acc/test/SVHN": 0.9697295427322388,
            "normalized_acc/test/SVHN": 0.9947198033332825
        }
    ],
    "RenderedSST2": [
        {
            "acc/test/RenderedSST2_epoch": 0.7671608924865723,
            "loss/test/RenderedSST2_epoch": 0.538642168045044,
            "acc/test/RenderedSST2": 0.7671608924865723,
            "normalized_acc/test/RenderedSST2": 0.9943060278892517
        }
    ],
    "avg": [
        {
            "acc/test/avg": 0.8684452176094055,
            "normalized_acc/test/avg": 0.9945129156112671
        }
    ]
}