{
    "DTD": [
        {
            "acc/test/DTD_epoch": 0.7058510780334473,
            "loss/test/DTD_epoch": 1.0877832174301147,
            "acc/test/DTD": 0.7058510780334473,
            "normalized_acc/test/DTD": 0.8517329692840576
        }
    ],
    "EMNIST": [
        {
            "acc/test/EMNIST_epoch": 0.9955000281333923,
            "loss/test/EMNIST_epoch": 0.042952314019203186,
            "acc/test/EMNIST": 0.9955000281333923,
            "normalized_acc/test/EMNIST": 1.001206874847412
        }
    ],
    "avg": [
        {
            "acc/test/avg": 0.8506755530834198,
            "normalized_acc/test/avg": 0.9264699220657349
        }
    ]
}