{
    "PCAM": [
        {
            "acc/test/PCAM_epoch": 0.87353515625,
            "loss/test/PCAM_epoch": 0.30579614639282227,
            "acc/test/PCAM": 0.87353515625,
            "normalized_acc/test/PCAM": 0.9845561385154724
        }
    ],
    "Food101": [
        {
            "acc/test/Food101_epoch": 0.9013465642929077,
            "loss/test/Food101_epoch": 0.34199199080467224,
            "acc/test/Food101": 0.9013465642929077,
            "normalized_acc/test/Food101": 0.991591215133667
        }
    ],
    "avg": [
        {
            "acc/test/avg": 0.8874408602714539,
            "normalized_acc/test/avg": 0.9880736768245697
        }
    ]
}