{
    "Food101": [
        {
            "acc/test/Food101_epoch": 0.9152871370315552,
            "loss/test/Food101_epoch": 0.29338690638542175,
            "acc/test/Food101": 0.9152871370315552,
            "normalized_acc/test/Food101": 1.006927490234375
        }
    ],
    "RenderedSST2": [
        {
            "acc/test/RenderedSST2_epoch": 0.7292696237564087,
            "loss/test/RenderedSST2_epoch": 0.5395128130912781,
            "acc/test/RenderedSST2": 0.7292696237564087,
            "normalized_acc/test/RenderedSST2": 0.9451956748962402
        }
    ],
    "avg": [
        {
            "acc/test/avg": 0.8222783803939819,
            "normalized_acc/test/avg": 0.9760615825653076
        }
    ]
}