{
    "GTSRB": [
        {
            "acc/test/GTSRB_epoch": 0.8752968907356262,
            "loss/test/GTSRB_epoch": 0.547696590423584,
            "acc/test/GTSRB": 0.8752968907356262,
            "normalized_acc/test/GTSRB": 0.8848955631256104
        }
    ],
    "DTD": [
        {
            "acc/test/DTD_epoch": 0.6085106134414673,
            "loss/test/DTD_epoch": 1.3692172765731812,
            "acc/test/DTD": 0.6085106134414673,
            "normalized_acc/test/DTD": 0.734274685382843
        }
    ],
    "avg": [
        {
            "acc/test/avg": 0.7419037520885468,
            "normalized_acc/test/avg": 0.8095851242542267
        }
    ]
}