{
    "MNIST": [
        {
            "acc/test/MNIST_epoch": 0.9853000044822693,
            "loss/test/MNIST_epoch": 0.16349156200885773,
            "acc/test/MNIST": 0.9853000044822693,
            "normalized_acc/test/MNIST": 0.9887606501579285
        }
    ],
    "Food101": [
        {
            "acc/test/Food101_epoch": 0.9057425856590271,
            "loss/test/Food101_epoch": 0.3283458650112152,
            "acc/test/Food101": 0.9057425856590271,
            "normalized_acc/test/Food101": 0.9964273571968079
        }
    ],
    "avg": [
        {
            "acc/test/avg": 0.9455212950706482,
            "normalized_acc/test/avg": 0.9925940036773682
        }
    ]
}