{
    "PCAM": [
        {
            "acc/test/PCAM_epoch": 0.87994384765625,
            "loss/test/PCAM_epoch": 0.3009800612926483,
            "acc/test/PCAM": 0.87994384765625,
            "normalized_acc/test/PCAM": 0.9917793273925781
        }
    ],
    "FER2013": [
        {
            "acc/test/FER2013_epoch": 0.661883533000946,
            "loss/test/FER2013_epoch": 0.9413584470748901,
            "acc/test/FER2013": 0.661883533000946,
            "normalized_acc/test/FER2013": 0.8977702260017395
        }
    ],
    "avg": [
        {
            "acc/test/avg": 0.770913690328598,
            "normalized_acc/test/avg": 0.9447747766971588
        }
    ]
}