{
    "SVHN": [
        {
            "acc/test/SVHN_epoch": 0.9122233986854553,
            "loss/test/SVHN_epoch": 0.4571434259414673,
            "acc/test/SVHN": 0.9122233986854553,
            "normalized_acc/test/SVHN": 0.9357317090034485
        }
    ],
    "FashionMNIST": [
        {
            "acc/test/FashionMNIST_epoch": 0.887499988079071,
            "loss/test/FashionMNIST_epoch": 0.325016051530838,
            "acc/test/FashionMNIST": 0.887499988079071,
            "normalized_acc/test/FashionMNIST": 0.9322478771209717
        }
    ],
    "avg": [
        {
            "acc/test/avg": 0.8998616933822632,
            "normalized_acc/test/avg": 0.9339897930622101
        }
    ]
}