{
    "Cars": [
        {
            "acc/test/Cars_epoch": 0.7804999351501465,
            "loss/test/Cars_epoch": 0.6442833542823792,
            "acc/test/Cars": 0.7804999351501465,
            "normalized_acc/test/Cars": 0.9096970558166504
        }
    ],
    "SVHN": [
        {
            "acc/test/SVHN_epoch": 0.9208666086196899,
            "loss/test/SVHN_epoch": 0.400777667760849,
            "acc/test/SVHN": 0.9208666086196899,
            "normalized_acc/test/SVHN": 0.9445976614952087
        }
    ],
    "avg": [
        {
            "acc/test/avg": 0.8506832718849182,
            "normalized_acc/test/avg": 0.9271473586559296
        }
    ]
}