{
    "RESISC45": [
        {
            "acc/test/RESISC45_epoch": 0.8652380704879761,
            "loss/test/RESISC45_epoch": 0.4100078344345093,
            "acc/test/RESISC45": 0.8652380704879761,
            "normalized_acc/test/RESISC45": 0.8950738906860352
        }
    ],
    "CIFAR100": [
        {
            "acc/test/CIFAR100_epoch": 0.8310999870300293,
            "loss/test/CIFAR100_epoch": 0.6148431897163391,
            "acc/test/CIFAR100": 0.8310999870300293,
            "normalized_acc/test/CIFAR100": 0.9309958219528198
        }
    ],
    "avg": [
        {
            "acc/test/avg": 0.8481690287590027,
            "normalized_acc/test/avg": 0.9130348563194275
        }
    ]
}