{
    "FER2013": [
        {
            "acc/test/FER2013_epoch": 0.6460016965866089,
            "loss/test/FER2013_epoch": 0.9878243803977966,
            "acc/test/FER2013": 0.6460016965866089,
            "normalized_acc/test/FER2013": 0.8762283325195312
        }
    ],
    "EMNIST": [
        {
            "acc/test/EMNIST_epoch": 0.9868999719619751,
            "loss/test/EMNIST_epoch": 0.14560635387897491,
            "acc/test/EMNIST": 0.9868999719619751,
            "normalized_acc/test/EMNIST": 0.9925575256347656
        }
    ],
    "avg": [
        {
            "acc/test/avg": 0.816450834274292,
            "normalized_acc/test/avg": 0.9343929290771484
        }
    ]
}