{
    "SUN397": [
        {
            "acc/test/SUN397_epoch": 0.7032241821289062,
            "loss/test/SUN397_epoch": 1.0138949155807495,
            "acc/test/SUN397": 0.7032241821289062,
            "normalized_acc/test/SUN397": 0.8918349146842957
        }
    ],
    "DTD": [
        {
            "acc/test/DTD_epoch": 0.5228723287582397,
            "loss/test/DTD_epoch": 1.6722145080566406,
            "acc/test/DTD": 0.5228723287582397,
            "normalized_acc/test/DTD": 0.6309370398521423
        }
    ],
    "avg": [
        {
            "acc/test/avg": 0.613048255443573,
            "normalized_acc/test/avg": 0.761385977268219
        }
    ]
}