{
    "CIFAR10": [
        {
            "acc/test/CIFAR10_epoch": 0.9611999988555908,
            "loss/test/CIFAR10_epoch": 0.12001889944076538,
            "acc/test/CIFAR10": 0.9611999988555908,
            "normalized_acc/test/CIFAR10": 0.9792175889015198
        }
    ],
    "FashionMNIST": [
        {
            "acc/test/FashionMNIST_epoch": 0.8431000113487244,
            "loss/test/FashionMNIST_epoch": 0.45736944675445557,
            "acc/test/FashionMNIST": 0.8431000113487244,
            "normalized_acc/test/FashionMNIST": 0.8856092095375061
        }
    ],
    "avg": [
        {
            "acc/test/avg": 0.9021500051021576,
            "normalized_acc/test/avg": 0.9324133992195129
        }
    ]
}