{
    "EuroSAT": [
        {
            "acc/test/EuroSAT_epoch": 0.8892592787742615,
            "loss/test/EuroSAT_epoch": 0.48816990852355957,
            "acc/test/EuroSAT": 0.8892592787742615,
            "normalized_acc/test/EuroSAT": 0.8975701332092285
        }
    ],
    "Food101": [
        {
            "acc/test/Food101_epoch": 0.9044752717018127,
            "loss/test/Food101_epoch": 0.3234921991825104,
            "acc/test/Food101": 0.9044752717018127,
            "normalized_acc/test/Food101": 0.9950331449508667
        }
    ],
    "avg": [
        {
            "acc/test/avg": 0.8968672752380371,
            "normalized_acc/test/avg": 0.9463016390800476
        }
    ]
}