{
    "Cars": [
        {
            "acc/test/Cars_epoch": 0.7199353575706482,
            "loss/test/Cars_epoch": 0.7947208285331726,
            "acc/test/Cars": 0.7199353575706482,
            "normalized_acc/test/Cars": 0.8391071557998657
        }
    ],
    "PCAM": [
        {
            "acc/test/PCAM_epoch": 0.759521484375,
            "loss/test/PCAM_epoch": 0.46876662969589233,
            "acc/test/PCAM": 0.759521484375,
            "normalized_acc/test/PCAM": 0.8560519814491272
        }
    ],
    "avg": [
        {
            "acc/test/avg": 0.7397284209728241,
            "normalized_acc/test/avg": 0.8475795686244965
        }
    ]
}