{
    "Flowers102": [
        {
            "acc/test/Flowers102_epoch": 0.7606114745140076,
            "loss/test/Flowers102_epoch": 1.0317692756652832,
            "acc/test/Flowers102": 0.7606114745140076,
            "normalized_acc/test/Flowers102": 0.8072143197059631
        }
    ],
    "STL10": [
        {
            "acc/test/STL10_epoch": 0.9872499704360962,
            "loss/test/STL10_epoch": 0.05010839179158211,
            "acc/test/STL10": 0.9872499704360962,
            "normalized_acc/test/STL10": 0.9993672966957092
        }
    ],
    "avg": [
        {
            "acc/test/avg": 0.8739307224750519,
            "normalized_acc/test/avg": 0.9032908082008362
        }
    ]
}