{
    "SVHN": [
        {
            "acc/test/SVHN_epoch": 0.826098620891571,
            "loss/test/SVHN_epoch": 0.8531212210655212,
            "acc/test/SVHN": 0.826098620891571,
            "normalized_acc/test/SVHN": 0.8473874926567078
        }
    ],
    "Flowers102": [
        {
            "acc/test/Flowers102_epoch": 0.7438607811927795,
            "loss/test/Flowers102_epoch": 1.1179908514022827,
            "acc/test/Flowers102": 0.7438607811927795,
            "normalized_acc/test/Flowers102": 0.7894372940063477
        }
    ],
    "avg": [
        {
            "acc/test/avg": 0.7849797010421753,
            "normalized_acc/test/avg": 0.8184123933315277
        }
    ]
}