{
    "Cars": [
        {
            "acc/test/Cars_epoch": 0.7271483540534973,
            "loss/test/Cars_epoch": 0.7709925174713135,
            "acc/test/Cars": 0.7271483540534973,
            "normalized_acc/test/Cars": 0.8475140929222107
        }
    ],
    "KMNIST": [
        {
            "acc/test/KMNIST_epoch": 0.15199999511241913,
            "loss/test/KMNIST_epoch": 2.2062456607818604,
            "acc/test/KMNIST": 0.15199999511241913,
            "normalized_acc/test/KMNIST": 0.15455007553100586
        }
    ],
    "avg": [
        {
            "acc/test/avg": 0.4395741745829582,
            "normalized_acc/test/avg": 0.5010320842266083
        }
    ]
}