{
    "RESISC45": [
        {
            "acc/test/RESISC45_epoch": 0.8019047379493713,
            "loss/test/RESISC45_epoch": 0.6268554329872131,
            "acc/test/RESISC45": 0.8019047379493713,
            "normalized_acc/test/RESISC45": 0.8295566439628601
        }
    ],
    "CIFAR10": [
        {
            "acc/test/CIFAR10_epoch": 0.9661999940872192,
            "loss/test/CIFAR10_epoch": 0.10765014588832855,
            "acc/test/CIFAR10": 0.9661999940872192,
            "normalized_acc/test/CIFAR10": 0.9843113422393799
        }
    ],
    "avg": [
        {
            "acc/test/avg": 0.8840523660182953,
            "normalized_acc/test/avg": 0.90693399310112
        }
    ]
}