{
    "SVHN": [
        {
            "acc/test/SVHN_epoch": 0.8333589434623718,
            "loss/test/SVHN_epoch": 0.7376818060874939,
            "acc/test/SVHN": 0.8333589434623718,
            "normalized_acc/test/SVHN": 0.8548349142074585
        }
    ],
    "GTSRB": [
        {
            "acc/test/GTSRB_epoch": 0.6632620692253113,
            "loss/test/GTSRB_epoch": 1.1593915224075317,
            "acc/test/GTSRB": 0.6632620692253113,
            "normalized_acc/test/GTSRB": 0.6705355048179626
        }
    ],
    "avg": [
        {
            "acc/test/avg": 0.7483105063438416,
            "normalized_acc/test/avg": 0.7626852095127106
        }
    ]
}