{
    "CIFAR100": [
        {
            "acc/test/CIFAR100_epoch": 0.7872999906539917,
            "loss/test/CIFAR100_epoch": 0.761701762676239,
            "acc/test/CIFAR100": 0.7872999906539917,
            "normalized_acc/test/CIFAR100": 0.8819311857223511
        }
    ],
    "KMNIST": [
        {
            "acc/test/KMNIST_epoch": 0.16459999978542328,
            "loss/test/KMNIST_epoch": 2.212280511856079,
            "acc/test/KMNIST": 0.16459999978542328,
            "normalized_acc/test/KMNIST": 0.16736146807670593
        }
    ],
    "avg": [
        {
            "acc/test/avg": 0.4759499952197075,
            "normalized_acc/test/avg": 0.5246463268995285
        }
    ]
}