{
    "PCAM": [
        {
            "acc/test/PCAM_epoch": 0.7635498046875,
            "loss/test/PCAM_epoch": 0.45832550525665283,
            "acc/test/PCAM": 0.7635498046875,
            "normalized_acc/test/PCAM": 0.8605923056602478
        }
    ],
    "OxfordIIITPet": [
        {
            "acc/test/OxfordIIITPet_epoch": 0.9122376441955566,
            "loss/test/OxfordIIITPet_epoch": 0.2597839832305908,
            "acc/test/OxfordIIITPet": 0.9122376441955566,
            "normalized_acc/test/OxfordIIITPet": 0.9598508477210999
        }
    ],
    "avg": [
        {
            "acc/test/avg": 0.8378937244415283,
            "normalized_acc/test/avg": 0.9102215766906738
        }
    ]
}