{
    "FER2013": [
        {
            "acc/test/FER2013_epoch": 0.5986347198486328,
            "loss/test/FER2013_epoch": 1.1128009557724,
            "acc/test/FER2013": 0.5986347198486328,
            "normalized_acc/test/FER2013": 0.8119803667068481
        }
    ],
    "EMNIST": [
        {
            "acc/test/EMNIST_epoch": 0.9294000267982483,
            "loss/test/EMNIST_epoch": 0.4875970780849457,
            "acc/test/EMNIST": 0.9294000267982483,
            "normalized_acc/test/EMNIST": 0.9347279667854309
        }
    ],
    "avg": [
        {
            "acc/test/avg": 0.7640173733234406,
            "normalized_acc/test/avg": 0.8733541667461395
        }
    ]
}