{
    "Cars": [
        {
            "acc/test/Cars_epoch": 0.7365999221801758,
            "loss/test/Cars_epoch": 0.7504706382751465,
            "acc/test/Cars": 0.7365999221801758,
            "normalized_acc/test/Cars": 0.8585302233695984
        }
    ],
    "DTD": [
        {
            "acc/test/DTD_epoch": 0.526063859462738,
            "loss/test/DTD_epoch": 1.6542072296142578,
            "acc/test/DTD": 0.526063859462738,
            "normalized_acc/test/DTD": 0.6347882151603699
        }
    ],
    "avg": [
        {
            "acc/test/avg": 0.6313318908214569,
            "normalized_acc/test/avg": 0.7466592192649841
        }
    ]
}