{
    "Flowers102": [
        {
            "acc/test/Flowers102_epoch": 0.7445113062858582,
            "loss/test/Flowers102_epoch": 1.0926536321640015,
            "acc/test/Flowers102": 0.7445113062858582,
            "normalized_acc/test/Flowers102": 0.790127694606781
        }
    ],
    "KMNIST": [
        {
            "acc/test/KMNIST_epoch": 0.16210000216960907,
            "loss/test/KMNIST_epoch": 2.1824710369110107,
            "acc/test/KMNIST": 0.16210000216960907,
            "normalized_acc/test/KMNIST": 0.16481952369213104
        }
    ],
    "avg": [
        {
            "acc/test/avg": 0.4533056542277336,
            "normalized_acc/test/avg": 0.477473609149456
        }
    ]
}