{
    "EuroSAT": [
        {
            "acc/test/EuroSAT_epoch": 0.8974074125289917,
            "loss/test/EuroSAT_epoch": 0.45533692836761475,
            "acc/test/EuroSAT": 0.8974074125289917,
            "normalized_acc/test/EuroSAT": 0.9057944416999817
        }
    ],
    "CIFAR10": [
        {
            "acc/test/CIFAR10_epoch": 0.9661999940872192,
            "loss/test/CIFAR10_epoch": 0.10934541374444962,
            "acc/test/CIFAR10": 0.9661999940872192,
            "normalized_acc/test/CIFAR10": 0.9843113422393799
        }
    ],
    "avg": [
        {
            "acc/test/avg": 0.9318037033081055,
            "normalized_acc/test/avg": 0.9450528919696808
        }
    ]
}