{
    "Cars": [
        {
            "acc/test/Cars_epoch": 0.7307548522949219,
            "loss/test/Cars_epoch": 0.7637909650802612,
            "acc/test/Cars": 0.7307548522949219,
            "normalized_acc/test/Cars": 0.8517175912857056
        }
    ],
    "OxfordIIITPet": [
        {
            "acc/test/OxfordIIITPet_epoch": 0.9078767895698547,
            "loss/test/OxfordIIITPet_epoch": 0.2586803436279297,
            "acc/test/OxfordIIITPet": 0.9078767895698547,
            "normalized_acc/test/OxfordIIITPet": 0.9552623629570007
        }
    ],
    "avg": [
        {
            "acc/test/avg": 0.8193158209323883,
            "normalized_acc/test/avg": 0.9034899771213531
        }
    ]
}