{
    "PCAM": [
        {
            "acc/test/PCAM_epoch": 0.752105712890625,
            "loss/test/PCAM_epoch": 0.4739891588687897,
            "acc/test/PCAM": 0.752105712890625,
            "normalized_acc/test/PCAM": 0.8476937413215637
        }
    ],
    "CIFAR10": [
        {
            "acc/test/CIFAR10_epoch": 0.9629999995231628,
            "loss/test/CIFAR10_epoch": 0.12174087762832642,
            "acc/test/CIFAR10": 0.9629999995231628,
            "normalized_acc/test/CIFAR10": 0.9810513854026794
        }
    ],
    "avg": [
        {
            "acc/test/avg": 0.8575528562068939,
            "normalized_acc/test/avg": 0.9143725633621216
        }
    ]
}