{
    "PCAM": [
        {
            "acc/test/PCAM_epoch": 0.7476806640625,
            "loss/test/PCAM_epoch": 0.480795294046402,
            "acc/test/PCAM": 0.7476806640625,
            "normalized_acc/test/PCAM": 0.8427062630653381
        }
    ],
    "KMNIST": [
        {
            "acc/test/KMNIST_epoch": 0.1559000015258789,
            "loss/test/KMNIST_epoch": 2.236787796020508,
            "acc/test/KMNIST": 0.1559000015258789,
            "normalized_acc/test/KMNIST": 0.15851551294326782
        }
    ],
    "avg": [
        {
            "acc/test/avg": 0.45179033279418945,
            "normalized_acc/test/avg": 0.500610888004303
        }
    ]
}