{
    "Cars": [
        {
            "acc/test/Cars_epoch": 0.7329934239387512,
            "loss/test/Cars_epoch": 0.7571616768836975,
            "acc/test/Cars": 0.7329934239387512,
            "normalized_acc/test/Cars": 0.8543267250061035
        }
    ],
    "Flowers102": [
        {
            "acc/test/Flowers102_epoch": 0.7446739077568054,
            "loss/test/Flowers102_epoch": 1.097446322441101,
            "acc/test/Flowers102": 0.7446739077568054,
            "normalized_acc/test/Flowers102": 0.7903002500534058
        }
    ],
    "avg": [
        {
            "acc/test/avg": 0.7388336658477783,
            "normalized_acc/test/avg": 0.8223134875297546
        }
    ]
}