{
    "SUN397": [
        {
            "acc/test/SUN397_epoch": 0.699093222618103,
            "loss/test/SUN397_epoch": 1.0290238857269287,
            "acc/test/SUN397": 0.699093222618103,
            "normalized_acc/test/SUN397": 0.8865960240364075
        }
    ],
    "CIFAR100": [
        {
            "acc/test/CIFAR100_epoch": 0.7940000295639038,
            "loss/test/CIFAR100_epoch": 0.7503786087036133,
            "acc/test/CIFAR100": 0.7940000295639038,
            "normalized_acc/test/CIFAR100": 0.8894365429878235
        }
    ],
    "avg": [
        {
            "acc/test/avg": 0.7465466260910034,
            "normalized_acc/test/avg": 0.8880162835121155
        }
    ]
}