{
    "FER2013": [
        {
            "acc/test/FER2013": 0.7038172483444214,
            "loss/test/FER2013": 1.1003530025482178,
            "normalized_acc/test/FER2013": 0.9546485543251038
        }
    ],
    "FashionMNIST": [
        {
            "acc/test/FashionMNIST": 0.9452999830245972,
            "loss/test/FashionMNIST": 0.19097033143043518,
            "normalized_acc/test/FashionMNIST": 0.992962121963501
        }
    ],
    "avg": [
        {
            "acc/test/avg": 0.8245586156845093,
            "normalized_acc/test/avg": 0.9738053381443024
        }
    ]
}