{
    "Food101": [
        {
            "acc/test/Food101": 0.9151287078857422,
            "loss/test/Food101": 0.3466682732105255,
            "normalized_acc/test/Food101": 1.0067532062530518
        }
    ],
    "RenderedSST2": [
        {
            "acc/test/RenderedSST2": 0.7929708957672119,
            "loss/test/RenderedSST2": 0.8805776238441467,
            "normalized_acc/test/RenderedSST2": 1.027758002281189
        }
    ],
    "avg": [
        {
            "acc/test/avg": 0.854049801826477,
            "normalized_acc/test/avg": 1.0172556042671204
        }
    ]
}