{
    "SUN397": [
        {
            "acc/test/SUN397": 0.7710327506065369,
            "loss/test/SUN397": 0.8955259323120117,
            "normalized_acc/test/SUN397": 0.9778303503990173
        }
    ],
    "EMNIST": [
        {
            "acc/test/EMNIST": 0.9952999949455261,
            "loss/test/EMNIST": 0.03504374250769615,
            "normalized_acc/test/EMNIST": 1.00100576877594
        }
    ],
    "avg": [
        {
            "acc/test/avg": 0.8831663727760315,
            "normalized_acc/test/avg": 0.9894180595874786
        }
    ]
}