{
    "MNIST": [
        {
            "acc/test/MNIST": 0.996399998664856,
            "loss/test/MNIST": 0.026207968592643738,
            "normalized_acc/test/MNIST": 0.9998996257781982
        }
    ],
    "FER2013": [
        {
            "acc/test/FER2013": 0.7125940322875977,
            "loss/test/FER2013": 1.2254711389541626,
            "normalized_acc/test/FER2013": 0.966553270816803
        }
    ],
    "avg": [
        {
            "acc/test/avg": 0.8544970154762268,
            "normalized_acc/test/avg": 0.9832264482975006
        }
    ]
}