{
    "Flowers102": [
        {
            "acc/test/Flowers102": 0.8531468510627747,
            "loss/test/Flowers102": 0.5257927179336548,
            "normalized_acc/test/Flowers102": 0.9054193496704102
        }
    ],
    "FashionMNIST": [
        {
            "acc/test/FashionMNIST": 0.9473000168800354,
            "loss/test/FashionMNIST": 0.18163062632083893,
            "normalized_acc/test/FashionMNIST": 0.9950630068778992
        }
    ],
    "avg": [
        {
            "acc/test/avg": 0.900223433971405,
            "normalized_acc/test/avg": 0.9502411782741547
        }
    ]
}