{
    "GTSRB": [
        {
            "acc/test/GTSRB": 0.9889152646064758,
            "loss/test/GTSRB": 0.04844341054558754,
            "normalized_acc/test/GTSRB": 0.9997598528862
        }
    ],
    "Flowers102": [
        {
            "acc/test/Flowers102": 0.8851845860481262,
            "loss/test/Flowers102": 0.47497960925102234,
            "normalized_acc/test/Flowers102": 0.9394200444221497
        }
    ],
    "avg": [
        {
            "acc/test/avg": 0.937049925327301,
            "normalized_acc/test/avg": 0.9695899486541748
        }
    ]
}