{
    "Cars": [
        {
            "acc/test/Cars": 0.816067636013031,
            "loss/test/Cars": 0.6262646913528442,
            "normalized_acc/test/Cars": 0.9511523246765137
        }
    ],
    "SVHN": [
        {
            "acc/test/SVHN": 0.9761447310447693,
            "loss/test/SVHN": 0.10854826122522354,
            "normalized_acc/test/SVHN": 1.00130033493042
        }
    ],
    "avg": [
        {
            "acc/test/avg": 0.8961061835289001,
            "normalized_acc/test/avg": 0.9762263298034668
        }
    ]
}