{
    "RESISC45": [
        {
            "acc/test/RESISC45": 0.9458730220794678,
            "loss/test/RESISC45": 0.1995205283164978,
            "normalized_acc/test/RESISC45": 0.978489339351654
        }
    ],
    "MNIST": [
        {
            "acc/test/MNIST": 0.9965999722480774,
            "loss/test/MNIST": 0.024776559323072433,
            "normalized_acc/test/MNIST": 1.0001002550125122
        }
    ],
    "avg": [
        {
            "acc/test/avg": 0.9712364971637726,
            "normalized_acc/test/avg": 0.9892947971820831
        }
    ]
}