{
    "MNIST": [
        {
            "acc/test/MNIST": 0.9959999918937683,
            "loss/test/MNIST": 0.026946576312184334,
            "normalized_acc/test/MNIST": 0.9994982481002808
        }
    ],
    "CIFAR100": [
        {
            "acc/test/CIFAR100": 0.8453999757766724,
            "loss/test/CIFAR100": 0.6708663702011108,
            "normalized_acc/test/CIFAR100": 0.9470146298408508
        }
    ],
    "avg": [
        {
            "acc/test/avg": 0.9206999838352203,
            "normalized_acc/test/avg": 0.9732564389705658
        }
    ]
}