{
    "DTD": [
        {
            "acc/test/DTD": 0.7579787373542786,
            "loss/test/DTD": 0.966182291507721,
            "normalized_acc/test/DTD": 0.914634108543396
        }
    ],
    "FashionMNIST": [
        {
            "acc/test/FashionMNIST": 0.9451000094413757,
            "loss/test/FashionMNIST": 0.19231238961219788,
            "normalized_acc/test/FashionMNIST": 0.9927520751953125
        }
    ],
    "avg": [
        {
            "acc/test/avg": 0.8515393733978271,
            "normalized_acc/test/avg": 0.9536930918693542
        }
    ]
}