{
    "Cars": [
        {
            "acc/test/Cars": 0.8368362188339233,
            "loss/test/Cars": 0.5514993071556091,
            "normalized_acc/test/Cars": 0.9753587245941162
        }
    ],
    "GTSRB": [
        {
            "acc/test/GTSRB": 0.9898654222488403,
            "loss/test/GTSRB": 0.048213355243206024,
            "normalized_acc/test/GTSRB": 1.000720500946045
        }
    ],
    "avg": [
        {
            "acc/test/avg": 0.9133508205413818,
            "normalized_acc/test/avg": 0.9880396127700806
        }
    ]
}