{
    "CIFAR10": [
        {
            "acc/test/CIFAR10": 0.9843000173568726,
            "loss/test/CIFAR10": 0.06993124634027481,
            "normalized_acc/test/CIFAR10": 1.0027506351470947
        }
    ],
    "Food101": [
        {
            "acc/test/Food101": 0.8916435837745667,
            "loss/test/Food101": 0.4302891492843628,
            "normalized_acc/test/Food101": 0.9809167385101318
        }
    ],
    "avg": [
        {
            "acc/test/avg": 0.9379718005657196,
            "normalized_acc/test/avg": 0.9918336868286133
        }
    ]
}