{
    "Cars": [
        {
            "acc/test/Cars": 0.8000248670578003,
            "loss/test/Cars": 0.6854932904243469,
            "normalized_acc/test/Cars": 0.932453989982605
        }
    ],
    "MNIST": [
        {
            "acc/test/MNIST": 0.9965000152587891,
            "loss/test/MNIST": 0.025983139872550964,
            "normalized_acc/test/MNIST": 1.0
        }
    ],
    "avg": [
        {
            "acc/test/avg": 0.8982624411582947,
            "normalized_acc/test/avg": 0.9662269949913025
        }
    ]
}