{
    "SUN397": [
        {
            "acc/test/SUN397": 0.7736020088195801,
            "loss/test/SUN397": 0.8835451602935791,
            "normalized_acc/test/SUN397": 0.9810886979103088
        }
    ],
    "DTD": [
        {
            "acc/test/DTD": 0.7962765693664551,
            "loss/test/DTD": 0.8919075727462769,
            "normalized_acc/test/DTD": 0.9608471989631653
        }
    ],
    "avg": [
        {
            "acc/test/avg": 0.7849392890930176,
            "normalized_acc/test/avg": 0.9709679484367371
        }
    ]
}