{
    "EMNIST": [
        {
            "acc/test/EMNIST": 0.9937999844551086,
            "loss/test/EMNIST": 0.04410639777779579,
            "normalized_acc/test/EMNIST": 0.99949711561203
        }
    ],
    "KMNIST": [
        {
            "acc/test/KMNIST": 0.9480999708175659,
            "loss/test/KMNIST": 0.2502184212207794,
            "normalized_acc/test/KMNIST": 0.9640060663223267
        }
    ],
    "avg": [
        {
            "acc/test/avg": 0.9709499776363373,
            "normalized_acc/test/avg": 0.9817515909671783
        }
    ]
}