{
    "RESISC45": [
        {
            "acc/test/RESISC45": 0.9469841122627258,
            "loss/test/RESISC45": 0.1907477229833603,
            "normalized_acc/test/RESISC45": 0.9796387553215027
        }
    ],
    "CIFAR10": [
        {
            "acc/test/CIFAR10": 0.9815999865531921,
            "loss/test/CIFAR10": 0.08215390145778656,
            "normalized_acc/test/CIFAR10": 1.0
        }
    ],
    "avg": [
        {
            "acc/test/avg": 0.964292049407959,
            "normalized_acc/test/avg": 0.9898193776607513
        }
    ]
}