{
    "STL10": [
        {
            "acc/test/STL10": 0.9896249771118164,
            "loss/test/STL10": 0.03720826655626297,
            "normalized_acc/test/STL10": 1.0017714500427246
        }
    ],
    "Food101": [
        {
            "acc/test/Food101": 0.916475236415863,
            "loss/test/Food101": 0.33454009890556335,
            "normalized_acc/test/Food101": 1.0082346200942993
        }
    ],
    "avg": [
        {
            "acc/test/avg": 0.9530501067638397,
            "normalized_acc/test/avg": 1.005003035068512
        }
    ]
}