{
    "CIFAR100": [
        {
            "acc/test/CIFAR100": 0.8806999921798706,
            "loss/test/CIFAR100": 0.5077201724052429,
            "normalized_acc/test/CIFAR100": 0.9865576028823853
        }
    ],
    "Food101": [
        {
            "acc/test/Food101": 0.886495053768158,
            "loss/test/Food101": 0.45848289132118225,
            "normalized_acc/test/Food101": 0.9752527475357056
        }
    ],
    "avg": [
        {
            "acc/test/avg": 0.8835975229740143,
            "normalized_acc/test/avg": 0.9809051752090454
        }
    ]
}