{
    "Flowers102": [
        {
            "acc/test/Flowers102": 0.8542852401733398,
            "loss/test/Flowers102": 0.5255284905433655,
            "normalized_acc/test/Flowers102": 0.9066275358200073
        }
    ],
    "FashionMNIST": [
        {
            "acc/test/FashionMNIST": 0.9473000168800354,
            "loss/test/FashionMNIST": 0.18156734108924866,
            "normalized_acc/test/FashionMNIST": 0.9950630068778992
        }
    ],
    "avg": [
        {
            "acc/test/avg": 0.9007926285266876,
            "normalized_acc/test/avg": 0.9508452713489532
        }
    ]
}