{
    "CIFAR10": [
        {
            "acc/test/CIFAR10": 0.9760000109672546,
            "loss/test/CIFAR10": 0.09572763741016388,
            "normalized_acc/test/CIFAR10": 0.994295060634613
        }
    ],
    "FashionMNIST": [
        {
            "acc/test/FashionMNIST": 0.9412999749183655,
            "loss/test/FashionMNIST": 0.19481056928634644,
            "normalized_acc/test/FashionMNIST": 0.9887604713439941
        }
    ],
    "avg": [
        {
            "acc/test/avg": 0.9586499929428101,
            "normalized_acc/test/avg": 0.9915277659893036
        }
    ]
}