{
    "PCAM": [
        {
            "acc/test/PCAM": 0.844329833984375,
            "loss/test/PCAM": 0.4779229164123535,
            "normalized_acc/test/PCAM": 0.9516389966011047
        }
    ],
    "Food101": [
        {
            "acc/test/Food101": 0.8283960223197937,
            "loss/test/Food101": 0.6543573141098022,
            "normalized_acc/test/Food101": 0.9113367199897766
        }
    ],
    "avg": [
        {
            "acc/test/avg": 0.8363629281520844,
            "normalized_acc/test/avg": 0.9314878582954407
        }
    ]
}