{
    "MNIST": [
        {
            "acc/test/MNIST": 0.9944999814033508,
            "loss/test/MNIST": 0.034546419978141785,
            "normalized_acc/test/MNIST": 0.9979929327964783
        }
    ],
    "KMNIST": [
        {
            "acc/test/KMNIST": 0.9150000214576721,
            "loss/test/KMNIST": 0.35606351494789124,
            "normalized_acc/test/KMNIST": 0.9303507804870605
        }
    ],
    "avg": [
        {
            "acc/test/avg": 0.9547500014305115,
            "normalized_acc/test/avg": 0.9641718566417694
        }
    ]
}