{
    "RESISC45": [
        {
            "acc/test/RESISC45": 0.9441269636154175,
            "loss/test/RESISC45": 0.2007608264684677,
            "normalized_acc/test/RESISC45": 0.9766830801963806
        }
    ],
    "CIFAR100": [
        {
            "acc/test/CIFAR100": 0.8806999921798706,
            "loss/test/CIFAR100": 0.5180675983428955,
            "normalized_acc/test/CIFAR100": 0.9865576028823853
        }
    ],
    "avg": [
        {
            "acc/test/avg": 0.912413477897644,
            "normalized_acc/test/avg": 0.9816203415393829
        }
    ]
}