{
    "CIFAR10": [
        {
            "acc/test/CIFAR10": 0.9689000248908997,
            "loss/test/CIFAR10": 0.1297750324010849,
            "normalized_acc/test/CIFAR10": 0.9870619773864746
        }
    ],
    "KMNIST": [
        {
            "acc/test/KMNIST": 0.973800003528595,
            "loss/test/KMNIST": 0.10912708938121796,
            "normalized_acc/test/KMNIST": 0.9901372790336609
        }
    ],
    "avg": [
        {
            "acc/test/avg": 0.9713500142097473,
            "normalized_acc/test/avg": 0.9885996282100677
        }
    ]
}