{
    "STL10": [
        {
            "acc/test/STL10": 0.9727500081062317,
            "loss/test/STL10": 0.10701581090688705,
            "normalized_acc/test/STL10": 0.9846893548965454
        }
    ],
    "CIFAR10": [
        {
            "acc/test/CIFAR10": 0.9807999730110168,
            "loss/test/CIFAR10": 0.07766401767730713,
            "normalized_acc/test/CIFAR10": 0.9991849660873413
        }
    ],
    "avg": [
        {
            "acc/test/avg": 0.9767749905586243,
            "normalized_acc/test/avg": 0.9919371604919434
        }
    ]
}