{
    "SVHN": [
        {
            "acc/test/SVHN": 0.9761447310447693,
            "loss/test/SVHN": 0.10891463607549667,
            "normalized_acc/test/SVHN": 1.00130033493042
        }
    ],
    "DTD": [
        {
            "acc/test/DTD": 0.7351064085960388,
            "loss/test/DTD": 1.1048325300216675,
            "normalized_acc/test/DTD": 0.8870346546173096
        }
    ],
    "avg": [
        {
            "acc/test/avg": 0.855625569820404,
            "normalized_acc/test/avg": 0.9441674947738647
        }
    ]
}