{
    "SVHN": [
        {
            "acc/test/SVHN": 0.9756069183349609,
            "loss/test/SVHN": 0.11077570170164108,
            "normalized_acc/test/SVHN": 1.000748634338379
        }
    ],
    "STL10": [
        {
            "acc/test/STL10": 0.9794999957084656,
            "loss/test/STL10": 0.06125481426715851,
            "normalized_acc/test/STL10": 0.9915221929550171
        }
    ],
    "avg": [
        {
            "acc/test/avg": 0.9775534570217133,
            "normalized_acc/test/avg": 0.996135413646698
        }
    ]
}