{
    "OxfordIIITPet": [
        {
            "acc/test/OxfordIIITPet": 0.9430362582206726,
            "loss/test/OxfordIIITPet": 0.2186448872089386,
            "normalized_acc/test/OxfordIIITPet": 0.9922569394111633
        }
    ],
    "FashionMNIST": [
        {
            "acc/test/FashionMNIST": 0.9476000070571899,
            "loss/test/FashionMNIST": 0.17653809487819672,
            "normalized_acc/test/FashionMNIST": 0.9953781366348267
        }
    ],
    "avg": [
        {
            "acc/test/avg": 0.9453181326389313,
            "normalized_acc/test/avg": 0.993817538022995
        }
    ]
}