{
    "Cars": [
        {
            "acc/test/Cars": 0.8156945705413818,
            "loss/test/Cars": 0.6457028388977051,
            "normalized_acc/test/Cars": 0.9507175087928772
        }
    ],
    "STL10": [
        {
            "acc/test/STL10": 0.9893749952316284,
            "loss/test/STL10": 0.03940627723932266,
            "normalized_acc/test/STL10": 1.0015183687210083
        }
    ],
    "avg": [
        {
            "acc/test/avg": 0.9025347828865051,
            "normalized_acc/test/avg": 0.9761179387569427
        }
    ]
}