{
    "PCAM": [
        {
            "acc/test/PCAM": 0.886077880859375,
            "loss/test/PCAM": 0.3572884798049927,
            "normalized_acc/test/PCAM": 0.9986929297447205
        }
    ],
    "RenderedSST2": [
        {
            "acc/test/RenderedSST2": 0.7852827906608582,
            "loss/test/RenderedSST2": 0.6007217764854431,
            "normalized_acc/test/RenderedSST2": 1.0177935361862183
        }
    ],
    "avg": [
        {
            "acc/test/avg": 0.8356803357601166,
            "normalized_acc/test/avg": 1.0082432329654694
        }
    ]
}