{
    "OxfordIIITPet": [
        {
            "acc/test/OxfordIIITPet": 0.9275006651878357,
            "loss/test/OxfordIIITPet": 0.22610598802566528,
            "normalized_acc/test/OxfordIIITPet": 0.975910484790802
        }
    ],
    "CIFAR10": [
        {
            "acc/test/CIFAR10": 0.9824000000953674,
            "loss/test/CIFAR10": 0.07568236440420151,
            "normalized_acc/test/CIFAR10": 1.0008150339126587
        }
    ],
    "avg": [
        {
            "acc/test/avg": 0.9549503326416016,
            "normalized_acc/test/avg": 0.9883627593517303
        }
    ]
}