{
    "EuroSAT": [
        {
            "acc/test/EuroSAT": 0.9859259128570557,
            "loss/test/EuroSAT": 0.040338389575481415,
            "normalized_acc/test/EuroSAT": 0.9951401948928833
        }
    ],
    "FER2013": [
        {
            "acc/test/FER2013": 0.7433825731277466,
            "loss/test/FER2013": 1.1197004318237305,
            "normalized_acc/test/FER2013": 1.0083144903182983
        }
    ],
    "avg": [
        {
            "acc/test/avg": 0.8646542429924011,
            "normalized_acc/test/avg": 1.0017273426055908
        }
    ]
}