{
    "FER2013": [
        {
            "acc/test/FER2013": 0.7107829451560974,
            "loss/test/FER2013": 1.0492594242095947,
            "normalized_acc/test/FER2013": 0.96409672498703
        }
    ],
    "CIFAR10": [
        {
            "acc/test/CIFAR10": 0.9811999797821045,
            "loss/test/CIFAR10": 0.08727975189685822,
            "normalized_acc/test/CIFAR10": 0.9995924830436707
        }
    ],
    "avg": [
        {
            "acc/test/avg": 0.845991462469101,
            "normalized_acc/test/avg": 0.9818446040153503
        }
    ]
}