{
    "RESISC45": [
        {
            "acc/test/RESISC45": 0.9469841122627258,
            "loss/test/RESISC45": 0.19739750027656555,
            "normalized_acc/test/RESISC45": 0.9796387553215027
        }
    ],
    "MNIST": [
        {
            "acc/test/MNIST": 0.9968000054359436,
            "loss/test/MNIST": 0.024715282022953033,
            "normalized_acc/test/MNIST": 1.0003010034561157
        }
    ],
    "avg": [
        {
            "acc/test/avg": 0.9718920588493347,
            "normalized_acc/test/avg": 0.9899698793888092
        }
    ]
}