{
    "EuroSAT": [
        {
            "acc/test/EuroSAT": 0.9707407355308533,
            "loss/test/EuroSAT": 0.10307727009057999,
            "normalized_acc/test/EuroSAT": 0.9798130989074707
        }
    ],
    "SVHN": [
        {
            "acc/test/SVHN": 0.9698063731193542,
            "loss/test/SVHN": 0.12696267664432526,
            "normalized_acc/test/SVHN": 0.9947986602783203
        }
    ],
    "avg": [
        {
            "acc/test/avg": 0.9702735543251038,
            "normalized_acc/test/avg": 0.9873058795928955
        }
    ]
}