{
    "DTD": [
        {
            "acc/test/DTD": 0.7797872424125671,
            "loss/test/DTD": 0.9430309534072876,
            "normalized_acc/test/DTD": 0.9409499168395996
        }
    ],
    "KMNIST": [
        {
            "acc/test/KMNIST": 0.9830999970436096,
            "loss/test/KMNIST": 0.07762289047241211,
            "normalized_acc/test/KMNIST": 0.9995932579040527
        }
    ],
    "avg": [
        {
            "acc/test/avg": 0.8814436197280884,
            "normalized_acc/test/avg": 0.9702715873718262
        }
    ]
}