{
    "SUN397": [
        {
            "acc/test/SUN397": 0.7760201692581177,
            "loss/test/SUN397": 0.8711069226264954,
            "normalized_acc/test/SUN397": 0.9841554164886475
        }
    ],
    "FER2013": [
        {
            "acc/test/FER2013": 0.7365561723709106,
            "loss/test/FER2013": 1.2022044658660889,
            "normalized_acc/test/FER2013": 0.9990552067756653
        }
    ],
    "avg": [
        {
            "acc/test/avg": 0.7562881708145142,
            "normalized_acc/test/avg": 0.9916053116321564
        }
    ]
}