{
    "GTSRB": [
        {
            "acc/test/GTSRB": 0.9871733784675598,
            "loss/test/GTSRB": 0.05437145009636879,
            "normalized_acc/test/GTSRB": 0.9979988932609558
        }
    ],
    "DTD": [
        {
            "acc/test/DTD": 0.7930850982666016,
            "loss/test/DTD": 0.9151589274406433,
            "normalized_acc/test/DTD": 0.9569960832595825
        }
    ],
    "avg": [
        {
            "acc/test/avg": 0.8901292383670807,
            "normalized_acc/test/avg": 0.9774974882602692
        }
    ]
}