{
    "Flowers102": [
        {
            "acc/test/Flowers102": 0.8973816633224487,
            "loss/test/Flowers102": 0.4167020320892334,
            "normalized_acc/test/Flowers102": 0.952364444732666
        }
    ],
    "STL10": [
        {
            "acc/test/STL10": 0.9901250004768372,
            "loss/test/STL10": 0.033459339290857315,
            "normalized_acc/test/STL10": 1.0022776126861572
        }
    ],
    "avg": [
        {
            "acc/test/avg": 0.9437533318996429,
            "normalized_acc/test/avg": 0.9773210287094116
        }
    ]
}