{
    "MNIST": [
        {
            "acc/test/MNIST": 0.9968000054359436,
            "loss/test/MNIST": 0.024688687175512314,
            "normalized_acc/test/MNIST": 1.0003010034561157
        }
    ],
    "OxfordIIITPet": [
        {
            "acc/test/OxfordIIITPet": 0.9411283731460571,
            "loss/test/OxfordIIITPet": 0.24042171239852905,
            "normalized_acc/test/OxfordIIITPet": 0.9902494549751282
        }
    ],
    "avg": [
        {
            "acc/test/avg": 0.9689641892910004,
            "normalized_acc/test/avg": 0.995275229215622
        }
    ]
}