{
    "OxfordIIITPet": [
        {
            "acc/test/OxfordIIITPet": 0.9514853954315186,
            "loss/test/OxfordIIITPet": 0.17594094574451447,
            "normalized_acc/test/OxfordIIITPet": 1.0011470317840576
        }
    ],
    "STL10": [
        {
            "acc/test/STL10": 0.9906250238418579,
            "loss/test/STL10": 0.035768140107393265,
            "normalized_acc/test/STL10": 1.0027837753295898
        }
    ],
    "avg": [
        {
            "acc/test/avg": 0.9710552096366882,
            "normalized_acc/test/avg": 1.0019654035568237
        }
    ]
}