{
    "GTSRB": [
        {
            "acc/test/GTSRB_epoch": 0.6191607117652893,
            "loss/test/GTSRB_epoch": 1.405856728553772,
            "acc/test/GTSRB": 0.6191607117652893,
            "normalized_acc/test/GTSRB": 0.6259505152702332
        }
    ],
    "PCAM": [
        {
            "acc/test/PCAM_epoch": 0.759979248046875,
            "loss/test/PCAM_epoch": 0.46335121989250183,
            "acc/test/PCAM": 0.759979248046875,
            "normalized_acc/test/PCAM": 0.8565679788589478
        }
    ],
    "avg": [
        {
            "acc/test/avg": 0.6895699799060822,
            "normalized_acc/test/avg": 0.7412592470645905
        }
    ]
}