{
    "STL10": [
        {
            "acc/test/STL10_epoch": 0.987375020980835,
            "loss/test/STL10_epoch": 0.05142008513212204,
            "acc/test/STL10": 0.987375020980835,
            "normalized_acc/test/STL10": 0.9994938969612122
        }
    ],
    "RenderedSST2": [
        {
            "acc/test/RenderedSST2_epoch": 0.6974189877510071,
            "loss/test/RenderedSST2_epoch": 0.573766827583313,
            "acc/test/RenderedSST2": 0.6974189877510071,
            "normalized_acc/test/RenderedSST2": 0.9039145708084106
        }
    ],
    "avg": [
        {
            "acc/test/avg": 0.842397004365921,
            "normalized_acc/test/avg": 0.9517042338848114
        }
    ]
}