{
    "RESISC45": [
        {
            "acc/test/RESISC45_epoch": 0.7853968143463135,
            "loss/test/RESISC45_epoch": 0.6767978072166443,
            "acc/test/RESISC45": 0.7853968143463135,
            "normalized_acc/test/RESISC45": 0.8124794960021973
        }
    ],
    "PCAM": [
        {
            "acc/test/PCAM_epoch": 0.749053955078125,
            "loss/test/PCAM_epoch": 0.4755007326602936,
            "acc/test/PCAM": 0.749053955078125,
            "normalized_acc/test/PCAM": 0.8442541360855103
        }
    ],
    "avg": [
        {
            "acc/test/avg": 0.7672253847122192,
            "normalized_acc/test/avg": 0.8283668160438538
        }
    ]
}