{
    "MNIST": [
        {
            "acc/test/MNIST_epoch": 0.9853000044822693,
            "loss/test/MNIST_epoch": 0.21778234839439392,
            "acc/test/MNIST": 0.9853000044822693,
            "normalized_acc/test/MNIST": 0.9887606501579285
        }
    ],
    "EMNIST": [
        {
            "acc/test/EMNIST_epoch": 0.9772999882698059,
            "loss/test/EMNIST_epoch": 0.19737552106380463,
            "acc/test/EMNIST": 0.9772999882698059,
            "normalized_acc/test/EMNIST": 0.9829025268554688
        }
    ],
    "avg": [
        {
            "acc/test/avg": 0.9812999963760376,
            "normalized_acc/test/avg": 0.9858315885066986
        }
    ]
}