{
    "RESISC45": [
        {
            "acc/test/RESISC45_epoch": 0.9007936716079712,
            "loss/test/RESISC45_epoch": 0.3157564103603363,
            "acc/test/RESISC45": 0.9007936716079712,
            "normalized_acc/test/RESISC45": 0.9318555593490601
        }
    ],
    "MNIST": [
        {
            "acc/test/MNIST_epoch": 0.9945999979972839,
            "loss/test/MNIST_epoch": 0.03798061981797218,
            "acc/test/MNIST": 0.9945999979972839,
            "normalized_acc/test/MNIST": 0.99809330701828
        }
    ],
    "avg": [
        {
            "acc/test/avg": 0.9476968348026276,
            "normalized_acc/test/avg": 0.96497443318367
        }
    ]
}