{
    "EuroSAT": [
        {
            "acc/test/EuroSAT_epoch": 0.9833333492279053,
            "loss/test/EuroSAT_epoch": 0.04874611273407936,
            "acc/test/EuroSAT": 0.9833333492279053,
            "normalized_acc/test/EuroSAT": 0.9925234317779541
        }
    ],
    "STL10": [
        {
            "acc/test/STL10_epoch": 0.984499990940094,
            "loss/test/STL10_epoch": 0.045440930873155594,
            "acc/test/STL10": 0.984499990940094,
            "normalized_acc/test/STL10": 0.9965835809707642
        }
    ],
    "avg": [
        {
            "acc/test/avg": 0.9839166700839996,
            "normalized_acc/test/avg": 0.9945535063743591
        }
    ]
}