{
    "EuroSAT": [
        {
            "acc/test/EuroSAT_epoch": 0.9818518757820129,
            "loss/test/EuroSAT_epoch": 0.05583570525050163,
            "acc/test/EuroSAT": 0.9818518757820129,
            "normalized_acc/test/EuroSAT": 0.9910280704498291
        }
    ],
    "Food101": [
        {
            "acc/test/Food101_epoch": 0.9010692834854126,
            "loss/test/Food101_epoch": 0.3677249252796173,
            "acc/test/Food101": 0.9010692834854126,
            "normalized_acc/test/Food101": 0.9912861585617065
        }
    ],
    "avg": [
        {
            "acc/test/avg": 0.9414605796337128,
            "normalized_acc/test/avg": 0.9911571145057678
        }
    ]
}