{
    "Cars": [
        {
            "acc/test/Cars_epoch": 0.8388260006904602,
            "loss/test/Cars_epoch": 0.520470380783081,
            "acc/test/Cars": 0.8388260006904602,
            "normalized_acc/test/Cars": 0.9776778817176819
        }
    ],
    "OxfordIIITPet": [
        {
            "acc/test/OxfordIIITPet_epoch": 0.9384028315544128,
            "loss/test/OxfordIIITPet_epoch": 0.21722525358200073,
            "acc/test/OxfordIIITPet": 0.9384028315544128,
            "normalized_acc/test/OxfordIIITPet": 0.9873816967010498
        }
    ],
    "avg": [
        {
            "acc/test/avg": 0.8886144161224365,
            "normalized_acc/test/avg": 0.9825297892093658
        }
    ]
}