{
    "FER2013": [
        {
            "acc/test/FER2013_epoch": 0.6730287075042725,
            "loss/test/FER2013_epoch": 0.9736263751983643,
            "acc/test/FER2013": 0.6730287075042725,
            "normalized_acc/test/FER2013": 0.9128873944282532
        }
    ],
    "FashionMNIST": [
        {
            "acc/test/FashionMNIST_epoch": 0.9251999855041504,
            "loss/test/FashionMNIST_epoch": 0.2347894310951233,
            "acc/test/FashionMNIST": 0.9251999855041504,
            "normalized_acc/test/FashionMNIST": 0.971848726272583
        }
    ],
    "avg": [
        {
            "acc/test/avg": 0.7991143465042114,
            "normalized_acc/test/avg": 0.9423680603504181
        }
    ]
}