{
    "GTSRB": [
        {
            "acc/test/GTSRB_epoch": 0.9747426509857178,
            "loss/test/GTSRB_epoch": 0.11123353987932205,
            "acc/test/GTSRB": 0.9747426509857178,
            "normalized_acc/test/GTSRB": 0.9854318499565125
        }
    ],
    "OxfordIIITPet": [
        {
            "acc/test/OxfordIIITPet_epoch": 0.9416734576225281,
            "loss/test/OxfordIIITPet_epoch": 0.1962316334247589,
            "acc/test/OxfordIIITPet": 0.9416734576225281,
            "normalized_acc/test/OxfordIIITPet": 0.9908230304718018
        }
    ],
    "avg": [
        {
            "acc/test/avg": 0.9582080543041229,
            "normalized_acc/test/avg": 0.9881274402141571
        }
    ]
}