{
    "SUN397": [
        {
            "acc/test/SUN397_epoch": 0.761662483215332,
            "loss/test/SUN397_epoch": 0.8493892550468445,
            "acc/test/SUN397": 0.761662483215332,
            "normalized_acc/test/SUN397": 0.9659468531608582
        }
    ],
    "STL10": [
        {
            "acc/test/STL10_epoch": 0.9897500276565552,
            "loss/test/STL10_epoch": 0.03383705019950867,
            "acc/test/STL10": 0.9897500276565552,
            "normalized_acc/test/STL10": 1.0018980503082275
        }
    ],
    "avg": [
        {
            "acc/test/avg": 0.8757062554359436,
            "normalized_acc/test/avg": 0.9839224517345428
        }
    ]
}