{
    "RESISC45": [
        {
            "acc/test/RESISC45_epoch": 0.9374603033065796,
            "loss/test/RESISC45_epoch": 0.19125503301620483,
            "acc/test/RESISC45": 0.9374603033065796,
            "normalized_acc/test/RESISC45": 0.969786524772644
        }
    ],
    "STL10": [
        {
            "acc/test/STL10_epoch": 0.9868749976158142,
            "loss/test/STL10_epoch": 0.040115345269441605,
            "acc/test/STL10": 0.9868749976158142,
            "normalized_acc/test/STL10": 0.9989877343177795
        }
    ],
    "avg": [
        {
            "acc/test/avg": 0.9621676504611969,
            "normalized_acc/test/avg": 0.9843871295452118
        }
    ]
}