{
    "EuroSAT": [
        {
            "acc/test/EuroSAT_epoch": 0.9729629755020142,
            "loss/test/EuroSAT_epoch": 0.08163580298423767,
            "acc/test/EuroSAT": 0.9729629755020142,
            "normalized_acc/test/EuroSAT": 0.9820561408996582
        }
    ],
    "EMNIST": [
        {
            "acc/test/EMNIST_epoch": 0.9950000047683716,
            "loss/test/EMNIST_epoch": 0.04964473098516464,
            "acc/test/EMNIST": 0.9950000047683716,
            "normalized_acc/test/EMNIST": 1.000704050064087
        }
    ],
    "avg": [
        {
            "acc/test/avg": 0.9839814901351929,
            "normalized_acc/test/avg": 0.9913800954818726
        }
    ]
}