{
    "MNIST": [
        {
            "acc/test/MNIST_epoch": 0.9944000244140625,
            "loss/test/MNIST_epoch": 0.037937015295028687,
            "acc/test/MNIST": 0.9944000244140625,
            "normalized_acc/test/MNIST": 0.9978926181793213
        }
    ],
    "DTD": [
        {
            "acc/test/DTD_epoch": 0.7021276354789734,
            "loss/test/DTD_epoch": 1.1731635332107544,
            "acc/test/DTD": 0.7021276354789734,
            "normalized_acc/test/DTD": 0.8472399711608887
        }
    ],
    "avg": [
        {
            "acc/test/avg": 0.8482638299465179,
            "normalized_acc/test/avg": 0.922566294670105
        }
    ]
}