{
    "DTD": [
        {
            "acc/test/DTD_epoch": 0.6856383085250854,
            "loss/test/DTD_epoch": 1.1648963689804077,
            "acc/test/DTD": 0.6856383085250854,
            "normalized_acc/test/DTD": 0.8273427486419678
        }
    ],
    "FashionMNIST": [
        {
            "acc/test/FashionMNIST_epoch": 0.9301000237464905,
            "loss/test/FashionMNIST_epoch": 0.22004340589046478,
            "acc/test/FashionMNIST": 0.9301000237464905,
            "normalized_acc/test/FashionMNIST": 0.9769958257675171
        }
    ],
    "avg": [
        {
            "acc/test/avg": 0.807869166135788,
            "normalized_acc/test/avg": 0.9021692872047424
        }
    ]
}