{
    "EuroSAT": [
        {
            "acc/test/EuroSAT_epoch": 0.9792592525482178,
            "loss/test/EuroSAT_epoch": 0.0808139517903328,
            "acc/test/EuroSAT": 0.9792592525482178,
            "normalized_acc/test/EuroSAT": 0.9884112477302551
        }
    ],
    "CIFAR100": [
        {
            "acc/test/CIFAR100_epoch": 0.8349000215530396,
            "loss/test/CIFAR100_epoch": 0.6386331915855408,
            "acc/test/CIFAR100": 0.8349000215530396,
            "normalized_acc/test/CIFAR100": 0.9352526068687439
        }
    ],
    "avg": [
        {
            "acc/test/avg": 0.9070796370506287,
            "normalized_acc/test/avg": 0.9618319272994995
        }
    ]
}