{
    "SUN397": [
        {
            "acc/test/SUN397_epoch": 0.7368765473365784,
            "loss/test/SUN397_epoch": 0.9661376476287842,
            "acc/test/SUN397": 0.7368765473365784,
            "normalized_acc/test/SUN397": 0.9345131516456604
        }
    ],
    "MNIST": [
        {
            "acc/test/MNIST_epoch": 0.9944000244140625,
            "loss/test/MNIST_epoch": 0.03950599581003189,
            "acc/test/MNIST": 0.9944000244140625,
            "normalized_acc/test/MNIST": 0.9978926181793213
        }
    ],
    "avg": [
        {
            "acc/test/avg": 0.8656382858753204,
            "normalized_acc/test/avg": 0.9662028849124908
        }
    ]
}