{
    "MNIST": [
        {
            "acc/test/MNIST_epoch": 0.9937999844551086,
            "loss/test/MNIST_epoch": 0.06497879326343536,
            "acc/test/MNIST": 0.9937999844551086,
            "normalized_acc/test/MNIST": 0.9972904920578003
        }
    ],
    "PCAM": [
        {
            "acc/test/PCAM_epoch": 0.8958740234375,
            "loss/test/PCAM_epoch": 0.23955895006656647,
            "acc/test/PCAM": 0.8958740234375,
            "normalized_acc/test/PCAM": 1.0097341537475586
        }
    ],
    "avg": [
        {
            "acc/test/avg": 0.9448370039463043,
            "normalized_acc/test/avg": 1.0035123229026794
        }
    ]
}