{
    "FER2013": [
        {
            "acc/test/FER2013_epoch": 0.6894678473472595,
            "loss/test/FER2013_epoch": 1.0136823654174805,
            "acc/test/FER2013": 0.6894678473472595,
            "normalized_acc/test/FER2013": 0.9351852536201477
        }
    ],
    "CIFAR100": [
        {
            "acc/test/CIFAR100_epoch": 0.8572999835014343,
            "loss/test/CIFAR100_epoch": 0.5544779896736145,
            "acc/test/CIFAR100": 0.8572999835014343,
            "normalized_acc/test/CIFAR100": 0.9603449702262878
        }
    ],
    "avg": [
        {
            "acc/test/avg": 0.7733839154243469,
            "normalized_acc/test/avg": 0.9477651119232178
        }
    ]
}