{
    "SVHN": [
        {
            "acc/test/SVHN_epoch": 0.9610863327980042,
            "loss/test/SVHN_epoch": 0.18385356664657593,
            "acc/test/SVHN": 0.9610863327980042,
            "normalized_acc/test/SVHN": 0.985853910446167
        }
    ],
    "FashionMNIST": [
        {
            "acc/test/FashionMNIST_epoch": 0.9083999991416931,
            "loss/test/FashionMNIST_epoch": 0.2913703918457031,
            "acc/test/FashionMNIST": 0.9083999991416931,
            "normalized_acc/test/FashionMNIST": 0.9542016386985779
        }
    ],
    "avg": [
        {
            "acc/test/avg": 0.9347431659698486,
            "normalized_acc/test/avg": 0.9700277745723724
        }
    ]
}