{
    "EuroSAT": [
        {
            "acc/test/EuroSAT_epoch": 0.9848148226737976,
            "loss/test/EuroSAT_epoch": 0.04584423452615738,
            "acc/test/EuroSAT": 0.9848148226737976,
            "normalized_acc/test/EuroSAT": 0.9940187335014343
        }
    ],
    "OxfordIIITPet": [
        {
            "acc/test/OxfordIIITPet_epoch": 0.9394930601119995,
            "loss/test/OxfordIIITPet_epoch": 0.1870783269405365,
            "acc/test/OxfordIIITPet": 0.9394930601119995,
            "normalized_acc/test/OxfordIIITPet": 0.9885287880897522
        }
    ],
    "avg": [
        {
            "acc/test/avg": 0.9621539413928986,
            "normalized_acc/test/avg": 0.9912737607955933
        }
    ]
}