{
    "RESISC45": [
        {
            "acc/test/RESISC45_epoch": 0.9457142949104309,
            "loss/test/RESISC45_epoch": 0.1665799766778946,
            "acc/test/RESISC45": 0.9457142949104309,
            "normalized_acc/test/RESISC45": 0.9783251881599426
        }
    ],
    "Flowers102": [
        {
            "acc/test/Flowers102_epoch": 0.8494064211845398,
            "loss/test/Flowers102_epoch": 0.6238724589347839,
            "acc/test/Flowers102": 0.8494064211845398,
            "normalized_acc/test/Flowers102": 0.9014497399330139
        }
    ],
    "avg": [
        {
            "acc/test/avg": 0.8975603580474854,
            "normalized_acc/test/avg": 0.9398874640464783
        }
    ]
}