{
    "Flowers102": [
        {
            "acc/test/Flowers102_epoch": 0.8129777312278748,
            "loss/test/Flowers102_epoch": 0.7455767393112183,
            "acc/test/Flowers102": 0.8129777312278748,
            "normalized_acc/test/Flowers102": 0.8627890944480896
        }
    ],
    "FashionMNIST": [
        {
            "acc/test/FashionMNIST_epoch": 0.9279999732971191,
            "loss/test/FashionMNIST_epoch": 0.22189949452877045,
            "acc/test/FashionMNIST": 0.9279999732971191,
            "normalized_acc/test/FashionMNIST": 0.9747898578643799
        }
    ],
    "avg": [
        {
            "acc/test/avg": 0.870488852262497,
            "normalized_acc/test/avg": 0.9187894761562347
        }
    ]
}