{
    "PCAM": [
        {
            "acc/test/PCAM_epoch": 0.87603759765625,
            "loss/test/PCAM_epoch": 0.2924134433269501,
            "acc/test/PCAM": 0.87603759765625,
            "normalized_acc/test/PCAM": 0.9873766303062439
        }
    ],
    "FashionMNIST": [
        {
            "acc/test/FashionMNIST_epoch": 0.8992000222206116,
            "loss/test/FashionMNIST_epoch": 0.28136491775512695,
            "acc/test/FashionMNIST": 0.8992000222206116,
            "normalized_acc/test/FashionMNIST": 0.9445378184318542
        }
    ],
    "avg": [
        {
            "acc/test/avg": 0.8876188099384308,
            "normalized_acc/test/avg": 0.9659572243690491
        }
    ]
}