{
    "MNIST": [
        {
            "acc/test/MNIST_epoch": 0.9919999837875366,
            "loss/test/MNIST_epoch": 0.050612736493349075,
            "acc/test/MNIST": 0.9919999837875366,
            "normalized_acc/test/MNIST": 0.9954841732978821
        }
    ],
    "KMNIST": [
        {
            "acc/test/KMNIST_epoch": 0.710099995136261,
            "loss/test/KMNIST_epoch": 0.9961105585098267,
            "acc/test/KMNIST": 0.710099995136261,
            "normalized_acc/test/KMNIST": 0.7220132350921631
        }
    ],
    "avg": [
        {
            "acc/test/avg": 0.8510499894618988,
            "normalized_acc/test/avg": 0.8587487041950226
        }
    ]
}