{
    "Flowers102": [
        {
            "acc/test/Flowers102_epoch": 0.864368200302124,
            "loss/test/Flowers102_epoch": 0.5405125021934509,
            "acc/test/Flowers102": 0.864368200302124,
            "normalized_acc/test/Flowers102": 0.9173282384872437
        }
    ],
    "RenderedSST2": [
        {
            "acc/test/RenderedSST2_epoch": 0.7753981351852417,
            "loss/test/RenderedSST2_epoch": 0.5373884439468384,
            "acc/test/RenderedSST2": 0.7753981351852417,
            "normalized_acc/test/RenderedSST2": 1.0049822330474854
        }
    ],
    "avg": [
        {
            "acc/test/avg": 0.8198831677436829,
            "normalized_acc/test/avg": 0.9611552357673645
        }
    ]
}