{
    "CIFAR100": [
        {
            "acc/test/CIFAR100_epoch": 0.8579999804496765,
            "loss/test/CIFAR100_epoch": 0.5296968221664429,
            "acc/test/CIFAR100": 0.8579999804496765,
            "normalized_acc/test/CIFAR100": 0.9611291289329529
        }
    ],
    "CIFAR10": [
        {
            "acc/test/CIFAR10_epoch": 0.9829000234603882,
            "loss/test/CIFAR10_epoch": 0.06769203394651413,
            "acc/test/CIFAR10": 0.9829000234603882,
            "normalized_acc/test/CIFAR10": 1.0013244152069092
        }
    ],
    "avg": [
        {
            "acc/test/avg": 0.9204500019550323,
            "normalized_acc/test/avg": 0.981226772069931
        }
    ]
}