{
    "Cars": [
        {
            "acc/test/Cars_epoch": 0.8464121222496033,
            "loss/test/Cars_epoch": 0.48481613397598267,
            "acc/test/Cars": 0.8464121222496033,
            "normalized_acc/test/Cars": 0.9865197539329529
        }
    ],
    "Flowers102": [
        {
            "acc/test/Flowers102_epoch": 0.8201333284378052,
            "loss/test/Flowers102_epoch": 0.7641061544418335,
            "acc/test/Flowers102": 0.8201333284378052,
            "normalized_acc/test/Flowers102": 0.870383083820343
        }
    ],
    "avg": [
        {
            "acc/test/avg": 0.8332727253437042,
            "normalized_acc/test/avg": 0.928451418876648
        }
    ]
}