{
    "STL10": [
        {
            "acc/test/STL10_epoch": 0.9819999933242798,
            "loss/test/STL10_epoch": 0.05630149692296982,
            "acc/test/STL10": 0.9819999933242798,
            "normalized_acc/test/STL10": 0.9940528869628906
        }
    ],
    "FashionMNIST": [
        {
            "acc/test/FashionMNIST_epoch": 0.9286999702453613,
            "loss/test/FashionMNIST_epoch": 0.2029494196176529,
            "acc/test/FashionMNIST": 0.9286999702453613,
            "normalized_acc/test/FashionMNIST": 0.9755251407623291
        }
    ],
    "avg": [
        {
            "acc/test/avg": 0.9553499817848206,
            "normalized_acc/test/avg": 0.9847890138626099
        }
    ]
}