{
    "SUN397": [
        {
            "acc/test/SUN397_epoch": 0.7312342524528503,
            "loss/test/SUN397_epoch": 0.9327239394187927,
            "acc/test/SUN397": 0.7312342524528503,
            "normalized_acc/test/SUN397": 0.92735755443573
        }
    ],
    "PCAM": [
        {
            "acc/test/PCAM_epoch": 0.90380859375,
            "loss/test/PCAM_epoch": 0.2354366034269333,
            "acc/test/PCAM": 0.90380859375,
            "normalized_acc/test/PCAM": 1.0186771154403687
        }
    ],
    "avg": [
        {
            "acc/test/avg": 0.8175214231014252,
            "normalized_acc/test/avg": 0.9730173349380493
        }
    ]
}