{
    "EuroSAT": [
        {
            "acc/test/EuroSAT_epoch": 0.9822221994400024,
            "loss/test/EuroSAT_epoch": 0.05700041726231575,
            "acc/test/EuroSAT": 0.9822221994400024,
            "normalized_acc/test/EuroSAT": 0.9914018511772156
        }
    ],
    "STL10": [
        {
            "acc/test/STL10_epoch": 0.984375,
            "loss/test/STL10_epoch": 0.04397581145167351,
            "acc/test/STL10": 0.984375,
            "normalized_acc/test/STL10": 0.996457040309906
        }
    ],
    "avg": [
        {
            "acc/test/avg": 0.9832985997200012,
            "normalized_acc/test/avg": 0.9939294457435608
        }
    ]
}