{
    "SUN397": [
        {
            "acc/test/SUN397_epoch": 0.7495718002319336,
            "loss/test/SUN397_epoch": 0.8799158930778503,
            "acc/test/SUN397": 0.7495718002319336,
            "normalized_acc/test/SUN397": 0.9506133794784546
        }
    ],
    "FashionMNIST": [
        {
            "acc/test/FashionMNIST_epoch": 0.9337999820709229,
            "loss/test/FashionMNIST_epoch": 0.19984062016010284,
            "acc/test/FashionMNIST": 0.9337999820709229,
            "normalized_acc/test/FashionMNIST": 0.9808822870254517
        }
    ],
    "avg": [
        {
            "acc/test/avg": 0.8416858911514282,
            "normalized_acc/test/avg": 0.9657478332519531
        }
    ]
}