{
    "Cars": [
        {
            "acc/test/Cars_epoch": 0.8349707722663879,
            "loss/test/Cars_epoch": 0.5114378333091736,
            "acc/test/Cars": 0.8349707722663879,
            "normalized_acc/test/Cars": 0.9731845259666443
        }
    ],
    "GTSRB": [
        {
            "acc/test/GTSRB_epoch": 0.9699128866195679,
            "loss/test/GTSRB_epoch": 0.13335025310516357,
            "acc/test/GTSRB": 0.9699128866195679,
            "normalized_acc/test/GTSRB": 0.9805490970611572
        }
    ],
    "avg": [
        {
            "acc/test/avg": 0.9024418294429779,
            "normalized_acc/test/avg": 0.9768668115139008
        }
    ]
}