{
    "DTD": [
        {
            "acc/test/DTD_epoch": 0.6755319237709045,
            "loss/test/DTD_epoch": 1.1343592405319214,
            "acc/test/DTD": 0.6755319237709045,
            "normalized_acc/test/DTD": 0.8151476383209229
        }
    ],
    "CIFAR10": [
        {
            "acc/test/CIFAR10_epoch": 0.9817000031471252,
            "loss/test/CIFAR10_epoch": 0.07007356733083725,
            "acc/test/CIFAR10": 0.9817000031471252,
            "normalized_acc/test/CIFAR10": 1.000101923942566
        }
    ],
    "avg": [
        {
            "acc/test/avg": 0.8286159634590149,
            "normalized_acc/test/avg": 0.9076247811317444
        }
    ]
}