{
    "GTSRB": [
        {
            "acc/test/GTSRB_epoch": 0.9242280125617981,
            "loss/test/GTSRB_epoch": 0.2980353832244873,
            "acc/test/GTSRB": 0.9242280125617981,
            "normalized_acc/test/GTSRB": 0.9343632459640503
        }
    ],
    "MNIST": [
        {
            "acc/test/MNIST_epoch": 0.9940000176429749,
            "loss/test/MNIST_epoch": 0.04569225013256073,
            "acc/test/MNIST": 0.9940000176429749,
            "normalized_acc/test/MNIST": 0.9974912405014038
        }
    ],
    "avg": [
        {
            "acc/test/avg": 0.9591140151023865,
            "normalized_acc/test/avg": 0.965927243232727
        }
    ]
}