{
    "FER2013": [
        {
            "acc/test/FER2013_epoch": 0.708414614200592,
            "loss/test/FER2013_epoch": 0.9231979846954346,
            "acc/test/FER2013": 0.708414614200592,
            "normalized_acc/test/FER2013": 0.9608843922615051
        }
    ],
    "Food101": [
        {
            "acc/test/Food101_epoch": 0.9159207940101624,
            "loss/test/Food101_epoch": 0.3202724754810333,
            "acc/test/Food101": 0.9159207940101624,
            "normalized_acc/test/Food101": 1.007624626159668
        }
    ],
    "avg": [
        {
            "acc/test/avg": 0.8121677041053772,
            "normalized_acc/test/avg": 0.9842545092105865
        }
    ]
}