{
    "MNIST": [
        {
            "acc/test/MNIST_epoch": 0.9941999912261963,
            "loss/test/MNIST_epoch": 0.04298084229230881,
            "acc/test/MNIST": 0.9941999912261963,
            "normalized_acc/test/MNIST": 0.9976918697357178
        }
    ],
    "STL10": [
        {
            "acc/test/STL10_epoch": 0.9796249866485596,
            "loss/test/STL10_epoch": 0.06507440656423569,
            "acc/test/STL10": 0.9796249866485596,
            "normalized_acc/test/STL10": 0.9916487336158752
        }
    ],
    "avg": [
        {
            "acc/test/avg": 0.9869124889373779,
            "normalized_acc/test/avg": 0.9946703016757965
        }
    ]
}