{
    "Flowers102": [
        {
            "acc/test/Flowers102_epoch": 0.8549357652664185,
            "loss/test/Flowers102_epoch": 0.5816789269447327,
            "acc/test/Flowers102": 0.8549357652664185,
            "normalized_acc/test/Flowers102": 0.9073178768157959
        }
    ],
    "OxfordIIITPet": [
        {
            "acc/test/OxfordIIITPet_epoch": 0.9514853954315186,
            "loss/test/OxfordIIITPet_epoch": 0.18093141913414001,
            "acc/test/OxfordIIITPet": 0.9514853954315186,
            "normalized_acc/test/OxfordIIITPet": 1.0011470317840576
        }
    ],
    "avg": [
        {
            "acc/test/avg": 0.9032105803489685,
            "normalized_acc/test/avg": 0.9542324542999268
        }
    ]
}