{
    "EuroSAT": [
        {
            "acc/test/EuroSAT_epoch": 0.9611111283302307,
            "loss/test/EuroSAT_epoch": 0.13352228701114655,
            "acc/test/EuroSAT": 0.9611111283302307,
            "normalized_acc/test/EuroSAT": 0.9700934886932373
        }
    ],
    "SVHN": [
        {
            "acc/test/SVHN_epoch": 0.9626613259315491,
            "loss/test/SVHN_epoch": 0.16536426544189453,
            "acc/test/SVHN": 0.9626613259315491,
            "normalized_acc/test/SVHN": 0.9874694347381592
        }
    ],
    "avg": [
        {
            "acc/test/avg": 0.9618862271308899,
            "normalized_acc/test/avg": 0.9787814617156982
        }
    ]
}