{
    "SVHN": [
        {
            "acc/test/SVHN_epoch": 0.9703058004379272,
            "loss/test/SVHN_epoch": 0.1397036910057068,
            "acc/test/SVHN": 0.9703058004379272,
            "normalized_acc/test/SVHN": 0.9953109622001648
        }
    ],
    "OxfordIIITPet": [
        {
            "acc/test/OxfordIIITPet_epoch": 0.9392204880714417,
            "loss/test/OxfordIIITPet_epoch": 0.20615005493164062,
            "acc/test/OxfordIIITPet": 0.9392204880714417,
            "normalized_acc/test/OxfordIIITPet": 0.9882420301437378
        }
    ],
    "avg": [
        {
            "acc/test/avg": 0.9547631442546844,
            "normalized_acc/test/avg": 0.9917764961719513
        }
    ]
}