{
    "PCAM": [
        {
            "acc/test/PCAM_epoch": 0.782012939453125,
            "loss/test/PCAM_epoch": 0.4461095929145813,
            "acc/test/PCAM": 0.782012939453125,
            "normalized_acc/test/PCAM": 0.8814020156860352
        }
    ],
    "STL10": [
        {
            "acc/test/STL10_epoch": 0.9851250052452087,
            "loss/test/STL10_epoch": 0.06412739306688309,
            "acc/test/STL10": 0.9851250052452087,
            "normalized_acc/test/STL10": 0.9972162842750549
        }
    ],
    "avg": [
        {
            "acc/test/avg": 0.8835689723491669,
            "normalized_acc/test/avg": 0.939309149980545
        }
    ]
}