{
    "SUN397": [
        {
            "acc/test/SUN397_epoch": 0.702216625213623,
            "loss/test/SUN397_epoch": 1.0152488946914673,
            "acc/test/SUN397": 0.702216625213623,
            "normalized_acc/test/SUN397": 0.8905571103096008
        }
    ],
    "CIFAR10": [
        {
            "acc/test/CIFAR10_epoch": 0.9650999903678894,
            "loss/test/CIFAR10_epoch": 0.11184954643249512,
            "acc/test/CIFAR10": 0.9650999903678894,
            "normalized_acc/test/CIFAR10": 0.9831907153129578
        }
    ],
    "avg": [
        {
            "acc/test/avg": 0.8336583077907562,
            "normalized_acc/test/avg": 0.9368739128112793
        }
    ]
}