{
    "MNIST": [
        {
            "acc/test/MNIST_epoch": 0.9605000019073486,
            "loss/test/MNIST_epoch": 0.48975762724876404,
            "acc/test/MNIST": 0.9605000019073486,
            "normalized_acc/test/MNIST": 0.963873565196991
        }
    ],
    "CIFAR10": [
        {
            "acc/test/CIFAR10_epoch": 0.9635999798774719,
            "loss/test/CIFAR10_epoch": 0.11465490609407425,
            "acc/test/CIFAR10": 0.9635999798774719,
            "normalized_acc/test/CIFAR10": 0.9816625714302063
        }
    ],
    "avg": [
        {
            "acc/test/avg": 0.9620499908924103,
            "normalized_acc/test/avg": 0.9727680683135986
        }
    ]
}