{
    "SVHN": [
        {
            "acc/test/SVHN_epoch": 0.8103103637695312,
            "loss/test/SVHN_epoch": 0.8989875912666321,
            "acc/test/SVHN": 0.8103103637695312,
            "normalized_acc/test/SVHN": 0.8311923742294312
        }
    ],
    "CIFAR10": [
        {
            "acc/test/CIFAR10_epoch": 0.9649999737739563,
            "loss/test/CIFAR10_epoch": 0.11321435868740082,
            "acc/test/CIFAR10": 0.9649999737739563,
            "normalized_acc/test/CIFAR10": 0.9830888509750366
        }
    ],
    "avg": [
        {
            "acc/test/avg": 0.8876551687717438,
            "normalized_acc/test/avg": 0.9071406126022339
        }
    ]
}