{
    "RESISC45": [
        {
            "acc/test/RESISC45_epoch": 0.8190476298332214,
            "loss/test/RESISC45_epoch": 0.5710595846176147,
            "acc/test/RESISC45": 0.8190476298332214,
            "normalized_acc/test/RESISC45": 0.8472906947135925
        }
    ],
    "OxfordIIITPet": [
        {
            "acc/test/OxfordIIITPet_epoch": 0.9127827882766724,
            "loss/test/OxfordIIITPet_epoch": 0.24519406259059906,
            "acc/test/OxfordIIITPet": 0.9127827882766724,
            "normalized_acc/test/OxfordIIITPet": 0.9604244232177734
        }
    ],
    "avg": [
        {
            "acc/test/avg": 0.8659152090549469,
            "normalized_acc/test/avg": 0.903857558965683
        }
    ]
}