{
    "MNIST": [
        {
            "acc/test/MNIST_epoch": 0.9706000089645386,
            "loss/test/MNIST_epoch": 0.4216974973678589,
            "acc/test/MNIST": 0.9706000089645386,
            "normalized_acc/test/MNIST": 0.9740090370178223
        }
    ],
    "DTD": [
        {
            "acc/test/DTD_epoch": 0.5143616795539856,
            "loss/test/DTD_epoch": 1.6918144226074219,
            "acc/test/DTD": 0.5143616795539856,
            "normalized_acc/test/DTD": 0.6206674575805664
        }
    ],
    "avg": [
        {
            "acc/test/avg": 0.7424808442592621,
            "normalized_acc/test/avg": 0.7973382472991943
        }
    ]
}