{
    "STL10": [
        {
            "acc/test/STL10_epoch": 0.9858750104904175,
            "loss/test/STL10_epoch": 0.05528201535344124,
            "acc/test/STL10": 0.9858750104904175,
            "normalized_acc/test/STL10": 0.9979754686355591
        }
    ],
    "EMNIST": [
        {
            "acc/test/EMNIST_epoch": 0.9542999863624573,
            "loss/test/EMNIST_epoch": 0.4432103931903839,
            "acc/test/EMNIST": 0.9542999863624573,
            "normalized_acc/test/EMNIST": 0.959770679473877
        }
    ],
    "avg": [
        {
            "acc/test/avg": 0.9700874984264374,
            "normalized_acc/test/avg": 0.978873074054718
        }
    ]
}