{
    "Food101": [
        {
            "acc/test/Food101_epoch": 0.9016633629798889,
            "loss/test/Food101_epoch": 0.3345467448234558,
            "acc/test/Food101": 0.9016633629798889,
            "normalized_acc/test/Food101": 0.9919397234916687
        }
    ],
    "KMNIST": [
        {
            "acc/test/KMNIST_epoch": 0.1429000049829483,
            "loss/test/KMNIST_epoch": 2.245299816131592,
            "acc/test/KMNIST": 0.1429000049829483,
            "normalized_acc/test/KMNIST": 0.14529740810394287
        }
    ],
    "avg": [
        {
            "acc/test/avg": 0.5222816839814186,
            "normalized_acc/test/avg": 0.5686185657978058
        }
    ]
}