{
    "DTD": [
        {
            "acc/test/DTD_epoch": 0.5164893865585327,
            "loss/test/DTD_epoch": 1.6709318161010742,
            "acc/test/DTD": 0.5164893865585327,
            "normalized_acc/test/DTD": 0.6232349276542664
        }
    ],
    "FER2013": [
        {
            "acc/test/FER2013_epoch": 0.6285873651504517,
            "loss/test/FER2013_epoch": 1.050618052482605,
            "acc/test/FER2013": 0.6285873651504517,
            "normalized_acc/test/FER2013": 0.8526077270507812
        }
    ],
    "avg": [
        {
            "acc/test/avg": 0.5725383758544922,
            "normalized_acc/test/avg": 0.7379213273525238
        }
    ]
}