{
    "MNIST": [
        {
            "acc/test/MNIST_epoch": 0.9593999981880188,
            "loss/test/MNIST_epoch": 0.4844367802143097,
            "acc/test/MNIST": 0.9593999981880188,
            "normalized_acc/test/MNIST": 0.9627696871757507
        }
    ],
    "CIFAR100": [
        {
            "acc/test/CIFAR100_epoch": 0.7921000123023987,
            "loss/test/CIFAR100_epoch": 0.7609119415283203,
            "acc/test/CIFAR100": 0.7921000123023987,
            "normalized_acc/test/CIFAR100": 0.8873081803321838
        }
    ],
    "avg": [
        {
            "acc/test/avg": 0.8757500052452087,
            "normalized_acc/test/avg": 0.9250389337539673
        }
    ]
}