{
    "PCAM": [
        {
            "acc/test/PCAM_epoch": 0.768829345703125,
            "loss/test/PCAM_epoch": 0.45757201313972473,
            "acc/test/PCAM": 0.768829345703125,
            "normalized_acc/test/PCAM": 0.8665428161621094
        }
    ],
    "EMNIST": [
        {
            "acc/test/EMNIST_epoch": 0.9225999712944031,
            "loss/test/EMNIST_epoch": 0.6553078889846802,
            "acc/test/EMNIST": 0.9225999712944031,
            "normalized_acc/test/EMNIST": 0.9278889298439026
        }
    ],
    "avg": [
        {
            "acc/test/avg": 0.845714658498764,
            "normalized_acc/test/avg": 0.897215873003006
        }
    ]
}