{
    "PCAM": [
        {
            "acc/test/PCAM_epoch": 0.798614501953125,
            "loss/test/PCAM_epoch": 0.43283405900001526,
            "acc/test/PCAM": 0.798614501953125,
            "normalized_acc/test/PCAM": 0.9001135230064392
        }
    ],
    "CIFAR10": [
        {
            "acc/test/CIFAR10_epoch": 0.9631999731063843,
            "loss/test/CIFAR10_epoch": 0.121527761220932,
            "acc/test/CIFAR10": 0.9631999731063843,
            "normalized_acc/test/CIFAR10": 0.981255054473877
        }
    ],
    "avg": [
        {
            "acc/test/avg": 0.8809072375297546,
            "normalized_acc/test/avg": 0.9406842887401581
        }
    ]
}