{
    "Flowers102": [
        {
            "acc/test/Flowers102_epoch": 0.7467880845069885,
            "loss/test/Flowers102_epoch": 1.1135315895080566,
            "acc/test/Flowers102": 0.7467880845069885,
            "normalized_acc/test/Flowers102": 0.7925440073013306
        }
    ],
    "CIFAR10": [
        {
            "acc/test/CIFAR10_epoch": 0.9678000211715698,
            "loss/test/CIFAR10_epoch": 0.10688091814517975,
            "acc/test/CIFAR10": 0.9678000211715698,
            "normalized_acc/test/CIFAR10": 0.9859413504600525
        }
    ],
    "avg": [
        {
            "acc/test/avg": 0.8572940528392792,
            "normalized_acc/test/avg": 0.8892426788806915
        }
    ]
}