{
    "DTD": [
        {
            "acc/test/DTD_epoch": 0.5164893865585327,
            "loss/test/DTD_epoch": 1.6921477317810059,
            "acc/test/DTD": 0.5164893865585327,
            "normalized_acc/test/DTD": 0.6232349276542664
        }
    ],
    "FashionMNIST": [
        {
            "acc/test/FashionMNIST_epoch": 0.857200026512146,
            "loss/test/FashionMNIST_epoch": 0.4191072881221771,
            "acc/test/FashionMNIST": 0.857200026512146,
            "normalized_acc/test/FashionMNIST": 0.9004201889038086
        }
    ],
    "avg": [
        {
            "acc/test/avg": 0.6868447065353394,
            "normalized_acc/test/avg": 0.7618275582790375
        }
    ]
}