{
    "Flowers102": [
        {
            "acc/test/Flowers102_epoch": 0.7508537769317627,
            "loss/test/Flowers102_epoch": 1.0841392278671265,
            "acc/test/Flowers102": 0.7508537769317627,
            "normalized_acc/test/Flowers102": 0.7968587875366211
        }
    ],
    "EMNIST": [
        {
            "acc/test/EMNIST_epoch": 0.9544000029563904,
            "loss/test/EMNIST_epoch": 0.485272616147995,
            "acc/test/EMNIST": 0.9544000029563904,
            "normalized_acc/test/EMNIST": 0.959871232509613
        }
    ],
    "avg": [
        {
            "acc/test/avg": 0.8526268899440765,
            "normalized_acc/test/avg": 0.8783650100231171
        }
    ]
}