{
    "MNIST": [
        {
            "acc/test/MNIST_epoch": 0.9696999788284302,
            "loss/test/MNIST_epoch": 0.45609644055366516,
            "acc/test/MNIST": 0.9696999788284302,
            "normalized_acc/test/MNIST": 0.9731058478355408
        }
    ],
    "Flowers102": [
        {
            "acc/test/Flowers102_epoch": 0.7461375594139099,
            "loss/test/Flowers102_epoch": 1.1171046495437622,
            "acc/test/Flowers102": 0.7461375594139099,
            "normalized_acc/test/Flowers102": 0.7918536067008972
        }
    ],
    "avg": [
        {
            "acc/test/avg": 0.85791876912117,
            "normalized_acc/test/avg": 0.882479727268219
        }
    ]
}