{
    "SUN397": [
        {
            "acc/test/SUN397_epoch": 0.7020654678344727,
            "loss/test/SUN397_epoch": 1.0178722143173218,
            "acc/test/SUN397": 0.7020654678344727,
            "normalized_acc/test/SUN397": 0.8903654217720032
        }
    ],
    "GTSRB": [
        {
            "acc/test/GTSRB_epoch": 0.6767221093177795,
            "loss/test/GTSRB_epoch": 1.1860668659210205,
            "acc/test/GTSRB": 0.6767221093177795,
            "normalized_acc/test/GTSRB": 0.6841431260108948
        }
    ],
    "avg": [
        {
            "acc/test/avg": 0.6893937885761261,
            "normalized_acc/test/avg": 0.787254273891449
        }
    ]
}