{
    "PCAM": [
        {
            "acc/test/PCAM_epoch": 0.77117919921875,
            "loss/test/PCAM_epoch": 0.45740312337875366,
            "acc/test/PCAM": 0.77117919921875,
            "normalized_acc/test/PCAM": 0.8691913485527039
        }
    ],
    "FashionMNIST": [
        {
            "acc/test/FashionMNIST_epoch": 0.8407999873161316,
            "loss/test/FashionMNIST_epoch": 0.4731040596961975,
            "acc/test/FashionMNIST": 0.8407999873161316,
            "normalized_acc/test/FashionMNIST": 0.8831932544708252
        }
    ],
    "avg": [
        {
            "acc/test/avg": 0.8059895932674408,
            "normalized_acc/test/avg": 0.8761923015117645
        }
    ]
}