{
    "EMNIST": [
        {
            "acc/test/EMNIST_epoch": 0.9513999819755554,
            "loss/test/EMNIST_epoch": 0.46151456236839294,
            "acc/test/EMNIST": 0.9513999819755554,
            "normalized_acc/test/EMNIST": 0.9568540453910828
        }
    ],
    "RenderedSST2": [
        {
            "acc/test/RenderedSST2_epoch": 0.6913783550262451,
            "loss/test/RenderedSST2_epoch": 0.5858744382858276,
            "acc/test/RenderedSST2": 0.6913783550262451,
            "normalized_acc/test/RenderedSST2": 0.8960853815078735
        }
    ],
    "avg": [
        {
            "acc/test/avg": 0.8213891685009003,
            "normalized_acc/test/avg": 0.9264697134494781
        }
    ]
}