{
    "FER2013": [
        {
            "acc/test/FER2013_epoch": 0.6167455911636353,
            "loss/test/FER2013_epoch": 1.0720276832580566,
            "acc/test/FER2013": 0.6167455911636353,
            "normalized_acc/test/FER2013": 0.8365457057952881
        }
    ],
    "STL10": [
        {
            "acc/test/STL10_epoch": 0.9858750104904175,
            "loss/test/STL10_epoch": 0.05447332561016083,
            "acc/test/STL10": 0.9858750104904175,
            "normalized_acc/test/STL10": 0.9979754686355591
        }
    ],
    "avg": [
        {
            "acc/test/avg": 0.8013103008270264,
            "normalized_acc/test/avg": 0.9172605872154236
        }
    ]
}