{
    "EuroSAT": [
        {
            "acc/test/EuroSAT_epoch": 0.8777777552604675,
            "loss/test/EuroSAT_epoch": 0.5854920148849487,
            "acc/test/EuroSAT": 0.8777777552604675,
            "normalized_acc/test/EuroSAT": 0.8859813213348389
        }
    ],
    "PCAM": [
        {
            "acc/test/PCAM_epoch": 0.779876708984375,
            "loss/test/PCAM_epoch": 0.4473719894886017,
            "acc/test/PCAM": 0.779876708984375,
            "normalized_acc/test/PCAM": 0.8789942264556885
        }
    ],
    "avg": [
        {
            "acc/test/avg": 0.8288272321224213,
            "normalized_acc/test/avg": 0.8824877738952637
        }
    ]
}