{
    "FER2013": [
        {
            "acc/test/FER2013": 0.7144051194190979,
            "loss/test/FER2013": 0.8934837579727173,
            "normalized_acc/test/FER2013": 0.9690098166465759
        }
    ],
    "STL10": [
        {
            "acc/test/STL10": 0.9901250004768372,
            "loss/test/STL10": 0.03210825100541115,
            "normalized_acc/test/STL10": 1.0022776126861572
        }
    ],
    "avg": [
        {
            "acc/test/avg": 0.8522650599479675,
            "normalized_acc/test/avg": 0.9856437146663666
        }
    ]
}