{
    "CIFAR10": [
        {
            "acc/test/CIFAR10": 0.9718999862670898,
            "loss/test/CIFAR10": 0.09527014940977097,
            "normalized_acc/test/CIFAR10": 0.990118145942688
        }
    ],
    "FashionMNIST": [
        {
            "acc/test/FashionMNIST": 0.9225000143051147,
            "loss/test/FashionMNIST": 0.2290022224187851,
            "normalized_acc/test/FashionMNIST": 0.9690126180648804
        }
    ],
    "avg": [
        {
            "acc/test/avg": 0.9472000002861023,
            "normalized_acc/test/avg": 0.9795653820037842
        }
    ]
}