{
    "SUN397": [
        {
            "acc/test/SUN397": 0.755667507648468,
            "loss/test/SUN397": 0.9214261174201965,
            "normalized_acc/test/SUN397": 0.9583439826965332
        }
    ],
    "RESISC45": [
        {
            "acc/test/RESISC45": 0.9403174519538879,
            "loss/test/RESISC45": 0.20850488543510437,
            "normalized_acc/test/RESISC45": 0.9727421998977661
        }
    ],
    "avg": [
        {
            "acc/test/avg": 0.847992479801178,
            "normalized_acc/test/avg": 0.9655430912971497
        }
    ]
}