{
    "OxfordIIITPet": [
        {
            "acc/test/OxfordIIITPet": 0.9364949464797974,
            "loss/test/OxfordIIITPet": 0.20903950929641724,
            "normalized_acc/test/OxfordIIITPet": 0.9853742122650146
        }
    ],
    "KMNIST": [
        {
            "acc/test/KMNIST": 0.9190999865531921,
            "loss/test/KMNIST": 0.4192856550216675,
            "normalized_acc/test/KMNIST": 0.9345195293426514
        }
    ],
    "avg": [
        {
            "acc/test/avg": 0.9277974665164948,
            "normalized_acc/test/avg": 0.959946870803833
        }
    ]
}