{
    "RESISC45": [
        {
            "acc/test/RESISC45": 0.9144444465637207,
            "loss/test/RESISC45": 0.2843843102455139,
            "normalized_acc/test/RESISC45": 0.9459770321846008
        }
    ],
    "CIFAR100": [
        {
            "acc/test/CIFAR100": 0.8579999804496765,
            "loss/test/CIFAR100": 0.5706332325935364,
            "normalized_acc/test/CIFAR100": 0.9611291289329529
        }
    ],
    "avg": [
        {
            "acc/test/avg": 0.8862222135066986,
            "normalized_acc/test/avg": 0.9535530805587769
        }
    ]
}