{
    "Cars": [
        {
            "acc/test/Cars": 0.7834846377372742,
            "loss/test/Cars": 0.6540125608444214,
            "normalized_acc/test/Cars": 0.9131758213043213
        }
    ],
    "SVHN": [
        {
            "acc/test/SVHN": 0.969460666179657,
            "loss/test/SVHN": 0.13930903375148773,
            "normalized_acc/test/SVHN": 0.9944440126419067
        }
    ],
    "avg": [
        {
            "acc/test/avg": 0.8764726519584656,
            "normalized_acc/test/avg": 0.953809916973114
        }
    ]
}