{
    "DTD": [
        {
            "acc/test/DTD": 0.7042553424835205,
            "loss/test/DTD": 1.0837761163711548,
            "normalized_acc/test/DTD": 0.8498074412345886
        }
    ],
    "KMNIST": [
        {
            "acc/test/KMNIST": 0.9294999837875366,
            "loss/test/KMNIST": 0.34131118655204773,
            "normalized_acc/test/KMNIST": 0.9450940489768982
        }
    ],
    "avg": [
        {
            "acc/test/avg": 0.8168776631355286,
            "normalized_acc/test/avg": 0.8974507451057434
        }
    ]
}