{
    "SUN397": [
        {
            "acc/test/SUN397": 0.7404029965400696,
            "loss/test/SUN397": 0.9547451734542847,
            "normalized_acc/test/SUN397": 0.9389854073524475
        }
    ],
    "SVHN": [
        {
            "acc/test/SVHN": 0.9697679877281189,
            "loss/test/SVHN": 0.13663925230503082,
            "normalized_acc/test/SVHN": 0.9947592616081238
        }
    ],
    "avg": [
        {
            "acc/test/avg": 0.8550854921340942,
            "normalized_acc/test/avg": 0.9668723344802856
        }
    ]
}