{
    "MNIST": [
        {
            "acc/test/MNIST": 0.9940999746322632,
            "loss/test/MNIST": 0.04300975799560547,
            "normalized_acc/test/MNIST": 0.9975915551185608
        }
    ],
    "CIFAR100": [
        {
            "acc/test/CIFAR100": 0.8234000205993652,
            "loss/test/CIFAR100": 0.73403000831604,
            "normalized_acc/test/CIFAR100": 0.9223703145980835
        }
    ],
    "avg": [
        {
            "acc/test/avg": 0.9087499976158142,
            "normalized_acc/test/avg": 0.9599809348583221
        }
    ]
}