{
    "PCAM": [
        {
            "acc/test/PCAM": 0.82098388671875,
            "loss/test/PCAM": 0.42889103293418884,
            "normalized_acc/test/PCAM": 0.9253259301185608
        }
    ],
    "Food101": [
        {
            "acc/test/Food101": 0.8558812141418457,
            "loss/test/Food101": 0.5178046226501465,
            "normalized_acc/test/Food101": 0.9415737390518188
        }
    ],
    "avg": [
        {
            "acc/test/avg": 0.8384325504302979,
            "normalized_acc/test/avg": 0.9334498345851898
        }
    ]
}