{
    "DTD": [
        {
            "acc/test/DTD": 0.7478723526000977,
            "loss/test/DTD": 0.9085418581962585,
            "normalized_acc/test/DTD": 0.9024389982223511
        }
    ],
    "RenderedSST2": [
        {
            "acc/test/RenderedSST2": 0.7836353778839111,
            "loss/test/RenderedSST2": 0.5691258311271667,
            "normalized_acc/test/RenderedSST2": 1.0156583786010742
        }
    ],
    "avg": [
        {
            "acc/test/avg": 0.7657538652420044,
            "normalized_acc/test/avg": 0.9590486884117126
        }
    ]
}