{
    "PCAM": [
        {
            "acc/test/PCAM": 0.81683349609375,
            "loss/test/PCAM": 0.4316665232181549,
            "normalized_acc/test/PCAM": 0.9206480383872986
        }
    ],
    "STL10": [
        {
            "acc/test/STL10": 0.9821249842643738,
            "loss/test/STL10": 0.05839100852608681,
            "normalized_acc/test/STL10": 0.9941794276237488
        }
    ],
    "avg": [
        {
            "acc/test/avg": 0.8994792401790619,
            "normalized_acc/test/avg": 0.9574137330055237
        }
    ]
}