{
    "Food101": [
        {
            "acc/test/Food101": 0.900633692741394,
            "loss/test/Food101": 0.3692619800567627,
            "normalized_acc/test/Food101": 0.9908069372177124
        }
    ],
    "FashionMNIST": [
        {
            "acc/test/FashionMNIST": 0.9257000088691711,
            "loss/test/FashionMNIST": 0.22145617008209229,
            "normalized_acc/test/FashionMNIST": 0.9723739624023438
        }
    ],
    "avg": [
        {
            "acc/test/avg": 0.9131668508052826,
            "normalized_acc/test/avg": 0.9815904498100281
        }
    ]
}