{
    "Food101": [
        {
            "acc/test/Food101": 0.9098218083381653,
            "loss/test/Food101": 0.3465743362903595,
            "normalized_acc/test/Food101": 1.0009150505065918
        }
    ],
    "EMNIST": [
        {
            "acc/test/EMNIST": 0.9950000047683716,
            "loss/test/EMNIST": 0.04886608198285103,
            "normalized_acc/test/EMNIST": 1.000704050064087
        }
    ],
    "avg": [
        {
            "acc/test/avg": 0.9524109065532684,
            "normalized_acc/test/avg": 1.0008095502853394
        }
    ]
}