{
    "OxfordIIITPet": [
        {
            "acc/test/OxfordIIITPet": 0.9359498620033264,
            "loss/test/OxfordIIITPet": 0.2090481072664261,
            "normalized_acc/test/OxfordIIITPet": 0.9848006963729858
        }
    ],
    "KMNIST": [
        {
            "acc/test/KMNIST": 0.9192000031471252,
            "loss/test/KMNIST": 0.41918617486953735,
            "normalized_acc/test/KMNIST": 0.934621274471283
        }
    ],
    "avg": [
        {
            "acc/test/avg": 0.9275749325752258,
            "normalized_acc/test/avg": 0.9597109854221344
        }
    ]
}