{
    "STL10": [
        {
            "acc/test/STL10": 0.9856250286102295,
            "loss/test/STL10": 0.045530375093221664,
            "normalized_acc/test/STL10": 0.9977224469184875
        }
    ],
    "CIFAR100": [
        {
            "acc/test/CIFAR100": 0.8623999953269958,
            "loss/test/CIFAR100": 0.5416187644004822,
            "normalized_acc/test/CIFAR100": 0.9660580158233643
        }
    ],
    "avg": [
        {
            "acc/test/avg": 0.9240125119686127,
            "normalized_acc/test/avg": 0.9818902313709259
        }
    ]
}