{
    "Cars": [
        {
            "acc/test/Cars": 0.8093520998954773,
            "loss/test/Cars": 0.5944743752479553,
            "normalized_acc/test/Cars": 0.9433251619338989
        }
    ],
    "RESISC45": [
        {
            "acc/test/RESISC45": 0.9403174519538879,
            "loss/test/RESISC45": 0.1931479275226593,
            "normalized_acc/test/RESISC45": 0.9727421998977661
        }
    ],
    "avg": [
        {
            "acc/test/avg": 0.8748347759246826,
            "normalized_acc/test/avg": 0.9580336809158325
        }
    ]
}