{
    "Flowers102": [
        {
            "acc/test/Flowers102": 0.8485932946205139,
            "loss/test/Flowers102": 0.6085361838340759,
            "normalized_acc/test/Flowers102": 0.9005868434906006
        }
    ],
    "FER2013": [
        {
            "acc/test/FER2013": 0.7184452414512634,
            "loss/test/FER2013": 0.9244669675827026,
            "normalized_acc/test/FER2013": 0.9744898080825806
        }
    ],
    "avg": [
        {
            "acc/test/avg": 0.7835192680358887,
            "normalized_acc/test/avg": 0.9375383257865906
        }
    ]
}