{
    "DTD": [
        {
            "acc/test/DTD": 0.6106383204460144,
            "loss/test/DTD": 1.3240855932235718,
            "normalized_acc/test/DTD": 0.7368420958518982
        }
    ],
    "PCAM": [
        {
            "acc/test/PCAM": 0.847686767578125,
            "loss/test/PCAM": 0.39002344012260437,
            "normalized_acc/test/PCAM": 0.955422580242157
        }
    ],
    "avg": [
        {
            "acc/test/avg": 0.7291625440120697,
            "normalized_acc/test/avg": 0.8461323380470276
        }
    ]
}