{
    "CIFAR100": [
        {
            "acc/test/CIFAR100": 0.8766000270843506,
            "loss/test/CIFAR100": 0.4683353900909424,
            "normalized_acc/test/CIFAR100": 0.9819648265838623
        }
    ],
    "RenderedSST2": [
        {
            "acc/test/RenderedSST2": 0.7638660073280334,
            "loss/test/RenderedSST2": 0.5712002515792847,
            "normalized_acc/test/RenderedSST2": 0.9900355339050293
        }
    ],
    "avg": [
        {
            "acc/test/avg": 0.820233017206192,
            "normalized_acc/test/avg": 0.9860001802444458
        }
    ]
}