{
    "SUN397": [
        {
            "acc/test/SUN397": 0.755667507648468,
            "loss/test/SUN397": 0.899913489818573,
            "normalized_acc/test/SUN397": 0.9583439826965332
        }
    ],
    "GTSRB": [
        {
            "acc/test/GTSRB": 0.9748218655586243,
            "loss/test/GTSRB": 0.1104627400636673,
            "normalized_acc/test/GTSRB": 0.9855118989944458
        }
    ],
    "avg": [
        {
            "acc/test/avg": 0.8652446866035461,
            "normalized_acc/test/avg": 0.9719279408454895
        }
    ]
}