{
    "RESISC45": [
        {
            "acc/test/RESISC45": 0.8980952501296997,
            "loss/test/RESISC45": 0.32185351848602295,
            "normalized_acc/test/RESISC45": 0.9290640950202942
        }
    ],
    "FashionMNIST": [
        {
            "acc/test/FashionMNIST": 0.926800012588501,
            "loss/test/FashionMNIST": 0.22469331324100494,
            "normalized_acc/test/FashionMNIST": 0.9735293984413147
        }
    ],
    "avg": [
        {
            "acc/test/avg": 0.9124476313591003,
            "normalized_acc/test/avg": 0.9512967467308044
        }
    ]
}