{
    "SUN397": [
        {
            "acc/test/SUN397": 0.746246874332428,
            "loss/test/SUN397": 0.9469574689865112,
            "normalized_acc/test/SUN397": 0.9463966488838196
        }
    ],
    "CIFAR100": [
        {
            "acc/test/CIFAR100": 0.8679999709129333,
            "loss/test/CIFAR100": 0.5521373748779297,
            "normalized_acc/test/CIFAR100": 0.9723311066627502
        }
    ],
    "avg": [
        {
            "acc/test/avg": 0.8071234226226807,
            "normalized_acc/test/avg": 0.9593638777732849
        }
    ]
}