{
    "CIFAR100": [
        {
            "acc/test/CIFAR100": 0.8585000038146973,
            "loss/test/CIFAR100": 0.5198310613632202,
            "normalized_acc/test/CIFAR100": 0.9616892337799072
        }
    ],
    "CIFAR10": [
        {
            "acc/test/CIFAR10": 0.9833999872207642,
            "loss/test/CIFAR10": 0.06750442832708359,
            "normalized_acc/test/CIFAR10": 1.0018337965011597
        }
    ],
    "avg": [
        {
            "acc/test/avg": 0.9209499955177307,
            "normalized_acc/test/avg": 0.9817615151405334
        }
    ]
}