{
    "DTD": [
        {
            "acc/test/DTD": 0.6106383204460144,
            "loss/test/DTD": 1.3241429328918457,
            "normalized_acc/test/DTD": 0.7368420958518982
        }
    ],
    "PCAM": [
        {
            "acc/test/PCAM": 0.84771728515625,
            "loss/test/PCAM": 0.389994740486145,
            "normalized_acc/test/PCAM": 0.9554569721221924
        }
    ],
    "avg": [
        {
            "acc/test/avg": 0.7291778028011322,
            "normalized_acc/test/avg": 0.8461495339870453
        }
    ]
}