{
    "CIFAR100": [
        {
            "acc/test/CIFAR100": 0.8634999990463257,
            "loss/test/CIFAR100": 0.5403577089309692,
            "normalized_acc/test/CIFAR100": 0.9672902226448059
        }
    ],
    "Food101": [
        {
            "acc/test/Food101": 0.8925148248672485,
            "loss/test/Food101": 0.413080632686615,
            "normalized_acc/test/Food101": 0.9818751811981201
        }
    ],
    "avg": [
        {
            "acc/test/avg": 0.8780074119567871,
            "normalized_acc/test/avg": 0.974582701921463
        }
    ]
}