{
    "EuroSAT": [
        {
            "acc/test/EuroSAT": 0.9848148226737976,
            "loss/test/EuroSAT": 0.04341258853673935,
            "normalized_acc/test/EuroSAT": 0.9940187335014343
        }
    ],
    "OxfordIIITPet": [
        {
            "acc/test/OxfordIIITPet": 0.9443989992141724,
            "loss/test/OxfordIIITPet": 0.17771375179290771,
            "normalized_acc/test/OxfordIIITPet": 0.9936907887458801
        }
    ],
    "avg": [
        {
            "acc/test/avg": 0.964606910943985,
            "normalized_acc/test/avg": 0.9938547611236572
        }
    ]
}