{
    "CIFAR100": [
        {
            "acc/test/CIFAR100": 0.8140000104904175,
            "loss/test/CIFAR100": 0.7568635940551758,
            "normalized_acc/test/CIFAR100": 0.9118404984474182
        }
    ],
    "KMNIST": [
        {
            "acc/test/KMNIST": 0.9024999737739563,
            "loss/test/KMNIST": 0.5125232338905334,
            "normalized_acc/test/KMNIST": 0.9176410436630249
        }
    ],
    "avg": [
        {
            "acc/test/avg": 0.8582499921321869,
            "normalized_acc/test/avg": 0.9147407710552216
        }
    ]
}