{
    "SVHN": [
        {
            "acc/test/SVHN": 0.9518669247627258,
            "loss/test/SVHN": 0.19548015296459198,
            "normalized_acc/test/SVHN": 0.9763968586921692
        }
    ],
    "MNIST": [
        {
            "acc/test/MNIST": 0.9933000206947327,
            "loss/test/MNIST": 0.034089893102645874,
            "normalized_acc/test/MNIST": 0.996788740158081
        }
    ],
    "avg": [
        {
            "acc/test/avg": 0.9725834727287292,
            "normalized_acc/test/avg": 0.9865927994251251
        }
    ]
}