{
    "Cars": [
        {
            "acc/test/Cars": 0.7772665023803711,
            "loss/test/Cars": 0.7093234062194824,
            "normalized_acc/test/Cars": 0.905928373336792
        }
    ],
    "CIFAR100": [
        {
            "acc/test/CIFAR100": 0.8738999962806702,
            "loss/test/CIFAR100": 0.5065310597419739,
            "normalized_acc/test/CIFAR100": 0.9789402484893799
        }
    ],
    "avg": [
        {
            "acc/test/avg": 0.8255832493305206,
            "normalized_acc/test/avg": 0.9424343109130859
        }
    ]
}