{
    "Food101": [
        {
            "acc/test/Food101": 0.9059010148048401,
            "loss/test/Food101": 0.3627779185771942,
            "normalized_acc/test/Food101": 0.9966016411781311
        }
    ],
    "KMNIST": [
        {
            "acc/test/KMNIST": 0.916100025177002,
            "loss/test/KMNIST": 0.44963476061820984,
            "normalized_acc/test/KMNIST": 0.9314692616462708
        }
    ],
    "avg": [
        {
            "acc/test/avg": 0.911000519990921,
            "normalized_acc/test/avg": 0.9640354514122009
        }
    ]
}