{
    "OxfordIIITPet": [
        {
            "acc/test/OxfordIIITPet": 0.9419460296630859,
            "loss/test/OxfordIIITPet": 0.19184930622577667,
            "normalized_acc/test/OxfordIIITPet": 0.9911097884178162
        }
    ],
    "EMNIST": [
        {
            "acc/test/EMNIST": 0.9954000115394592,
            "loss/test/EMNIST": 0.04720769450068474,
            "normalized_acc/test/EMNIST": 1.0011062622070312
        }
    ],
    "avg": [
        {
            "acc/test/avg": 0.9686730206012726,
            "normalized_acc/test/avg": 0.9961080253124237
        }
    ]
}