{
    "SUN397": [
        {
            "acc/test/SUN397": 0.7305289506912231,
            "loss/test/SUN397": 0.9290393590927124,
            "normalized_acc/test/SUN397": 0.9264630675315857
        }
    ],
    "PCAM": [
        {
            "acc/test/PCAM": 0.841705322265625,
            "loss/test/PCAM": 0.3836727738380432,
            "normalized_acc/test/PCAM": 0.9486808776855469
        }
    ],
    "avg": [
        {
            "acc/test/avg": 0.7861171364784241,
            "normalized_acc/test/avg": 0.9375719726085663
        }
    ]
}