{
    "SUN397": [
        {
            "acc/test/SUN397": 0.7462972402572632,
            "loss/test/SUN397": 0.9469579458236694,
            "normalized_acc/test/SUN397": 0.9464605450630188
        }
    ],
    "CIFAR100": [
        {
            "acc/test/CIFAR100": 0.8679999709129333,
            "loss/test/CIFAR100": 0.5521107912063599,
            "normalized_acc/test/CIFAR100": 0.9723311066627502
        }
    ],
    "avg": [
        {
            "acc/test/avg": 0.8071486055850983,
            "normalized_acc/test/avg": 0.9593958258628845
        }
    ]
}