{
    "GTSRB": [
        {
            "acc/test/GTSRB": 0.974030077457428,
            "loss/test/GTSRB": 0.12242858856916428,
            "normalized_acc/test/GTSRB": 0.9847114682197571
        }
    ],
    "Food101": [
        {
            "acc/test/Food101": 0.9110099077224731,
            "loss/test/Food101": 0.34759360551834106,
            "normalized_acc/test/Food101": 1.0022220611572266
        }
    ],
    "avg": [
        {
            "acc/test/avg": 0.9425199925899506,
            "normalized_acc/test/avg": 0.9934667646884918
        }
    ]
}