{
    "SUN397": [
        {
            "acc/test/SUN397": 0.759143590927124,
            "loss/test/SUN397": 0.8755986094474792,
            "normalized_acc/test/SUN397": 0.9627524018287659
        }
    ],
    "FER2013": [
        {
            "acc/test/FER2013": 0.7160769104957581,
            "loss/test/FER2013": 1.0100622177124023,
            "normalized_acc/test/FER2013": 0.9712774157524109
        }
    ],
    "avg": [
        {
            "acc/test/avg": 0.737610250711441,
            "normalized_acc/test/avg": 0.9670149087905884
        }
    ]
}