{
    "SUN397": [
        {
            "acc/test/SUN397": 0.7680100798606873,
            "loss/test/SUN397": 0.846434473991394,
            "normalized_acc/test/SUN397": 0.9739969372749329
        }
    ],
    "Flowers102": [
        {
            "acc/test/Flowers102": 0.8507074117660522,
            "loss/test/Flowers102": 0.5917227268218994,
            "normalized_acc/test/Flowers102": 0.9028304815292358
        }
    ],
    "avg": [
        {
            "acc/test/avg": 0.8093587458133698,
            "normalized_acc/test/avg": 0.9384137094020844
        }
    ]
}