{
    "MNIST": [
        {
            "acc/test/MNIST": 0.9943000078201294,
            "loss/test/MNIST": 0.04032233729958534,
            "normalized_acc/test/MNIST": 0.9977922439575195
        }
    ],
    "RenderedSST2": [
        {
            "acc/test/RenderedSST2": 0.7797912955284119,
            "loss/test/RenderedSST2": 0.5041255354881287,
            "normalized_acc/test/RenderedSST2": 1.0106761455535889
        }
    ],
    "avg": [
        {
            "acc/test/avg": 0.8870456516742706,
            "normalized_acc/test/avg": 1.0042341947555542
        }
    ]
}