{
    "STL10": [
        {
            "acc/test/STL10": 0.9906250238418579,
            "loss/test/STL10": 0.028306199237704277,
            "normalized_acc/test/STL10": 1.0027837753295898
        }
    ],
    "RenderedSST2": [
        {
            "acc/test/RenderedSST2": 0.7819879055023193,
            "loss/test/RenderedSST2": 0.5233116149902344,
            "normalized_acc/test/RenderedSST2": 1.0135231018066406
        }
    ],
    "avg": [
        {
            "acc/test/avg": 0.8863064646720886,
            "normalized_acc/test/avg": 1.0081534385681152
        }
    ]
}