{
    "DTD": [
        {
            "acc/test/DTD": 0.7159574627876282,
            "loss/test/DTD": 1.0258921384811401,
            "normalized_acc/test/DTD": 0.8639280796051025
        }
    ],
    "Food101": [
        {
            "acc/test/Food101": 0.917465329170227,
            "loss/test/Food101": 0.32395321130752563,
            "normalized_acc/test/Food101": 1.0093238353729248
        }
    ],
    "avg": [
        {
            "acc/test/avg": 0.8167113959789276,
            "normalized_acc/test/avg": 0.9366259574890137
        }
    ]
}