{
    "RESISC45": [
        {
            "acc/test/RESISC45": 0.9233333468437195,
            "loss/test/RESISC45": 0.25087806582450867,
            "normalized_acc/test/RESISC45": 0.9551724791526794
        }
    ],
    "EMNIST": [
        {
            "acc/test/EMNIST": 0.9958999752998352,
            "loss/test/EMNIST": 0.046392153948545456,
            "normalized_acc/test/EMNIST": 1.0016090869903564
        }
    ],
    "avg": [
        {
            "acc/test/avg": 0.9596166610717773,
            "normalized_acc/test/avg": 0.9783907830715179
        }
    ]
}