{
    "SUN397": [
        {
            "acc/test/SUN397": 0.7663475871086121,
            "loss/test/SUN397": 0.8396910429000854,
            "normalized_acc/test/SUN397": 0.971888542175293
        }
    ],
    "RenderedSST2": [
        {
            "acc/test/RenderedSST2": 0.7742998600006104,
            "loss/test/RenderedSST2": 0.5511412620544434,
            "normalized_acc/test/RenderedSST2": 1.0035587549209595
        }
    ],
    "avg": [
        {
            "acc/test/avg": 0.7703237235546112,
            "normalized_acc/test/avg": 0.9877236485481262
        }
    ]
}