{
    "CIFAR10": [
        {
            "acc/test/CIFAR10": 0.9810000061988831,
            "loss/test/CIFAR10": 0.0675753504037857,
            "normalized_acc/test/CIFAR10": 0.9993887543678284
        }
    ],
    "Food101": [
        {
            "acc/test/Food101": 0.8960000276565552,
            "loss/test/Food101": 0.3841099143028259,
            "normalized_acc/test/Food101": 0.9857093691825867
        }
    ],
    "avg": [
        {
            "acc/test/avg": 0.9385000169277191,
            "normalized_acc/test/avg": 0.9925490617752075
        }
    ]
}