{
    "EuroSAT": [
        {
            "acc/test/EuroSAT": 0.9755555391311646,
            "loss/test/EuroSAT": 0.08346343785524368,
            "normalized_acc/test/EuroSAT": 0.9846729040145874
        }
    ],
    "GTSRB": [
        {
            "acc/test/GTSRB": 0.9564529061317444,
            "loss/test/GTSRB": 0.1803751289844513,
            "normalized_acc/test/GTSRB": 0.9669415354728699
        }
    ],
    "avg": [
        {
            "acc/test/avg": 0.9660042226314545,
            "normalized_acc/test/avg": 0.9758072197437286
        }
    ]
}