{
    "GTSRB": [
        {
            "acc/test/GTSRB": 0.9674584269523621,
            "loss/test/GTSRB": 0.1320909559726715,
            "normalized_acc/test/GTSRB": 0.9780677556991577
        }
    ],
    "FER2013": [
        {
            "acc/test/FER2013": 0.6957369446754456,
            "loss/test/FER2013": 1.0621227025985718,
            "normalized_acc/test/FER2013": 0.9436885714530945
        }
    ],
    "avg": [
        {
            "acc/test/avg": 0.8315976858139038,
            "normalized_acc/test/avg": 0.9608781635761261
        }
    ]
}