{
    "Cars": [
        {
            "acc/test/Cars_epoch": 0.776520311832428,
            "loss/test/Cars_epoch": 0.6707735657691956,
            "acc/test/Cars": 0.776520311832428,
            "normalized_acc/test/Cars": 0.9050586819648743
        }
    ],
    "KMNIST": [
        {
            "acc/test/KMNIST_epoch": 0.1737000048160553,
            "loss/test/KMNIST_epoch": 2.1664702892303467,
            "acc/test/KMNIST": 0.1737000048160553,
            "normalized_acc/test/KMNIST": 0.17661413550376892
        }
    ],
    "avg": [
        {
            "acc/test/avg": 0.47511015832424164,
            "normalized_acc/test/avg": 0.5408364087343216
        }
    ]
}