{
    "Food101": [
        {
            "acc/test/Food101_epoch": 0.91005939245224,
            "loss/test/Food101_epoch": 0.308609277009964,
            "acc/test/Food101": 0.91005939245224,
            "normalized_acc/test/Food101": 1.001176357269287
        }
    ],
    "EMNIST": [
        {
            "acc/test/EMNIST_epoch": 0.9498999714851379,
            "loss/test/EMNIST_epoch": 0.26857811212539673,
            "acc/test/EMNIST": 0.9498999714851379,
            "normalized_acc/test/EMNIST": 0.9553454518318176
        }
    ],
    "avg": [
        {
            "acc/test/avg": 0.929979681968689,
            "normalized_acc/test/avg": 0.9782609045505524
        }
    ]
}