{
    "GTSRB": [
        {
            "acc/test/GTSRB_epoch": 0.7051464915275574,
            "loss/test/GTSRB_epoch": 1.0640512704849243,
            "acc/test/GTSRB": 0.7051464915275574,
            "normalized_acc/test/GTSRB": 0.7128792405128479
        }
    ],
    "KMNIST": [
        {
            "acc/test/KMNIST_epoch": 0.1615000069141388,
            "loss/test/KMNIST_epoch": 2.312800645828247,
            "acc/test/KMNIST": 0.1615000069141388,
            "normalized_acc/test/KMNIST": 0.16420945525169373
        }
    ],
    "avg": [
        {
            "acc/test/avg": 0.4333232492208481,
            "normalized_acc/test/avg": 0.4385443478822708
        }
    ]
}