{
    "MNIST": [
        {
            "acc/test/MNIST_epoch": 0.9261000156402588,
            "loss/test/MNIST_epoch": 0.6655091047286987,
            "acc/test/MNIST": 0.9261000156402588,
            "normalized_acc/test/MNIST": 0.9293527603149414
        }
    ],
    "FashionMNIST": [
        {
            "acc/test/FashionMNIST_epoch": 0.8302000164985657,
            "loss/test/FashionMNIST_epoch": 0.5025905966758728,
            "acc/test/FashionMNIST": 0.8302000164985657,
            "normalized_acc/test/FashionMNIST": 0.8720588088035583
        }
    ],
    "avg": [
        {
            "acc/test/avg": 0.8781500160694122,
            "normalized_acc/test/avg": 0.9007057845592499
        }
    ]
}