{
    "SUN397": [
        {
            "acc/test/SUN397_epoch": 0.7181863784790039,
            "loss/test/SUN397_epoch": 0.961665689945221,
            "acc/test/SUN397": 0.7181863784790039,
            "normalized_acc/test/SUN397": 0.910810112953186
        }
    ],
    "MNIST": [
        {
            "acc/test/MNIST_epoch": 0.9448999762535095,
            "loss/test/MNIST_epoch": 0.5711944699287415,
            "acc/test/MNIST": 0.9448999762535095,
            "normalized_acc/test/MNIST": 0.9482187032699585
        }
    ],
    "avg": [
        {
            "acc/test/avg": 0.8315431773662567,
            "normalized_acc/test/avg": 0.9295144081115723
        }
    ]
}