{
    "Cars": [
        {
            "acc/test/Cars_epoch": 0.7571197748184204,
            "loss/test/Cars_epoch": 0.7194932699203491,
            "acc/test/Cars": 0.7571197748184204,
            "normalized_acc/test/Cars": 0.8824467658996582
        }
    ],
    "EuroSAT": [
        {
            "acc/test/EuroSAT_epoch": 0.9470370411872864,
            "loss/test/EuroSAT_epoch": 0.24744319915771484,
            "acc/test/EuroSAT": 0.9470370411872864,
            "normalized_acc/test/EuroSAT": 0.9558878540992737
        }
    ],
    "avg": [
        {
            "acc/test/avg": 0.8520784080028534,
            "normalized_acc/test/avg": 0.9191673099994659
        }
    ]
}