{
    "SUN397": [
        {
            "acc/test/SUN397_epoch": 0.7073551416397095,
            "loss/test/SUN397_epoch": 1.0005260705947876,
            "acc/test/SUN397": 0.7073551416397095,
            "normalized_acc/test/SUN397": 0.8970738649368286
        }
    ],
    "OxfordIIITPet": [
        {
            "acc/test/OxfordIIITPet_epoch": 0.9433088302612305,
            "loss/test/OxfordIIITPet_epoch": 0.17130868136882782,
            "acc/test/OxfordIIITPet": 0.9433088302612305,
            "normalized_acc/test/OxfordIIITPet": 0.9925437569618225
        }
    ],
    "avg": [
        {
            "acc/test/avg": 0.82533198595047,
            "normalized_acc/test/avg": 0.9448088109493256
        }
    ]
}