{
    "PCAM": [
        {
            "acc/test/PCAM_epoch": 0.778839111328125,
            "loss/test/PCAM_epoch": 0.48248305916786194,
            "acc/test/PCAM": 0.778839111328125,
            "normalized_acc/test/PCAM": 0.8778247833251953
        }
    ],
    "RenderedSST2": [
        {
            "acc/test/RenderedSST2_epoch": 0.6408566832542419,
            "loss/test/RenderedSST2_epoch": 0.6259686350822449,
            "acc/test/RenderedSST2": 0.6408566832542419,
            "normalized_acc/test/RenderedSST2": 0.8306049704551697
        }
    ],
    "avg": [
        {
            "acc/test/avg": 0.7098478972911835,
            "normalized_acc/test/avg": 0.8542148768901825
        }
    ]
}