{
    "RESISC45": [
        {
            "acc/test/RESISC45_epoch": 0.8792063593864441,
            "loss/test/RESISC45_epoch": 0.4256630837917328,
            "acc/test/RESISC45": 0.8792063593864441,
            "normalized_acc/test/RESISC45": 0.9095238447189331
        }
    ],
    "FashionMNIST": [
        {
            "acc/test/FashionMNIST_epoch": 0.848800003528595,
            "loss/test/FashionMNIST_epoch": 0.4448126554489136,
            "acc/test/FashionMNIST": 0.848800003528595,
            "normalized_acc/test/FashionMNIST": 0.8915966153144836
        }
    ],
    "avg": [
        {
            "acc/test/avg": 0.8640031814575195,
            "normalized_acc/test/avg": 0.9005602300167084
        }
    ]
}