{
    "MNIST": [
        {
            "acc/test/MNIST_epoch": 0.9348999857902527,
            "loss/test/MNIST_epoch": 0.6728474497795105,
            "acc/test/MNIST": 0.9348999857902527,
            "normalized_acc/test/MNIST": 0.938183605670929
        }
    ],
    "PCAM": [
        {
            "acc/test/PCAM_epoch": 0.793060302734375,
            "loss/test/PCAM_epoch": 0.4633748233318329,
            "acc/test/PCAM": 0.793060302734375,
            "normalized_acc/test/PCAM": 0.8938534259796143
        }
    ],
    "avg": [
        {
            "acc/test/avg": 0.8639801442623138,
            "normalized_acc/test/avg": 0.9160185158252716
        }
    ]
}