{
    "MNIST": [
        {
            "acc/test/MNIST_epoch": 0.7718999981880188,
            "loss/test/MNIST_epoch": 1.0445913076400757,
            "acc/test/MNIST": 0.7718999981880188,
            "normalized_acc/test/MNIST": 0.7746111154556274
        }
    ],
    "OxfordIIITPet": [
        {
            "acc/test/OxfordIIITPet_epoch": 0.922322154045105,
            "loss/test/OxfordIIITPet_epoch": 0.23793388903141022,
            "acc/test/OxfordIIITPet": 0.922322154045105,
            "normalized_acc/test/OxfordIIITPet": 0.9704616665840149
        }
    ],
    "avg": [
        {
            "acc/test/avg": 0.8471110761165619,
            "normalized_acc/test/avg": 0.8725363910198212
        }
    ]
}