{
    "DTD": [
        {
            "acc/test/DTD_epoch": 0.5792553424835205,
            "loss/test/DTD_epoch": 1.4771629571914673,
            "acc/test/DTD": 0.5792553424835205,
            "normalized_acc/test/DTD": 0.6989730596542358
        }
    ],
    "KMNIST": [
        {
            "acc/test/KMNIST_epoch": 0.15330000221729279,
            "loss/test/KMNIST_epoch": 2.298076868057251,
            "acc/test/KMNIST": 0.15330000221729279,
            "normalized_acc/test/KMNIST": 0.15587188303470612
        }
    ],
    "avg": [
        {
            "acc/test/avg": 0.36627767235040665,
            "normalized_acc/test/avg": 0.427422471344471
        }
    ]
}