{
    "SVHN": [
        {
            "acc/test/SVHN_epoch": 0.7741625905036926,
            "loss/test/SVHN_epoch": 1.056689739227295,
            "acc/test/SVHN": 0.7741625905036926,
            "normalized_acc/test/SVHN": 0.794113039970398
        }
    ],
    "CIFAR10": [
        {
            "acc/test/CIFAR10_epoch": 0.9684000015258789,
            "loss/test/CIFAR10_epoch": 0.10487557202577591,
            "acc/test/CIFAR10": 0.9684000015258789,
            "normalized_acc/test/CIFAR10": 0.9865525960922241
        }
    ],
    "avg": [
        {
            "acc/test/avg": 0.8712812960147858,
            "normalized_acc/test/avg": 0.890332818031311
        }
    ]
}