{
    "GTSRB": [
        {
            "acc/test/GTSRB_epoch": 0.7439429759979248,
            "loss/test/GTSRB_epoch": 0.9642188549041748,
            "acc/test/GTSRB": 0.7439429759979248,
            "normalized_acc/test/GTSRB": 0.7521011829376221
        }
    ],
    "FashionMNIST": [
        {
            "acc/test/FashionMNIST_epoch": 0.8378000259399414,
            "loss/test/FashionMNIST_epoch": 0.47506651282310486,
            "acc/test/FashionMNIST": 0.8378000259399414,
            "normalized_acc/test/FashionMNIST": 0.8800420165061951
        }
    ],
    "avg": [
        {
            "acc/test/avg": 0.7908715009689331,
            "normalized_acc/test/avg": 0.8160715997219086
        }
    ]
}