{
    "SVHN": [
        {
            "acc/test/SVHN_epoch": 0.8000537753105164,
            "loss/test/SVHN_epoch": 0.932021975517273,
            "acc/test/SVHN": 0.8000537753105164,
            "normalized_acc/test/SVHN": 0.8206714391708374
        }
    ],
    "FER2013": [
        {
            "acc/test/FER2013_epoch": 0.5940373539924622,
            "loss/test/FER2013_epoch": 1.1132415533065796,
            "acc/test/FER2013": 0.5940373539924622,
            "normalized_acc/test/FER2013": 0.8057445287704468
        }
    ],
    "avg": [
        {
            "acc/test/avg": 0.6970455646514893,
            "normalized_acc/test/avg": 0.8132079839706421
        }
    ]
}