{
    "RESISC45": [
        {
            "acc/test/RESISC45_epoch": 0.9128571152687073,
            "loss/test/RESISC45_epoch": 0.308674693107605,
            "acc/test/RESISC45": 0.9128571152687073,
            "normalized_acc/test/RESISC45": 0.9443349838256836
        }
    ],
    "Food101": [
        {
            "acc/test/Food101_epoch": 0.9110891222953796,
            "loss/test/Food101_epoch": 0.30492842197418213,
            "acc/test/Food101": 0.9110891222953796,
            "normalized_acc/test/Food101": 1.0023092031478882
        }
    ],
    "avg": [
        {
            "acc/test/avg": 0.9119731187820435,
            "normalized_acc/test/avg": 0.9733220934867859
        }
    ]
}