{
    "STL10": [
        {
            "acc/test/STL10_epoch": 0.9884999990463257,
            "loss/test/STL10_epoch": 0.0435347706079483,
            "acc/test/STL10": 0.9884999990463257,
            "normalized_acc/test/STL10": 1.000632643699646
        }
    ],
    "CIFAR10": [
        {
            "acc/test/CIFAR10_epoch": 0.9621000289916992,
            "loss/test/CIFAR10_epoch": 0.12326040118932724,
            "acc/test/CIFAR10": 0.9621000289916992,
            "normalized_acc/test/CIFAR10": 0.9801345467567444
        }
    ],
    "avg": [
        {
            "acc/test/avg": 0.9753000140190125,
            "normalized_acc/test/avg": 0.9903835952281952
        }
    ]
}