{
    "CIFAR100": [
        {
            "acc/test/CIFAR100_epoch": 0.8264999985694885,
            "loss/test/CIFAR100_epoch": 0.6364773511886597,
            "acc/test/CIFAR100": 0.8264999985694885,
            "normalized_acc/test/CIFAR100": 0.9258429408073425
        }
    ],
    "FashionMNIST": [
        {
            "acc/test/FashionMNIST_epoch": 0.8646000027656555,
            "loss/test/FashionMNIST_epoch": 0.3889554440975189,
            "acc/test/FashionMNIST": 0.8646000027656555,
            "normalized_acc/test/FashionMNIST": 0.9081932306289673
        }
    ],
    "avg": [
        {
            "acc/test/avg": 0.845550000667572,
            "normalized_acc/test/avg": 0.9170180857181549
        }
    ]
}