{
    "DTD": [
        {
            "acc/test/DTD_epoch": 0.5968084931373596,
            "loss/test/DTD_epoch": 1.4460575580596924,
            "acc/test/DTD": 0.5968084931373596,
            "normalized_acc/test/DTD": 0.7201539874076843
        }
    ],
    "FashionMNIST": [
        {
            "acc/test/FashionMNIST_epoch": 0.8434000015258789,
            "loss/test/FashionMNIST_epoch": 0.4750850200653076,
            "acc/test/FashionMNIST": 0.8434000015258789,
            "normalized_acc/test/FashionMNIST": 0.8859243392944336
        }
    ],
    "avg": [
        {
            "acc/test/avg": 0.7201042473316193,
            "normalized_acc/test/avg": 0.803039163351059
        }
    ]
}