{
    "OxfordIIITPet": [
        {
            "acc/test/OxfordIIITPet_epoch": 0.9479421973228455,
            "loss/test/OxfordIIITPet_epoch": 0.1575777530670166,
            "acc/test/OxfordIIITPet": 0.9479421973228455,
            "normalized_acc/test/OxfordIIITPet": 0.9974189400672913
        }
    ],
    "Food101": [
        {
            "acc/test/Food101_epoch": 0.9084356427192688,
            "loss/test/Food101_epoch": 0.31091609597206116,
            "acc/test/Food101": 0.9084356427192688,
            "normalized_acc/test/Food101": 0.9993900656700134
        }
    ],
    "avg": [
        {
            "acc/test/avg": 0.9281889200210571,
            "normalized_acc/test/avg": 0.9984045028686523
        }
    ]
}