{
    "MNIST": [
        {
            "acc/test/MNIST_epoch": 0.9559999704360962,
            "loss/test/MNIST_epoch": 0.46208056807518005,
            "acc/test/MNIST": 0.9559999704360962,
            "normalized_acc/test/MNIST": 0.9593576788902283
        }
    ],
    "FER2013": [
        {
            "acc/test/FER2013_epoch": 0.5813596844673157,
            "loss/test/FER2013_epoch": 1.1499377489089966,
            "acc/test/FER2013": 0.5813596844673157,
            "normalized_acc/test/FER2013": 0.7885487079620361
        }
    ],
    "avg": [
        {
            "acc/test/avg": 0.7686798274517059,
            "normalized_acc/test/avg": 0.8739531934261322
        }
    ]
}