{
    "FER2013": [
        {
            "acc/test/FER2013_epoch": 0.6043466329574585,
            "loss/test/FER2013_epoch": 1.1010727882385254,
            "acc/test/FER2013": 0.6043466329574585,
            "normalized_acc/test/FER2013": 0.819727897644043
        }
    ],
    "KMNIST": [
        {
            "acc/test/KMNIST_epoch": 0.1914999932050705,
            "loss/test/KMNIST_epoch": 2.194887161254883,
            "acc/test/KMNIST": 0.1914999932050705,
            "normalized_acc/test/KMNIST": 0.19471275806427002
        }
    ],
    "avg": [
        {
            "acc/test/avg": 0.3979233130812645,
            "normalized_acc/test/avg": 0.5072203278541565
        }
    ]
}