{
    "RESISC45": [
        {
            "acc/test/RESISC45_epoch": 0.9041270017623901,
            "loss/test/RESISC45_epoch": 0.34521371126174927,
            "acc/test/RESISC45": 0.9041270017623901,
            "normalized_acc/test/RESISC45": 0.935303807258606
        }
    ],
    "FER2013": [
        {
            "acc/test/FER2013_epoch": 0.6033714413642883,
            "loss/test/FER2013_epoch": 1.1049835681915283,
            "acc/test/FER2013": 0.6033714413642883,
            "normalized_acc/test/FER2013": 0.8184052109718323
        }
    ],
    "avg": [
        {
            "acc/test/avg": 0.7537492215633392,
            "normalized_acc/test/avg": 0.8768545091152191
        }
    ]
}