{
    "SVHN": [
        {
            "acc/test/SVHN_epoch": 0.7618700265884399,
            "loss/test/SVHN_epoch": 1.1025547981262207,
            "acc/test/SVHN": 0.7618700265884399,
            "normalized_acc/test/SVHN": 0.7815036773681641
        }
    ],
    "RenderedSST2": [
        {
            "acc/test/RenderedSST2_epoch": 0.6551345586776733,
            "loss/test/RenderedSST2_epoch": 0.6145525574684143,
            "acc/test/RenderedSST2": 0.6551345586776733,
            "normalized_acc/test/RenderedSST2": 0.8491103053092957
        }
    ],
    "avg": [
        {
            "acc/test/avg": 0.7085022926330566,
            "normalized_acc/test/avg": 0.8153069913387299
        }
    ]
}