{
    "SUN397": [
        {
            "acc/test/SUN397_epoch": 0.7542569041252136,
            "loss/test/SUN397_epoch": 0.9555253982543945,
            "acc/test/SUN397": 0.7542569041252136,
            "normalized_acc/test/SUN397": 0.9565550684928894
        }
    ],
    "CIFAR100": [
        {
            "acc/test/CIFAR100_epoch": 0.8938000202178955,
            "loss/test/CIFAR100_epoch": 0.4995793104171753,
            "acc/test/CIFAR100": 0.8938000202178955,
            "normalized_acc/test/CIFAR100": 1.0012322664260864
        }
    ],
    "avg": [
        {
            "acc/test/avg": 0.8240284621715546,
            "normalized_acc/test/avg": 0.9788936674594879
        }
    ]
}