{
    "SUN397": [
        {
            "acc/test/SUN397_epoch": 0.7782871723175049,
            "loss/test/SUN397_epoch": 0.8656891584396362,
            "acc/test/SUN397": 0.7782871723175049,
            "normalized_acc/test/SUN397": 0.9870304465293884
        }
    ],
    "FER2013": [
        {
            "acc/test/FER2013_epoch": 0.7435218691825867,
            "loss/test/FER2013_epoch": 1.1633105278015137,
            "acc/test/FER2013": 0.7435218691825867,
            "normalized_acc/test/FER2013": 1.0085034370422363
        }
    ],
    "avg": [
        {
            "acc/test/avg": 0.7609045207500458,
            "normalized_acc/test/avg": 0.9977669417858124
        }
    ]
}