{
    "SUN397": [
        {
            "acc/test/SUN397_epoch": 0.7572795748710632,
            "loss/test/SUN397_epoch": 0.940582811832428,
            "acc/test/SUN397": 0.7572795748710632,
            "normalized_acc/test/SUN397": 0.9603884220123291
        }
    ],
    "SVHN": [
        {
            "acc/test/SVHN_epoch": 0.9752228260040283,
            "loss/test/SVHN_epoch": 0.1121019497513771,
            "acc/test/SVHN": 0.9752228260040283,
            "normalized_acc/test/SVHN": 1.0003546476364136
        }
    ],
    "avg": [
        {
            "acc/test/avg": 0.8662512004375458,
            "normalized_acc/test/avg": 0.9803715348243713
        }
    ]
}