{
    "SUN397": [
        {
            "acc/test/SUN397_epoch": 0.7305289506912231,
            "loss/test/SUN397_epoch": 0.9279208183288574,
            "acc/test/SUN397": 0.7305289506912231,
            "normalized_acc/test/SUN397": 0.9264630675315857
        }
    ],
    "KMNIST": [
        {
            "acc/test/KMNIST_epoch": 0.5099999904632568,
            "loss/test/KMNIST_epoch": 1.5710184574127197,
            "acc/test/KMNIST": 0.5099999904632568,
            "normalized_acc/test/KMNIST": 0.5185561776161194
        }
    ],
    "avg": [
        {
            "acc/test/avg": 0.62026447057724,
            "normalized_acc/test/avg": 0.7225096225738525
        }
    ]
}