{
    "CIFAR100": [
        {
            "acc/test/CIFAR100_epoch": 0.8431000113487244,
            "loss/test/CIFAR100_epoch": 0.571112334728241,
            "acc/test/CIFAR100": 0.8431000113487244,
            "normalized_acc/test/CIFAR100": 0.9444382190704346
        }
    ],
    "RenderedSST2": [
        {
            "acc/test/RenderedSST2_epoch": 0.7248764634132385,
            "loss/test/RenderedSST2_epoch": 0.5409625172615051,
            "acc/test/RenderedSST2": 0.7248764634132385,
            "normalized_acc/test/RenderedSST2": 0.9395017623901367
        }
    ],
    "avg": [
        {
            "acc/test/avg": 0.7839882373809814,
            "normalized_acc/test/avg": 0.9419699907302856
        }
    ]
}