{
    "OxfordIIITPet": [
        {
            "acc/test/OxfordIIITPet_epoch": 0.9370400905609131,
            "loss/test/OxfordIIITPet_epoch": 0.18897971510887146,
            "acc/test/OxfordIIITPet": 0.9370400905609131,
            "normalized_acc/test/OxfordIIITPet": 0.9859477877616882
        }
    ],
    "STL10": [
        {
            "acc/test/STL10_epoch": 0.987375020980835,
            "loss/test/STL10_epoch": 0.04336465150117874,
            "acc/test/STL10": 0.987375020980835,
            "normalized_acc/test/STL10": 0.9994938969612122
        }
    ],
    "avg": [
        {
            "acc/test/avg": 0.962207555770874,
            "normalized_acc/test/avg": 0.9927208423614502
        }
    ]
}