{
    "GTSRB": [
        {
            "acc/test/GTSRB_epoch": 0.8961995244026184,
            "loss/test/GTSRB_epoch": 0.46811991930007935,
            "acc/test/GTSRB": 0.8961995244026184,
            "normalized_acc/test/GTSRB": 0.9060273766517639
        }
    ],
    "RenderedSST2": [
        {
            "acc/test/RenderedSST2_epoch": 0.7484898567199707,
            "loss/test/RenderedSST2_epoch": 0.5147737860679626,
            "acc/test/RenderedSST2": 0.7484898567199707,
            "normalized_acc/test/RenderedSST2": 0.9701067805290222
        }
    ],
    "avg": [
        {
            "acc/test/avg": 0.8223446905612946,
            "normalized_acc/test/avg": 0.9380670785903931
        }
    ]
}