{
    "OxfordIIITPet": [
        {
            "acc/test/OxfordIIITPet_epoch": 0.9313164353370667,
            "loss/test/OxfordIIITPet_epoch": 0.19715936481952667,
            "acc/test/OxfordIIITPet": 0.9313164353370667,
            "normalized_acc/test/OxfordIIITPet": 0.9799253940582275
        }
    ],
    "FashionMNIST": [
        {
            "acc/test/FashionMNIST_epoch": 0.9020000100135803,
            "loss/test/FashionMNIST_epoch": 0.2868683636188507,
            "acc/test/FashionMNIST": 0.9020000100135803,
            "normalized_acc/test/FashionMNIST": 0.9474790096282959
        }
    ],
    "avg": [
        {
            "acc/test/avg": 0.9166582226753235,
            "normalized_acc/test/avg": 0.9637022018432617
        }
    ]
}