{
    "Flowers102": [
        {
            "acc/test/Flowers102_epoch": 0.8085867762565613,
            "loss/test/Flowers102_epoch": 0.77164226770401,
            "acc/test/Flowers102": 0.8085867762565613,
            "normalized_acc/test/Flowers102": 0.85812908411026
        }
    ],
    "RenderedSST2": [
        {
            "acc/test/RenderedSST2_epoch": 0.7424492239952087,
            "loss/test/RenderedSST2_epoch": 0.5212069153785706,
            "acc/test/RenderedSST2": 0.7424492239952087,
            "normalized_acc/test/RenderedSST2": 0.9622775912284851
        }
    ],
    "avg": [
        {
            "acc/test/avg": 0.775518000125885,
            "normalized_acc/test/avg": 0.9102033376693726
        }
    ]
}