{
    "EMNIST": [
        {
            "acc/test/EMNIST_epoch": 0.9878000020980835,
            "loss/test/EMNIST_epoch": 0.1189483031630516,
            "acc/test/EMNIST": 0.9878000020980835,
            "normalized_acc/test/EMNIST": 0.9934627413749695
        }
    ],
    "KMNIST": [
        {
            "acc/test/KMNIST_epoch": 0.48989999294281006,
            "loss/test/KMNIST_epoch": 1.6541469097137451,
            "acc/test/KMNIST": 0.48989999294281006,
            "normalized_acc/test/KMNIST": 0.49811896681785583
        }
    ],
    "avg": [
        {
            "acc/test/avg": 0.7388499975204468,
            "normalized_acc/test/avg": 0.7457908540964127
        }
    ]
}