{
    "DTD": [
        {
            "acc/test/DTD_epoch": 0.6063829660415649,
            "loss/test/DTD_epoch": 1.3718430995941162,
            "acc/test/DTD": 0.6063829660415649,
            "normalized_acc/test/DTD": 0.7317072749137878
        }
    ],
    "PCAM": [
        {
            "acc/test/PCAM_epoch": 0.87445068359375,
            "loss/test/PCAM_epoch": 0.2912677228450775,
            "acc/test/PCAM": 0.87445068359375,
            "normalized_acc/test/PCAM": 0.985588014125824
        }
    ],
    "avg": [
        {
            "acc/test/avg": 0.7404168248176575,
            "normalized_acc/test/avg": 0.8586476445198059
        }
    ]
}