{
    "CIFAR100": [
        {
            "acc/test/CIFAR100_epoch": 0.8453999757766724,
            "loss/test/CIFAR100_epoch": 0.5469305515289307,
            "acc/test/CIFAR100": 0.8453999757766724,
            "normalized_acc/test/CIFAR100": 0.9470146298408508
        }
    ],
    "CIFAR10": [
        {
            "acc/test/CIFAR10_epoch": 0.9800999760627747,
            "loss/test/CIFAR10_epoch": 0.06436607986688614,
            "acc/test/CIFAR10": 0.9800999760627747,
            "normalized_acc/test/CIFAR10": 0.9984718561172485
        }
    ],
    "avg": [
        {
            "acc/test/avg": 0.9127499759197235,
            "normalized_acc/test/avg": 0.9727432429790497
        }
    ]
}