{
    "DTD": [
        {
            "acc/test/DTD_epoch": 0.6244680881500244,
            "loss/test/DTD_epoch": 1.2898736000061035,
            "acc/test/DTD": 0.6244680881500244,
            "normalized_acc/test/DTD": 0.7535301446914673
        }
    ],
    "FER2013": [
        {
            "acc/test/FER2013_epoch": 0.6816661953926086,
            "loss/test/FER2013_epoch": 0.9117071628570557,
            "acc/test/FER2013": 0.6816661953926086,
            "normalized_acc/test/FER2013": 0.9246031641960144
        }
    ],
    "avg": [
        {
            "acc/test/avg": 0.6530671417713165,
            "normalized_acc/test/avg": 0.8390666544437408
        }
    ]
}