{
    "PCAM": [
        {
            "acc/test/PCAM_epoch": 0.880523681640625,
            "loss/test/PCAM_epoch": 0.2823926508426666,
            "acc/test/PCAM": 0.880523681640625,
            "normalized_acc/test/PCAM": 0.9924328327178955
        }
    ],
    "CIFAR100": [
        {
            "acc/test/CIFAR100_epoch": 0.8019000291824341,
            "loss/test/CIFAR100_epoch": 0.6940830945968628,
            "acc/test/CIFAR100": 0.8019000291824341,
            "normalized_acc/test/CIFAR100": 0.8982861042022705
        }
    ],
    "avg": [
        {
            "acc/test/avg": 0.8412118554115295,
            "normalized_acc/test/avg": 0.945359468460083
        }
    ]
}