{
    "CIFAR10": [
        {
            "acc/test/CIFAR10_epoch": 0.972100019454956,
            "loss/test/CIFAR10_epoch": 0.08872107416391373,
            "acc/test/CIFAR10": 0.972100019454956,
            "normalized_acc/test/CIFAR10": 0.990321934223175
        }
    ],
    "KMNIST": [
        {
            "acc/test/KMNIST_epoch": 0.367000013589859,
            "loss/test/KMNIST_epoch": 1.7738505601882935,
            "acc/test/KMNIST": 0.367000013589859,
            "normalized_acc/test/KMNIST": 0.3731571137905121
        }
    ],
    "avg": [
        {
            "acc/test/avg": 0.6695500165224075,
            "normalized_acc/test/avg": 0.6817395240068436
        }
    ]
}