{
    "SUN397": [
        {
            "acc/test/SUN397_epoch": 0.7269017696380615,
            "loss/test/SUN397_epoch": 0.9423143267631531,
            "acc/test/SUN397": 0.7269017696380615,
            "normalized_acc/test/SUN397": 0.9218630194664001
        }
    ],
    "SVHN": [
        {
            "acc/test/SVHN_epoch": 0.9328902959823608,
            "loss/test/SVHN_epoch": 0.31313270330429077,
            "acc/test/SVHN": 0.9328902959823608,
            "normalized_acc/test/SVHN": 0.9569312334060669
        }
    ],
    "avg": [
        {
            "acc/test/avg": 0.8298960328102112,
            "normalized_acc/test/avg": 0.9393971264362335
        }
    ]
}