{
    "DTD": [
        {
            "acc/test/DTD_epoch": 0.6441489458084106,
            "loss/test/DTD_epoch": 1.257485032081604,
            "acc/test/DTD": 0.6441489458084106,
            "normalized_acc/test/DTD": 0.7772785425186157
        }
    ],
    "Flowers102": [
        {
            "acc/test/Flowers102_epoch": 0.8175312876701355,
            "loss/test/Flowers102_epoch": 0.7644268274307251,
            "acc/test/Flowers102": 0.8175312876701355,
            "normalized_acc/test/Flowers102": 0.867621660232544
        }
    ],
    "avg": [
        {
            "acc/test/avg": 0.7308401167392731,
            "normalized_acc/test/avg": 0.8224501013755798
        }
    ]
}