{
    "MNIST": [
        {
            "acc/test/MNIST_epoch": 0.986299991607666,
            "loss/test/MNIST_epoch": 0.10641944408416748,
            "acc/test/MNIST": 0.986299991607666,
            "normalized_acc/test/MNIST": 0.9897641539573669
        }
    ],
    "KMNIST": [
        {
            "acc/test/KMNIST_epoch": 0.4823000133037567,
            "loss/test/KMNIST_epoch": 1.6332696676254272,
            "acc/test/KMNIST": 0.4823000133037567,
            "normalized_acc/test/KMNIST": 0.49039146304130554
        }
    ],
    "avg": [
        {
            "acc/test/avg": 0.7343000024557114,
            "normalized_acc/test/avg": 0.7400778084993362
        }
    ]
}