{
    "DTD": [
        {
            "acc/test/DTD_epoch": 0.6244680881500244,
            "loss/test/DTD_epoch": 1.3118575811386108,
            "acc/test/DTD": 0.6244680881500244,
            "normalized_acc/test/DTD": 0.7535301446914673
        }
    ],
    "Food101": [
        {
            "acc/test/Food101_epoch": 0.9137426018714905,
            "loss/test/Food101_epoch": 0.30596137046813965,
            "acc/test/Food101": 0.9137426018714905,
            "normalized_acc/test/Food101": 1.0052284002304077
        }
    ],
    "avg": [
        {
            "acc/test/avg": 0.7691053450107574,
            "normalized_acc/test/avg": 0.8793792724609375
        }
    ]
}