{
    "RESISC45": [
        {
            "acc/test/RESISC45_epoch": 0.8696825504302979,
            "loss/test/RESISC45_epoch": 0.4036116898059845,
            "acc/test/RESISC45": 0.8696825504302979,
            "normalized_acc/test/RESISC45": 0.8996716141700745
        }
    ],
    "CIFAR10": [
        {
            "acc/test/CIFAR10_epoch": 0.9776999950408936,
            "loss/test/CIFAR10_epoch": 0.07117409259080887,
            "acc/test/CIFAR10": 0.9776999950408936,
            "normalized_acc/test/CIFAR10": 0.9960269331932068
        }
    ],
    "avg": [
        {
            "acc/test/avg": 0.9236912727355957,
            "normalized_acc/test/avg": 0.9478492736816406
        }
    ]
}