{
    "FER2013": [
        {
            "acc/test/FER2013_epoch": 0.6207857131958008,
            "loss/test/FER2013_epoch": 1.0622906684875488,
            "acc/test/FER2013": 0.6207857131958008,
            "normalized_acc/test/FER2013": 0.8420256972312927
        }
    ],
    "RenderedSST2": [
        {
            "acc/test/RenderedSST2_epoch": 0.6902800798416138,
            "loss/test/RenderedSST2_epoch": 0.5875968337059021,
            "acc/test/RenderedSST2": 0.6902800798416138,
            "normalized_acc/test/RenderedSST2": 0.8946619033813477
        }
    ],
    "avg": [
        {
            "acc/test/avg": 0.6555328965187073,
            "normalized_acc/test/avg": 0.8683438003063202
        }
    ]
}