{
    "PCAM": [
        {
            "acc/test/PCAM_epoch": 0.728515625,
            "loss/test/PCAM_epoch": 0.4986824095249176,
            "acc/test/PCAM": 0.728515625,
            "normalized_acc/test/PCAM": 0.8211054801940918
        }
    ],
    "OxfordIIITPet": [
        {
            "acc/test/OxfordIIITPet_epoch": 0.9116925597190857,
            "loss/test/OxfordIIITPet_epoch": 0.265426367521286,
            "acc/test/OxfordIIITPet": 0.9116925597190857,
            "normalized_acc/test/OxfordIIITPet": 0.9592772722244263
        }
    ],
    "avg": [
        {
            "acc/test/avg": 0.8201040923595428,
            "normalized_acc/test/avg": 0.890191376209259
        }
    ]
}