{
    "EMNIST": [
        {
            "acc/test/EMNIST_epoch": 0.9354000091552734,
            "loss/test/EMNIST_epoch": 0.5153080821037292,
            "acc/test/EMNIST": 0.9354000091552734,
            "normalized_acc/test/EMNIST": 0.9407623410224915
        }
    ],
    "KMNIST": [
        {
            "acc/test/KMNIST_epoch": 0.18080000579357147,
            "loss/test/KMNIST_epoch": 2.138307809829712,
            "acc/test/KMNIST": 0.18080000579357147,
            "normalized_acc/test/KMNIST": 0.1838332563638687
        }
    ],
    "avg": [
        {
            "acc/test/avg": 0.5581000074744225,
            "normalized_acc/test/avg": 0.5622977986931801
        }
    ]
}