{
    "Cars": [
        {
            "acc/test/Cars_epoch": 0.7375948429107666,
            "loss/test/Cars_epoch": 0.7441204190254211,
            "acc/test/Cars": 0.7375948429107666,
            "normalized_acc/test/Cars": 0.8596898317337036
        }
    ],
    "GTSRB": [
        {
            "acc/test/GTSRB_epoch": 0.6509105563163757,
            "loss/test/GTSRB_epoch": 1.2770463228225708,
            "acc/test/GTSRB": 0.6509105563163757,
            "normalized_acc/test/GTSRB": 0.6580485701560974
        }
    ],
    "avg": [
        {
            "acc/test/avg": 0.6942526996135712,
            "normalized_acc/test/avg": 0.7588692009449005
        }
    ]
}