{
    "STL10": [
        {
            "acc/test/STL10_epoch": 0.9856250286102295,
            "loss/test/STL10_epoch": 0.05881786346435547,
            "acc/test/STL10": 0.9856250286102295,
            "normalized_acc/test/STL10": 0.9977224469184875
        }
    ],
    "KMNIST": [
        {
            "acc/test/KMNIST_epoch": 0.1623000055551529,
            "loss/test/KMNIST_epoch": 2.175701856613159,
            "acc/test/KMNIST": 0.1623000055551529,
            "normalized_acc/test/KMNIST": 0.16502287983894348
        }
    ],
    "avg": [
        {
            "acc/test/avg": 0.5739625170826912,
            "normalized_acc/test/avg": 0.5813726633787155
        }
    ]
}