{
    "MNIST": [
        {
            "acc/test/MNIST_epoch": 0.9528999924659729,
            "loss/test/MNIST_epoch": 0.6236934065818787,
            "acc/test/MNIST": 0.9528999924659729,
            "normalized_acc/test/MNIST": 0.9562468528747559
        }
    ],
    "PCAM": [
        {
            "acc/test/PCAM_epoch": 0.70654296875,
            "loss/test/PCAM_epoch": 0.5363535284996033,
            "acc/test/PCAM": 0.70654296875,
            "normalized_acc/test/PCAM": 0.7963402271270752
        }
    ],
    "avg": [
        {
            "acc/test/avg": 0.8297214806079865,
            "normalized_acc/test/avg": 0.8762935400009155
        }
    ]
}