{
    "CIFAR10": [
        {
            "acc/test/CIFAR10_epoch": 0.9616000056266785,
            "loss/test/CIFAR10_epoch": 0.11874940246343613,
            "acc/test/CIFAR10": 0.9616000056266785,
            "normalized_acc/test/CIFAR10": 0.9796251058578491
        }
    ],
    "EMNIST": [
        {
            "acc/test/EMNIST_epoch": 0.9354000091552734,
            "loss/test/EMNIST_epoch": 0.508407711982727,
            "acc/test/EMNIST": 0.9354000091552734,
            "normalized_acc/test/EMNIST": 0.9407623410224915
        }
    ],
    "avg": [
        {
            "acc/test/avg": 0.948500007390976,
            "normalized_acc/test/avg": 0.9601937234401703
        }
    ]
}