{
    "Cars": [
        {
            "acc/test/Cars_epoch": 0.7245367765426636,
            "loss/test/Cars_epoch": 0.7884402275085449,
            "acc/test/Cars": 0.7245367765426636,
            "normalized_acc/test/Cars": 0.8444702625274658
        }
    ],
    "Food101": [
        {
            "acc/test/Food101_epoch": 0.9041979908943176,
            "loss/test/Food101_epoch": 0.3244123160839081,
            "acc/test/Food101": 0.9041979908943176,
            "normalized_acc/test/Food101": 0.9947280883789062
        }
    ],
    "avg": [
        {
            "acc/test/avg": 0.8143673837184906,
            "normalized_acc/test/avg": 0.919599175453186
        }
    ]
}