{
    "Cars": [
        {
            "acc/test/Cars_epoch": 0.7312523126602173,
            "loss/test/Cars_epoch": 0.7666164040565491,
            "acc/test/Cars": 0.7312523126602173,
            "normalized_acc/test/Cars": 0.8522974252700806
        }
    ],
    "MNIST": [
        {
            "acc/test/MNIST_epoch": 0.9624000191688538,
            "loss/test/MNIST_epoch": 0.5431185364723206,
            "acc/test/MNIST": 0.9624000191688538,
            "normalized_acc/test/MNIST": 0.9657802581787109
        }
    ],
    "avg": [
        {
            "acc/test/avg": 0.8468261659145355,
            "normalized_acc/test/avg": 0.9090388417243958
        }
    ]
}