{
    "Cars": [
        {
            "acc/test/Cars_epoch": 0.7153339385986328,
            "loss/test/Cars_epoch": 0.8012322783470154,
            "acc/test/Cars": 0.7153339385986328,
            "normalized_acc/test/Cars": 0.8337440490722656
        }
    ],
    "CIFAR100": [
        {
            "acc/test/CIFAR100_epoch": 0.7882000207901001,
            "loss/test/CIFAR100_epoch": 0.765251636505127,
            "acc/test/CIFAR100": 0.7882000207901001,
            "normalized_acc/test/CIFAR100": 0.8829393982887268
        }
    ],
    "avg": [
        {
            "acc/test/avg": 0.7517669796943665,
            "normalized_acc/test/avg": 0.8583417236804962
        }
    ]
}