{
    "STL10": [
        {
            "acc/test/STL10_epoch": 0.9858750104904175,
            "loss/test/STL10_epoch": 0.05444977432489395,
            "acc/test/STL10": 0.9858750104904175,
            "normalized_acc/test/STL10": 0.9979754686355591
        }
    ],
    "CIFAR10": [
        {
            "acc/test/CIFAR10_epoch": 0.9643999934196472,
            "loss/test/CIFAR10_epoch": 0.11471036076545715,
            "acc/test/CIFAR10": 0.9643999934196472,
            "normalized_acc/test/CIFAR10": 0.982477605342865
        }
    ],
    "avg": [
        {
            "acc/test/avg": 0.9751375019550323,
            "normalized_acc/test/avg": 0.990226536989212
        }
    ]
}