{
    "GTSRB": [
        {
            "acc/test/GTSRB_epoch": 0.6974663734436035,
            "loss/test/GTSRB_epoch": 1.0961521863937378,
            "acc/test/GTSRB": 0.6974663734436035,
            "normalized_acc/test/GTSRB": 0.7051149010658264
        }
    ],
    "DTD": [
        {
            "acc/test/DTD_epoch": 0.5356382727622986,
            "loss/test/DTD_epoch": 1.6194463968276978,
            "acc/test/DTD": 0.5356382727622986,
            "normalized_acc/test/DTD": 0.6463413834571838
        }
    ],
    "avg": [
        {
            "acc/test/avg": 0.616552323102951,
            "normalized_acc/test/avg": 0.6757281422615051
        }
    ]
}