{
    "Cars": [
        {
            "acc/test/Cars_epoch": 0.732869029045105,
            "loss/test/Cars_epoch": 0.7579628229141235,
            "acc/test/Cars": 0.732869029045105,
            "normalized_acc/test/Cars": 0.8541817665100098
        }
    ],
    "RESISC45": [
        {
            "acc/test/RESISC45_epoch": 0.7988888621330261,
            "loss/test/RESISC45_epoch": 0.628547191619873,
            "acc/test/RESISC45": 0.7988888621330261,
            "normalized_acc/test/RESISC45": 0.8264367580413818
        }
    ],
    "avg": [
        {
            "acc/test/avg": 0.7658789455890656,
            "normalized_acc/test/avg": 0.8403092622756958
        }
    ]
}