{
    "Flowers102": [
        {
            "acc/test/Flowers102_epoch": 0.7469507455825806,
            "loss/test/Flowers102_epoch": 1.1722211837768555,
            "acc/test/Flowers102": 0.7469507455825806,
            "normalized_acc/test/Flowers102": 0.7927166223526001
        }
    ],
    "CIFAR100": [
        {
            "acc/test/CIFAR100_epoch": 0.7960000038146973,
            "loss/test/CIFAR100_epoch": 0.7316761612892151,
            "acc/test/CIFAR100": 0.7960000038146973,
            "normalized_acc/test/CIFAR100": 0.8916769027709961
        }
    ],
    "avg": [
        {
            "acc/test/avg": 0.7714753746986389,
            "normalized_acc/test/avg": 0.8421967625617981
        }
    ]
}