{
    "FER2013": [
        {
            "acc/test/FER2013_epoch": 0.6114516854286194,
            "loss/test/FER2013_epoch": 1.10043203830719,
            "acc/test/FER2013": 0.6114516854286194,
            "normalized_acc/test/FER2013": 0.8293651342391968
        }
    ],
    "Food101": [
        {
            "acc/test/Food101_epoch": 0.905940592288971,
            "loss/test/Food101_epoch": 0.3212374150753021,
            "acc/test/Food101": 0.905940592288971,
            "normalized_acc/test/Food101": 0.9966452121734619
        }
    ],
    "avg": [
        {
            "acc/test/avg": 0.7586961388587952,
            "normalized_acc/test/avg": 0.9130051732063293
        }
    ]
}