{
    "STL10": [
        {
            "acc/test/STL10_epoch": 0.9848750233650208,
            "loss/test/STL10_epoch": 0.05879596993327141,
            "acc/test/STL10": 0.9848750233650208,
            "normalized_acc/test/STL10": 0.9969632029533386
        }
    ],
    "FashionMNIST": [
        {
            "acc/test/FashionMNIST_epoch": 0.8503000140190125,
            "loss/test/FashionMNIST_epoch": 0.4329758882522583,
            "acc/test/FashionMNIST": 0.8503000140190125,
            "normalized_acc/test/FashionMNIST": 0.8931722640991211
        }
    ],
    "avg": [
        {
            "acc/test/avg": 0.9175875186920166,
            "normalized_acc/test/avg": 0.9450677335262299
        }
    ]
}