{
    "GTSRB": [
        {
            "acc/test/GTSRB_epoch": 0.6347585320472717,
            "loss/test/GTSRB_epoch": 1.3545300960540771,
            "acc/test/GTSRB": 0.6347585320472717,
            "normalized_acc/test/GTSRB": 0.641719400882721
        }
    ],
    "PCAM": [
        {
            "acc/test/PCAM_epoch": 0.750152587890625,
            "loss/test/PCAM_epoch": 0.47201597690582275,
            "acc/test/PCAM": 0.750152587890625,
            "normalized_acc/test/PCAM": 0.8454923629760742
        }
    ],
    "avg": [
        {
            "acc/test/avg": 0.6924555599689484,
            "normalized_acc/test/avg": 0.7436058819293976
        }
    ]
}