{
    "FER2013": [
        {
            "acc/test/FER2013_epoch": 0.5971022844314575,
            "loss/test/FER2013_epoch": 1.1092779636383057,
            "acc/test/FER2013": 0.5971022844314575,
            "normalized_acc/test/FER2013": 0.809901773929596
        }
    ],
    "EMNIST": [
        {
            "acc/test/EMNIST_epoch": 0.9239000082015991,
            "loss/test/EMNIST_epoch": 0.4765705466270447,
            "acc/test/EMNIST": 0.9239000082015991,
            "normalized_acc/test/EMNIST": 0.9291964173316956
        }
    ],
    "avg": [
        {
            "acc/test/avg": 0.7605011463165283,
            "normalized_acc/test/avg": 0.8695490956306458
        }
    ]
}