{
    "GTSRB": [
        {
            "acc/test/GTSRB_epoch": 0.7106096744537354,
            "loss/test/GTSRB_epoch": 1.0840229988098145,
            "acc/test/GTSRB": 0.7106096744537354,
            "normalized_acc/test/GTSRB": 0.7184023261070251
        }
    ],
    "OxfordIIITPet": [
        {
            "acc/test/OxfordIIITPet_epoch": 0.9130553007125854,
            "loss/test/OxfordIIITPet_epoch": 0.25095242261886597,
            "acc/test/OxfordIIITPet": 0.9130553007125854,
            "normalized_acc/test/OxfordIIITPet": 0.9607111811637878
        }
    ],
    "avg": [
        {
            "acc/test/avg": 0.8118324875831604,
            "normalized_acc/test/avg": 0.8395567536354065
        }
    ]
}