{
    "FashionMNIST": [
        {
            "acc/test/FashionMNIST_epoch": 0.835099995136261,
            "loss/test/FashionMNIST_epoch": 0.4926604926586151,
            "acc/test/FashionMNIST": 0.835099995136261,
            "normalized_acc/test/FashionMNIST": 0.8772058486938477
        }
    ],
    "KMNIST": [
        {
            "acc/test/KMNIST_epoch": 0.16459999978542328,
            "loss/test/KMNIST_epoch": 2.2054364681243896,
            "acc/test/KMNIST": 0.16459999978542328,
            "normalized_acc/test/KMNIST": 0.16736146807670593
        }
    ],
    "avg": [
        {
            "acc/test/avg": 0.49984999746084213,
            "normalized_acc/test/avg": 0.5222836583852768
        }
    ]
}