{
    "OxfordIIITPet": [
        {
            "acc/test/OxfordIIITPet_epoch": 0.9234123826026917,
            "loss/test/OxfordIIITPet_epoch": 0.2247971147298813,
            "acc/test/OxfordIIITPet": 0.9234123826026917,
            "normalized_acc/test/OxfordIIITPet": 0.9716088175773621
        }
    ],
    "STL10": [
        {
            "acc/test/STL10_epoch": 0.9862499833106995,
            "loss/test/STL10_epoch": 0.05271483212709427,
            "acc/test/STL10": 0.9862499833106995,
            "normalized_acc/test/STL10": 0.9983550310134888
        }
    ],
    "avg": [
        {
            "acc/test/avg": 0.9548311829566956,
            "normalized_acc/test/avg": 0.9849819242954254
        }
    ]
}