{
    "Cars": [
        {
            "acc/test/Cars_epoch": 0.7359781265258789,
            "loss/test/Cars_epoch": 0.7535449862480164,
            "acc/test/Cars": 0.7359781265258789,
            "normalized_acc/test/Cars": 0.8578054904937744
        }
    ],
    "EuroSAT": [
        {
            "acc/test/EuroSAT_epoch": 0.9011111259460449,
            "loss/test/EuroSAT_epoch": 0.45440149307250977,
            "acc/test/EuroSAT": 0.9011111259460449,
            "normalized_acc/test/EuroSAT": 0.9095327258110046
        }
    ],
    "avg": [
        {
            "acc/test/avg": 0.8185446262359619,
            "normalized_acc/test/avg": 0.8836691081523895
        }
    ]
}