{
    "Cars": [
        {
            "acc/test/Cars_epoch": 0.7200596928596497,
            "loss/test/Cars_epoch": 0.7862074375152588,
            "acc/test/Cars": 0.7200596928596497,
            "normalized_acc/test/Cars": 0.8392520546913147
        }
    ],
    "Food101": [
        {
            "acc/test/Food101_epoch": 0.9032078981399536,
            "loss/test/Food101_epoch": 0.32407933473587036,
            "acc/test/Food101": 0.9032078981399536,
            "normalized_acc/test/Food101": 0.9936388731002808
        }
    ],
    "avg": [
        {
            "acc/test/avg": 0.8116337954998016,
            "normalized_acc/test/avg": 0.9164454638957977
        }
    ]
}