{
    "Flowers102": [
        {
            "acc/test/Flowers102_epoch": 0.7627256512641907,
            "loss/test/Flowers102_epoch": 1.0278428792953491,
            "acc/test/Flowers102": 0.7627256512641907,
            "normalized_acc/test/Flowers102": 0.8094580173492432
        }
    ],
    "OxfordIIITPet": [
        {
            "acc/test/OxfordIIITPet_epoch": 0.9234123826026917,
            "loss/test/OxfordIIITPet_epoch": 0.22675059735774994,
            "acc/test/OxfordIIITPet": 0.9234123826026917,
            "normalized_acc/test/OxfordIIITPet": 0.9716088175773621
        }
    ],
    "avg": [
        {
            "acc/test/avg": 0.8430690169334412,
            "normalized_acc/test/avg": 0.8905334174633026
        }
    ]
}