{
    "OxfordIIITPet": [
        {
            "acc/test/OxfordIIITPet_epoch": 0.9149631857872009,
            "loss/test/OxfordIIITPet_epoch": 0.24114014208316803,
            "acc/test/OxfordIIITPet": 0.9149631857872009,
            "normalized_acc/test/OxfordIIITPet": 0.9627186059951782
        }
    ],
    "RenderedSST2": [
        {
            "acc/test/RenderedSST2_epoch": 0.713893473148346,
            "loss/test/RenderedSST2_epoch": 0.5690155029296875,
            "acc/test/RenderedSST2": 0.713893473148346,
            "normalized_acc/test/RenderedSST2": 0.9252668619155884
        }
    ],
    "avg": [
        {
            "acc/test/avg": 0.8144283294677734,
            "normalized_acc/test/avg": 0.9439927339553833
        }
    ]
}