{
    "DTD": [
        {
            "acc/test/DTD_epoch": 0.5489361882209778,
            "loss/test/DTD_epoch": 1.5700081586837769,
            "acc/test/DTD": 0.5489361882209778,
            "normalized_acc/test/DTD": 0.6623876690864563
        }
    ],
    "STL10": [
        {
            "acc/test/STL10_epoch": 0.9872499704360962,
            "loss/test/STL10_epoch": 0.048397187143564224,
            "acc/test/STL10": 0.9872499704360962,
            "normalized_acc/test/STL10": 0.9993672966957092
        }
    ],
    "avg": [
        {
            "acc/test/avg": 0.768093079328537,
            "normalized_acc/test/avg": 0.8308774828910828
        }
    ]
}