{
    "SVHN": [
        {
            "acc/test/SVHN_epoch": 0.827673614025116,
            "loss/test/SVHN_epoch": 0.8150902390480042,
            "acc/test/SVHN": 0.827673614025116,
            "normalized_acc/test/SVHN": 0.8490030765533447
        }
    ],
    "OxfordIIITPet": [
        {
            "acc/test/OxfordIIITPet_epoch": 0.9114199876785278,
            "loss/test/OxfordIIITPet_epoch": 0.262117862701416,
            "acc/test/OxfordIIITPet": 0.9114199876785278,
            "normalized_acc/test/OxfordIIITPet": 0.9589905142784119
        }
    ],
    "avg": [
        {
            "acc/test/avg": 0.8695468008518219,
            "normalized_acc/test/avg": 0.9039967954158783
        }
    ]
}