{
    "STL10": [
        {
            "acc/test/STL10_epoch": 0.9857500195503235,
            "loss/test/STL10_epoch": 0.05731037259101868,
            "acc/test/STL10": 0.9857500195503235,
            "normalized_acc/test/STL10": 0.9978489279747009
        }
    ],
    "KMNIST": [
        {
            "acc/test/KMNIST_epoch": 0.1664000004529953,
            "loss/test/KMNIST_epoch": 2.182213068008423,
            "acc/test/KMNIST": 0.1664000004529953,
            "normalized_acc/test/KMNIST": 0.1691916584968567
        }
    ],
    "avg": [
        {
            "acc/test/avg": 0.5760750100016594,
            "normalized_acc/test/avg": 0.5835202932357788
        }
    ]
}