{
    "OxfordIIITPet": [
        {
            "acc/test/OxfordIIITPet_epoch": 0.9136004447937012,
            "loss/test/OxfordIIITPet_epoch": 0.25076547265052795,
            "acc/test/OxfordIIITPet": 0.9136004447937012,
            "normalized_acc/test/OxfordIIITPet": 0.9612847566604614
        }
    ],
    "EMNIST": [
        {
            "acc/test/EMNIST_epoch": 0.9417999982833862,
            "loss/test/EMNIST_epoch": 0.41780635714530945,
            "acc/test/EMNIST": 0.9417999982833862,
            "normalized_acc/test/EMNIST": 0.9471990466117859
        }
    ],
    "avg": [
        {
            "acc/test/avg": 0.9277002215385437,
            "normalized_acc/test/avg": 0.9542419016361237
        }
    ]
}