{
    "Cars": [
        {
            "acc/test/Cars_epoch": 0.8243999481201172,
            "loss/test/Cars_epoch": 0.5611645579338074,
            "acc/test/Cars": 0.8243999481201172,
            "normalized_acc/test/Cars": 0.9608638882637024
        }
    ],
    "STL10": [
        {
            "acc/test/STL10_epoch": 0.9866250157356262,
            "loss/test/STL10_epoch": 0.045379236340522766,
            "acc/test/STL10": 0.9866250157356262,
            "normalized_acc/test/STL10": 0.998734712600708
        }
    ],
    "avg": [
        {
            "acc/test/avg": 0.9055124819278717,
            "normalized_acc/test/avg": 0.9797993004322052
        }
    ]
}