{
    "Cars": [
        {
            "acc/test/Cars_epoch": 0.8216639757156372,
            "loss/test/Cars_epoch": 0.550216794013977,
            "acc/test/Cars": 0.8216639757156372,
            "normalized_acc/test/Cars": 0.957675039768219
        }
    ],
    "KMNIST": [
        {
            "acc/test/KMNIST_epoch": 0.9164000153541565,
            "loss/test/KMNIST_epoch": 0.4239848256111145,
            "acc/test/KMNIST": 0.9164000153541565,
            "normalized_acc/test/KMNIST": 0.9317742586135864
        }
    ],
    "avg": [
        {
            "acc/test/avg": 0.8690319955348969,
            "normalized_acc/test/avg": 0.9447246491909027
        }
    ]
}