{
    "FER2013": [
        {
            "acc/test/FER2013_epoch": 0.69169682264328,
            "loss/test/FER2013_epoch": 0.9921276569366455,
            "acc/test/FER2013": 0.69169682264328,
            "normalized_acc/test/FER2013": 0.9382085800170898
        }
    ],
    "CIFAR100": [
        {
            "acc/test/CIFAR100_epoch": 0.8564000129699707,
            "loss/test/CIFAR100_epoch": 0.5550268888473511,
            "acc/test/CIFAR100": 0.8564000129699707,
            "normalized_acc/test/CIFAR100": 0.9593368172645569
        }
    ],
    "avg": [
        {
            "acc/test/avg": 0.7740484178066254,
            "normalized_acc/test/avg": 0.9487726986408234
        }
    ]
}