{
    "SUN397": [
        {
            "acc/test/SUN397_epoch": 0.75788414478302,
            "loss/test/SUN397_epoch": 0.9012171626091003,
            "acc/test/SUN397": 0.75788414478302,
            "normalized_acc/test/SUN397": 0.9611551761627197
        }
    ],
    "DTD": [
        {
            "acc/test/DTD_epoch": 0.7218084931373596,
            "loss/test/DTD_epoch": 1.0577057600021362,
            "acc/test/DTD": 0.7218084931373596,
            "normalized_acc/test/DTD": 0.8709883689880371
        }
    ],
    "avg": [
        {
            "acc/test/avg": 0.7398463189601898,
            "normalized_acc/test/avg": 0.9160717725753784
        }
    ]
}