{
    "EuroSAT": [
        {
            "acc/test/EuroSAT_epoch": 0.9648148417472839,
            "loss/test/EuroSAT_epoch": 0.11941194534301758,
            "acc/test/EuroSAT": 0.9648148417472839,
            "normalized_acc/test/EuroSAT": 0.973831832408905
        }
    ],
    "MNIST": [
        {
            "acc/test/MNIST_epoch": 0.9947999715805054,
            "loss/test/MNIST_epoch": 0.0437505878508091,
            "acc/test/MNIST": 0.9947999715805054,
            "normalized_acc/test/MNIST": 0.9982939958572388
        }
    ],
    "avg": [
        {
            "acc/test/avg": 0.9798074066638947,
            "normalized_acc/test/avg": 0.9860629141330719
        }
    ]
}