{
    "GTSRB": [
        {
            "acc/test/GTSRB_epoch": 0.9764053821563721,
            "loss/test/GTSRB_epoch": 0.11103843152523041,
            "acc/test/GTSRB": 0.9764053821563721,
            "normalized_acc/test/GTSRB": 0.987112820148468
        }
    ],
    "Flowers102": [
        {
            "acc/test/Flowers102_epoch": 0.8321678042411804,
            "loss/test/Flowers102_epoch": 0.6735180616378784,
            "acc/test/Flowers102": 0.8321678042411804,
            "normalized_acc/test/Flowers102": 0.8831549286842346
        }
    ],
    "avg": [
        {
            "acc/test/avg": 0.9042865931987762,
            "normalized_acc/test/avg": 0.9351338744163513
        }
    ]
}