{
    "Flowers102": [
        {
            "acc/test/Flowers102_epoch": 0.7926492094993591,
            "loss/test/Flowers102_epoch": 0.8640985488891602,
            "acc/test/Flowers102": 0.7926492094993591,
            "normalized_acc/test/Flowers102": 0.8412150144577026
        }
    ],
    "FER2013": [
        {
            "acc/test/FER2013_epoch": 0.6791585683822632,
            "loss/test/FER2013_epoch": 0.9162544012069702,
            "acc/test/FER2013": 0.6791585683822632,
            "normalized_acc/test/FER2013": 0.9212018847465515
        }
    ],
    "avg": [
        {
            "acc/test/avg": 0.7359038889408112,
            "normalized_acc/test/avg": 0.8812084496021271
        }
    ]
}