{
    "SUN397": [
        {
            "acc/test/SUN397_epoch": 0.7248362898826599,
            "loss/test/SUN397_epoch": 0.9275450706481934,
            "acc/test/SUN397": 0.7248362898826599,
            "normalized_acc/test/SUN397": 0.919243574142456
        }
    ],
    "CIFAR10": [
        {
            "acc/test/CIFAR10_epoch": 0.977400004863739,
            "loss/test/CIFAR10_epoch": 0.07565058022737503,
            "acc/test/CIFAR10": 0.977400004863739,
            "normalized_acc/test/CIFAR10": 0.9957212805747986
        }
    ],
    "avg": [
        {
            "acc/test/avg": 0.8511181473731995,
            "normalized_acc/test/avg": 0.9574824273586273
        }
    ]
}