{
    "OxfordIIITPet": [
        {
            "acc/test/OxfordIIITPet_epoch": 0.9299536943435669,
            "loss/test/OxfordIIITPet_epoch": 0.20902416110038757,
            "acc/test/OxfordIIITPet": 0.9299536943435669,
            "normalized_acc/test/OxfordIIITPet": 0.9784915447235107
        }
    ],
    "EMNIST": [
        {
            "acc/test/EMNIST_epoch": 0.9883000254631042,
            "loss/test/EMNIST_epoch": 0.15432144701480865,
            "acc/test/EMNIST": 0.9883000254631042,
            "normalized_acc/test/EMNIST": 0.9939656257629395
        }
    ],
    "avg": [
        {
            "acc/test/avg": 0.9591268599033356,
            "normalized_acc/test/avg": 0.9862285852432251
        }
    ]
}