{
    "FER2013": [
        {
            "acc/test/FER2013_epoch": 0.6497631669044495,
            "loss/test/FER2013_epoch": 0.9774536490440369,
            "acc/test/FER2013": 0.6497631669044495,
            "normalized_acc/test/FER2013": 0.8813303112983704
        }
    ],
    "CIFAR100": [
        {
            "acc/test/CIFAR100_epoch": 0.8319000005722046,
            "loss/test/CIFAR100_epoch": 0.610080897808075,
            "acc/test/CIFAR100": 0.8319000005722046,
            "normalized_acc/test/CIFAR100": 0.9318919777870178
        }
    ],
    "avg": [
        {
            "acc/test/avg": 0.740831583738327,
            "normalized_acc/test/avg": 0.9066111445426941
        }
    ]
}