{
    "RESISC45": [
        {
            "acc/test/RESISC45_epoch": 0.8660317659378052,
            "loss/test/RESISC45_epoch": 0.41606590151786804,
            "acc/test/RESISC45": 0.8660317659378052,
            "normalized_acc/test/RESISC45": 0.8958949446678162
        }
    ],
    "FashionMNIST": [
        {
            "acc/test/FashionMNIST_epoch": 0.8841000199317932,
            "loss/test/FashionMNIST_epoch": 0.3337201774120331,
            "acc/test/FashionMNIST": 0.8841000199317932,
            "normalized_acc/test/FashionMNIST": 0.9286764860153198
        }
    ],
    "avg": [
        {
            "acc/test/avg": 0.8750658929347992,
            "normalized_acc/test/avg": 0.912285715341568
        }
    ]
}