{
    "EuroSAT": [
        {
            "acc/test/EuroSAT_epoch": 0.9718518257141113,
            "loss/test/EuroSAT_epoch": 0.12324458360671997,
            "acc/test/EuroSAT": 0.9718518257141113,
            "normalized_acc/test/EuroSAT": 0.9809345602989197
        }
    ],
    "DTD": [
        {
            "acc/test/DTD_epoch": 0.5994681119918823,
            "loss/test/DTD_epoch": 1.4077916145324707,
            "acc/test/DTD": 0.5994681119918823,
            "normalized_acc/test/DTD": 0.7233632802963257
        }
    ],
    "avg": [
        {
            "acc/test/avg": 0.7856599688529968,
            "normalized_acc/test/avg": 0.8521489202976227
        }
    ]
}