{
    "EuroSAT": [
        {
            "acc/test/EuroSAT_epoch": 0.9599999785423279,
            "loss/test/EuroSAT_epoch": 0.1750955730676651,
            "acc/test/EuroSAT": 0.9599999785423279,
            "normalized_acc/test/EuroSAT": 0.9689719676971436
        }
    ],
    "EMNIST": [
        {
            "acc/test/EMNIST_epoch": 0.984499990940094,
            "loss/test/EMNIST_epoch": 0.16905337572097778,
            "acc/test/EMNIST": 0.984499990940094,
            "normalized_acc/test/EMNIST": 0.9901437759399414
        }
    ],
    "avg": [
        {
            "acc/test/avg": 0.9722499847412109,
            "normalized_acc/test/avg": 0.9795578718185425
        }
    ]
}