{
    "Cars": [
        {
            "acc/test/Cars_epoch": 0.7770177721977234,
            "loss/test/Cars_epoch": 0.662148118019104,
            "acc/test/Cars": 0.7770177721977234,
            "normalized_acc/test/Cars": 0.9056384563446045
        }
    ],
    "STL10": [
        {
            "acc/test/STL10_epoch": 0.9891250133514404,
            "loss/test/STL10_epoch": 0.03995417430996895,
            "acc/test/STL10": 0.9891250133514404,
            "normalized_acc/test/STL10": 1.0012654066085815
        }
    ],
    "avg": [
        {
            "acc/test/avg": 0.8830713927745819,
            "normalized_acc/test/avg": 0.953451931476593
        }
    ]
}