{
    "SUN397": [
        {
            "acc/test/SUN397_epoch": 0.7336524128913879,
            "loss/test/SUN397_epoch": 0.9255464673042297,
            "acc/test/SUN397": 0.7336524128913879,
            "normalized_acc/test/SUN397": 0.9304242730140686
        }
    ],
    "Food101": [
        {
            "acc/test/Food101_epoch": 0.9161980152130127,
            "loss/test/Food101_epoch": 0.30110910534858704,
            "acc/test/Food101": 0.9161980152130127,
            "normalized_acc/test/Food101": 1.0079295635223389
        }
    ],
    "avg": [
        {
            "acc/test/avg": 0.8249252140522003,
            "normalized_acc/test/avg": 0.9691769182682037
        }
    ]
}