{
    "DTD": [
        {
            "acc/test/DTD_epoch": 0.582446813583374,
            "loss/test/DTD_epoch": 1.4482593536376953,
            "acc/test/DTD": 0.582446813583374,
            "normalized_acc/test/DTD": 0.7028241157531738
        }
    ],
    "FashionMNIST": [
        {
            "acc/test/FashionMNIST_epoch": 0.8966000080108643,
            "loss/test/FashionMNIST_epoch": 0.30260351300239563,
            "acc/test/FashionMNIST": 0.8966000080108643,
            "normalized_acc/test/FashionMNIST": 0.9418067336082458
        }
    ],
    "avg": [
        {
            "acc/test/avg": 0.7395234107971191,
            "normalized_acc/test/avg": 0.8223154246807098
        }
    ]
}