{
    "SUN397": [
        {
            "acc/test/SUN397_epoch": 0.7314861416816711,
            "loss/test/SUN397_epoch": 0.9279362559318542,
            "acc/test/SUN397": 0.7314861416816711,
            "normalized_acc/test/SUN397": 0.9276769757270813
        }
    ],
    "RESISC45": [
        {
            "acc/test/RESISC45_epoch": 0.8898412585258484,
            "loss/test/RESISC45_epoch": 0.3588275909423828,
            "acc/test/RESISC45": 0.8898412585258484,
            "normalized_acc/test/RESISC45": 0.9205254912376404
        }
    ],
    "avg": [
        {
            "acc/test/avg": 0.8106637001037598,
            "normalized_acc/test/avg": 0.9241012334823608
        }
    ]
}