{
    "FashionMNIST": [
        {
            "acc/test/FashionMNIST_epoch": 0.8888999819755554,
            "loss/test/FashionMNIST_epoch": 0.31631994247436523,
            "acc/test/FashionMNIST": 0.8888999819755554,
            "normalized_acc/test/FashionMNIST": 0.9337184429168701
        }
    ],
    "RenderedSST2": [
        {
            "acc/test/RenderedSST2_epoch": 0.7364085912704468,
            "loss/test/RenderedSST2_epoch": 0.5385072231292725,
            "acc/test/RenderedSST2": 0.7364085912704468,
            "normalized_acc/test/RenderedSST2": 0.954448401927948
        }
    ],
    "avg": [
        {
            "acc/test/avg": 0.8126542866230011,
            "normalized_acc/test/avg": 0.9440834224224091
        }
    ]
}