{
    "RESISC45": [
        {
            "acc/test/RESISC45_epoch": 0.8939682245254517,
            "loss/test/RESISC45_epoch": 0.34281933307647705,
            "acc/test/RESISC45": 0.8939682245254517,
            "normalized_acc/test/RESISC45": 0.9247947335243225
        }
    ],
    "Flowers102": [
        {
            "acc/test/Flowers102_epoch": 0.7828915119171143,
            "loss/test/Flowers102_epoch": 0.8975003361701965,
            "acc/test/Flowers102": 0.7828915119171143,
            "normalized_acc/test/Flowers102": 0.8308594822883606
        }
    ],
    "avg": [
        {
            "acc/test/avg": 0.838429868221283,
            "normalized_acc/test/avg": 0.8778271079063416
        }
    ]
}