{
    "Flowers102": [
        {
            "acc/test/Flowers102_epoch": 0.7534558176994324,
            "loss/test/Flowers102_epoch": 0.9806838035583496,
            "acc/test/Flowers102": 0.7534558176994324,
            "normalized_acc/test/Flowers102": 0.7996202707290649
        }
    ],
    "PCAM": [
        {
            "acc/test/PCAM_epoch": 0.87689208984375,
            "loss/test/PCAM_epoch": 0.30085745453834534,
            "acc/test/PCAM": 0.87689208984375,
            "normalized_acc/test/PCAM": 0.9883397221565247
        }
    ],
    "avg": [
        {
            "acc/test/avg": 0.8151739537715912,
            "normalized_acc/test/avg": 0.8939799964427948
        }
    ]
}