{
    "Cars": [
        {
            "acc/test/Cars_epoch": 0.7944285273551941,
            "loss/test/Cars_epoch": 0.6168433427810669,
            "acc/test/Cars": 0.7944285273551941,
            "normalized_acc/test/Cars": 0.9259312748908997
        }
    ],
    "CIFAR100": [
        {
            "acc/test/CIFAR100_epoch": 0.8292999863624573,
            "loss/test/CIFAR100_epoch": 0.610298752784729,
            "acc/test/CIFAR100": 0.8292999863624573,
            "normalized_acc/test/CIFAR100": 0.9289794564247131
        }
    ],
    "avg": [
        {
            "acc/test/avg": 0.8118642568588257,
            "normalized_acc/test/avg": 0.9274553656578064
        }
    ]
}