{
    "RESISC45": [
        {
            "acc/test/RESISC45_epoch": 0.834761917591095,
            "loss/test/RESISC45_epoch": 0.5551185011863708,
            "acc/test/RESISC45": 0.834761917591095,
            "normalized_acc/test/RESISC45": 0.8635468482971191
        }
    ],
    "PCAM": [
        {
            "acc/test/PCAM_epoch": 0.802581787109375,
            "loss/test/PCAM_epoch": 0.45548081398010254,
            "acc/test/PCAM": 0.802581787109375,
            "normalized_acc/test/PCAM": 0.9045850038528442
        }
    ],
    "avg": [
        {
            "acc/test/avg": 0.818671852350235,
            "normalized_acc/test/avg": 0.8840659260749817
        }
    ]
}