{
    "SUN397": [
        {
            "acc/test/SUN397_epoch": 0.739899218082428,
            "loss/test/SUN397_epoch": 0.8966939449310303,
            "acc/test/SUN397": 0.739899218082428,
            "normalized_acc/test/SUN397": 0.9383465051651001
        }
    ],
    "FER2013": [
        {
            "acc/test/FER2013_epoch": 0.6238506436347961,
            "loss/test/FER2013_epoch": 1.0419278144836426,
            "acc/test/FER2013": 0.6238506436347961,
            "normalized_acc/test/FER2013": 0.8461828827857971
        }
    ],
    "avg": [
        {
            "acc/test/avg": 0.6818749308586121,
            "normalized_acc/test/avg": 0.8922646939754486
        }
    ]
}