{
    "SUN397": [
        {
            "acc/test/SUN397_epoch": 0.7197985053062439,
            "loss/test/SUN397_epoch": 0.9608576893806458,
            "acc/test/SUN397": 0.7197985053062439,
            "normalized_acc/test/SUN397": 0.9128546118736267
        }
    ],
    "MNIST": [
        {
            "acc/test/MNIST_epoch": 0.9416999816894531,
            "loss/test/MNIST_epoch": 0.6115972399711609,
            "acc/test/MNIST": 0.9416999816894531,
            "normalized_acc/test/MNIST": 0.9450075030326843
        }
    ],
    "avg": [
        {
            "acc/test/avg": 0.8307492434978485,
            "normalized_acc/test/avg": 0.9289310574531555
        }
    ]
}