{
    "SUN397": [
        {
            "acc/test/SUN397_epoch": 0.7359697818756104,
            "loss/test/SUN397_epoch": 0.913083553314209,
            "acc/test/SUN397": 0.7359697818756104,
            "normalized_acc/test/SUN397": 0.9333631992340088
        }
    ],
    "RenderedSST2": [
        {
            "acc/test/RenderedSST2_epoch": 0.6820428371429443,
            "loss/test/RenderedSST2_epoch": 0.5859940052032471,
            "acc/test/RenderedSST2": 0.6820428371429443,
            "normalized_acc/test/RenderedSST2": 0.8839857578277588
        }
    ],
    "avg": [
        {
            "acc/test/avg": 0.7090063095092773,
            "normalized_acc/test/avg": 0.9086744785308838
        }
    ]
}