{
    "SUN397": [
        {
            "acc/test/SUN397_epoch": 0.7252896428108215,
            "loss/test/SUN397_epoch": 0.9449580907821655,
            "acc/test/SUN397": 0.7252896428108215,
            "normalized_acc/test/SUN397": 0.9198185205459595
        }
    ],
    "SVHN": [
        {
            "acc/test/SVHN_epoch": 0.8054317831993103,
            "loss/test/SVHN_epoch": 0.9091149568557739,
            "acc/test/SVHN": 0.8054317831993103,
            "normalized_acc/test/SVHN": 0.8261880278587341
        }
    ],
    "avg": [
        {
            "acc/test/avg": 0.7653607130050659,
            "normalized_acc/test/avg": 0.8730032742023468
        }
    ]
}