{
    "RESISC45": [
        {
            "acc/test/RESISC45_epoch": 0.864126980304718,
            "loss/test/RESISC45_epoch": 0.47140389680862427,
            "acc/test/RESISC45": 0.864126980304718,
            "normalized_acc/test/RESISC45": 0.8939244747161865
        }
    ],
    "SVHN": [
        {
            "acc/test/SVHN_epoch": 0.7748924493789673,
            "loss/test/SVHN_epoch": 1.0241856575012207,
            "acc/test/SVHN": 0.7748924493789673,
            "normalized_acc/test/SVHN": 0.7948617339134216
        }
    ],
    "avg": [
        {
            "acc/test/avg": 0.8195097148418427,
            "normalized_acc/test/avg": 0.8443931043148041
        }
    ]
}