{
    "SUN397": [
        {
            "acc/test/SUN397_epoch": 0.7168262004852295,
            "loss/test/SUN397_epoch": 0.9647750854492188,
            "acc/test/SUN397": 0.7168262004852295,
            "normalized_acc/test/SUN397": 0.9090850949287415
        }
    ],
    "GTSRB": [
        {
            "acc/test/GTSRB_epoch": 0.7647664546966553,
            "loss/test/GTSRB_epoch": 0.8922436833381653,
            "acc/test/GTSRB": 0.7647664546966553,
            "normalized_acc/test/GTSRB": 0.7731530070304871
        }
    ],
    "avg": [
        {
            "acc/test/avg": 0.7407963275909424,
            "normalized_acc/test/avg": 0.8411190509796143
        }
    ]
}