{
    "SUN397": [
        {
            "acc/test/SUN397_epoch": 0.7135012745857239,
            "loss/test/SUN397_epoch": 0.9823023080825806,
            "acc/test/SUN397": 0.7135012745857239,
            "normalized_acc/test/SUN397": 0.9048684239387512
        }
    ],
    "DTD": [
        {
            "acc/test/DTD_epoch": 0.5877659320831299,
            "loss/test/DTD_epoch": 1.4524322748184204,
            "acc/test/DTD": 0.5877659320831299,
            "normalized_acc/test/DTD": 0.709242582321167
        }
    ],
    "avg": [
        {
            "acc/test/avg": 0.6506336033344269,
            "normalized_acc/test/avg": 0.8070555031299591
        }
    ]
}