{
    "RESISC45": [
        {
            "acc/test/RESISC45_epoch": 0.7961905002593994,
            "loss/test/RESISC45_epoch": 0.6398241519927979,
            "acc/test/RESISC45": 0.7961905002593994,
            "normalized_acc/test/RESISC45": 0.8236453533172607
        }
    ],
    "MNIST": [
        {
            "acc/test/MNIST_epoch": 0.9660999774932861,
            "loss/test/MNIST_epoch": 0.4502619504928589,
            "acc/test/MNIST": 0.9660999774932861,
            "normalized_acc/test/MNIST": 0.9694932103157043
        }
    ],
    "avg": [
        {
            "acc/test/avg": 0.8811452388763428,
            "normalized_acc/test/avg": 0.8965692818164825
        }
    ]
}