{
    "EMNIST": [
        {
            "acc/test/EMNIST_epoch": 0.9577999711036682,
            "loss/test/EMNIST_epoch": 0.4422248601913452,
            "acc/test/EMNIST": 0.9577999711036682,
            "normalized_acc/test/EMNIST": 0.9632906913757324
        }
    ],
    "RenderedSST2": [
        {
            "acc/test/RenderedSST2_epoch": 0.6891817450523376,
            "loss/test/RenderedSST2_epoch": 0.5888584852218628,
            "acc/test/RenderedSST2": 0.6891817450523376,
            "normalized_acc/test/RenderedSST2": 0.893238365650177
        }
    ],
    "avg": [
        {
            "acc/test/avg": 0.8234908580780029,
            "normalized_acc/test/avg": 0.9282645285129547
        }
    ]
}