{
    "STL10": [
        {
            "acc/test/STL10_epoch": 0.9852499961853027,
            "loss/test/STL10_epoch": 0.054496023803949356,
            "acc/test/STL10": 0.9852499961853027,
            "normalized_acc/test/STL10": 0.9973427653312683
        }
    ],
    "CIFAR100": [
        {
            "acc/test/CIFAR100_epoch": 0.7975999712944031,
            "loss/test/CIFAR100_epoch": 0.7285230755805969,
            "acc/test/CIFAR100": 0.7975999712944031,
            "normalized_acc/test/CIFAR100": 0.8934692144393921
        }
    ],
    "avg": [
        {
            "acc/test/avg": 0.8914249837398529,
            "normalized_acc/test/avg": 0.9454059898853302
        }
    ]
}