{
    "CIFAR100": [
        {
            "acc/test/CIFAR100_epoch": 0.8070999979972839,
            "loss/test/CIFAR100_epoch": 0.6814678907394409,
            "acc/test/CIFAR100": 0.8070999979972839,
            "normalized_acc/test/CIFAR100": 0.9041110873222351
        }
    ],
    "CIFAR10": [
        {
            "acc/test/CIFAR10_epoch": 0.9661999940872192,
            "loss/test/CIFAR10_epoch": 0.10317528247833252,
            "acc/test/CIFAR10": 0.9661999940872192,
            "normalized_acc/test/CIFAR10": 0.9843113422393799
        }
    ],
    "avg": [
        {
            "acc/test/avg": 0.8866499960422516,
            "normalized_acc/test/avg": 0.9442112147808075
        }
    ]
}