{
    "GTSRB": [
        {
            "acc/test/GTSRB_epoch": 0.6446555852890015,
            "loss/test/GTSRB_epoch": 1.250071406364441,
            "acc/test/GTSRB": 0.6446555852890015,
            "normalized_acc/test/GTSRB": 0.6517249941825867
        }
    ],
    "CIFAR10": [
        {
            "acc/test/CIFAR10_epoch": 0.9664000272750854,
            "loss/test/CIFAR10_epoch": 0.10922355949878693,
            "acc/test/CIFAR10": 0.9664000272750854,
            "normalized_acc/test/CIFAR10": 0.9845151305198669
        }
    ],
    "avg": [
        {
            "acc/test/avg": 0.8055278062820435,
            "normalized_acc/test/avg": 0.8181200623512268
        }
    ]
}