{
    "CIFAR10": [
        {
            "acc/test/CIFAR10_epoch": 0.9620000123977661,
            "loss/test/CIFAR10_epoch": 0.11949020624160767,
            "acc/test/CIFAR10": 0.9620000123977661,
            "normalized_acc/test/CIFAR10": 0.9800326228141785
        }
    ],
    "FashionMNIST": [
        {
            "acc/test/FashionMNIST_epoch": 0.84579998254776,
            "loss/test/FashionMNIST_epoch": 0.44992372393608093,
            "acc/test/FashionMNIST": 0.84579998254776,
            "normalized_acc/test/FashionMNIST": 0.8884453177452087
        }
    ],
    "avg": [
        {
            "acc/test/avg": 0.9038999974727631,
            "normalized_acc/test/avg": 0.9342389702796936
        }
    ]
}