{
    "Flowers102": [
        {
            "acc/test/Flowers102_epoch": 0.7380061745643616,
            "loss/test/Flowers102_epoch": 1.1069284677505493,
            "acc/test/Flowers102": 0.7380061745643616,
            "normalized_acc/test/Flowers102": 0.7832239866256714
        }
    ],
    "PCAM": [
        {
            "acc/test/PCAM_epoch": 0.752349853515625,
            "loss/test/PCAM_epoch": 0.46780750155448914,
            "acc/test/PCAM": 0.752349853515625,
            "normalized_acc/test/PCAM": 0.8479688763618469
        }
    ],
    "avg": [
        {
            "acc/test/avg": 0.7451780140399933,
            "normalized_acc/test/avg": 0.8155964314937592
        }
    ]
}