{
    "DTD": [
        {
            "acc/test/DTD_epoch": 0.5510638356208801,
            "loss/test/DTD_epoch": 1.569292426109314,
            "acc/test/DTD": 0.5510638356208801,
            "normalized_acc/test/DTD": 0.6649550795555115
        }
    ],
    "STL10": [
        {
            "acc/test/STL10_epoch": 0.9877499938011169,
            "loss/test/STL10_epoch": 0.04860112816095352,
            "acc/test/STL10": 0.9877499938011169,
            "normalized_acc/test/STL10": 0.9998734593391418
        }
    ],
    "avg": [
        {
            "acc/test/avg": 0.7694069147109985,
            "normalized_acc/test/avg": 0.8324142694473267
        }
    ]
}