{
    "Flowers102": [
        {
            "acc/test/Flowers102_epoch": 0.7497153878211975,
            "loss/test/Flowers102_epoch": 1.0692389011383057,
            "acc/test/Flowers102": 0.7497153878211975,
            "normalized_acc/test/Flowers102": 0.7956506609916687
        }
    ],
    "FER2013": [
        {
            "acc/test/FER2013_epoch": 0.6270548701286316,
            "loss/test/FER2013_epoch": 1.0564237833023071,
            "acc/test/FER2013": 0.6270548701286316,
            "normalized_acc/test/FER2013": 0.8505290746688843
        }
    ],
    "avg": [
        {
            "acc/test/avg": 0.6883851289749146,
            "normalized_acc/test/avg": 0.8230898678302765
        }
    ]
}