{
    "SUN397": [
        {
            "acc/test/SUN397_epoch": 0.7029219269752502,
            "loss/test/SUN397_epoch": 1.0082014799118042,
            "acc/test/SUN397": 0.7029219269752502,
            "normalized_acc/test/SUN397": 0.8914515972137451
        }
    ],
    "STL10": [
        {
            "acc/test/STL10_epoch": 0.9865000247955322,
            "loss/test/STL10_epoch": 0.05357468128204346,
            "acc/test/STL10": 0.9865000247955322,
            "normalized_acc/test/STL10": 0.9986081719398499
        }
    ],
    "avg": [
        {
            "acc/test/avg": 0.8447109758853912,
            "normalized_acc/test/avg": 0.9450298845767975
        }
    ]
}