{
    "MNIST": [
        {
            "acc/test/MNIST_epoch": 0.9581999778747559,
            "loss/test/MNIST_epoch": 0.510443389415741,
            "acc/test/MNIST": 0.9581999778747559,
            "normalized_acc/test/MNIST": 0.9615654349327087
        }
    ],
    "CIFAR10": [
        {
            "acc/test/CIFAR10_epoch": 0.9617000222206116,
            "loss/test/CIFAR10_epoch": 0.1180533841252327,
            "acc/test/CIFAR10": 0.9617000222206116,
            "normalized_acc/test/CIFAR10": 0.979727029800415
        }
    ],
    "avg": [
        {
            "acc/test/avg": 0.9599500000476837,
            "normalized_acc/test/avg": 0.9706462323665619
        }
    ]
}