{
    "Cars": [
        {
            "acc/test/Cars_epoch": 0.7086183428764343,
            "loss/test/Cars_epoch": 0.840158998966217,
            "acc/test/Cars": 0.7086183428764343,
            "normalized_acc/test/Cars": 0.8259168267250061
        }
    ],
    "FashionMNIST": [
        {
            "acc/test/FashionMNIST_epoch": 0.8547000288963318,
            "loss/test/FashionMNIST_epoch": 0.4253428280353546,
            "acc/test/FashionMNIST": 0.8547000288963318,
            "normalized_acc/test/FashionMNIST": 0.8977941274642944
        }
    ],
    "avg": [
        {
            "acc/test/avg": 0.7816591858863831,
            "normalized_acc/test/avg": 0.8618554770946503
        }
    ]
}