{
    "EuroSAT": [
        {
            "acc/test/EuroSAT_epoch": 0.8940740823745728,
            "loss/test/EuroSAT_epoch": 0.4857475757598877,
            "acc/test/EuroSAT": 0.8940740823745728,
            "normalized_acc/test/EuroSAT": 0.9024299383163452
        }
    ],
    "CIFAR10": [
        {
            "acc/test/CIFAR10_epoch": 0.9675999879837036,
            "loss/test/CIFAR10_epoch": 0.1087804064154625,
            "acc/test/CIFAR10": 0.9675999879837036,
            "normalized_acc/test/CIFAR10": 0.9857375621795654
        }
    ],
    "avg": [
        {
            "acc/test/avg": 0.9308370351791382,
            "normalized_acc/test/avg": 0.9440837502479553
        }
    ]
}