{
    "RESISC45": [
        {
            "acc/test/RESISC45_epoch": 0.8169841170310974,
            "loss/test/RESISC45_epoch": 0.5653454065322876,
            "acc/test/RESISC45": 0.8169841170310974,
            "normalized_acc/test/RESISC45": 0.8451560139656067
        }
    ],
    "Flowers102": [
        {
            "acc/test/Flowers102_epoch": 0.7521548271179199,
            "loss/test/Flowers102_epoch": 1.0805442333221436,
            "acc/test/Flowers102": 0.7521548271179199,
            "normalized_acc/test/Flowers102": 0.798239529132843
        }
    ],
    "avg": [
        {
            "acc/test/avg": 0.7845694720745087,
            "normalized_acc/test/avg": 0.8216977715492249
        }
    ]
}