{
    "Cars": [
        {
            "acc/test/Cars_epoch": 0.7045143842697144,
            "loss/test/Cars_epoch": 0.8365465998649597,
            "acc/test/Cars": 0.7045143842697144,
            "normalized_acc/test/Cars": 0.8211334943771362
        }
    ],
    "MNIST": [
        {
            "acc/test/MNIST_epoch": 0.9664000272750854,
            "loss/test/MNIST_epoch": 0.46880650520324707,
            "acc/test/MNIST": 0.9664000272750854,
            "normalized_acc/test/MNIST": 0.9697942733764648
        }
    ],
    "avg": [
        {
            "acc/test/avg": 0.8354572057723999,
            "normalized_acc/test/avg": 0.8954638838768005
        }
    ]
}