{
    "SVHN": [
        {
            "acc/test/SVHN_epoch": 0.8300169110298157,
            "loss/test/SVHN_epoch": 0.7967882752418518,
            "acc/test/SVHN": 0.8300169110298157,
            "normalized_acc/test/SVHN": 0.8514067530632019
        }
    ],
    "DTD": [
        {
            "acc/test/DTD_epoch": 0.5202127695083618,
            "loss/test/DTD_epoch": 1.7025307416915894,
            "acc/test/DTD": 0.5202127695083618,
            "normalized_acc/test/DTD": 0.6277278661727905
        }
    ],
    "avg": [
        {
            "acc/test/avg": 0.6751148402690887,
            "normalized_acc/test/avg": 0.7395673096179962
        }
    ]
}