{
    "CIFAR100": [
        {
            "acc/test/CIFAR100_epoch": 0.7971000075340271,
            "loss/test/CIFAR100_epoch": 0.7300527095794678,
            "acc/test/CIFAR100": 0.7971000075340271,
            "normalized_acc/test/CIFAR100": 0.8929091691970825
        }
    ],
    "RenderedSST2": [
        {
            "acc/test/RenderedSST2_epoch": 0.6798462271690369,
            "loss/test/RenderedSST2_epoch": 0.5992258787155151,
            "acc/test/RenderedSST2": 0.6798462271690369,
            "normalized_acc/test/RenderedSST2": 0.8811387419700623
        }
    ],
    "avg": [
        {
            "acc/test/avg": 0.738473117351532,
            "normalized_acc/test/avg": 0.8870239555835724
        }
    ]
}