{
    "GTSRB": [
        {
            "acc/test/GTSRB_epoch": 0.7141726016998291,
            "loss/test/GTSRB_epoch": 1.074023962020874,
            "acc/test/GTSRB": 0.7141726016998291,
            "normalized_acc/test/GTSRB": 0.7220043540000916
        }
    ],
    "Flowers102": [
        {
            "acc/test/Flowers102_epoch": 0.7518295645713806,
            "loss/test/Flowers102_epoch": 1.080899715423584,
            "acc/test/Flowers102": 0.7518295645713806,
            "normalized_acc/test/Flowers102": 0.7978943586349487
        }
    ],
    "avg": [
        {
            "acc/test/avg": 0.7330010831356049,
            "normalized_acc/test/avg": 0.7599493563175201
        }
    ]
}