{
    "DTD": [
        {
            "acc/test/DTD_epoch": 0.51382976770401,
            "loss/test/DTD_epoch": 1.6790409088134766,
            "acc/test/DTD": 0.51382976770401,
            "normalized_acc/test/DTD": 0.620025634765625
        }
    ],
    "FashionMNIST": [
        {
            "acc/test/FashionMNIST_epoch": 0.8575000166893005,
            "loss/test/FashionMNIST_epoch": 0.42186176776885986,
            "acc/test/FashionMNIST": 0.8575000166893005,
            "normalized_acc/test/FashionMNIST": 0.9007353186607361
        }
    ],
    "avg": [
        {
            "acc/test/avg": 0.6856648921966553,
            "normalized_acc/test/avg": 0.7603804767131805
        }
    ]
}