{
    "OxfordIIITPet": [
        {
            "acc/test/OxfordIIITPet_epoch": 0.91441810131073,
            "loss/test/OxfordIIITPet_epoch": 0.2533811628818512,
            "acc/test/OxfordIIITPet": 0.91441810131073,
            "normalized_acc/test/OxfordIIITPet": 0.9621450901031494
        }
    ],
    "CIFAR10": [
        {
            "acc/test/CIFAR10_epoch": 0.96670001745224,
            "loss/test/CIFAR10_epoch": 0.11082737147808075,
            "acc/test/CIFAR10": 0.96670001745224,
            "normalized_acc/test/CIFAR10": 0.9848207235336304
        }
    ],
    "avg": [
        {
            "acc/test/avg": 0.940559059381485,
            "normalized_acc/test/avg": 0.9734829068183899
        }
    ]
}