{
    "SUN397": [
        {
            "acc/test/SUN397_epoch": 0.7014105916023254,
            "loss/test/SUN397_epoch": 1.0140305757522583,
            "acc/test/SUN397": 0.7014105916023254,
            "normalized_acc/test/SUN397": 0.8895348906517029
        }
    ],
    "EuroSAT": [
        {
            "acc/test/EuroSAT_epoch": 0.9122222065925598,
            "loss/test/EuroSAT_epoch": 0.3980643153190613,
            "acc/test/EuroSAT": 0.9122222065925598,
            "normalized_acc/test/EuroSAT": 0.920747697353363
        }
    ],
    "avg": [
        {
            "acc/test/avg": 0.8068163990974426,
            "normalized_acc/test/avg": 0.905141294002533
        }
    ]
}