{
    "MNIST": [
        {
            "acc/test/MNIST_epoch": 0.9553999900817871,
            "loss/test/MNIST_epoch": 0.6010715961456299,
            "acc/test/MNIST": 0.9553999900817871,
            "normalized_acc/test/MNIST": 0.958755612373352
        }
    ],
    "Food101": [
        {
            "acc/test/Food101_epoch": 0.9029306769371033,
            "loss/test/Food101_epoch": 0.332234263420105,
            "acc/test/Food101": 0.9029306769371033,
            "normalized_acc/test/Food101": 0.9933339357376099
        }
    ],
    "avg": [
        {
            "acc/test/avg": 0.9291653335094452,
            "normalized_acc/test/avg": 0.976044774055481
        }
    ]
}