{
    "RESISC45": [
        {
            "acc/test/RESISC45_epoch": 0.9263492226600647,
            "loss/test/RESISC45_epoch": 0.2663995325565338,
            "acc/test/RESISC45": 0.9263492226600647,
            "normalized_acc/test/RESISC45": 0.9582923054695129
        }
    ],
    "EuroSAT": [
        {
            "acc/test/EuroSAT_epoch": 0.9862962961196899,
            "loss/test/EuroSAT_epoch": 0.04841986298561096,
            "acc/test/EuroSAT": 0.9862962961196899,
            "normalized_acc/test/EuroSAT": 0.9955140352249146
        }
    ],
    "avg": [
        {
            "acc/test/avg": 0.9563227593898773,
            "normalized_acc/test/avg": 0.9769031703472137
        }
    ]
}