{
    "OxfordIIITPet": [
        {
            "acc/test/OxfordIIITPet_epoch": 0.94930499792099,
            "loss/test/OxfordIIITPet_epoch": 0.20660997927188873,
            "acc/test/OxfordIIITPet": 0.94930499792099,
            "normalized_acc/test/OxfordIIITPet": 0.9988528490066528
        }
    ],
    "EMNIST": [
        {
            "acc/test/EMNIST_epoch": 0.9962999820709229,
            "loss/test/EMNIST_epoch": 0.031200911849737167,
            "acc/test/EMNIST": 0.9962999820709229,
            "normalized_acc/test/EMNIST": 1.0020114183425903
        }
    ],
    "avg": [
        {
            "acc/test/avg": 0.9728024899959564,
            "normalized_acc/test/avg": 1.0004321336746216
        }
    ]
}