{
    "RESISC45": [
        {
            "acc/test/RESISC45_epoch": 0.9630158543586731,
            "loss/test/RESISC45_epoch": 0.13362784683704376,
            "acc/test/RESISC45": 0.9630158543586731,
            "normalized_acc/test/RESISC45": 0.9962233304977417
        }
    ],
    "Flowers102": [
        {
            "acc/test/Flowers102_epoch": 0.8978695869445801,
            "loss/test/Flowers102_epoch": 0.4055367112159729,
            "acc/test/Flowers102": 0.8978695869445801,
            "normalized_acc/test/Flowers102": 0.9528822898864746
        }
    ],
    "avg": [
        {
            "acc/test/avg": 0.9304427206516266,
            "normalized_acc/test/avg": 0.9745528101921082
        }
    ]
}