{
    "MNIST": [
        {
            "acc/test/MNIST_epoch": 0.9957000017166138,
            "loss/test/MNIST_epoch": 0.02929518185555935,
            "acc/test/MNIST": 0.9957000017166138,
            "normalized_acc/test/MNIST": 0.9991971850395203
        }
    ],
    "OxfordIIITPet": [
        {
            "acc/test/OxfordIIITPet_epoch": 0.9403107166290283,
            "loss/test/OxfordIIITPet_epoch": 0.2244696319103241,
            "acc/test/OxfordIIITPet": 0.9403107166290283,
            "normalized_acc/test/OxfordIIITPet": 0.9893891215324402
        }
    ],
    "avg": [
        {
            "acc/test/avg": 0.968005359172821,
            "normalized_acc/test/avg": 0.9942931532859802
        }
    ]
}