{
    "FER2013": [
        {
            "acc/test/FER2013_epoch": 0.7180272936820984,
            "loss/test/FER2013_epoch": 1.1210715770721436,
            "acc/test/FER2013": 0.7180272936820984,
            "normalized_acc/test/FER2013": 0.9739229083061218
        }
    ],
    "CIFAR100": [
        {
            "acc/test/CIFAR100_epoch": 0.8809999823570251,
            "loss/test/CIFAR100_epoch": 0.5127289891242981,
            "acc/test/CIFAR100": 0.8809999823570251,
            "normalized_acc/test/CIFAR100": 0.9868936538696289
        }
    ],
    "avg": [
        {
            "acc/test/avg": 0.7995136380195618,
            "normalized_acc/test/avg": 0.9804082810878754
        }
    ]
}