{
    "MNIST": [
        {
            "acc/test/MNIST_epoch": 0.9682999849319458,
            "loss/test/MNIST_epoch": 0.4578592777252197,
            "acc/test/MNIST": 0.9682999849319458,
            "normalized_acc/test/MNIST": 0.97170090675354
        }
    ],
    "OxfordIIITPet": [
        {
            "acc/test/OxfordIIITPet_epoch": 0.9078767895698547,
            "loss/test/OxfordIIITPet_epoch": 0.2647225260734558,
            "acc/test/OxfordIIITPet": 0.9078767895698547,
            "normalized_acc/test/OxfordIIITPet": 0.9552623629570007
        }
    ],
    "avg": [
        {
            "acc/test/avg": 0.9380883872509003,
            "normalized_acc/test/avg": 0.9634816348552704
        }
    ]
}