{
    "Flowers102": [
        {
            "acc/test/Flowers102_epoch": 0.7557326555252075,
            "loss/test/Flowers102_epoch": 1.041637897491455,
            "acc/test/Flowers102": 0.7557326555252075,
            "normalized_acc/test/Flowers102": 0.8020365834236145
        }
    ],
    "RenderedSST2": [
        {
            "acc/test/RenderedSST2_epoch": 0.707852840423584,
            "loss/test/RenderedSST2_epoch": 0.5696247816085815,
            "acc/test/RenderedSST2": 0.707852840423584,
            "normalized_acc/test/RenderedSST2": 0.917437732219696
        }
    ],
    "avg": [
        {
            "acc/test/avg": 0.7317927479743958,
            "normalized_acc/test/avg": 0.8597371578216553
        }
    ]
}