{
    "DTD": [
        {
            "acc/test/DTD_epoch": 0.5377659797668457,
            "loss/test/DTD_epoch": 1.6013983488082886,
            "acc/test/DTD": 0.5377659797668457,
            "normalized_acc/test/DTD": 0.6489088535308838
        }
    ],
    "RenderedSST2": [
        {
            "acc/test/RenderedSST2_epoch": 0.7012630701065063,
            "loss/test/RenderedSST2_epoch": 0.5736312866210938,
            "acc/test/RenderedSST2": 0.7012630701065063,
            "normalized_acc/test/RenderedSST2": 0.908896803855896
        }
    ],
    "avg": [
        {
            "acc/test/avg": 0.619514524936676,
            "normalized_acc/test/avg": 0.7789028286933899
        }
    ]
}