{
    "FER2013": [
        {
            "acc/test/FER2013_epoch": 0.630119800567627,
            "loss/test/FER2013_epoch": 1.0467456579208374,
            "acc/test/FER2013": 0.630119800567627,
            "normalized_acc/test/FER2013": 0.8546863198280334
        }
    ],
    "OxfordIIITPet": [
        {
            "acc/test/OxfordIIITPet_epoch": 0.9141455292701721,
            "loss/test/OxfordIIITPet_epoch": 0.2528507113456726,
            "acc/test/OxfordIIITPet": 0.9141455292701721,
            "normalized_acc/test/OxfordIIITPet": 0.9618582725524902
        }
    ],
    "avg": [
        {
            "acc/test/avg": 0.7721326649188995,
            "normalized_acc/test/avg": 0.9082722961902618
        }
    ]
}