{
    "Cars": [
        {
            "acc/test/Cars_epoch": 0.7221738696098328,
            "loss/test/Cars_epoch": 0.7932990193367004,
            "acc/test/Cars": 0.7221738696098328,
            "normalized_acc/test/Cars": 0.8417161703109741
        }
    ],
    "Food101": [
        {
            "acc/test/Food101_epoch": 0.9057425856590271,
            "loss/test/Food101_epoch": 0.32104572653770447,
            "acc/test/Food101": 0.9057425856590271,
            "normalized_acc/test/Food101": 0.9964273571968079
        }
    ],
    "avg": [
        {
            "acc/test/avg": 0.8139582276344299,
            "normalized_acc/test/avg": 0.919071763753891
        }
    ]
}