{
    "MNIST": [
        {
            "acc/test/MNIST_epoch": 0.9696999788284302,
            "loss/test/MNIST_epoch": 0.4174811542034149,
            "acc/test/MNIST": 0.9696999788284302,
            "normalized_acc/test/MNIST": 0.9731058478355408
        }
    ],
    "DTD": [
        {
            "acc/test/DTD_epoch": 0.5164893865585327,
            "loss/test/DTD_epoch": 1.6881979703903198,
            "acc/test/DTD": 0.5164893865585327,
            "normalized_acc/test/DTD": 0.6232349276542664
        }
    ],
    "avg": [
        {
            "acc/test/avg": 0.7430946826934814,
            "normalized_acc/test/avg": 0.7981703877449036
        }
    ]
}