{
    "SVHN": [
        {
            "acc/test/SVHN_epoch": 0.8331668972969055,
            "loss/test/SVHN_epoch": 0.6790698170661926,
            "acc/test/SVHN": 0.8331668972969055,
            "normalized_acc/test/SVHN": 0.8546379208564758
        }
    ],
    "EMNIST": [
        {
            "acc/test/EMNIST_epoch": 0.9643999934196472,
            "loss/test/EMNIST_epoch": 0.3418998420238495,
            "acc/test/EMNIST": 0.9643999934196472,
            "normalized_acc/test/EMNIST": 0.9699285626411438
        }
    ],
    "avg": [
        {
            "acc/test/avg": 0.8987834453582764,
            "normalized_acc/test/avg": 0.9122832417488098
        }
    ]
}