{
    "MNIST": [
        {
            "acc/test/MNIST_epoch": 0.9689000248908997,
            "loss/test/MNIST_epoch": 0.43219974637031555,
            "acc/test/MNIST": 0.9689000248908997,
            "normalized_acc/test/MNIST": 0.9723030924797058
        }
    ],
    "STL10": [
        {
            "acc/test/STL10_epoch": 0.9850000143051147,
            "loss/test/STL10_epoch": 0.05782125145196915,
            "acc/test/STL10": 0.9850000143051147,
            "normalized_acc/test/STL10": 0.9970897436141968
        }
    ],
    "avg": [
        {
            "acc/test/avg": 0.9769500195980072,
            "normalized_acc/test/avg": 0.9846964180469513
        }
    ]
}