{
    "FashionMNIST": [
        {
            "acc/test/FashionMNIST_epoch": 0.8503999710083008,
            "loss/test/FashionMNIST_epoch": 0.441221684217453,
            "acc/test/FashionMNIST": 0.8503999710083008,
            "normalized_acc/test/FashionMNIST": 0.8932772874832153
        }
    ],
    "RenderedSST2": [
        {
            "acc/test/RenderedSST2_epoch": 0.6913783550262451,
            "loss/test/RenderedSST2_epoch": 0.591036319732666,
            "acc/test/RenderedSST2": 0.6913783550262451,
            "normalized_acc/test/RenderedSST2": 0.8960853815078735
        }
    ],
    "avg": [
        {
            "acc/test/avg": 0.770889163017273,
            "normalized_acc/test/avg": 0.8946813344955444
        }
    ]
}