{
    "GTSRB": [
        {
            "acc/test/GTSRB_epoch": 0.7115597724914551,
            "loss/test/GTSRB_epoch": 1.0537242889404297,
            "acc/test/GTSRB": 0.7115597724914551,
            "normalized_acc/test/GTSRB": 0.7193628549575806
        }
    ],
    "DTD": [
        {
            "acc/test/DTD_epoch": 0.5367021560668945,
            "loss/test/DTD_epoch": 1.634987711906433,
            "acc/test/DTD": 0.5367021560668945,
            "normalized_acc/test/DTD": 0.6476251482963562
        }
    ],
    "avg": [
        {
            "acc/test/avg": 0.6241309642791748,
            "normalized_acc/test/avg": 0.6834940016269684
        }
    ]
}