{
    "PCAM": [
        {
            "acc/test/PCAM_epoch": 0.75628662109375,
            "loss/test/PCAM_epoch": 0.4661400318145752,
            "acc/test/PCAM": 0.75628662109375,
            "normalized_acc/test/PCAM": 0.8524060249328613
        }
    ],
    "STL10": [
        {
            "acc/test/STL10_epoch": 0.984624981880188,
            "loss/test/STL10_epoch": 0.0629798173904419,
            "acc/test/STL10": 0.984624981880188,
            "normalized_acc/test/STL10": 0.9967101216316223
        }
    ],
    "avg": [
        {
            "acc/test/avg": 0.870455801486969,
            "normalized_acc/test/avg": 0.9245580732822418
        }
    ]
}