{
    "DTD": [
        {
            "acc/test/DTD_epoch": 0.5292553305625916,
            "loss/test/DTD_epoch": 1.6776673793792725,
            "acc/test/DTD": 0.5292553305625916,
            "normalized_acc/test/DTD": 0.6386392712593079
        }
    ],
    "PCAM": [
        {
            "acc/test/PCAM_epoch": 0.743316650390625,
            "loss/test/PCAM_epoch": 0.4821169078350067,
            "acc/test/PCAM": 0.743316650390625,
            "normalized_acc/test/PCAM": 0.8377876281738281
        }
    ],
    "avg": [
        {
            "acc/test/avg": 0.6362859904766083,
            "normalized_acc/test/avg": 0.738213449716568
        }
    ]
}