{
    "GTSRB": [
        {
            "acc/test/GTSRB_epoch": 0.6934283375740051,
            "loss/test/GTSRB_epoch": 1.0962237119674683,
            "acc/test/GTSRB": 0.6934283375740051,
            "normalized_acc/test/GTSRB": 0.7010325789451599
        }
    ],
    "EMNIST": [
        {
            "acc/test/EMNIST_epoch": 0.9606999754905701,
            "loss/test/EMNIST_epoch": 0.38301345705986023,
            "acc/test/EMNIST": 0.9606999754905701,
            "normalized_acc/test/EMNIST": 0.9662073254585266
        }
    ],
    "avg": [
        {
            "acc/test/avg": 0.8270641565322876,
            "normalized_acc/test/avg": 0.8336199522018433
        }
    ]
}