{
    "Cars": [
        {
            "acc/test/Cars_epoch": 0.7118517756462097,
            "loss/test/Cars_epoch": 0.8328292965888977,
            "acc/test/Cars": 0.7118517756462097,
            "normalized_acc/test/Cars": 0.8296854496002197
        }
    ],
    "CIFAR10": [
        {
            "acc/test/CIFAR10_epoch": 0.9625999927520752,
            "loss/test/CIFAR10_epoch": 0.12057936936616898,
            "acc/test/CIFAR10": 0.9625999927520752,
            "normalized_acc/test/CIFAR10": 0.9806438684463501
        }
    ],
    "avg": [
        {
            "acc/test/avg": 0.8372258841991425,
            "normalized_acc/test/avg": 0.9051646590232849
        }
    ]
}