{
    "EuroSAT": [
        {
            "acc/test/EuroSAT_epoch": 0.9270370602607727,
            "loss/test/EuroSAT_epoch": 0.3464958965778351,
            "acc/test/EuroSAT": 0.9270370602607727,
            "normalized_acc/test/EuroSAT": 0.9357009530067444
        }
    ],
    "STL10": [
        {
            "acc/test/STL10_epoch": 0.9862499833106995,
            "loss/test/STL10_epoch": 0.0542062409222126,
            "acc/test/STL10": 0.9862499833106995,
            "normalized_acc/test/STL10": 0.9983550310134888
        }
    ],
    "avg": [
        {
            "acc/test/avg": 0.9566435217857361,
            "normalized_acc/test/avg": 0.9670279920101166
        }
    ]
}