{
    "SVHN": [
        {
            "acc/test/SVHN_epoch": 0.8094268441200256,
            "loss/test/SVHN_epoch": 0.8384315967559814,
            "acc/test/SVHN": 0.8094268441200256,
            "normalized_acc/test/SVHN": 0.8302860856056213
        }
    ],
    "KMNIST": [
        {
            "acc/test/KMNIST_epoch": 0.16110000014305115,
            "loss/test/KMNIST_epoch": 2.185511350631714,
            "acc/test/KMNIST": 0.16110000014305115,
            "normalized_acc/test/KMNIST": 0.16380274295806885
        }
    ],
    "avg": [
        {
            "acc/test/avg": 0.4852634221315384,
            "normalized_acc/test/avg": 0.4970444142818451
        }
    ]
}