{
    "EuroSAT": [
        {
            "acc/test/EuroSAT_epoch": 0.8855555653572083,
            "loss/test/EuroSAT_epoch": 0.4662209749221802,
            "acc/test/EuroSAT": 0.8855555653572083,
            "normalized_acc/test/EuroSAT": 0.8938317894935608
        }
    ],
    "MNIST": [
        {
            "acc/test/MNIST_epoch": 0.9697999954223633,
            "loss/test/MNIST_epoch": 0.41741743683815,
            "acc/test/MNIST": 0.9697999954223633,
            "normalized_acc/test/MNIST": 0.9732062220573425
        }
    ],
    "avg": [
        {
            "acc/test/avg": 0.9276777803897858,
            "normalized_acc/test/avg": 0.9335190057754517
        }
    ]
}