{
    "SUN397": [
        {
            "acc/test/SUN397_epoch": 0.6991435885429382,
            "loss/test/SUN397_epoch": 1.0253515243530273,
            "acc/test/SUN397": 0.6991435885429382,
            "normalized_acc/test/SUN397": 0.8866598606109619
        }
    ],
    "FashionMNIST": [
        {
            "acc/test/FashionMNIST_epoch": 0.8549000024795532,
            "loss/test/FashionMNIST_epoch": 0.4313798248767853,
            "acc/test/FashionMNIST": 0.8549000024795532,
            "normalized_acc/test/FashionMNIST": 0.8980041742324829
        }
    ],
    "avg": [
        {
            "acc/test/avg": 0.7770217955112457,
            "normalized_acc/test/avg": 0.8923320174217224
        }
    ]
}