{
    "SUN397": [
        {
            "acc/test/SUN397_epoch": 0.701259434223175,
            "loss/test/SUN397_epoch": 1.0162644386291504,
            "acc/test/SUN397": 0.701259434223175,
            "normalized_acc/test/SUN397": 0.8893432021141052
        }
    ],
    "CIFAR10": [
        {
            "acc/test/CIFAR10_epoch": 0.9660000205039978,
            "loss/test/CIFAR10_epoch": 0.11540289223194122,
            "acc/test/CIFAR10": 0.9660000205039978,
            "normalized_acc/test/CIFAR10": 0.9841076135635376
        }
    ],
    "avg": [
        {
            "acc/test/avg": 0.8336297273635864,
            "normalized_acc/test/avg": 0.9367254078388214
        }
    ]
}