{
    "STL10": [
        {
            "acc/test/STL10_epoch": 0.9863749742507935,
            "loss/test/STL10_epoch": 0.05236228182911873,
            "acc/test/STL10": 0.9863749742507935,
            "normalized_acc/test/STL10": 0.9984815716743469
        }
    ],
    "CIFAR100": [
        {
            "acc/test/CIFAR100_epoch": 0.7962999939918518,
            "loss/test/CIFAR100_epoch": 0.7393016815185547,
            "acc/test/CIFAR100": 0.7962999939918518,
            "normalized_acc/test/CIFAR100": 0.8920129537582397
        }
    ],
    "avg": [
        {
            "acc/test/avg": 0.8913374841213226,
            "normalized_acc/test/avg": 0.9452472627162933
        }
    ]
}