{
    "SUN397": [
        {
            "acc/test/SUN397_epoch": 0.7037279605865479,
            "loss/test/SUN397_epoch": 1.0165702104568481,
            "acc/test/SUN397": 0.7037279605865479,
            "normalized_acc/test/SUN397": 0.8924738168716431
        }
    ],
    "GTSRB": [
        {
            "acc/test/GTSRB_epoch": 0.677513837814331,
            "loss/test/GTSRB_epoch": 1.172447919845581,
            "acc/test/GTSRB": 0.677513837814331,
            "normalized_acc/test/GTSRB": 0.6849435567855835
        }
    ],
    "avg": [
        {
            "acc/test/avg": 0.6906208992004395,
            "normalized_acc/test/avg": 0.7887086868286133
        }
    ]
}