{
    "Food101": [
        {
            "acc/test/Food101_epoch": 0.9051485061645508,
            "loss/test/Food101_epoch": 0.3264942765235901,
            "acc/test/Food101": 0.9051485061645508,
            "normalized_acc/test/Food101": 0.9957737922668457
        }
    ],
    "FashionMNIST": [
        {
            "acc/test/FashionMNIST_epoch": 0.8410999774932861,
            "loss/test/FashionMNIST_epoch": 0.4771837294101715,
            "acc/test/FashionMNIST": 0.8410999774932861,
            "normalized_acc/test/FashionMNIST": 0.8835083842277527
        }
    ],
    "avg": [
        {
            "acc/test/avg": 0.8731242418289185,
            "normalized_acc/test/avg": 0.9396410882472992
        }
    ]
}