{
    "MNIST": [
        {
            "acc/test/MNIST_epoch": 0.9678999781608582,
            "loss/test/MNIST_epoch": 0.4516330063343048,
            "acc/test/MNIST": 0.9678999781608582,
            "normalized_acc/test/MNIST": 0.9712995290756226
        }
    ],
    "STL10": [
        {
            "acc/test/STL10_epoch": 0.9848750233650208,
            "loss/test/STL10_epoch": 0.05617498978972435,
            "acc/test/STL10": 0.9848750233650208,
            "normalized_acc/test/STL10": 0.9969632029533386
        }
    ],
    "avg": [
        {
            "acc/test/avg": 0.9763875007629395,
            "normalized_acc/test/avg": 0.9841313660144806
        }
    ]
}