{
    "CIFAR10": [
        {
            "acc/test/CIFAR10_epoch": 0.9689000248908997,
            "loss/test/CIFAR10_epoch": 0.1073109582066536,
            "acc/test/CIFAR10": 0.9689000248908997,
            "normalized_acc/test/CIFAR10": 0.9870619773864746
        }
    ],
    "RenderedSST2": [
        {
            "acc/test/RenderedSST2_epoch": 0.6891817450523376,
            "loss/test/RenderedSST2_epoch": 0.5907946825027466,
            "acc/test/RenderedSST2": 0.6891817450523376,
            "normalized_acc/test/RenderedSST2": 0.893238365650177
        }
    ],
    "avg": [
        {
            "acc/test/avg": 0.8290408849716187,
            "normalized_acc/test/avg": 0.9401501715183258
        }
    ]
}