{
    "CIFAR100": [
        {
            "acc/test/CIFAR100_epoch": 0.7975000143051147,
            "loss/test/CIFAR100_epoch": 0.7324593663215637,
            "acc/test/CIFAR100": 0.7975000143051147,
            "normalized_acc/test/CIFAR100": 0.8933572173118591
        }
    ],
    "FashionMNIST": [
        {
            "acc/test/FashionMNIST_epoch": 0.8432999849319458,
            "loss/test/FashionMNIST_epoch": 0.4635416865348816,
            "acc/test/FashionMNIST": 0.8432999849319458,
            "normalized_acc/test/FashionMNIST": 0.8858193159103394
        }
    ],
    "avg": [
        {
            "acc/test/avg": 0.8203999996185303,
            "normalized_acc/test/avg": 0.8895882666110992
        }
    ]
}