{
    "PCAM": [
        {
            "acc/test/PCAM_epoch": 0.79241943359375,
            "loss/test/PCAM_epoch": 0.4436158835887909,
            "acc/test/PCAM": 0.79241943359375,
            "normalized_acc/test/PCAM": 0.8931310772895813
        }
    ],
    "KMNIST": [
        {
            "acc/test/KMNIST_epoch": 0.15150000154972076,
            "loss/test/KMNIST_epoch": 2.240455389022827,
            "acc/test/KMNIST": 0.15150000154972076,
            "normalized_acc/test/KMNIST": 0.15404169261455536
        }
    ],
    "avg": [
        {
            "acc/test/avg": 0.4719597175717354,
            "normalized_acc/test/avg": 0.5235863849520683
        }
    ]
}