{
    "DTD": [
        {
            "acc/test/DTD_epoch": 0.547340452671051,
            "loss/test/DTD_epoch": 1.5815783739089966,
            "acc/test/DTD": 0.547340452671051,
            "normalized_acc/test/DTD": 0.6604621410369873
        }
    ],
    "STL10": [
        {
            "acc/test/STL10_epoch": 0.9882500171661377,
            "loss/test/STL10_epoch": 0.04712548851966858,
            "acc/test/STL10": 0.9882500171661377,
            "normalized_acc/test/STL10": 1.0003796815872192
        }
    ],
    "avg": [
        {
            "acc/test/avg": 0.7677952349185944,
            "normalized_acc/test/avg": 0.8304209113121033
        }
    ]
}