{
    "OxfordIIITPet": [
        {
            "acc/test/OxfordIIITPet_epoch": 0.9084219336509705,
            "loss/test/OxfordIIITPet_epoch": 0.26076453924179077,
            "acc/test/OxfordIIITPet": 0.9084219336509705,
            "normalized_acc/test/OxfordIIITPet": 0.9558359384536743
        }
    ],
    "Food101": [
        {
            "acc/test/Food101_epoch": 0.9058218002319336,
            "loss/test/Food101_epoch": 0.3205980956554413,
            "acc/test/Food101": 0.9058218002319336,
            "normalized_acc/test/Food101": 0.9965144991874695
        }
    ],
    "avg": [
        {
            "acc/test/avg": 0.907121866941452,
            "normalized_acc/test/avg": 0.9761752188205719
        }
    ]
}