{
    "Cars": [
        {
            "acc/test/Cars_epoch": 0.8161920309066772,
            "loss/test/Cars_epoch": 0.5799371600151062,
            "acc/test/Cars": 0.8161920309066772,
            "normalized_acc/test/Cars": 0.9512972831726074
        }
    ],
    "STL10": [
        {
            "acc/test/STL10_epoch": 0.987625002861023,
            "loss/test/STL10_epoch": 0.041019659489393234,
            "acc/test/STL10": 0.987625002861023,
            "normalized_acc/test/STL10": 0.9997469782829285
        }
    ],
    "avg": [
        {
            "acc/test/avg": 0.9019085168838501,
            "normalized_acc/test/avg": 0.9755221307277679
        }
    ]
}