{
    "CIFAR100": [
        {
            "acc/test/CIFAR100_epoch": 0.8295999765396118,
            "loss/test/CIFAR100_epoch": 0.6994745135307312,
            "acc/test/CIFAR100": 0.8295999765396118,
            "normalized_acc/test/CIFAR100": 0.9293155074119568
        }
    ],
    "EMNIST": [
        {
            "acc/test/EMNIST_epoch": 0.9941999912261963,
            "loss/test/EMNIST_epoch": 0.0544830858707428,
            "acc/test/EMNIST": 0.9941999912261963,
            "normalized_acc/test/EMNIST": 0.9998993873596191
        }
    ],
    "avg": [
        {
            "acc/test/avg": 0.911899983882904,
            "normalized_acc/test/avg": 0.964607447385788
        }
    ]
}