{
    "Cars": [
        {
            "acc/test/Cars_epoch": 0.8161920309066772,
            "loss/test/Cars_epoch": 0.5587602257728577,
            "acc/test/Cars": 0.8161920309066772,
            "normalized_acc/test/Cars": 0.9512972831726074
        }
    ],
    "FashionMNIST": [
        {
            "acc/test/FashionMNIST_epoch": 0.9329000115394592,
            "loss/test/FashionMNIST_epoch": 0.19938170909881592,
            "acc/test/FashionMNIST": 0.9329000115394592,
            "normalized_acc/test/FashionMNIST": 0.979936957359314
        }
    ],
    "avg": [
        {
            "acc/test/avg": 0.8745460212230682,
            "normalized_acc/test/avg": 0.9656171202659607
        }
    ]
}