{
    "GTSRB": [
        {
            "acc/test/GTSRB_epoch": 0.9538400769233704,
            "loss/test/GTSRB_epoch": 0.20363649725914001,
            "acc/test/GTSRB": 0.9538400769233704,
            "normalized_acc/test/GTSRB": 0.9643000364303589
        }
    ],
    "CIFAR10": [
        {
            "acc/test/CIFAR10_epoch": 0.9746000170707703,
            "loss/test/CIFAR10_epoch": 0.09263923019170761,
            "acc/test/CIFAR10": 0.9746000170707703,
            "normalized_acc/test/CIFAR10": 0.9928688406944275
        }
    ],
    "avg": [
        {
            "acc/test/avg": 0.9642200469970703,
            "normalized_acc/test/avg": 0.9785844385623932
        }
    ]
}