{
    "CIFAR100": [
        {
            "acc/test/CIFAR100_epoch": 0.8651999831199646,
            "loss/test/CIFAR100_epoch": 0.5509986877441406,
            "acc/test/CIFAR100": 0.8651999831199646,
            "normalized_acc/test/CIFAR100": 0.9691945314407349
        }
    ],
    "Food101": [
        {
            "acc/test/Food101_epoch": 0.8923168182373047,
            "loss/test/Food101_epoch": 0.41881147027015686,
            "acc/test/Food101": 0.8923168182373047,
            "normalized_acc/test/Food101": 0.9816573858261108
        }
    ],
    "avg": [
        {
            "acc/test/avg": 0.8787584006786346,
            "normalized_acc/test/avg": 0.9754259586334229
        }
    ]
}