{
    "Cars": [
        {
            "acc/test/Cars_epoch": 0.816067636013031,
            "loss/test/Cars_epoch": 0.5816280841827393,
            "acc/test/Cars": 0.816067636013031,
            "normalized_acc/test/Cars": 0.9511523246765137
        }
    ],
    "OxfordIIITPet": [
        {
            "acc/test/OxfordIIITPet_epoch": 0.9435813426971436,
            "loss/test/OxfordIIITPet_epoch": 0.200417160987854,
            "acc/test/OxfordIIITPet": 0.9435813426971436,
            "normalized_acc/test/OxfordIIITPet": 0.9928304553031921
        }
    ],
    "avg": [
        {
            "acc/test/avg": 0.8798244893550873,
            "normalized_acc/test/avg": 0.9719913899898529
        }
    ]
}