{
    "FER2013": [
        {
            "acc/test/FER2013_epoch": 0.7110615968704224,
            "loss/test/FER2013_epoch": 0.9338080883026123,
            "acc/test/FER2013": 0.7110615968704224,
            "normalized_acc/test/FER2013": 0.9644747376441956
        }
    ],
    "Food101": [
        {
            "acc/test/Food101_epoch": 0.9128713011741638,
            "loss/test/Food101_epoch": 0.33375129103660583,
            "acc/test/Food101": 0.9128713011741638,
            "normalized_acc/test/Food101": 1.0042698383331299
        }
    ],
    "avg": [
        {
            "acc/test/avg": 0.8119664490222931,
            "normalized_acc/test/avg": 0.9843722879886627
        }
    ]
}