{
    "OxfordIIITPet": [
        {
            "acc/test/OxfordIIITPet_epoch": 0.9408558011054993,
            "loss/test/OxfordIIITPet_epoch": 0.1865963339805603,
            "acc/test/OxfordIIITPet": 0.9408558011054993,
            "normalized_acc/test/OxfordIIITPet": 0.9899626970291138
        }
    ],
    "EMNIST": [
        {
            "acc/test/EMNIST_epoch": 0.9958000183105469,
            "loss/test/EMNIST_epoch": 0.04529094323515892,
            "acc/test/EMNIST": 0.9958000183105469,
            "normalized_acc/test/EMNIST": 1.0015085935592651
        }
    ],
    "avg": [
        {
            "acc/test/avg": 0.9683279097080231,
            "normalized_acc/test/avg": 0.9957356452941895
        }
    ]
}