{
    "STL10": [
        {
            "acc/test/STL10_epoch": 0.9823750257492065,
            "loss/test/STL10_epoch": 0.05219583585858345,
            "acc/test/STL10": 0.9823750257492065,
            "normalized_acc/test/STL10": 0.9944325089454651
        }
    ],
    "FashionMNIST": [
        {
            "acc/test/FashionMNIST_epoch": 0.9239000082015991,
            "loss/test/FashionMNIST_epoch": 0.21948008239269257,
            "acc/test/FashionMNIST": 0.9239000082015991,
            "normalized_acc/test/FashionMNIST": 0.9704831838607788
        }
    ],
    "avg": [
        {
            "acc/test/avg": 0.9531375169754028,
            "normalized_acc/test/avg": 0.982457846403122
        }
    ]
}