{
    "Cars": [
        {
            "acc/test/Cars_epoch": 0.8171868920326233,
            "loss/test/Cars_epoch": 0.572468101978302,
            "acc/test/Cars": 0.8171868920326233,
            "normalized_acc/test/Cars": 0.9524568319320679
        }
    ],
    "DTD": [
        {
            "acc/test/DTD_epoch": 0.7531914710998535,
            "loss/test/DTD_epoch": 0.9279769062995911,
            "acc/test/DTD": 0.7531914710998535,
            "normalized_acc/test/DTD": 0.9088574647903442
        }
    ],
    "avg": [
        {
            "acc/test/avg": 0.7851891815662384,
            "normalized_acc/test/avg": 0.930657148361206
        }
    ]
}