{
    "Cars": [
        {
            "acc/test/Cars_epoch": 0.7842308282852173,
            "loss/test/Cars_epoch": 0.6662531495094299,
            "acc/test/Cars": 0.7842308282852173,
            "normalized_acc/test/Cars": 0.914045512676239
        }
    ],
    "SVHN": [
        {
            "acc/test/SVHN_epoch": 0.9699216485023499,
            "loss/test/SVHN_epoch": 0.13754154741764069,
            "acc/test/SVHN": 0.9699216485023499,
            "normalized_acc/test/SVHN": 0.9949169158935547
        }
    ],
    "avg": [
        {
            "acc/test/avg": 0.8770762383937836,
            "normalized_acc/test/avg": 0.9544812142848969
        }
    ]
}