{
    "GTSRB": [
        {
            "acc/test/GTSRB_epoch": 0.9776722192764282,
            "loss/test/GTSRB_epoch": 0.1055479645729065,
            "acc/test/GTSRB": 0.9776722192764282,
            "normalized_acc/test/GTSRB": 0.9883935451507568
        }
    ],
    "OxfordIIITPet": [
        {
            "acc/test/OxfordIIITPet_epoch": 0.9394930601119995,
            "loss/test/OxfordIIITPet_epoch": 0.2005603164434433,
            "acc/test/OxfordIIITPet": 0.9394930601119995,
            "normalized_acc/test/OxfordIIITPet": 0.9885287880897522
        }
    ],
    "avg": [
        {
            "acc/test/avg": 0.9585826396942139,
            "normalized_acc/test/avg": 0.9884611666202545
        }
    ]
}