{
    "CIFAR100": [
        {
            "acc/test/CIFAR100_epoch": 0.8309000134468079,
            "loss/test/CIFAR100_epoch": 0.6335746049880981,
            "acc/test/CIFAR100": 0.8309000134468079,
            "normalized_acc/test/CIFAR100": 0.9307718276977539
        }
    ],
    "FashionMNIST": [
        {
            "acc/test/FashionMNIST_epoch": 0.9275000095367432,
            "loss/test/FashionMNIST_epoch": 0.2292855978012085,
            "acc/test/FashionMNIST": 0.9275000095367432,
            "normalized_acc/test/FashionMNIST": 0.9742646813392639
        }
    ],
    "avg": [
        {
            "acc/test/avg": 0.8792000114917755,
            "normalized_acc/test/avg": 0.9525182545185089
        }
    ]
}