{
    "MNIST": [
        {
            "acc/test/MNIST_epoch": 0.9965999722480774,
            "loss/test/MNIST_epoch": 0.02533835545182228,
            "acc/test/MNIST": 0.9965999722480774,
            "normalized_acc/test/MNIST": 1.0001002550125122
        }
    ],
    "EMNIST": [
        {
            "acc/test/EMNIST_epoch": 0.9973000288009644,
            "loss/test/EMNIST_epoch": 0.0305597223341465,
            "acc/test/EMNIST": 0.9973000288009644,
            "normalized_acc/test/EMNIST": 1.0030171871185303
        }
    ],
    "avg": [
        {
            "acc/test/avg": 0.9969500005245209,
            "normalized_acc/test/avg": 1.0015587210655212
        }
    ]
}