{
    "SVHN": [
        {
            "acc/test/SVHN_epoch": 0.9704210162162781,
            "loss/test/SVHN_epoch": 0.13402538001537323,
            "acc/test/SVHN": 0.9704210162162781,
            "normalized_acc/test/SVHN": 0.9954290986061096
        }
    ],
    "DTD": [
        {
            "acc/test/DTD_epoch": 0.6654255390167236,
            "loss/test/DTD_epoch": 1.2994931936264038,
            "acc/test/DTD": 0.6654255390167236,
            "normalized_acc/test/DTD": 0.8029524683952332
        }
    ],
    "avg": [
        {
            "acc/test/avg": 0.8179232776165009,
            "normalized_acc/test/avg": 0.8991907835006714
        }
    ]
}