{
    "Cars": [
        {
            "acc/test/Cars_epoch": 0.7804999351501465,
            "loss/test/Cars_epoch": 0.6947447657585144,
            "acc/test/Cars": 0.7804999351501465,
            "normalized_acc/test/Cars": 0.9096970558166504
        }
    ],
    "CIFAR100": [
        {
            "acc/test/CIFAR100_epoch": 0.8777999877929688,
            "loss/test/CIFAR100_epoch": 0.4911533296108246,
            "acc/test/CIFAR100": 0.8777999877929688,
            "normalized_acc/test/CIFAR100": 0.9833090305328369
        }
    ],
    "avg": [
        {
            "acc/test/avg": 0.8291499614715576,
            "normalized_acc/test/avg": 0.9465030431747437
        }
    ]
}