{
    "SUN397": [
        {
            "acc/test/SUN397_epoch": 0.7593451142311096,
            "loss/test/SUN397_epoch": 0.9017674326896667,
            "acc/test/SUN397": 0.7593451142311096,
            "normalized_acc/test/SUN397": 0.9630079865455627
        }
    ],
    "CIFAR10": [
        {
            "acc/test/CIFAR10_epoch": 0.9842000007629395,
            "loss/test/CIFAR10_epoch": 0.07830695062875748,
            "acc/test/CIFAR10": 0.9842000007629395,
            "normalized_acc/test/CIFAR10": 1.0026487112045288
        }
    ],
    "avg": [
        {
            "acc/test/avg": 0.8717725574970245,
            "normalized_acc/test/avg": 0.9828283488750458
        }
    ]
}