{
    "MNIST": [
        {
            "acc/test/MNIST_epoch": 0.9958999752998352,
            "loss/test/MNIST_epoch": 0.028654592111706734,
            "acc/test/MNIST": 0.9958999752998352,
            "normalized_acc/test/MNIST": 0.999397873878479
        }
    ],
    "OxfordIIITPet": [
        {
            "acc/test/OxfordIIITPet_epoch": 0.9359498620033264,
            "loss/test/OxfordIIITPet_epoch": 0.2520790994167328,
            "acc/test/OxfordIIITPet": 0.9359498620033264,
            "normalized_acc/test/OxfordIIITPet": 0.9848006963729858
        }
    ],
    "avg": [
        {
            "acc/test/avg": 0.9659249186515808,
            "normalized_acc/test/avg": 0.9920992851257324
        }
    ]
}