{
    "Flowers102": [
        {
            "acc/test/Flowers102_epoch": 0.8842087984085083,
            "loss/test/Flowers102_epoch": 0.4487853944301605,
            "acc/test/Flowers102": 0.8842087984085083,
            "normalized_acc/test/Flowers102": 0.938384473323822
        }
    ],
    "EMNIST": [
        {
            "acc/test/EMNIST_epoch": 0.9965000152587891,
            "loss/test/EMNIST_epoch": 0.028527777642011642,
            "acc/test/EMNIST": 0.9965000152587891,
            "normalized_acc/test/EMNIST": 1.002212643623352
        }
    ],
    "avg": [
        {
            "acc/test/avg": 0.9403544068336487,
            "normalized_acc/test/avg": 0.970298558473587
        }
    ]
}