{
    "SVHN": [
        {
            "acc/test/SVHN_epoch": 0.9745697379112244,
            "loss/test/SVHN_epoch": 0.11178870499134064,
            "acc/test/SVHN": 0.9745697379112244,
            "normalized_acc/test/SVHN": 0.999684751033783
        }
    ],
    "Flowers102": [
        {
            "acc/test/Flowers102_epoch": 0.8617661595344543,
            "loss/test/Flowers102_epoch": 0.5258994698524475,
            "acc/test/Flowers102": 0.8617661595344543,
            "normalized_acc/test/Flowers102": 0.9145668148994446
        }
    ],
    "avg": [
        {
            "acc/test/avg": 0.9181679487228394,
            "normalized_acc/test/avg": 0.9571257829666138
        }
    ]
}