{
    "DTD": [
        {
            "acc/test/DTD_epoch": 0.7601063847541809,
            "loss/test/DTD_epoch": 0.9290826916694641,
            "acc/test/DTD": 0.7601063847541809,
            "normalized_acc/test/DTD": 0.9172015190124512
        }
    ],
    "CIFAR10": [
        {
            "acc/test/CIFAR10_epoch": 0.9847000241279602,
            "loss/test/CIFAR10_epoch": 0.07191537320613861,
            "acc/test/CIFAR10": 0.9847000241279602,
            "normalized_acc/test/CIFAR10": 1.0031580924987793
        }
    ],
    "avg": [
        {
            "acc/test/avg": 0.8724032044410706,
            "normalized_acc/test/avg": 0.9601798057556152
        }
    ]
}