{
    "Food101": [
        {
            "acc/test/Food101_epoch": 0.888475239276886,
            "loss/test/Food101_epoch": 0.46188458800315857,
            "acc/test/Food101": 0.888475239276886,
            "normalized_acc/test/Food101": 0.9774311780929565
        }
    ],
    "KMNIST": [
        {
            "acc/test/KMNIST_epoch": 0.9800999760627747,
            "loss/test/KMNIST_epoch": 0.08738410472869873,
            "acc/test/KMNIST": 0.9800999760627747,
            "normalized_acc/test/KMNIST": 0.9965429306030273
        }
    ],
    "avg": [
        {
            "acc/test/avg": 0.9342876076698303,
            "normalized_acc/test/avg": 0.9869870543479919
        }
    ]
}