{
    "MNIST": [
        {
            "acc/test/MNIST_epoch": 0.9959999918937683,
            "loss/test/MNIST_epoch": 0.028782378882169724,
            "acc/test/MNIST": 0.9959999918937683,
            "normalized_acc/test/MNIST": 0.9994982481002808
        }
    ],
    "STL10": [
        {
            "acc/test/STL10_epoch": 0.9786249995231628,
            "loss/test/STL10_epoch": 0.06607022136449814,
            "acc/test/STL10": 0.9786249995231628,
            "normalized_acc/test/STL10": 0.9906364679336548
        }
    ],
    "avg": [
        {
            "acc/test/avg": 0.9873124957084656,
            "normalized_acc/test/avg": 0.9950673580169678
        }
    ]
}