{
    "GTSRB": [
        {
            "acc/test/GTSRB_epoch": 0.9676167964935303,
            "loss/test/GTSRB_epoch": 0.13761590421199799,
            "acc/test/GTSRB": 0.9676167964935303,
            "normalized_acc/test/GTSRB": 0.9782278537750244
        }
    ],
    "MNIST": [
        {
            "acc/test/MNIST_epoch": 0.9954000115394592,
            "loss/test/MNIST_epoch": 0.032220397144556046,
            "acc/test/MNIST": 0.9954000115394592,
            "normalized_acc/test/MNIST": 0.9988961219787598
        }
    ],
    "avg": [
        {
            "acc/test/avg": 0.9815084040164948,
            "normalized_acc/test/avg": 0.9885619878768921
        }
    ]
}