{
    "Cars": [
        {
            "acc/test/Cars_epoch": 0.7657007575035095,
            "loss/test/Cars_epoch": 0.8250114917755127,
            "acc/test/Cars": 0.7657007575035095,
            "normalized_acc/test/Cars": 0.8924481272697449
        }
    ],
    "CIFAR10": [
        {
            "acc/test/CIFAR10_epoch": 0.9811000227928162,
            "loss/test/CIFAR10_epoch": 0.08977030217647552,
            "acc/test/CIFAR10": 0.9811000227928162,
            "normalized_acc/test/CIFAR10": 0.9994906783103943
        }
    ],
    "avg": [
        {
            "acc/test/avg": 0.8734003901481628,
            "normalized_acc/test/avg": 0.9459694027900696
        }
    ]
}