{
    "OxfordIIITPet": [
        {
            "acc/test/OxfordIIITPet_epoch": 0.9503952264785767,
            "loss/test/OxfordIIITPet_epoch": 0.18093062937259674,
            "acc/test/OxfordIIITPet": 0.9503952264785767,
            "normalized_acc/test/OxfordIIITPet": 1.0
        }
    ],
    "STL10": [
        {
            "acc/test/STL10_epoch": 0.9890000224113464,
            "loss/test/STL10_epoch": 0.033357758074998856,
            "acc/test/STL10": 0.9890000224113464,
            "normalized_acc/test/STL10": 1.0011388063430786
        }
    ],
    "avg": [
        {
            "acc/test/avg": 0.9696976244449615,
            "normalized_acc/test/avg": 1.0005694031715393
        }
    ]
}