{
    "Flowers102": [
        {
            "acc/test/Flowers102_epoch": 0.8697349429130554,
            "loss/test/Flowers102_epoch": 0.45955324172973633,
            "acc/test/Flowers102": 0.8697349429130554,
            "normalized_acc/test/Flowers102": 0.9230238199234009
        }
    ],
    "FashionMNIST": [
        {
            "acc/test/FashionMNIST_epoch": 0.9480000138282776,
            "loss/test/FashionMNIST_epoch": 0.18964537978172302,
            "acc/test/FashionMNIST": 0.9480000138282776,
            "normalized_acc/test/FashionMNIST": 0.9957982897758484
        }
    ],
    "avg": [
        {
            "acc/test/avg": 0.9088674783706665,
            "normalized_acc/test/avg": 0.9594110548496246
        }
    ]
}