{
    "DTD": [
        {
            "acc/test/DTD_epoch": 0.7867021560668945,
            "loss/test/DTD_epoch": 0.861116349697113,
            "acc/test/DTD": 0.7867021560668945,
            "normalized_acc/test/DTD": 0.9492939710617065
        }
    ],
    "Food101": [
        {
            "acc/test/Food101_epoch": 0.9149702787399292,
            "loss/test/Food101_epoch": 0.354248583316803,
            "acc/test/Food101": 0.9149702787399292,
            "normalized_acc/test/Food101": 1.0065789222717285
        }
    ],
    "avg": [
        {
            "acc/test/avg": 0.8508362174034119,
            "normalized_acc/test/avg": 0.9779364466667175
        }
    ]
}