{
    "Flowers102": [
        {
            "acc/test/Flowers102_epoch": 0.8793299794197083,
            "loss/test/Flowers102_epoch": 0.456828773021698,
            "acc/test/Flowers102": 0.8793299794197083,
            "normalized_acc/test/Flowers102": 0.9332067370414734
        }
    ],
    "KMNIST": [
        {
            "acc/test/KMNIST_epoch": 0.9800999760627747,
            "loss/test/KMNIST_epoch": 0.08756497502326965,
            "acc/test/KMNIST": 0.9800999760627747,
            "normalized_acc/test/KMNIST": 0.9965429306030273
        }
    ],
    "avg": [
        {
            "acc/test/avg": 0.9297149777412415,
            "normalized_acc/test/avg": 0.9648748338222504
        }
    ]
}