{
    "EuroSAT": [
        {
            "acc/test/EuroSAT_epoch": 0.9900000095367432,
            "loss/test/EuroSAT_epoch": 0.036084674298763275,
            "acc/test/EuroSAT": 0.9900000095367432,
            "normalized_acc/test/EuroSAT": 0.9992523789405823
        }
    ],
    "Flowers102": [
        {
            "acc/test/Flowers102_epoch": 0.9029110670089722,
            "loss/test/Flowers102_epoch": 0.37424126267433167,
            "acc/test/Flowers102": 0.9029110670089722,
            "normalized_acc/test/Flowers102": 0.9582326412200928
        }
    ],
    "avg": [
        {
            "acc/test/avg": 0.9464555382728577,
            "normalized_acc/test/avg": 0.9787425100803375
        }
    ]
}