{
    "FER2013": [
        {
            "acc/test/FER2013_epoch": 0.7113401889801025,
            "loss/test/FER2013_epoch": 1.071602463722229,
            "acc/test/FER2013": 0.7113401889801025,
            "normalized_acc/test/FER2013": 0.9648525714874268
        }
    ],
    "FashionMNIST": [
        {
            "acc/test/FashionMNIST_epoch": 0.9448999762535095,
            "loss/test/FashionMNIST_epoch": 0.2057431936264038,
            "acc/test/FashionMNIST": 0.9448999762535095,
            "normalized_acc/test/FashionMNIST": 0.9925419688224792
        }
    ],
    "avg": [
        {
            "acc/test/avg": 0.828120082616806,
            "normalized_acc/test/avg": 0.978697270154953
        }
    ]
}