{
    "EuroSAT": [
        {
            "acc/test/EuroSAT_epoch": 0.9503703713417053,
            "loss/test/EuroSAT_epoch": 0.15401826798915863,
            "acc/test/EuroSAT": 0.9503703713417053,
            "normalized_acc/test/EuroSAT": 0.9592523574829102
        }
    ],
    "PCAM": [
        {
            "acc/test/PCAM_epoch": 0.8896484375,
            "loss/test/PCAM_epoch": 0.33550846576690674,
            "acc/test/PCAM": 0.8896484375,
            "normalized_acc/test/PCAM": 1.0027172565460205
        }
    ],
    "avg": [
        {
            "acc/test/avg": 0.9200094044208527,
            "normalized_acc/test/avg": 0.9809848070144653
        }
    ]
}