{
    "EMNIST": [
        {
            "acc/test/EMNIST_epoch": 0.9927999973297119,
            "loss/test/EMNIST_epoch": 0.04698352515697479,
            "acc/test/EMNIST": 0.9927999973297119,
            "normalized_acc/test/EMNIST": 0.9984914064407349
        }
    ],
    "KMNIST": [
        {
            "acc/test/KMNIST_epoch": 0.9433000087738037,
            "loss/test/KMNIST_epoch": 0.23886635899543762,
            "acc/test/KMNIST": 0.9433000087738037,
            "normalized_acc/test/KMNIST": 0.9591255784034729
        }
    ],
    "avg": [
        {
            "acc/test/avg": 0.9680500030517578,
            "normalized_acc/test/avg": 0.9788084924221039
        }
    ]
}