{
    "GTSRB": [
        {
            "acc/test/GTSRB_epoch": 0.9908155202865601,
            "loss/test/GTSRB_epoch": 0.03867001086473465,
            "acc/test/GTSRB": 0.9908155202865601,
            "normalized_acc/test/GTSRB": 1.0016809701919556
        }
    ],
    "DTD": [
        {
            "acc/test/DTD_epoch": 0.789893627166748,
            "loss/test/DTD_epoch": 0.9150696992874146,
            "acc/test/DTD": 0.789893627166748,
            "normalized_acc/test/DTD": 0.9531450271606445
        }
    ],
    "avg": [
        {
            "acc/test/avg": 0.890354573726654,
            "normalized_acc/test/avg": 0.9774129986763
        }
    ]
}