{
    "SVHN": [
        {
            "acc/test/SVHN_epoch": 0.9693454504013062,
            "loss/test/SVHN_epoch": 0.14958110451698303,
            "acc/test/SVHN": 0.9693454504013062,
            "normalized_acc/test/SVHN": 0.9943258166313171
        }
    ],
    "Flowers102": [
        {
            "acc/test/Flowers102_epoch": 0.7941128611564636,
            "loss/test/Flowers102_epoch": 0.8248360753059387,
            "acc/test/Flowers102": 0.7941128611564636,
            "normalized_acc/test/Flowers102": 0.8427683711051941
        }
    ],
    "avg": [
        {
            "acc/test/avg": 0.8817291557788849,
            "normalized_acc/test/avg": 0.9185470938682556
        }
    ]
}