{
    "MNIST": [
        {
            "acc/test/MNIST_epoch": 0.9944000244140625,
            "loss/test/MNIST_epoch": 0.05162256956100464,
            "acc/test/MNIST": 0.9944000244140625,
            "normalized_acc/test/MNIST": 0.9978926181793213
        }
    ],
    "Food101": [
        {
            "acc/test/Food101_epoch": 0.898178219795227,
            "loss/test/Food101_epoch": 0.3931649923324585,
            "acc/test/Food101": 0.898178219795227,
            "normalized_acc/test/Food101": 0.9881056547164917
        }
    ],
    "avg": [
        {
            "acc/test/avg": 0.9462891221046448,
            "normalized_acc/test/avg": 0.9929991364479065
        }
    ]
}