{
    "RESISC45": [
        {
            "acc/test/RESISC45_epoch": 0.8866666555404663,
            "loss/test/RESISC45_epoch": 0.39573198556900024,
            "acc/test/RESISC45": 0.8866666555404663,
            "normalized_acc/test/RESISC45": 0.9172413945198059
        }
    ],
    "EuroSAT": [
        {
            "acc/test/EuroSAT_epoch": 0.9814814925193787,
            "loss/test/EuroSAT_epoch": 0.06402109563350677,
            "acc/test/EuroSAT": 0.9814814925193787,
            "normalized_acc/test/EuroSAT": 0.9906542301177979
        }
    ],
    "avg": [
        {
            "acc/test/avg": 0.9340740740299225,
            "normalized_acc/test/avg": 0.9539478123188019
        }
    ]
}