{
    "DTD": [
        {
            "acc/test/DTD_epoch": 0.742553174495697,
            "loss/test/DTD_epoch": 1.0354443788528442,
            "acc/test/DTD": 0.742553174495697,
            "normalized_acc/test/DTD": 0.8960204720497131
        }
    ],
    "FER2013": [
        {
            "acc/test/FER2013_epoch": 0.7359988689422607,
            "loss/test/FER2013_epoch": 1.096811294555664,
            "acc/test/FER2013": 0.7359988689422607,
            "normalized_acc/test/FER2013": 0.9982993006706238
        }
    ],
    "avg": [
        {
            "acc/test/avg": 0.7392760217189789,
            "normalized_acc/test/avg": 0.9471598863601685
        }
    ]
}