{
    "DTD": [
        {
            "acc/test/DTD_epoch": 0.728723406791687,
            "loss/test/DTD_epoch": 1.0572741031646729,
            "acc/test/DTD": 0.728723406791687,
            "normalized_acc/test/DTD": 0.879332423210144
        }
    ],
    "EMNIST": [
        {
            "acc/test/EMNIST_epoch": 0.9962000250816345,
            "loss/test/EMNIST_epoch": 0.03269091621041298,
            "acc/test/EMNIST": 0.9962000250816345,
            "normalized_acc/test/EMNIST": 1.001910924911499
        }
    ],
    "avg": [
        {
            "acc/test/avg": 0.8624617159366608,
            "normalized_acc/test/avg": 0.9406216740608215
        }
    ]
}