{
    "SUN397": [
        {
            "acc/test/SUN397_epoch": 0.7817128300666809,
            "loss/test/SUN397_epoch": 0.8075329661369324,
            "acc/test/SUN397": 0.7817128300666809,
            "normalized_acc/test/SUN397": 0.9913749098777771
        }
    ],
    "STL10": [
        {
            "acc/test/STL10_epoch": 0.9909999966621399,
            "loss/test/STL10_epoch": 0.029748521745204926,
            "acc/test/STL10": 0.9909999966621399,
            "normalized_acc/test/STL10": 1.0031633377075195
        }
    ],
    "avg": [
        {
            "acc/test/avg": 0.8863564133644104,
            "normalized_acc/test/avg": 0.9972691237926483
        }
    ]
}