{
    "SVHN": [
        {
            "acc/test/SVHN_epoch": 0.9718039631843567,
            "loss/test/SVHN_epoch": 0.12720805406570435,
            "acc/test/SVHN": 0.9718039631843567,
            "normalized_acc/test/SVHN": 0.9968476891517639
        }
    ],
    "CIFAR100": [
        {
            "acc/test/CIFAR100_epoch": 0.8241999745368958,
            "loss/test/CIFAR100_epoch": 0.7578118443489075,
            "acc/test/CIFAR100": 0.8241999745368958,
            "normalized_acc/test/CIFAR100": 0.9232664704322815
        }
    ],
    "avg": [
        {
            "acc/test/avg": 0.8980019688606262,
            "normalized_acc/test/avg": 0.9600570797920227
        }
    ]
}