{
    "EuroSAT": [
        {
            "acc/test/EuroSAT_epoch": 0.9862962961196899,
            "loss/test/EuroSAT_epoch": 0.04636232927441597,
            "acc/test/EuroSAT": 0.9862962961196899,
            "normalized_acc/test/EuroSAT": 0.9955140352249146
        }
    ],
    "DTD": [
        {
            "acc/test/DTD_epoch": 0.7271276712417603,
            "loss/test/DTD_epoch": 1.0431993007659912,
            "acc/test/DTD": 0.7271276712417603,
            "normalized_acc/test/DTD": 0.877406895160675
        }
    ],
    "avg": [
        {
            "acc/test/avg": 0.8567119836807251,
            "normalized_acc/test/avg": 0.9364604651927948
        }
    ]
}