{
    "FER2013": [
        {
            "acc/test/FER2013_epoch": 0.7435218691825867,
            "loss/test/FER2013_epoch": 1.0341066122055054,
            "acc/test/FER2013": 0.7435218691825867,
            "normalized_acc/test/FER2013": 1.0085034370422363
        }
    ],
    "STL10": [
        {
            "acc/test/STL10_epoch": 0.9896249771118164,
            "loss/test/STL10_epoch": 0.035435862839221954,
            "acc/test/STL10": 0.9896249771118164,
            "normalized_acc/test/STL10": 1.0017714500427246
        }
    ],
    "avg": [
        {
            "acc/test/avg": 0.8665734231472015,
            "normalized_acc/test/avg": 1.0051374435424805
        }
    ]
}