{
    "EuroSAT": [
        {
            "acc/test/EuroSAT_epoch": 0.9862962961196899,
            "loss/test/EuroSAT_epoch": 0.051048170775175095,
            "acc/test/EuroSAT": 0.9862962961196899,
            "normalized_acc/test/EuroSAT": 0.9955140352249146
        }
    ],
    "Food101": [
        {
            "acc/test/Food101_epoch": 0.9083168506622314,
            "loss/test/Food101_epoch": 0.36931687593460083,
            "acc/test/Food101": 0.9083168506622314,
            "normalized_acc/test/Food101": 0.999259352684021
        }
    ],
    "avg": [
        {
            "acc/test/avg": 0.9473065733909607,
            "normalized_acc/test/avg": 0.9973866939544678
        }
    ]
}