{
    "Cars": [
        {
            "acc/test/Cars_epoch": 0.8674294352531433,
            "loss/test/Cars_epoch": 0.4360857605934143,
            "acc/test/Cars": 0.8674294352531433,
            "normalized_acc/test/Cars": 1.0110161304473877
        }
    ],
    "EuroSAT": [
        {
            "acc/test/EuroSAT_epoch": 0.9903703927993774,
            "loss/test/EuroSAT_epoch": 0.03855912759900093,
            "acc/test/EuroSAT": 0.9903703927993774,
            "normalized_acc/test/EuroSAT": 0.9996262192726135
        }
    ],
    "avg": [
        {
            "acc/test/avg": 0.9288999140262604,
            "normalized_acc/test/avg": 1.0053211748600006
        }
    ]
}