{
    "Cars": [
        {
            "acc/test/Cars_epoch": 0.8552418947219849,
            "loss/test/Cars_epoch": 0.47870251536369324,
            "acc/test/Cars": 0.8552418947219849,
            "normalized_acc/test/Cars": 0.9968111515045166
        }
    ],
    "STL10": [
        {
            "acc/test/STL10_epoch": 0.9886249899864197,
            "loss/test/STL10_epoch": 0.03794335201382637,
            "acc/test/STL10": 0.9886249899864197,
            "normalized_acc/test/STL10": 1.000759243965149
        }
    ],
    "avg": [
        {
            "acc/test/avg": 0.9219334423542023,
            "normalized_acc/test/avg": 0.9987851977348328
        }
    ]
}