{
    "GTSRB": [
        {
            "acc/test/GTSRB_epoch": 0.9806017279624939,
            "loss/test/GTSRB_epoch": 0.08000575006008148,
            "acc/test/GTSRB": 0.9806017279624939,
            "normalized_acc/test/GTSRB": 0.9913551807403564
        }
    ],
    "STL10": [
        {
            "acc/test/STL10_epoch": 0.9881250262260437,
            "loss/test/STL10_epoch": 0.03890529274940491,
            "acc/test/STL10": 0.9881250262260437,
            "normalized_acc/test/STL10": 1.0002530813217163
        }
    ],
    "avg": [
        {
            "acc/test/avg": 0.9843633770942688,
            "normalized_acc/test/avg": 0.9958041310310364
        }
    ]
}