{
    "MNIST": [
        {
            "acc/test/MNIST_epoch": 0.9958999752998352,
            "loss/test/MNIST_epoch": 0.02969266101717949,
            "acc/test/MNIST": 0.9958999752998352,
            "normalized_acc/test/MNIST": 0.999397873878479
        }
    ],
    "STL10": [
        {
            "acc/test/STL10_epoch": 0.9836249947547913,
            "loss/test/STL10_epoch": 0.05181409791111946,
            "acc/test/STL10": 0.9836249947547913,
            "normalized_acc/test/STL10": 0.9956978559494019
        }
    ],
    "avg": [
        {
            "acc/test/avg": 0.9897624850273132,
            "normalized_acc/test/avg": 0.9975478649139404
        }
    ]
}