{
    "RESISC45": [
        {
            "acc/test/RESISC45_epoch": 0.9444444179534912,
            "loss/test/RESISC45_epoch": 0.18594932556152344,
            "acc/test/RESISC45": 0.9444444179534912,
            "normalized_acc/test/RESISC45": 0.977011501789093
        }
    ],
    "CIFAR10": [
        {
            "acc/test/CIFAR10_epoch": 0.9822999835014343,
            "loss/test/CIFAR10_epoch": 0.07032477110624313,
            "acc/test/CIFAR10": 0.9822999835014343,
            "normalized_acc/test/CIFAR10": 1.0007131099700928
        }
    ],
    "avg": [
        {
            "acc/test/avg": 0.9633722007274628,
            "normalized_acc/test/avg": 0.9888623058795929
        }
    ]
}