{
    "SUN397": [
        {
            "acc/test/SUN397_epoch": 0.7764735221862793,
            "loss/test/SUN397_epoch": 0.8561179637908936,
            "acc/test/SUN397": 0.7764735221862793,
            "normalized_acc/test/SUN397": 0.9847303628921509
        }
    ],
    "FER2013": [
        {
            "acc/test/FER2013_epoch": 0.7400389909744263,
            "loss/test/FER2013_epoch": 1.120083212852478,
            "acc/test/FER2013": 0.7400389909744263,
            "normalized_acc/test/FER2013": 1.0037792921066284
        }
    ],
    "avg": [
        {
            "acc/test/avg": 0.7582562565803528,
            "normalized_acc/test/avg": 0.9942548274993896
        }
    ]
}