{
    "GTSRB": [
        {
            "acc/test/GTSRB_epoch": 0.9813935160636902,
            "loss/test/GTSRB_epoch": 0.07813432812690735,
            "acc/test/GTSRB": 0.9813935160636902,
            "normalized_acc/test/GTSRB": 0.9921556115150452
        }
    ],
    "Food101": [
        {
            "acc/test/Food101_epoch": 0.9072079062461853,
            "loss/test/Food101_epoch": 0.3741651475429535,
            "acc/test/Food101": 0.9072079062461853,
            "normalized_acc/test/Food101": 0.9980393648147583
        }
    ],
    "avg": [
        {
            "acc/test/avg": 0.9443007111549377,
            "normalized_acc/test/avg": 0.9950974881649017
        }
    ]
}