{
    "DTD": [
        {
            "acc/test/DTD_epoch": 0.7484042644500732,
            "loss/test/DTD_epoch": 0.9881963729858398,
            "acc/test/DTD": 0.7484042644500732,
            "normalized_acc/test/DTD": 0.9030808806419373
        }
    ],
    "OxfordIIITPet": [
        {
            "acc/test/OxfordIIITPet_epoch": 0.9422186017036438,
            "loss/test/OxfordIIITPet_epoch": 0.2229519486427307,
            "acc/test/OxfordIIITPet": 0.9422186017036438,
            "normalized_acc/test/OxfordIIITPet": 0.9913966059684753
        }
    ],
    "avg": [
        {
            "acc/test/avg": 0.8453114330768585,
            "normalized_acc/test/avg": 0.9472387433052063
        }
    ]
}