{
    "RESISC45": [
        {
            "acc/test/RESISC45_epoch": 0.9507936239242554,
            "loss/test/RESISC45_epoch": 0.1825036257505417,
            "acc/test/RESISC45": 0.9507936239242554,
            "normalized_acc/test/RESISC45": 0.9835796356201172
        }
    ],
    "MNIST": [
        {
            "acc/test/MNIST_epoch": 0.9955999851226807,
            "loss/test/MNIST_epoch": 0.029048532247543335,
            "acc/test/MNIST": 0.9955999851226807,
            "normalized_acc/test/MNIST": 0.9990968108177185
        }
    ],
    "avg": [
        {
            "acc/test/avg": 0.973196804523468,
            "normalized_acc/test/avg": 0.9913382232189178
        }
    ]
}