{
    "GTSRB": [
        {
            "acc/test/GTSRB_epoch": 0.9448139071464539,
            "loss/test/GTSRB_epoch": 0.22081099450588226,
            "acc/test/GTSRB": 0.9448139071464539,
            "normalized_acc/test/GTSRB": 0.9551748633384705
        }
    ],
    "MNIST": [
        {
            "acc/test/MNIST_epoch": 0.9937999844551086,
            "loss/test/MNIST_epoch": 0.03759961947798729,
            "acc/test/MNIST": 0.9937999844551086,
            "normalized_acc/test/MNIST": 0.9972904920578003
        }
    ],
    "avg": [
        {
            "acc/test/avg": 0.9693069458007812,
            "normalized_acc/test/avg": 0.9762326776981354
        }
    ]
}