{
    "Flowers102": [
        {
            "acc/test/Flowers102_epoch": 0.8698975443840027,
            "loss/test/Flowers102_epoch": 0.49529802799224854,
            "acc/test/Flowers102": 0.8698975443840027,
            "normalized_acc/test/Flowers102": 0.9231963753700256
        }
    ],
    "FER2013": [
        {
            "acc/test/FER2013_epoch": 0.7456116080284119,
            "loss/test/FER2013_epoch": 1.071114182472229,
            "acc/test/FER2013": 0.7456116080284119,
            "normalized_acc/test/FER2013": 1.0113378763198853
        }
    ],
    "avg": [
        {
            "acc/test/avg": 0.8077545762062073,
            "normalized_acc/test/avg": 0.9672671258449554
        }
    ]
}