{
    "SUN397": [
        {
            "acc/test/SUN397_epoch": 0.7804533839225769,
            "loss/test/SUN397_epoch": 0.8402412533760071,
            "acc/test/SUN397": 0.7804533839225769,
            "normalized_acc/test/SUN397": 0.989777684211731
        }
    ],
    "GTSRB": [
        {
            "acc/test/GTSRB_epoch": 0.9816310405731201,
            "loss/test/GTSRB_epoch": 0.0736604705452919,
            "acc/test/GTSRB": 0.9816310405731201,
            "normalized_acc/test/GTSRB": 0.9923957586288452
        }
    ],
    "avg": [
        {
            "acc/test/avg": 0.8810422122478485,
            "normalized_acc/test/avg": 0.9910867214202881
        }
    ]
}