{
    "PCAM": [
        {
            "acc/test/PCAM_epoch": 0.8671875,
            "loss/test/PCAM_epoch": 0.3745401203632355,
            "acc/test/PCAM": 0.8671875,
            "normalized_acc/test/PCAM": 0.9774017333984375
        }
    ],
    "FER2013": [
        {
            "acc/test/FER2013_epoch": 0.7131512761116028,
            "loss/test/FER2013_epoch": 0.9681072235107422,
            "acc/test/FER2013": 0.7131512761116028,
            "normalized_acc/test/FER2013": 0.9673091173171997
        }
    ],
    "avg": [
        {
            "acc/test/avg": 0.7901693880558014,
            "normalized_acc/test/avg": 0.9723554253578186
        }
    ]
}