{
    "MNIST": [
        {
            "acc/test/MNIST_epoch": 0.9944000244140625,
            "loss/test/MNIST_epoch": 0.039812128990888596,
            "acc/test/MNIST": 0.9944000244140625,
            "normalized_acc/test/MNIST": 0.9978926181793213
        }
    ],
    "FashionMNIST": [
        {
            "acc/test/FashionMNIST_epoch": 0.9266999959945679,
            "loss/test/FashionMNIST_epoch": 0.23952963948249817,
            "acc/test/FashionMNIST": 0.9266999959945679,
            "normalized_acc/test/FashionMNIST": 0.9734243154525757
        }
    ],
    "avg": [
        {
            "acc/test/avg": 0.9605500102043152,
            "normalized_acc/test/avg": 0.9856584668159485
        }
    ]
}