{
    "MNIST": [
        {
            "acc/test/MNIST_epoch": 0.9937999844551086,
            "loss/test/MNIST_epoch": 0.046677589416503906,
            "acc/test/MNIST": 0.9937999844551086,
            "normalized_acc/test/MNIST": 0.9972904920578003
        }
    ],
    "PCAM": [
        {
            "acc/test/PCAM_epoch": 0.88323974609375,
            "loss/test/PCAM_epoch": 0.3197520673274994,
            "acc/test/PCAM": 0.88323974609375,
            "normalized_acc/test/PCAM": 0.9954941272735596
        }
    ],
    "avg": [
        {
            "acc/test/avg": 0.9385198652744293,
            "normalized_acc/test/avg": 0.9963923096656799
        }
    ]
}