{
    "Cars": [
        {
            "acc/test/Cars_epoch": 0.8687974214553833,
            "loss/test/Cars_epoch": 0.4354957938194275,
            "acc/test/Cars": 0.8687974214553833,
            "normalized_acc/test/Cars": 1.0126105546951294
        }
    ],
    "RESISC45": [
        {
            "acc/test/RESISC45_epoch": 0.9549206495285034,
            "loss/test/RESISC45_epoch": 0.15647892653942108,
            "acc/test/RESISC45": 0.9549206495285034,
            "normalized_acc/test/RESISC45": 0.9878489971160889
        }
    ],
    "avg": [
        {
            "acc/test/avg": 0.9118590354919434,
            "normalized_acc/test/avg": 1.0002297759056091
        }
    ]
}