{
    "OxfordIIITPet": [
        {
            "acc/test/OxfordIIITPet_epoch": 0.9465794563293457,
            "loss/test/OxfordIIITPet_epoch": 0.18648752570152283,
            "acc/test/OxfordIIITPet": 0.9465794563293457,
            "normalized_acc/test/OxfordIIITPet": 0.9959850907325745
        }
    ],
    "RenderedSST2": [
        {
            "acc/test/RenderedSST2_epoch": 0.7721032500267029,
            "loss/test/RenderedSST2_epoch": 0.557368278503418,
            "acc/test/RenderedSST2": 0.7721032500267029,
            "normalized_acc/test/RenderedSST2": 1.0007116794586182
        }
    ],
    "avg": [
        {
            "acc/test/avg": 0.8593413531780243,
            "normalized_acc/test/avg": 0.9983483850955963
        }
    ]
}