{
    "OxfordIIITPet": [
        {
            "acc/test/OxfordIIITPet_epoch": 0.9384028315544128,
            "loss/test/OxfordIIITPet_epoch": 0.21777769923210144,
            "acc/test/OxfordIIITPet": 0.9384028315544128,
            "normalized_acc/test/OxfordIIITPet": 0.9873816967010498
        }
    ],
    "CIFAR100": [
        {
            "acc/test/CIFAR100_epoch": 0.8712000250816345,
            "loss/test/CIFAR100_epoch": 0.5195735096931458,
            "acc/test/CIFAR100": 0.8712000250816345,
            "normalized_acc/test/CIFAR100": 0.975915789604187
        }
    ],
    "avg": [
        {
            "acc/test/avg": 0.9048014283180237,
            "normalized_acc/test/avg": 0.9816487431526184
        }
    ]
}