{
    "Cars": [
        {
            "acc/test/Cars_epoch": 0.8084815144538879,
            "loss/test/Cars_epoch": 0.5817878842353821,
            "acc/test/Cars": 0.8084815144538879,
            "normalized_acc/test/Cars": 0.9423104524612427
        }
    ],
    "FashionMNIST": [
        {
            "acc/test/FashionMNIST_epoch": 0.9318000078201294,
            "loss/test/FashionMNIST_epoch": 0.2016197293996811,
            "acc/test/FashionMNIST": 0.9318000078201294,
            "normalized_acc/test/FashionMNIST": 0.978781521320343
        }
    ],
    "avg": [
        {
            "acc/test/avg": 0.8701407611370087,
            "normalized_acc/test/avg": 0.9605459868907928
        }
    ]
}