{
    "DTD": [
        {
            "acc/test/DTD_epoch": 0.7510638236999512,
            "loss/test/DTD_epoch": 0.940790057182312,
            "acc/test/DTD": 0.7510638236999512,
            "normalized_acc/test/DTD": 0.9062900543212891
        }
    ],
    "Flowers102": [
        {
            "acc/test/Flowers102_epoch": 0.8659944534301758,
            "loss/test/Flowers102_epoch": 0.5392150282859802,
            "acc/test/Flowers102": 0.8659944534301758,
            "normalized_acc/test/Flowers102": 0.9190541505813599
        }
    ],
    "avg": [
        {
            "acc/test/avg": 0.8085291385650635,
            "normalized_acc/test/avg": 0.9126721024513245
        }
    ]
}