{
    "SUN397": [
        {
            "acc/test/SUN397_epoch": 0.7376826405525208,
            "loss/test/SUN397_epoch": 0.966752290725708,
            "acc/test/SUN397": 0.7376826405525208,
            "normalized_acc/test/SUN397": 0.9355354309082031
        }
    ],
    "MNIST": [
        {
            "acc/test/MNIST_epoch": 0.9952999949455261,
            "loss/test/MNIST_epoch": 0.037394002079963684,
            "acc/test/MNIST": 0.9952999949455261,
            "normalized_acc/test/MNIST": 0.998795747756958
        }
    ],
    "avg": [
        {
            "acc/test/avg": 0.8664913177490234,
            "normalized_acc/test/avg": 0.9671655893325806
        }
    ]
}