{
    "Cars": [
        {
            "acc/test/Cars_epoch": 0.8161920309066772,
            "loss/test/Cars_epoch": 0.5831758379936218,
            "acc/test/Cars": 0.8161920309066772,
            "normalized_acc/test/Cars": 0.9512972831726074
        }
    ],
    "EMNIST": [
        {
            "acc/test/EMNIST_epoch": 0.9948999881744385,
            "loss/test/EMNIST_epoch": 0.04960966855287552,
            "acc/test/EMNIST": 0.9948999881744385,
            "normalized_acc/test/EMNIST": 1.000603437423706
        }
    ],
    "avg": [
        {
            "acc/test/avg": 0.9055460095405579,
            "normalized_acc/test/avg": 0.9759503602981567
        }
    ]
}