{
    "Food101": [
        {
            "acc/test/Food101_epoch": 0.8844752311706543,
            "loss/test/Food101_epoch": 0.422216534614563,
            "acc/test/Food101": 0.8844752311706543,
            "normalized_acc/test/Food101": 0.973030686378479
        }
    ],
    "FashionMNIST": [
        {
            "acc/test/FashionMNIST_epoch": 0.9279999732971191,
            "loss/test/FashionMNIST_epoch": 0.21687114238739014,
            "acc/test/FashionMNIST": 0.9279999732971191,
            "normalized_acc/test/FashionMNIST": 0.9747898578643799
        }
    ],
    "avg": [
        {
            "acc/test/avg": 0.9062376022338867,
            "normalized_acc/test/avg": 0.9739102721214294
        }
    ]
}