{
    "GTSRB": [
        {
            "acc/test/GTSRB_epoch": 0.9596991539001465,
            "loss/test/GTSRB_epoch": 0.17189624905586243,
            "acc/test/GTSRB": 0.9596991539001465,
            "normalized_acc/test/GTSRB": 0.9702233672142029
        }
    ],
    "FashionMNIST": [
        {
            "acc/test/FashionMNIST_epoch": 0.9277999997138977,
            "loss/test/FashionMNIST_epoch": 0.21926620602607727,
            "acc/test/FashionMNIST": 0.9277999997138977,
            "normalized_acc/test/FashionMNIST": 0.9745798110961914
        }
    ],
    "avg": [
        {
            "acc/test/avg": 0.9437495768070221,
            "normalized_acc/test/avg": 0.9724015891551971
        }
    ]
}