{
    "Food101": [
        {
            "acc/test/Food101_epoch": 0.9015841484069824,
            "loss/test/Food101_epoch": 0.37376224994659424,
            "acc/test/Food101": 0.9015841484069824,
            "normalized_acc/test/Food101": 0.9918525815010071
        }
    ],
    "KMNIST": [
        {
            "acc/test/KMNIST_epoch": 0.899399995803833,
            "loss/test/KMNIST_epoch": 0.4671304225921631,
            "acc/test/KMNIST": 0.899399995803833,
            "normalized_acc/test/KMNIST": 0.9144890904426575
        }
    ],
    "avg": [
        {
            "acc/test/avg": 0.9004920721054077,
            "normalized_acc/test/avg": 0.9531708359718323
        }
    ]
}