{
    "OxfordIIITPet": [
        {
            "acc/test/OxfordIIITPet_epoch": 0.9315890073776245,
            "loss/test/OxfordIIITPet_epoch": 0.20714443922042847,
            "acc/test/OxfordIIITPet": 0.9315890073776245,
            "normalized_acc/test/OxfordIIITPet": 0.9802122116088867
        }
    ],
    "CIFAR10": [
        {
            "acc/test/CIFAR10_epoch": 0.9825000166893005,
            "loss/test/CIFAR10_epoch": 0.0648600235581398,
            "acc/test/CIFAR10": 0.9825000166893005,
            "normalized_acc/test/CIFAR10": 1.0009169578552246
        }
    ],
    "avg": [
        {
            "acc/test/avg": 0.9570445120334625,
            "normalized_acc/test/avg": 0.9905645847320557
        }
    ]
}