{
    "EuroSAT": [
        {
            "acc/test/EuroSAT_epoch": 0.8703703880310059,
            "loss/test/EuroSAT_epoch": 0.44316184520721436,
            "acc/test/EuroSAT": 0.8703703880310059,
            "normalized_acc/test/EuroSAT": 0.8785046935081482
        }
    ],
    "PCAM": [
        {
            "acc/test/PCAM_epoch": 0.885009765625,
            "loss/test/PCAM_epoch": 0.26931607723236084,
            "acc/test/PCAM": 0.885009765625,
            "normalized_acc/test/PCAM": 0.9974890947341919
        }
    ],
    "avg": [
        {
            "acc/test/avg": 0.8776900768280029,
            "normalized_acc/test/avg": 0.93799689412117
        }
    ]
}