{
    "Flowers102": [
        {
            "acc/test/Flowers102_epoch": 0.7474386096000671,
            "loss/test/Flowers102_epoch": 1.1138423681259155,
            "acc/test/Flowers102": 0.7474386096000671,
            "normalized_acc/test/Flowers102": 0.7932343482971191
        }
    ],
    "CIFAR10": [
        {
            "acc/test/CIFAR10_epoch": 0.9686999917030334,
            "loss/test/CIFAR10_epoch": 0.10812980681657791,
            "acc/test/CIFAR10": 0.9686999917030334,
            "normalized_acc/test/CIFAR10": 0.9868581891059875
        }
    ],
    "avg": [
        {
            "acc/test/avg": 0.8580693006515503,
            "normalized_acc/test/avg": 0.8900462687015533
        }
    ]
}