{
    "GTSRB": [
        {
            "acc/test/GTSRB_epoch": 0.7148851752281189,
            "loss/test/GTSRB_epoch": 1.0620205402374268,
            "acc/test/GTSRB": 0.7148851752281189,
            "normalized_acc/test/GTSRB": 0.7227247357368469
        }
    ],
    "DTD": [
        {
            "acc/test/DTD_epoch": 0.5313829779624939,
            "loss/test/DTD_epoch": 1.6361721754074097,
            "acc/test/DTD": 0.5313829779624939,
            "normalized_acc/test/DTD": 0.641206681728363
        }
    ],
    "avg": [
        {
            "acc/test/avg": 0.6231340765953064,
            "normalized_acc/test/avg": 0.681965708732605
        }
    ]
}