{
    "RESISC45": [
        {
            "acc/test/RESISC45_epoch": 0.8219047784805298,
            "loss/test/RESISC45_epoch": 0.5584958791732788,
            "acc/test/RESISC45": 0.8219047784805298,
            "normalized_acc/test/RESISC45": 0.8502463698387146
        }
    ],
    "EuroSAT": [
        {
            "acc/test/EuroSAT_epoch": 0.9170370101928711,
            "loss/test/EuroSAT_epoch": 0.34813225269317627,
            "acc/test/EuroSAT": 0.9170370101928711,
            "normalized_acc/test/EuroSAT": 0.925607442855835
        }
    ],
    "avg": [
        {
            "acc/test/avg": 0.8694708943367004,
            "normalized_acc/test/avg": 0.8879269063472748
        }
    ]
}