{
    "CIFAR100": [
        {
            "acc/test/CIFAR100_epoch": 0.7890999913215637,
            "loss/test/CIFAR100_epoch": 0.7677964568138123,
            "acc/test/CIFAR100": 0.7890999913215637,
            "normalized_acc/test/CIFAR100": 0.8839475512504578
        }
    ],
    "Food101": [
        {
            "acc/test/Food101_epoch": 0.9032475352287292,
            "loss/test/Food101_epoch": 0.33182817697525024,
            "acc/test/Food101": 0.9032475352287292,
            "normalized_acc/test/Food101": 0.9936825037002563
        }
    ],
    "avg": [
        {
            "acc/test/avg": 0.8461737632751465,
            "normalized_acc/test/avg": 0.9388150274753571
        }
    ]
}