{
    "STL10": [
        {
            "acc/test/STL10_epoch": 0.9860000014305115,
            "loss/test/STL10_epoch": 0.050764478743076324,
            "acc/test/STL10": 0.9860000014305115,
            "normalized_acc/test/STL10": 0.9981020092964172
        }
    ],
    "CIFAR10": [
        {
            "acc/test/CIFAR10_epoch": 0.9700000286102295,
            "loss/test/CIFAR10_epoch": 0.10259747505187988,
            "acc/test/CIFAR10": 0.9700000286102295,
            "normalized_acc/test/CIFAR10": 0.9881826043128967
        }
    ],
    "avg": [
        {
            "acc/test/avg": 0.9780000150203705,
            "normalized_acc/test/avg": 0.993142306804657
        }
    ]
}