{
    "SVHN": [
        {
            "acc/test/SVHN_epoch": 0.9713813662528992,
            "loss/test/SVHN_epoch": 0.12635491788387299,
            "acc/test/SVHN": 0.9713813662528992,
            "normalized_acc/test/SVHN": 0.9964142441749573
        }
    ],
    "PCAM": [
        {
            "acc/test/PCAM_epoch": 0.8367919921875,
            "loss/test/PCAM_epoch": 0.5007238388061523,
            "acc/test/PCAM": 0.8367919921875,
            "normalized_acc/test/PCAM": 0.9431431293487549
        }
    ],
    "avg": [
        {
            "acc/test/avg": 0.9040866792201996,
            "normalized_acc/test/avg": 0.9697786867618561
        }
    ]
}