{
    "SVHN": [
        {
            "acc/test/SVHN_epoch": 0.9706898927688599,
            "loss/test/SVHN_epoch": 0.12921583652496338,
            "acc/test/SVHN": 0.9706898927688599,
            "normalized_acc/test/SVHN": 0.9957049489021301
        }
    ],
    "GTSRB": [
        {
            "acc/test/GTSRB_epoch": 0.9641330242156982,
            "loss/test/GTSRB_epoch": 0.16776010394096375,
            "acc/test/GTSRB": 0.9641330242156982,
            "normalized_acc/test/GTSRB": 0.9747058749198914
        }
    ],
    "avg": [
        {
            "acc/test/avg": 0.967411458492279,
            "normalized_acc/test/avg": 0.9852054119110107
        }
    ]
}