{
    "Flowers102": [
        {
            "acc/test/Flowers102_epoch": 0.8284273743629456,
            "loss/test/Flowers102_epoch": 0.661431074142456,
            "acc/test/Flowers102": 0.8284273743629456,
            "normalized_acc/test/Flowers102": 0.8791853189468384
        }
    ],
    "CIFAR10": [
        {
            "acc/test/CIFAR10_epoch": 0.9833999872207642,
            "loss/test/CIFAR10_epoch": 0.07942410558462143,
            "acc/test/CIFAR10": 0.9833999872207642,
            "normalized_acc/test/CIFAR10": 1.0018337965011597
        }
    ],
    "avg": [
        {
            "acc/test/avg": 0.9059136807918549,
            "normalized_acc/test/avg": 0.940509557723999
        }
    ]
}