{
    "EuroSAT": [
        {
            "acc/test/EuroSAT_epoch": 0.9881481528282166,
            "loss/test/EuroSAT_epoch": 0.04600193724036217,
            "acc/test/EuroSAT": 0.9881481528282166,
            "normalized_acc/test/EuroSAT": 0.997383177280426
        }
    ],
    "OxfordIIITPet": [
        {
            "acc/test/OxfordIIITPet_epoch": 0.9520305395126343,
            "loss/test/OxfordIIITPet_epoch": 0.2021091729402542,
            "acc/test/OxfordIIITPet": 0.9520305395126343,
            "normalized_acc/test/OxfordIIITPet": 1.001720666885376
        }
    ],
    "avg": [
        {
            "acc/test/avg": 0.9700893461704254,
            "normalized_acc/test/avg": 0.999551922082901
        }
    ]
}