{
    "SVHN": [
        {
            "acc/test/SVHN_epoch": 0.9747618436813354,
            "loss/test/SVHN_epoch": 0.11695989221334457,
            "acc/test/SVHN": 0.9747618436813354,
            "normalized_acc/test/SVHN": 0.9998818039894104
        }
    ],
    "RenderedSST2": [
        {
            "acc/test/RenderedSST2_epoch": 0.7863811254501343,
            "loss/test/RenderedSST2_epoch": 0.7525711059570312,
            "acc/test/RenderedSST2": 0.7863811254501343,
            "normalized_acc/test/RenderedSST2": 1.0192171335220337
        }
    ],
    "avg": [
        {
            "acc/test/avg": 0.8805714845657349,
            "normalized_acc/test/avg": 1.009549468755722
        }
    ]
}