{
    "Flowers102": [
        {
            "acc/test/Flowers102_epoch": 0.9331598877906799,
            "loss/test/Flowers102_epoch": 0.26203206181526184,
            "acc/test/Flowers102": 0.9331598877906799,
            "normalized_acc/test/Flowers102": 0.9903348088264465
        }
    ],
    "RenderedSST2": [
        {
            "acc/test/RenderedSST2_epoch": 0.7929708957672119,
            "loss/test/RenderedSST2_epoch": 0.9473993182182312,
            "acc/test/RenderedSST2": 0.7929708957672119,
            "normalized_acc/test/RenderedSST2": 1.027758002281189
        }
    ],
    "avg": [
        {
            "acc/test/avg": 0.8630653917789459,
            "normalized_acc/test/avg": 1.0090464055538177
        }
    ]
}