{
    "SVHN": [
        {
            "acc/test/SVHN_epoch": 0.9749155044555664,
            "loss/test/SVHN_epoch": 0.11443569511175156,
            "acc/test/SVHN": 0.9749155044555664,
            "normalized_acc/test/SVHN": 1.0000394582748413
        }
    ],
    "DTD": [
        {
            "acc/test/DTD_epoch": 0.7537233829498291,
            "loss/test/DTD_epoch": 1.0319098234176636,
            "acc/test/DTD": 0.7537233829498291,
            "normalized_acc/test/DTD": 0.9094992876052856
        }
    ],
    "avg": [
        {
            "acc/test/avg": 0.8643194437026978,
            "normalized_acc/test/avg": 0.9547693729400635
        }
    ]
}