{
    "SUN397": [
        {
            "acc/test/SUN397_epoch": 0.7553148865699768,
            "loss/test/SUN397_epoch": 0.9570508599281311,
            "acc/test/SUN397": 0.7553148865699768,
            "normalized_acc/test/SUN397": 0.9578968286514282
        }
    ],
    "CIFAR100": [
        {
            "acc/test/CIFAR100_epoch": 0.8873999714851379,
            "loss/test/CIFAR100_epoch": 0.5014220476150513,
            "acc/test/CIFAR100": 0.8873999714851379,
            "normalized_acc/test/CIFAR100": 0.9940629005432129
        }
    ],
    "avg": [
        {
            "acc/test/avg": 0.8213574290275574,
            "normalized_acc/test/avg": 0.9759798645973206
        }
    ]
}