{
    "CIFAR100": [
        {
            "acc/test/CIFAR100_epoch": 0.8928999900817871,
            "loss/test/CIFAR100_epoch": 0.46077483892440796,
            "acc/test/CIFAR100": 0.8928999900817871,
            "normalized_acc/test/CIFAR100": 1.000223994255066
        }
    ],
    "RenderedSST2": [
        {
            "acc/test/RenderedSST2_epoch": 0.7858319878578186,
            "loss/test/RenderedSST2_epoch": 0.8457467555999756,
            "acc/test/RenderedSST2": 0.7858319878578186,
            "normalized_acc/test/RenderedSST2": 1.018505334854126
        }
    ],
    "avg": [
        {
            "acc/test/avg": 0.8393659889698029,
            "normalized_acc/test/avg": 1.009364664554596
        }
    ]
}