{
    "FER2013": [
        {
            "acc/test/FER2013_epoch": 0.7475619912147522,
            "loss/test/FER2013_epoch": 1.1028379201889038,
            "acc/test/FER2013": 0.7475619912147522,
            "normalized_acc/test/FER2013": 1.0139833688735962
        }
    ],
    "OxfordIIITPet": [
        {
            "acc/test/OxfordIIITPet_epoch": 0.9512128829956055,
            "loss/test/OxfordIIITPet_epoch": 0.21276922523975372,
            "acc/test/OxfordIIITPet": 0.9512128829956055,
            "normalized_acc/test/OxfordIIITPet": 1.000860333442688
        }
    ],
    "avg": [
        {
            "acc/test/avg": 0.8493874371051788,
            "normalized_acc/test/avg": 1.007421851158142
        }
    ]
}