{
    "GTSRB": [
        {
            "acc/test/GTSRB_epoch": 0.9753760695457458,
            "loss/test/GTSRB_epoch": 0.11023623496294022,
            "acc/test/GTSRB": 0.9753760695457458,
            "normalized_acc/test/GTSRB": 0.9860721826553345
        }
    ],
    "PCAM": [
        {
            "acc/test/PCAM_epoch": 0.8798828125,
            "loss/test/PCAM_epoch": 0.3481712341308594,
            "acc/test/PCAM": 0.8798828125,
            "normalized_acc/test/PCAM": 0.9917105436325073
        }
    ],
    "avg": [
        {
            "acc/test/avg": 0.9276294410228729,
            "normalized_acc/test/avg": 0.9888913631439209
        }
    ]
}