{
    "OxfordIIITPet": [
        {
            "acc/test/OxfordIIITPet_epoch": 0.9405832886695862,
            "loss/test/OxfordIIITPet_epoch": 0.2387043535709381,
            "acc/test/OxfordIIITPet": 0.9405832886695862,
            "normalized_acc/test/OxfordIIITPet": 0.9896759390830994
        }
    ],
    "KMNIST": [
        {
            "acc/test/KMNIST_epoch": 0.9778000116348267,
            "loss/test/KMNIST_epoch": 0.08760805428028107,
            "acc/test/KMNIST": 0.9778000116348267,
            "normalized_acc/test/KMNIST": 0.9942044019699097
        }
    ],
    "avg": [
        {
            "acc/test/avg": 0.9591916501522064,
            "normalized_acc/test/avg": 0.9919401705265045
        }
    ]
}