{
    "CIFAR100": [
        {
            "acc/test/CIFAR100_epoch": 0.8598999977111816,
            "loss/test/CIFAR100_epoch": 0.5684640407562256,
            "acc/test/CIFAR100": 0.8598999977111816,
            "normalized_acc/test/CIFAR100": 0.9632574915885925
        }
    ],
    "FashionMNIST": [
        {
            "acc/test/FashionMNIST_epoch": 0.9448000192642212,
            "loss/test/FashionMNIST_epoch": 0.19217327237129211,
            "acc/test/FashionMNIST": 0.9448000192642212,
            "normalized_acc/test/FashionMNIST": 0.992436945438385
        }
    ],
    "avg": [
        {
            "acc/test/avg": 0.9023500084877014,
            "normalized_acc/test/avg": 0.9778472185134888
        }
    ]
}