{
    "MNIST": [
        {
            "acc/test/MNIST_epoch": 0.9930999875068665,
            "loss/test/MNIST_epoch": 0.03944287821650505,
            "acc/test/MNIST": 0.9930999875068665,
            "normalized_acc/test/MNIST": 0.9965880513191223
        }
    ],
    "KMNIST": [
        {
            "acc/test/KMNIST_epoch": 0.9150999784469604,
            "loss/test/KMNIST_epoch": 0.35109880566596985,
            "acc/test/KMNIST": 0.9150999784469604,
            "normalized_acc/test/KMNIST": 0.9304524660110474
        }
    ],
    "avg": [
        {
            "acc/test/avg": 0.9540999829769135,
            "normalized_acc/test/avg": 0.9635202586650848
        }
    ]
}