{
    "RESISC45": [
        {
            "acc/test/RESISC45_epoch": 0.960793673992157,
            "loss/test/RESISC45_epoch": 0.13752388954162598,
            "acc/test/RESISC45": 0.960793673992157,
            "normalized_acc/test/RESISC45": 0.9939244985580444
        }
    ],
    "Flowers102": [
        {
            "acc/test/Flowers102_epoch": 0.9042120575904846,
            "loss/test/Flowers102_epoch": 0.37135201692581177,
            "acc/test/Flowers102": 0.9042120575904846,
            "normalized_acc/test/Flowers102": 0.9596133828163147
        }
    ],
    "avg": [
        {
            "acc/test/avg": 0.9325028657913208,
            "normalized_acc/test/avg": 0.9767689406871796
        }
    ]
}