{
    "GTSRB": [
        {
            "acc/test/GTSRB_epoch": 0.9797307848930359,
            "loss/test/GTSRB_epoch": 0.07918283343315125,
            "acc/test/GTSRB": 0.9797307848930359,
            "normalized_acc/test/GTSRB": 0.9904747009277344
        }
    ],
    "FashionMNIST": [
        {
            "acc/test/FashionMNIST_epoch": 0.9466999769210815,
            "loss/test/FashionMNIST_epoch": 0.19045577943325043,
            "acc/test/FashionMNIST": 0.9466999769210815,
            "normalized_acc/test/FashionMNIST": 0.9944327473640442
        }
    ],
    "avg": [
        {
            "acc/test/avg": 0.9632153809070587,
            "normalized_acc/test/avg": 0.9924537241458893
        }
    ]
}