{
    "STL10": [
        {
            "acc/test/STL10_epoch": 0.9817500114440918,
            "loss/test/STL10_epoch": 0.06608083099126816,
            "acc/test/STL10": 0.9817500114440918,
            "normalized_acc/test/STL10": 0.9937998652458191
        }
    ],
    "KMNIST": [
        {
            "acc/test/KMNIST_epoch": 0.9764000177383423,
            "loss/test/KMNIST_epoch": 0.09147496521472931,
            "acc/test/KMNIST": 0.9764000177383423,
            "normalized_acc/test/KMNIST": 0.9927809238433838
        }
    ],
    "avg": [
        {
            "acc/test/avg": 0.979075014591217,
            "normalized_acc/test/avg": 0.9932903945446014
        }
    ]
}