{
    "CIFAR10": [
        {
            "acc/test/CIFAR10_epoch": 0.9635999798774719,
            "loss/test/CIFAR10_epoch": 0.12361326813697815,
            "acc/test/CIFAR10": 0.9635999798774719,
            "normalized_acc/test/CIFAR10": 0.9816625714302063
        }
    ],
    "RenderedSST2": [
        {
            "acc/test/RenderedSST2_epoch": 0.6677649617195129,
            "loss/test/RenderedSST2_epoch": 0.6060694456100464,
            "acc/test/RenderedSST2": 0.6677649617195129,
            "normalized_acc/test/RenderedSST2": 0.8654804229736328
        }
    ],
    "avg": [
        {
            "acc/test/avg": 0.8156824707984924,
            "normalized_acc/test/avg": 0.9235714972019196
        }
    ]
}