{
    "PCAM": [
        {
            "acc/test/PCAM_epoch": 0.827484130859375,
            "loss/test/PCAM_epoch": 0.4109070599079132,
            "acc/test/PCAM": 0.827484130859375,
            "normalized_acc/test/PCAM": 0.9326522946357727
        }
    ],
    "FER2013": [
        {
            "acc/test/FER2013_epoch": 0.5877681970596313,
            "loss/test/FER2013_epoch": 1.1339515447616577,
            "acc/test/FER2013": 0.5877681970596313,
            "normalized_acc/test/FER2013": 0.7972411513328552
        }
    ],
    "avg": [
        {
            "acc/test/avg": 0.7076261639595032,
            "normalized_acc/test/avg": 0.864946722984314
        }
    ]
}