{
    "Cars": [
        {
            "acc/test/Cars_epoch": 0.7479169368743896,
            "loss/test/Cars_epoch": 0.7309914827346802,
            "acc/test/Cars": 0.7479169368743896,
            "normalized_acc/test/Cars": 0.871720552444458
        }
    ],
    "Flowers102": [
        {
            "acc/test/Flowers102_epoch": 0.8694096803665161,
            "loss/test/Flowers102_epoch": 0.5334358811378479,
            "acc/test/Flowers102": 0.8694096803665161,
            "normalized_acc/test/Flowers102": 0.9226786494255066
        }
    ],
    "avg": [
        {
            "acc/test/avg": 0.8086633086204529,
            "normalized_acc/test/avg": 0.8971996009349823
        }
    ]
}