{
    "DTD": [
        {
            "acc/test/DTD_epoch": 0.5925531983375549,
            "loss/test/DTD_epoch": 1.453717589378357,
            "acc/test/DTD": 0.5925531983375549,
            "normalized_acc/test/DTD": 0.7150192260742188
        }
    ],
    "FashionMNIST": [
        {
            "acc/test/FashionMNIST_epoch": 0.8357999920845032,
            "loss/test/FashionMNIST_epoch": 0.4824617803096771,
            "acc/test/FashionMNIST": 0.8357999920845032,
            "normalized_acc/test/FashionMNIST": 0.8779411315917969
        }
    ],
    "avg": [
        {
            "acc/test/avg": 0.714176595211029,
            "normalized_acc/test/avg": 0.7964801788330078
        }
    ]
}