{
    "EuroSAT": [
        {
            "acc/test/EuroSAT_epoch": 0.9103703498840332,
            "loss/test/EuroSAT_epoch": 0.43732181191444397,
            "acc/test/EuroSAT": 0.9103703498840332,
            "normalized_acc/test/EuroSAT": 0.9188784956932068
        }
    ],
    "PCAM": [
        {
            "acc/test/PCAM_epoch": 0.77716064453125,
            "loss/test/PCAM_epoch": 0.4858933389186859,
            "acc/test/PCAM": 0.77716064453125,
            "normalized_acc/test/PCAM": 0.8759329915046692
        }
    ],
    "avg": [
        {
            "acc/test/avg": 0.8437654972076416,
            "normalized_acc/test/avg": 0.897405743598938
        }
    ]
}