{
    "MNIST": [
        {
            "acc/test/MNIST_epoch": 0.8379999995231628,
            "loss/test/MNIST_epoch": 0.9720907211303711,
            "acc/test/MNIST": 0.8379999995231628,
            "normalized_acc/test/MNIST": 0.8409432768821716
        }
    ],
    "RenderedSST2": [
        {
            "acc/test/RenderedSST2_epoch": 0.6243821978569031,
            "loss/test/RenderedSST2_epoch": 0.6386504173278809,
            "acc/test/RenderedSST2": 0.6243821978569031,
            "normalized_acc/test/RenderedSST2": 0.8092526197433472
        }
    ],
    "avg": [
        {
            "acc/test/avg": 0.731191098690033,
            "normalized_acc/test/avg": 0.8250979483127594
        }
    ]
}