{
    "GTSRB": [
        {
            "acc/test/GTSRB_epoch": 0.8716548085212708,
            "loss/test/GTSRB_epoch": 0.5702714323997498,
            "acc/test/GTSRB": 0.8716548085212708,
            "normalized_acc/test/GTSRB": 0.8812135457992554
        }
    ],
    "Food101": [
        {
            "acc/test/Food101_epoch": 0.9095445275306702,
            "loss/test/Food101_epoch": 0.30666300654411316,
            "acc/test/Food101": 0.9095445275306702,
            "normalized_acc/test/Food101": 1.0006099939346313
        }
    ],
    "avg": [
        {
            "acc/test/avg": 0.8905996680259705,
            "normalized_acc/test/avg": 0.9409117698669434
        }
    ]
}