{
    "PCAM": [
        {
            "acc/test/PCAM_epoch": 0.836273193359375,
            "loss/test/PCAM_epoch": 0.39490389823913574,
            "acc/test/PCAM": 0.836273193359375,
            "normalized_acc/test/PCAM": 0.9425584077835083
        }
    ],
    "CIFAR100": [
        {
            "acc/test/CIFAR100_epoch": 0.8026000261306763,
            "loss/test/CIFAR100_epoch": 0.7204750180244446,
            "acc/test/CIFAR100": 0.8026000261306763,
            "normalized_acc/test/CIFAR100": 0.8990702629089355
        }
    ],
    "avg": [
        {
            "acc/test/avg": 0.8194366097450256,
            "normalized_acc/test/avg": 0.9208143353462219
        }
    ]
}