{
    "CIFAR10": [
        {
            "acc/test/CIFAR10_epoch": 0.9686999917030334,
            "loss/test/CIFAR10_epoch": 0.10733219981193542,
            "acc/test/CIFAR10": 0.9686999917030334,
            "normalized_acc/test/CIFAR10": 0.9868581891059875
        }
    ],
    "KMNIST": [
        {
            "acc/test/KMNIST_epoch": 0.16130000352859497,
            "loss/test/KMNIST_epoch": 2.2486979961395264,
            "acc/test/KMNIST": 0.16130000352859497,
            "normalized_acc/test/KMNIST": 0.1640060991048813
        }
    ],
    "avg": [
        {
            "acc/test/avg": 0.5649999976158142,
            "normalized_acc/test/avg": 0.5754321441054344
        }
    ]
}