{
    "EuroSAT": [
        {
            "acc/test/EuroSAT_epoch": 0.8570370078086853,
            "loss/test/EuroSAT_epoch": 0.6100659370422363,
            "acc/test/EuroSAT": 0.8570370078086853,
            "normalized_acc/test/EuroSAT": 0.8650467395782471
        }
    ],
    "Flowers102": [
        {
            "acc/test/Flowers102_epoch": 0.7932997345924377,
            "loss/test/Flowers102_epoch": 0.8612671494483948,
            "acc/test/Flowers102": 0.7932997345924377,
            "normalized_acc/test/Flowers102": 0.841905415058136
        }
    ],
    "avg": [
        {
            "acc/test/avg": 0.8251683712005615,
            "normalized_acc/test/avg": 0.8534760773181915
        }
    ]
}