{
    "SVHN": [
        {
            "acc/test/SVHN_epoch": 0.7756607532501221,
            "loss/test/SVHN_epoch": 0.995435893535614,
            "acc/test/SVHN": 0.7756607532501221,
            "normalized_acc/test/SVHN": 0.7956498265266418
        }
    ],
    "MNIST": [
        {
            "acc/test/MNIST_epoch": 0.9258999824523926,
            "loss/test/MNIST_epoch": 0.6856326460838318,
            "acc/test/MNIST": 0.9258999824523926,
            "normalized_acc/test/MNIST": 0.9291520118713379
        }
    ],
    "avg": [
        {
            "acc/test/avg": 0.8507803678512573,
            "normalized_acc/test/avg": 0.8624009191989899
        }
    ]
}