{
    "SUN397": [
        {
            "acc/test/SUN397_epoch": 0.739294707775116,
            "loss/test/SUN397_epoch": 0.8960285186767578,
            "acc/test/SUN397": 0.739294707775116,
            "normalized_acc/test/SUN397": 0.937579870223999
        }
    ],
    "CIFAR100": [
        {
            "acc/test/CIFAR100_epoch": 0.8274999856948853,
            "loss/test/CIFAR100_epoch": 0.6286785006523132,
            "acc/test/CIFAR100": 0.8274999856948853,
            "normalized_acc/test/CIFAR100": 0.9269630908966064
        }
    ],
    "avg": [
        {
            "acc/test/avg": 0.7833973467350006,
            "normalized_acc/test/avg": 0.9322714805603027
        }
    ]
}