{
    "OxfordIIITPet": [
        {
            "acc/test/OxfordIIITPet_epoch": 0.9468520283699036,
            "loss/test/OxfordIIITPet_epoch": 0.1647125780582428,
            "acc/test/OxfordIIITPet": 0.9468520283699036,
            "normalized_acc/test/OxfordIIITPet": 0.9962718486785889
        }
    ],
    "CIFAR100": [
        {
            "acc/test/CIFAR100_epoch": 0.8098000288009644,
            "loss/test/CIFAR100_epoch": 0.7066808342933655,
            "acc/test/CIFAR100": 0.8098000288009644,
            "normalized_acc/test/CIFAR100": 0.9071356654167175
        }
    ],
    "avg": [
        {
            "acc/test/avg": 0.878326028585434,
            "normalized_acc/test/avg": 0.9517037570476532
        }
    ]
}