{
    "CIFAR100": [
        {
            "acc/test/CIFAR100_epoch": 0.8266000151634216,
            "loss/test/CIFAR100_epoch": 0.6354170441627502,
            "acc/test/CIFAR100": 0.8266000151634216,
            "normalized_acc/test/CIFAR100": 0.9259549975395203
        }
    ],
    "FashionMNIST": [
        {
            "acc/test/FashionMNIST_epoch": 0.8598999977111816,
            "loss/test/FashionMNIST_epoch": 0.40050676465034485,
            "acc/test/FashionMNIST": 0.8598999977111816,
            "normalized_acc/test/FashionMNIST": 0.9032562971115112
        }
    ],
    "avg": [
        {
            "acc/test/avg": 0.8432500064373016,
            "normalized_acc/test/avg": 0.9146056473255157
        }
    ]
}