{
    "FER2013": [
        {
            "acc/test/FER2013_epoch": 0.6264976263046265,
            "loss/test/FER2013_epoch": 1.0278571844100952,
            "acc/test/FER2013": 0.6264976263046265,
            "normalized_acc/test/FER2013": 0.8497732281684875
        }
    ],
    "CIFAR100": [
        {
            "acc/test/CIFAR100_epoch": 0.8324000239372253,
            "loss/test/CIFAR100_epoch": 0.6073748469352722,
            "acc/test/CIFAR100": 0.8324000239372253,
            "normalized_acc/test/CIFAR100": 0.9324521422386169
        }
    ],
    "avg": [
        {
            "acc/test/avg": 0.7294488251209259,
            "normalized_acc/test/avg": 0.8911126852035522
        }
    ]
}