{
    "CIFAR100": [
        {
            "acc/test/CIFAR100_epoch": 0.8125,
            "loss/test/CIFAR100_epoch": 0.6759274005889893,
            "acc/test/CIFAR100": 0.8125,
            "normalized_acc/test/CIFAR100": 0.9101601839065552
        }
    ],
    "RenderedSST2": [
        {
            "acc/test/RenderedSST2_epoch": 0.6864359974861145,
            "loss/test/RenderedSST2_epoch": 0.5771545767784119,
            "acc/test/RenderedSST2": 0.6864359974861145,
            "normalized_acc/test/RenderedSST2": 0.8896796703338623
        }
    ],
    "avg": [
        {
            "acc/test/avg": 0.7494679987430573,
            "normalized_acc/test/avg": 0.8999199271202087
        }
    ]
}