{
    "GTSRB": [
        {
            "acc/test/GTSRB_epoch": 0.7828186750411987,
            "loss/test/GTSRB_epoch": 0.7964670062065125,
            "acc/test/GTSRB": 0.7828186750411987,
            "normalized_acc/test/GTSRB": 0.7914031744003296
        }
    ],
    "CIFAR100": [
        {
            "acc/test/CIFAR100_epoch": 0.8102999925613403,
            "loss/test/CIFAR100_epoch": 0.6922000646591187,
            "acc/test/CIFAR100": 0.8102999925613403,
            "normalized_acc/test/CIFAR100": 0.9076957106590271
        }
    ],
    "avg": [
        {
            "acc/test/avg": 0.7965593338012695,
            "normalized_acc/test/avg": 0.8495494425296783
        }
    ]
}