{
    "PCAM": [
        {
            "acc/test/PCAM_epoch": 0.811859130859375,
            "loss/test/PCAM_epoch": 0.4384308159351349,
            "acc/test/PCAM": 0.811859130859375,
            "normalized_acc/test/PCAM": 0.915041446685791
        }
    ],
    "KMNIST": [
        {
            "acc/test/KMNIST_epoch": 0.1868000030517578,
            "loss/test/KMNIST_epoch": 2.2626266479492188,
            "acc/test/KMNIST": 0.1868000030517578,
            "normalized_acc/test/KMNIST": 0.1899339109659195
        }
    ],
    "avg": [
        {
            "acc/test/avg": 0.4993295669555664,
            "normalized_acc/test/avg": 0.5524876788258553
        }
    ]
}