{
    "CIFAR10": [
        {
            "acc/test/CIFAR10_epoch": 0.9692000150680542,
            "loss/test/CIFAR10_epoch": 0.10205282270908356,
            "acc/test/CIFAR10": 0.9692000150680542,
            "normalized_acc/test/CIFAR10": 0.987367570400238
        }
    ],
    "FashionMNIST": [
        {
            "acc/test/FashionMNIST_epoch": 0.847100019454956,
            "loss/test/FashionMNIST_epoch": 0.44720175862312317,
            "acc/test/FashionMNIST": 0.847100019454956,
            "normalized_acc/test/FashionMNIST": 0.8898109197616577
        }
    ],
    "avg": [
        {
            "acc/test/avg": 0.9081500172615051,
            "normalized_acc/test/avg": 0.9385892450809479
        }
    ]
}