{
    "GTSRB": [
        {
            "acc/test/GTSRB_epoch": 0.691923975944519,
            "loss/test/GTSRB_epoch": 1.095606803894043,
            "acc/test/GTSRB": 0.691923975944519,
            "normalized_acc/test/GTSRB": 0.699511706829071
        }
    ],
    "CIFAR10": [
        {
            "acc/test/CIFAR10_epoch": 0.9625999927520752,
            "loss/test/CIFAR10_epoch": 0.12387523055076599,
            "acc/test/CIFAR10": 0.9625999927520752,
            "normalized_acc/test/CIFAR10": 0.9806438684463501
        }
    ],
    "avg": [
        {
            "acc/test/avg": 0.8272619843482971,
            "normalized_acc/test/avg": 0.8400777876377106
        }
    ]
}