{
    "MNIST": [
        {
            "acc/test/MNIST_epoch": 0.824999988079071,
            "loss/test/MNIST_epoch": 0.9660154581069946,
            "acc/test/MNIST": 0.824999988079071,
            "normalized_acc/test/MNIST": 0.8278976082801819
        }
    ],
    "STL10": [
        {
            "acc/test/STL10_epoch": 0.987625002861023,
            "loss/test/STL10_epoch": 0.04733278974890709,
            "acc/test/STL10": 0.987625002861023,
            "normalized_acc/test/STL10": 0.9997469782829285
        }
    ],
    "avg": [
        {
            "acc/test/avg": 0.906312495470047,
            "normalized_acc/test/avg": 0.9138222932815552
        }
    ]
}