{
    "SVHN": [
        {
            "acc/test/SVHN_epoch": 0.8011677861213684,
            "loss/test/SVHN_epoch": 0.9551549553871155,
            "acc/test/SVHN": 0.8011677861213684,
            "normalized_acc/test/SVHN": 0.8218141794204712
        }
    ],
    "FashionMNIST": [
        {
            "acc/test/FashionMNIST_epoch": 0.8400999903678894,
            "loss/test/FashionMNIST_epoch": 0.46281367540359497,
            "acc/test/FashionMNIST": 0.8400999903678894,
            "normalized_acc/test/FashionMNIST": 0.882457971572876
        }
    ],
    "avg": [
        {
            "acc/test/avg": 0.8206338882446289,
            "normalized_acc/test/avg": 0.8521360754966736
        }
    ]
}