{
    "SUN397": [
        {
            "acc/test/SUN397_epoch": 0.7135012745857239,
            "loss/test/SUN397_epoch": 0.9816302061080933,
            "acc/test/SUN397": 0.7135012745857239,
            "normalized_acc/test/SUN397": 0.9048684239387512
        }
    ],
    "Flowers102": [
        {
            "acc/test/Flowers102_epoch": 0.8588388562202454,
            "loss/test/Flowers102_epoch": 0.5710988640785217,
            "acc/test/Flowers102": 0.8588388562202454,
            "normalized_acc/test/Flowers102": 0.9114601016044617
        }
    ],
    "avg": [
        {
            "acc/test/avg": 0.7861700654029846,
            "normalized_acc/test/avg": 0.9081642627716064
        }
    ]
}