{
    "SVHN": [
        {
            "acc/test/SVHN_epoch": 0.8029348254203796,
            "loss/test/SVHN_epoch": 0.8823710083961487,
            "acc/test/SVHN": 0.8029348254203796,
            "normalized_acc/test/SVHN": 0.8236267566680908
        }
    ],
    "CIFAR100": [
        {
            "acc/test/CIFAR100_epoch": 0.8162000179290771,
            "loss/test/CIFAR100_epoch": 0.6763309836387634,
            "acc/test/CIFAR100": 0.8162000179290771,
            "normalized_acc/test/CIFAR100": 0.9143049120903015
        }
    ],
    "avg": [
        {
            "acc/test/avg": 0.8095674216747284,
            "normalized_acc/test/avg": 0.8689658343791962
        }
    ]
}