{
    "FER2013": [
        {
            "acc/test/FER2013_epoch": 0.5983560681343079,
            "loss/test/FER2013_epoch": 1.115478277206421,
            "acc/test/FER2013": 0.5983560681343079,
            "normalized_acc/test/FER2013": 0.8116024136543274
        }
    ],
    "RenderedSST2": [
        {
            "acc/test/RenderedSST2_epoch": 0.6534870862960815,
            "loss/test/RenderedSST2_epoch": 0.6064239144325256,
            "acc/test/RenderedSST2": 0.6534870862960815,
            "normalized_acc/test/RenderedSST2": 0.8469750285148621
        }
    ],
    "avg": [
        {
            "acc/test/avg": 0.6259215772151947,
            "normalized_acc/test/avg": 0.8292887210845947
        }
    ]
}