{
    "Flowers102": [
        {
            "acc/test/Flowers102_epoch": 0.8251748085021973,
            "loss/test/Flowers102_epoch": 0.7164802551269531,
            "acc/test/Flowers102": 0.8251748085021973,
            "normalized_acc/test/Flowers102": 0.875733494758606
        }
    ],
    "CIFAR10": [
        {
            "acc/test/CIFAR10_epoch": 0.9603999853134155,
            "loss/test/CIFAR10_epoch": 0.13289575278759003,
            "acc/test/CIFAR10": 0.9603999853134155,
            "normalized_acc/test/CIFAR10": 0.9784026145935059
        }
    ],
    "avg": [
        {
            "acc/test/avg": 0.8927873969078064,
            "normalized_acc/test/avg": 0.9270680546760559
        }
    ]
}