{
    "SUN397": [
        {
            "acc/test/SUN397_epoch": 0.6730478405952454,
            "loss/test/SUN397_epoch": 1.1472628116607666,
            "acc/test/SUN397": 0.6730478405952454,
            "normalized_acc/test/SUN397": 0.8535650372505188
        }
    ],
    "Cars": [
        {
            "acc/test/Cars_epoch": 0.6546449661254883,
            "loss/test/Cars_epoch": 0.9883859157562256,
            "acc/test/Cars": 0.6546449661254883,
            "normalized_acc/test/Cars": 0.7630091309547424
        }
    ],
    "RESISC45": [
        {
            "acc/test/RESISC45_epoch": 0.6931746006011963,
            "loss/test/RESISC45_epoch": 0.9866880774497986,
            "acc/test/RESISC45": 0.6931746006011963,
            "normalized_acc/test/RESISC45": 0.7170771956443787
        }
    ],
    "EuroSAT": [
        {
            "acc/test/EuroSAT_epoch": 0.6222222447395325,
            "loss/test/EuroSAT_epoch": 1.0759196281433105,
            "acc/test/EuroSAT": 0.6222222447395325,
            "normalized_acc/test/EuroSAT": 0.6280373930931091
        }
    ],
    "SVHN": [
        {
            "acc/test/SVHN_epoch": 0.6520820260047913,
            "loss/test/SVHN_epoch": 1.1797577142715454,
            "acc/test/SVHN": 0.6520820260047913,
            "normalized_acc/test/SVHN": 0.6688864231109619
        }
    ],
    "GTSRB": [
        {
            "acc/test/GTSRB_epoch": 0.5281077027320862,
            "loss/test/GTSRB_epoch": 1.6221206188201904,
            "acc/test/GTSRB": 0.5281077027320862,
            "normalized_acc/test/GTSRB": 0.5338990092277527
        }
    ],
    "MNIST": [
        {
            "acc/test/MNIST_epoch": 0.9210000038146973,
            "loss/test/MNIST_epoch": 0.5757169127464294,
            "acc/test/MNIST": 0.9210000038146973,
            "normalized_acc/test/MNIST": 0.9242348074913025
        }
    ],
    "DTD": [
        {
            "acc/test/DTD_epoch": 0.4659574329853058,
            "loss/test/DTD_epoch": 2.0117080211639404,
            "acc/test/DTD": 0.4659574329853058,
            "normalized_acc/test/DTD": 0.5622592568397522
        }
    ],
    "Flowers102": [
        {
            "acc/test/Flowers102_epoch": 0.706131100654602,
            "loss/test/Flowers102_epoch": 1.4118191003799438,
            "acc/test/Flowers102": 0.706131100654602,
            "normalized_acc/test/Flowers102": 0.7493959069252014
        }
    ],
    "PCAM": [
        {
            "acc/test/PCAM_epoch": 0.613311767578125,
            "loss/test/PCAM_epoch": 0.8672575354576111,
            "acc/test/PCAM": 0.613311767578125,
            "normalized_acc/test/PCAM": 0.6912599205970764
        }
    ],
    "FER2013": [
        {
            "acc/test/FER2013_epoch": 0.4980495870113373,
            "loss/test/FER2013_epoch": 1.3632584810256958,
            "acc/test/FER2013": 0.4980495870113373,
            "normalized_acc/test/FER2013": 0.6755480170249939
        }
    ],
    "OxfordIIITPet": [
        {
            "acc/test/OxfordIIITPet_epoch": 0.8909784555435181,
            "loss/test/OxfordIIITPet_epoch": 0.3010518550872803,
            "acc/test/OxfordIIITPet": 0.8909784555435181,
            "normalized_acc/test/OxfordIIITPet": 0.9374820590019226
        }
    ],
    "STL10": [
        {
            "acc/test/STL10_epoch": 0.9782500267028809,
            "loss/test/STL10_epoch": 0.07953332364559174,
            "acc/test/STL10": 0.9782500267028809,
            "normalized_acc/test/STL10": 0.9902569055557251
        }
    ],
    "CIFAR100": [
        {
            "acc/test/CIFAR100_epoch": 0.7351999878883362,
            "loss/test/CIFAR100_epoch": 1.0223923921585083,
            "acc/test/CIFAR100": 0.7351999878883362,
            "normalized_acc/test/CIFAR100": 0.8235689401626587
        }
    ],
    "CIFAR10": [
        {
            "acc/test/CIFAR10_epoch": 0.9372000098228455,
            "loss/test/CIFAR10_epoch": 0.1982395350933075,
            "acc/test/CIFAR10": 0.9372000098228455,
            "normalized_acc/test/CIFAR10": 0.9547677636146545
        }
    ],
    "Food101": [
        {
            "acc/test/Food101_epoch": 0.8720791935920715,
            "loss/test/Food101_epoch": 0.4391915500164032,
            "acc/test/Food101": 0.8720791935920715,
            "normalized_acc/test/Food101": 0.9593935012817383
        }
    ],
    "FashionMNIST": [
        {
            "acc/test/FashionMNIST_epoch": 0.7421000003814697,
            "loss/test/FashionMNIST_epoch": 0.7580262422561646,
            "acc/test/FashionMNIST": 0.7421000003814697,
            "normalized_acc/test/FashionMNIST": 0.7795168161392212
        }
    ],
    "EMNIST": [
        {
            "acc/test/EMNIST_epoch": 0.8877000212669373,
            "loss/test/EMNIST_epoch": 0.4855913519859314,
            "acc/test/EMNIST": 0.8877000212669373,
            "normalized_acc/test/EMNIST": 0.8927888870239258
        }
    ],
    "KMNIST": [
        {
            "acc/test/KMNIST_epoch": 0.1251000016927719,
            "loss/test/KMNIST_epoch": 2.381556987762451,
            "acc/test/KMNIST": 0.1251000016927719,
            "normalized_acc/test/KMNIST": 0.12719878554344177
        }
    ],
    "RenderedSST2": [
        {
            "acc/test/RenderedSST2_epoch": 0.6166941523551941,
            "loss/test/RenderedSST2_epoch": 0.6499064564704895,
            "acc/test/RenderedSST2": 0.6166941523551941,
            "normalized_acc/test/RenderedSST2": 0.799288272857666
        }
    ],
    "avg": [
        {
            "acc/test/avg": 0.6906515561044216,
            "normalized_acc/test/avg": 0.7515717014670372
        }
    ]
}