{
    "CIFAR100": [
        {
            "acc/test/CIFAR100_epoch": 0.8575999736785889,
            "loss/test/CIFAR100_epoch": 0.5261126160621643,
            "acc/test/CIFAR100": 0.8575999736785889,
            "normalized_acc/test/CIFAR100": 0.9606810212135315
        }
    ],
    "CIFAR10": [
        {
            "acc/test/CIFAR10_epoch": 0.983299970626831,
            "loss/test/CIFAR10_epoch": 0.06493424624204636,
            "acc/test/CIFAR10": 0.983299970626831,
            "normalized_acc/test/CIFAR10": 1.0017318725585938
        }
    ],
    "avg": [
        {
            "acc/test/avg": 0.92044997215271,
            "normalized_acc/test/avg": 0.9812064468860626
        }
    ]
}