{
    "SVHN": [
        {
            "acc/test/SVHN_epoch": 0.9651198387145996,
            "loss/test/SVHN_epoch": 0.1529654860496521,
            "acc/test/SVHN": 0.9651198387145996,
            "normalized_acc/test/SVHN": 0.989991307258606
        }
    ],
    "FER2013": [
        {
            "acc/test/FER2013_epoch": 0.6719141602516174,
            "loss/test/FER2013_epoch": 1.0896421670913696,
            "acc/test/FER2013": 0.6719141602516174,
            "normalized_acc/test/FER2013": 0.9113756418228149
        }
    ],
    "avg": [
        {
            "acc/test/avg": 0.8185169994831085,
            "normalized_acc/test/avg": 0.9506834745407104
        }
    ]
}