{
    "STL10": [
        {
            "acc/test/STL10_epoch": 0.9838749766349792,
            "loss/test/STL10_epoch": 0.04897627979516983,
            "acc/test/STL10": 0.9838749766349792,
            "normalized_acc/test/STL10": 0.9959508776664734
        }
    ],
    "KMNIST": [
        {
            "acc/test/KMNIST_epoch": 0.9150999784469604,
            "loss/test/KMNIST_epoch": 0.43960556387901306,
            "acc/test/KMNIST": 0.9150999784469604,
            "normalized_acc/test/KMNIST": 0.9304524660110474
        }
    ],
    "avg": [
        {
            "acc/test/avg": 0.9494874775409698,
            "normalized_acc/test/avg": 0.9632016718387604
        }
    ]
}