{
    "Flowers102": [
        {
            "acc/test/Flowers102_epoch": 0.8217596411705017,
            "loss/test/Flowers102_epoch": 0.7602108716964722,
            "acc/test/Flowers102": 0.8217596411705017,
            "normalized_acc/test/Flowers102": 0.872109055519104
        }
    ],
    "EMNIST": [
        {
            "acc/test/EMNIST_epoch": 0.9962000250816345,
            "loss/test/EMNIST_epoch": 0.04474098980426788,
            "acc/test/EMNIST": 0.9962000250816345,
            "normalized_acc/test/EMNIST": 1.001910924911499
        }
    ],
    "avg": [
        {
            "acc/test/avg": 0.9089798331260681,
            "normalized_acc/test/avg": 0.9370099902153015
        }
    ]
}