{
    "PCAM": [
        {
            "acc/test/PCAM_epoch": 0.912200927734375,
            "loss/test/PCAM_epoch": 0.21391351521015167,
            "acc/test/PCAM": 0.912200927734375,
            "normalized_acc/test/PCAM": 1.0281360149383545
        }
    ],
    "RenderedSST2": [
        {
            "acc/test/RenderedSST2_epoch": 0.7737506628036499,
            "loss/test/RenderedSST2_epoch": 0.47296980023384094,
            "acc/test/RenderedSST2": 0.7737506628036499,
            "normalized_acc/test/RenderedSST2": 1.0028469562530518
        }
    ],
    "avg": [
        {
            "acc/test/avg": 0.8429757952690125,
            "normalized_acc/test/avg": 1.0154914855957031
        }
    ]
}