{
    "RESISC45": [
        {
            "acc/test/RESISC45_epoch": 0.9276190400123596,
            "loss/test/RESISC45_epoch": 0.2445601522922516,
            "acc/test/RESISC45": 0.9276190400123596,
            "normalized_acc/test/RESISC45": 0.9596059322357178
        }
    ],
    "GTSRB": [
        {
            "acc/test/GTSRB_epoch": 0.9738717079162598,
            "loss/test/GTSRB_epoch": 0.11452924460172653,
            "acc/test/GTSRB": 0.9738717079162598,
            "normalized_acc/test/GTSRB": 0.9845513701438904
        }
    ],
    "avg": [
        {
            "acc/test/avg": 0.9507453739643097,
            "normalized_acc/test/avg": 0.9720786511898041
        }
    ]
}