{
    "RESISC45": [
        {
            "acc/test/RESISC45_epoch": 0.9030158519744873,
            "loss/test/RESISC45_epoch": 0.32198137044906616,
            "acc/test/RESISC45": 0.9030158519744873,
            "normalized_acc/test/RESISC45": 0.9341543316841125
        }
    ],
    "MNIST": [
        {
            "acc/test/MNIST_epoch": 0.9941999912261963,
            "loss/test/MNIST_epoch": 0.04266871139407158,
            "acc/test/MNIST": 0.9941999912261963,
            "normalized_acc/test/MNIST": 0.9976918697357178
        }
    ],
    "avg": [
        {
            "acc/test/avg": 0.9486079216003418,
            "normalized_acc/test/avg": 0.9659231007099152
        }
    ]
}