{
    "STL10": [
        {
            "acc/test/STL10_epoch": 0.9819999933242798,
            "loss/test/STL10_epoch": 0.06032603234052658,
            "acc/test/STL10": 0.9819999933242798,
            "normalized_acc/test/STL10": 0.9940528869628906
        }
    ],
    "FashionMNIST": [
        {
            "acc/test/FashionMNIST_epoch": 0.9283000230789185,
            "loss/test/FashionMNIST_epoch": 0.209527850151062,
            "acc/test/FashionMNIST": 0.9283000230789185,
            "normalized_acc/test/FashionMNIST": 0.9751050472259521
        }
    ],
    "avg": [
        {
            "acc/test/avg": 0.9551500082015991,
            "normalized_acc/test/avg": 0.9845789670944214
        }
    ]
}