{
    "FER2013": [
        {
            "acc/test/FER2013_epoch": 0.7112008929252625,
            "loss/test/FER2013_epoch": 0.9208275079727173,
            "acc/test/FER2013": 0.7112008929252625,
            "normalized_acc/test/FER2013": 0.9646636247634888
        }
    ],
    "Food101": [
        {
            "acc/test/Food101_epoch": 0.912356436252594,
            "loss/test/Food101_epoch": 0.335766464471817,
            "acc/test/Food101": 0.912356436252594,
            "normalized_acc/test/Food101": 1.0037033557891846
        }
    ],
    "avg": [
        {
            "acc/test/avg": 0.8117786645889282,
            "normalized_acc/test/avg": 0.9841834902763367
        }
    ]
}