{
    "EuroSAT": [
        {
            "acc/test/EuroSAT_epoch": 0.9566666483879089,
            "loss/test/EuroSAT_epoch": 0.14507031440734863,
            "acc/test/EuroSAT": 0.9566666483879089,
            "normalized_acc/test/EuroSAT": 0.9656074643135071
        }
    ],
    "MNIST": [
        {
            "acc/test/MNIST_epoch": 0.9937999844551086,
            "loss/test/MNIST_epoch": 0.04733504354953766,
            "acc/test/MNIST": 0.9937999844551086,
            "normalized_acc/test/MNIST": 0.9972904920578003
        }
    ],
    "avg": [
        {
            "acc/test/avg": 0.9752333164215088,
            "normalized_acc/test/avg": 0.9814489781856537
        }
    ]
}