{
    "Cars": [
        {
            "acc/test/Cars_epoch": 0.8406914472579956,
            "loss/test/Cars_epoch": 0.49999019503593445,
            "acc/test/Cars": 0.8406914472579956,
            "normalized_acc/test/Cars": 0.9798521399497986
        }
    ],
    "RenderedSST2": [
        {
            "acc/test/RenderedSST2_epoch": 0.7775947451591492,
            "loss/test/RenderedSST2_epoch": 0.5481794476509094,
            "acc/test/RenderedSST2": 0.7775947451591492,
            "normalized_acc/test/RenderedSST2": 1.007829189300537
        }
    ],
    "avg": [
        {
            "acc/test/avg": 0.8091430962085724,
            "normalized_acc/test/avg": 0.9938406646251678
        }
    ]
}