{
    "Flowers102": [
        {
            "acc/test/Flowers102_epoch": 0.7884208559989929,
            "loss/test/Flowers102_epoch": 0.9774953126907349,
            "acc/test/Flowers102": 0.7884208559989929,
            "normalized_acc/test/Flowers102": 0.8367276191711426
        }
    ],
    "CIFAR100": [
        {
            "acc/test/CIFAR100_epoch": 0.8776000142097473,
            "loss/test/CIFAR100_epoch": 0.4875645637512207,
            "acc/test/CIFAR100": 0.8776000142097473,
            "normalized_acc/test/CIFAR100": 0.983085036277771
        }
    ],
    "avg": [
        {
            "acc/test/avg": 0.8330104351043701,
            "normalized_acc/test/avg": 0.9099063277244568
        }
    ]
}