{
    "Cars": [
        {
            "acc/test/Cars_epoch": 0.8235294222831726,
            "loss/test/Cars_epoch": 0.5488541722297668,
            "acc/test/Cars": 0.8235294222831726,
            "normalized_acc/test/Cars": 0.9598492383956909
        }
    ],
    "KMNIST": [
        {
            "acc/test/KMNIST_epoch": 0.9174000024795532,
            "loss/test/KMNIST_epoch": 0.39462921023368835,
            "acc/test/KMNIST": 0.9174000024795532,
            "normalized_acc/test/KMNIST": 0.9327910542488098
        }
    ],
    "avg": [
        {
            "acc/test/avg": 0.8704647123813629,
            "normalized_acc/test/avg": 0.9463201463222504
        }
    ]
}