{
    "SUN397": [
        {
            "acc/test/SUN397_epoch": 0.7456423044204712,
            "loss/test/SUN397_epoch": 0.9357821345329285,
            "acc/test/SUN397": 0.7456423044204712,
            "normalized_acc/test/SUN397": 0.9456299543380737
        }
    ],
    "MNIST": [
        {
            "acc/test/MNIST_epoch": 0.9944000244140625,
            "loss/test/MNIST_epoch": 0.04117314890027046,
            "acc/test/MNIST": 0.9944000244140625,
            "normalized_acc/test/MNIST": 0.9978926181793213
        }
    ],
    "avg": [
        {
            "acc/test/avg": 0.8700211644172668,
            "normalized_acc/test/avg": 0.9717612862586975
        }
    ]
}