{
    "Cars": [
        {
            "acc/test/Cars_epoch": 0.8191767334938049,
            "loss/test/Cars_epoch": 0.5433887243270874,
            "acc/test/Cars": 0.8191767334938049,
            "normalized_acc/test/Cars": 0.9547760486602783
        }
    ],
    "FashionMNIST": [
        {
            "acc/test/FashionMNIST_epoch": 0.928600013256073,
            "loss/test/FashionMNIST_epoch": 0.20994089543819427,
            "acc/test/FashionMNIST": 0.928600013256073,
            "normalized_acc/test/FashionMNIST": 0.9754201769828796
        }
    ],
    "avg": [
        {
            "acc/test/avg": 0.873888373374939,
            "normalized_acc/test/avg": 0.965098112821579
        }
    ]
}