{
    "MNIST": [
        {
            "acc/test/MNIST_epoch": 0.9907000064849854,
            "loss/test/MNIST_epoch": 0.05630886182188988,
            "acc/test/MNIST": 0.9907000064849854,
            "normalized_acc/test/MNIST": 0.9941796064376831
        }
    ],
    "KMNIST": [
        {
            "acc/test/KMNIST_epoch": 0.7501999735832214,
            "loss/test/KMNIST_epoch": 0.9379919767379761,
            "acc/test/KMNIST": 0.7501999735832214,
            "normalized_acc/test/KMNIST": 0.7627859115600586
        }
    ],
    "avg": [
        {
            "acc/test/avg": 0.8704499900341034,
            "normalized_acc/test/avg": 0.8784827589988708
        }
    ]
}