{
    "Cars": [
        {
            "acc/test/Cars_epoch": 0.8440492749214172,
            "loss/test/Cars_epoch": 0.49288833141326904,
            "acc/test/Cars": 0.8440492749214172,
            "normalized_acc/test/Cars": 0.9837657809257507
        }
    ],
    "Flowers102": [
        {
            "acc/test/Flowers102_epoch": 0.8292405009269714,
            "loss/test/Flowers102_epoch": 0.7166371941566467,
            "acc/test/Flowers102": 0.8292405009269714,
            "normalized_acc/test/Flowers102": 0.8800482749938965
        }
    ],
    "avg": [
        {
            "acc/test/avg": 0.8366448879241943,
            "normalized_acc/test/avg": 0.9319070279598236
        }
    ]
}