{
    "FER2013": [
        {
            "acc/test/FER2013_epoch": 0.6879353523254395,
            "loss/test/FER2013_epoch": 0.9395667910575867,
            "acc/test/FER2013": 0.6879353523254395,
            "normalized_acc/test/FER2013": 0.9331066012382507
        }
    ],
    "CIFAR10": [
        {
            "acc/test/CIFAR10_epoch": 0.979200005531311,
            "loss/test/CIFAR10_epoch": 0.07933273166418076,
            "acc/test/CIFAR10": 0.979200005531311,
            "normalized_acc/test/CIFAR10": 0.9975550174713135
        }
    ],
    "avg": [
        {
            "acc/test/avg": 0.8335676789283752,
            "normalized_acc/test/avg": 0.9653308093547821
        }
    ]
}