{
    "FER2013": [
        {
            "acc/test/FER2013_epoch": 0.7141265273094177,
            "loss/test/FER2013_epoch": 0.8943026661872864,
            "acc/test/FER2013": 0.7141265273094177,
            "normalized_acc/test/FER2013": 0.9686319231987
        }
    ],
    "STL10": [
        {
            "acc/test/STL10_epoch": 0.9879999756813049,
            "loss/test/STL10_epoch": 0.03874153643846512,
            "acc/test/STL10": 0.9879999756813049,
            "normalized_acc/test/STL10": 1.0001264810562134
        }
    ],
    "avg": [
        {
            "acc/test/avg": 0.8510632514953613,
            "normalized_acc/test/avg": 0.9843792021274567
        }
    ]
}