{
    "OxfordIIITPet": [
        {
            "acc/test/OxfordIIITPet_epoch": 0.93349689245224,
            "loss/test/OxfordIIITPet_epoch": 0.20313863456249237,
            "acc/test/OxfordIIITPet": 0.93349689245224,
            "normalized_acc/test/OxfordIIITPet": 0.9822196960449219
        }
    ],
    "CIFAR10": [
        {
            "acc/test/CIFAR10_epoch": 0.9817000031471252,
            "loss/test/CIFAR10_epoch": 0.06980570405721664,
            "acc/test/CIFAR10": 0.9817000031471252,
            "normalized_acc/test/CIFAR10": 1.000101923942566
        }
    ],
    "avg": [
        {
            "acc/test/avg": 0.9575984477996826,
            "normalized_acc/test/avg": 0.9911608099937439
        }
    ]
}