{
    "FashionMNIST": [
        {
            "acc/test/FashionMNIST_epoch": 0.9101999998092651,
            "loss/test/FashionMNIST_epoch": 0.28069642186164856,
            "acc/test/FashionMNIST": 0.9101999998092651,
            "normalized_acc/test/FashionMNIST": 0.9560924172401428
        }
    ],
    "KMNIST": [
        {
            "acc/test/KMNIST_epoch": 0.8104000091552734,
            "loss/test/KMNIST_epoch": 0.7992960214614868,
            "acc/test/KMNIST": 0.8104000091552734,
            "normalized_acc/test/KMNIST": 0.8239959478378296
        }
    ],
    "avg": [
        {
            "acc/test/avg": 0.8603000044822693,
            "normalized_acc/test/avg": 0.8900441825389862
        }
    ]
}