{
    "SUN397": [
        {
            "acc/test/SUN397_epoch": 0.7683123350143433,
            "loss/test/SUN397_epoch": 0.8461704254150391,
            "acc/test/SUN397": 0.7683123350143433,
            "normalized_acc/test/SUN397": 0.9743802547454834
        }
    ],
    "Flowers102": [
        {
            "acc/test/Flowers102_epoch": 0.8523337244987488,
            "loss/test/Flowers102_epoch": 0.5671510696411133,
            "acc/test/Flowers102": 0.8523337244987488,
            "normalized_acc/test/Flowers102": 0.9045564532279968
        }
    ],
    "avg": [
        {
            "acc/test/avg": 0.810323029756546,
            "normalized_acc/test/avg": 0.9394683539867401
        }
    ]
}