{
    "Cars": [
        {
            "acc/test/Cars_epoch": 0.8139534592628479,
            "loss/test/Cars_epoch": 0.5737379193305969,
            "acc/test/Cars": 0.8139534592628479,
            "normalized_acc/test/Cars": 0.9486881494522095
        }
    ],
    "CIFAR100": [
        {
            "acc/test/CIFAR100_epoch": 0.8652999997138977,
            "loss/test/CIFAR100_epoch": 0.5502570867538452,
            "acc/test/CIFAR100": 0.8652999997138977,
            "normalized_acc/test/CIFAR100": 0.9693065881729126
        }
    ],
    "avg": [
        {
            "acc/test/avg": 0.8396267294883728,
            "normalized_acc/test/avg": 0.958997368812561
        }
    ]
}