{
    "STL10": [
        {
            "acc/test/STL10_epoch": 0.987375020980835,
            "loss/test/STL10_epoch": 0.038279954344034195,
            "acc/test/STL10": 0.987375020980835,
            "normalized_acc/test/STL10": 0.9994938969612122
        }
    ],
    "Food101": [
        {
            "acc/test/Food101_epoch": 0.9151287078857422,
            "loss/test/Food101_epoch": 0.31604552268981934,
            "acc/test/Food101": 0.9151287078857422,
            "normalized_acc/test/Food101": 1.0067532062530518
        }
    ],
    "avg": [
        {
            "acc/test/avg": 0.9512518644332886,
            "normalized_acc/test/avg": 1.003123551607132
        }
    ]
}