{
    "EMNIST": [
        {
            "acc/test/EMNIST_epoch": 0.9911999702453613,
            "loss/test/EMNIST_epoch": 0.0643891915678978,
            "acc/test/EMNIST": 0.9911999702453613,
            "normalized_acc/test/EMNIST": 0.9968822002410889
        }
    ],
    "KMNIST": [
        {
            "acc/test/KMNIST_epoch": 0.7975999712944031,
            "loss/test/KMNIST_epoch": 0.8180343508720398,
            "acc/test/KMNIST": 0.7975999712944031,
            "normalized_acc/test/KMNIST": 0.8109811544418335
        }
    ],
    "avg": [
        {
            "acc/test/avg": 0.8943999707698822,
            "normalized_acc/test/avg": 0.9039316773414612
        }
    ]
}