{
    "EMNIST": [
        {
            "acc/test/EMNIST_epoch": 0.9909999966621399,
            "loss/test/EMNIST_epoch": 0.12431947886943817,
            "acc/test/EMNIST": 0.9909999966621399,
            "normalized_acc/test/EMNIST": 0.9966810941696167
        }
    ],
    "RenderedSST2": [
        {
            "acc/test/RenderedSST2_epoch": 0.7320153713226318,
            "loss/test/RenderedSST2_epoch": 0.5255740880966187,
            "acc/test/RenderedSST2": 0.7320153713226318,
            "normalized_acc/test/RenderedSST2": 0.9487544298171997
        }
    ],
    "avg": [
        {
            "acc/test/avg": 0.8615076839923859,
            "normalized_acc/test/avg": 0.9727177619934082
        }
    ]
}