{
    "Flowers102": [
        {
            "acc/test/Flowers102_epoch": 0.7954139113426208,
            "loss/test/Flowers102_epoch": 0.8484401702880859,
            "acc/test/Flowers102": 0.7954139113426208,
            "normalized_acc/test/Flowers102": 0.844149112701416
        }
    ],
    "FashionMNIST": [
        {
            "acc/test/FashionMNIST_epoch": 0.8959000110626221,
            "loss/test/FashionMNIST_epoch": 0.2973335087299347,
            "acc/test/FashionMNIST": 0.8959000110626221,
            "normalized_acc/test/FashionMNIST": 0.9410713911056519
        }
    ],
    "avg": [
        {
            "acc/test/avg": 0.8456569612026215,
            "normalized_acc/test/avg": 0.8926102519035339
        }
    ]
}