{
    "SUN397": [
        {
            "acc/test/SUN397_epoch": 0.7322921752929688,
            "loss/test/SUN397_epoch": 0.9146503210067749,
            "acc/test/SUN397": 0.7322921752929688,
            "normalized_acc/test/SUN397": 0.9286991953849792
        }
    ],
    "STL10": [
        {
            "acc/test/STL10_epoch": 0.9900000095367432,
            "loss/test/STL10_epoch": 0.03338862583041191,
            "acc/test/STL10": 0.9900000095367432,
            "normalized_acc/test/STL10": 1.0021511316299438
        }
    ],
    "avg": [
        {
            "acc/test/avg": 0.861146092414856,
            "normalized_acc/test/avg": 0.9654251635074615
        }
    ]
}