{
    "Cars": [
        {
            "acc/test/Cars_epoch": 0.7610993385314941,
            "loss/test/Cars_epoch": 0.6970869898796082,
            "acc/test/Cars": 0.7610993385314941,
            "normalized_acc/test/Cars": 0.8870850205421448
        }
    ],
    "SVHN": [
        {
            "acc/test/SVHN_epoch": 0.9331976175308228,
            "loss/test/SVHN_epoch": 0.3178020417690277,
            "acc/test/SVHN": 0.9331976175308228,
            "normalized_acc/test/SVHN": 0.9572464823722839
        }
    ],
    "avg": [
        {
            "acc/test/avg": 0.8471484780311584,
            "normalized_acc/test/avg": 0.9221657514572144
        }
    ]
}