{
    "RESISC45": [
        {
            "acc/test/RESISC45_epoch": 0.8917460441589355,
            "loss/test/RESISC45_epoch": 0.3382461667060852,
            "acc/test/RESISC45": 0.8917460441589355,
            "normalized_acc/test/RESISC45": 0.92249596118927
        }
    ],
    "RenderedSST2": [
        {
            "acc/test/RenderedSST2_epoch": 0.7166392207145691,
            "loss/test/RenderedSST2_epoch": 0.5449224710464478,
            "acc/test/RenderedSST2": 0.7166392207145691,
            "normalized_acc/test/RenderedSST2": 0.9288256168365479
        }
    ],
    "avg": [
        {
            "acc/test/avg": 0.8041926324367523,
            "normalized_acc/test/avg": 0.9256607890129089
        }
    ]
}