{
    "STL10": [
        {
            "acc/test/STL10_epoch": 0.9896249771118164,
            "loss/test/STL10_epoch": 0.032817162573337555,
            "acc/test/STL10": 0.9896249771118164,
            "normalized_acc/test/STL10": 1.0017714500427246
        }
    ],
    "RenderedSST2": [
        {
            "acc/test/RenderedSST2_epoch": 0.7281713485717773,
            "loss/test/RenderedSST2_epoch": 0.5351819396018982,
            "acc/test/RenderedSST2": 0.7281713485717773,
            "normalized_acc/test/RenderedSST2": 0.9437722563743591
        }
    ],
    "avg": [
        {
            "acc/test/avg": 0.8588981628417969,
            "normalized_acc/test/avg": 0.9727718532085419
        }
    ]
}