{
    "Flowers102": [
        {
            "acc/test/Flowers102_epoch": 0.7999674677848816,
            "loss/test/Flowers102_epoch": 0.829031229019165,
            "acc/test/Flowers102": 0.7999674677848816,
            "normalized_acc/test/Flowers102": 0.8489816784858704
        }
    ],
    "STL10": [
        {
            "acc/test/STL10_epoch": 0.9901250004768372,
            "loss/test/STL10_epoch": 0.03160199522972107,
            "acc/test/STL10": 0.9901250004768372,
            "normalized_acc/test/STL10": 1.0022776126861572
        }
    ],
    "avg": [
        {
            "acc/test/avg": 0.8950462341308594,
            "normalized_acc/test/avg": 0.9256296455860138
        }
    ]
}