{
    "Cars": [
        {
            "acc/test/Cars_epoch": 0.7638353705406189,
            "loss/test/Cars_epoch": 0.6932723522186279,
            "acc/test/Cars": 0.7638353705406189,
            "normalized_acc/test/Cars": 0.8902739882469177
        }
    ],
    "OxfordIIITPet": [
        {
            "acc/test/OxfordIIITPet_epoch": 0.9332243204116821,
            "loss/test/OxfordIIITPet_epoch": 0.19843226671218872,
            "acc/test/OxfordIIITPet": 0.9332243204116821,
            "normalized_acc/test/OxfordIIITPet": 0.9819328784942627
        }
    ],
    "avg": [
        {
            "acc/test/avg": 0.8485298454761505,
            "normalized_acc/test/avg": 0.9361034333705902
        }
    ]
}