{
    "DTD": [
        {
            "acc/test/DTD_epoch": 0.6143617033958435,
            "loss/test/DTD_epoch": 1.3595662117004395,
            "acc/test/DTD": 0.6143617033958435,
            "normalized_acc/test/DTD": 0.7413350343704224
        }
    ],
    "FashionMNIST": [
        {
            "acc/test/FashionMNIST_epoch": 0.9014000296592712,
            "loss/test/FashionMNIST_epoch": 0.29253944754600525,
            "acc/test/FashionMNIST": 0.9014000296592712,
            "normalized_acc/test/FashionMNIST": 0.9468487501144409
        }
    ],
    "avg": [
        {
            "acc/test/avg": 0.7578808665275574,
            "normalized_acc/test/avg": 0.8440918922424316
        }
    ]
}