{
    "Cars": [
        {
            "acc/test/Cars_epoch": 0.7629647850990295,
            "loss/test/Cars_epoch": 0.687822699546814,
            "acc/test/Cars": 0.7629647850990295,
            "normalized_acc/test/Cars": 0.8892592787742615
        }
    ],
    "EuroSAT": [
        {
            "acc/test/EuroSAT_epoch": 0.9725925922393799,
            "loss/test/EuroSAT_epoch": 0.11723306030035019,
            "acc/test/EuroSAT": 0.9725925922393799,
            "normalized_acc/test/EuroSAT": 0.9816822409629822
        }
    ],
    "avg": [
        {
            "acc/test/avg": 0.8677786886692047,
            "normalized_acc/test/avg": 0.9354707598686218
        }
    ]
}