{
    "SUN397": [
        {
            "acc/test/SUN397_epoch": 0.7301259636878967,
            "loss/test/SUN397_epoch": 0.9220045804977417,
            "acc/test/SUN397": 0.7301259636878967,
            "normalized_acc/test/SUN397": 0.9259520173072815
        }
    ],
    "CIFAR10": [
        {
            "acc/test/CIFAR10_epoch": 0.979200005531311,
            "loss/test/CIFAR10_epoch": 0.07001844793558121,
            "acc/test/CIFAR10": 0.979200005531311,
            "normalized_acc/test/CIFAR10": 0.9975550174713135
        }
    ],
    "avg": [
        {
            "acc/test/avg": 0.8546629846096039,
            "normalized_acc/test/avg": 0.9617535173892975
        }
    ]
}