{
    "DTD": [
        {
            "acc/test/DTD_epoch": 0.6382978558540344,
            "loss/test/DTD_epoch": 1.244905948638916,
            "acc/test/DTD": 0.6382978558540344,
            "normalized_acc/test/DTD": 0.7702181935310364
        }
    ],
    "RenderedSST2": [
        {
            "acc/test/RenderedSST2_epoch": 0.7369577288627625,
            "loss/test/RenderedSST2_epoch": 0.5252910852432251,
            "acc/test/RenderedSST2": 0.7369577288627625,
            "normalized_acc/test/RenderedSST2": 0.9551601409912109
        }
    ],
    "avg": [
        {
            "acc/test/avg": 0.6876277923583984,
            "normalized_acc/test/avg": 0.8626891672611237
        }
    ]
}