{
    "PCAM": [
        {
            "acc/test/PCAM_epoch": 0.891937255859375,
            "loss/test/PCAM_epoch": 0.27169889211654663,
            "acc/test/PCAM": 0.891937255859375,
            "normalized_acc/test/PCAM": 1.005297064781189
        }
    ],
    "OxfordIIITPet": [
        {
            "acc/test/OxfordIIITPet_epoch": 0.9310438632965088,
            "loss/test/OxfordIIITPet_epoch": 0.21063028275966644,
            "acc/test/OxfordIIITPet": 0.9310438632965088,
            "normalized_acc/test/OxfordIIITPet": 0.9796386361122131
        }
    ],
    "avg": [
        {
            "acc/test/avg": 0.9114905595779419,
            "normalized_acc/test/avg": 0.992467850446701
        }
    ]
}