{
    "SVHN": [
        {
            "acc/test/SVHN_epoch": 0.9198294281959534,
            "loss/test/SVHN_epoch": 0.353961706161499,
            "acc/test/SVHN": 0.9198294281959534,
            "normalized_acc/test/SVHN": 0.9435337781906128
        }
    ],
    "FER2013": [
        {
            "acc/test/FER2013_epoch": 0.646976888179779,
            "loss/test/FER2013_epoch": 0.9935225248336792,
            "acc/test/FER2013": 0.646976888179779,
            "normalized_acc/test/FER2013": 0.8775510191917419
        }
    ],
    "avg": [
        {
            "acc/test/avg": 0.7834031581878662,
            "normalized_acc/test/avg": 0.9105423986911774
        }
    ]
}