{
    "SVHN": [
        {
            "acc/test/SVHN_epoch": 0.91690993309021,
            "loss/test/SVHN_epoch": 0.40029945969581604,
            "acc/test/SVHN": 0.91690993309021,
            "normalized_acc/test/SVHN": 0.9405390620231628
        }
    ],
    "CIFAR10": [
        {
            "acc/test/CIFAR10_epoch": 0.9706000089645386,
            "loss/test/CIFAR10_epoch": 0.08959829062223434,
            "acc/test/CIFAR10": 0.9706000089645386,
            "normalized_acc/test/CIFAR10": 0.9887938499450684
        }
    ],
    "avg": [
        {
            "acc/test/avg": 0.9437549710273743,
            "normalized_acc/test/avg": 0.9646664559841156
        }
    ]
}