{
    "EuroSAT": [
        {
            "acc/test/EuroSAT_epoch": 0.9696296453475952,
            "loss/test/EuroSAT_epoch": 0.14008568227291107,
            "acc/test/EuroSAT": 0.9696296453475952,
            "normalized_acc/test/EuroSAT": 0.9786916375160217
        }
    ],
    "FER2013": [
        {
            "acc/test/FER2013_epoch": 0.6677347421646118,
            "loss/test/FER2013_epoch": 0.9322069883346558,
            "acc/test/FER2013": 0.6677347421646118,
            "normalized_acc/test/FER2013": 0.9057067036628723
        }
    ],
    "avg": [
        {
            "acc/test/avg": 0.8186821937561035,
            "normalized_acc/test/avg": 0.942199170589447
        }
    ]
}