{
    "DTD": [
        {
            "acc/test/DTD_epoch": 0.6106383204460144,
            "loss/test/DTD_epoch": 1.3989980220794678,
            "acc/test/DTD": 0.6106383204460144,
            "normalized_acc/test/DTD": 0.7368420958518982
        }
    ],
    "CIFAR100": [
        {
            "acc/test/CIFAR100_epoch": 0.8373000025749207,
            "loss/test/CIFAR100_epoch": 0.6049506068229675,
            "acc/test/CIFAR100": 0.8373000025749207,
            "normalized_acc/test/CIFAR100": 0.9379410743713379
        }
    ],
    "avg": [
        {
            "acc/test/avg": 0.7239691615104675,
            "normalized_acc/test/avg": 0.837391585111618
        }
    ]
}