{
    "STL10": [
        {
            "acc/test/STL10_epoch": 0.9854999780654907,
            "loss/test/STL10_epoch": 0.05572515353560448,
            "acc/test/STL10": 0.9854999780654907,
            "normalized_acc/test/STL10": 0.9975958466529846
        }
    ],
    "FashionMNIST": [
        {
            "acc/test/FashionMNIST_epoch": 0.8483999967575073,
            "loss/test/FashionMNIST_epoch": 0.4412485957145691,
            "acc/test/FashionMNIST": 0.8483999967575073,
            "normalized_acc/test/FashionMNIST": 0.8911764621734619
        }
    ],
    "avg": [
        {
            "acc/test/avg": 0.916949987411499,
            "normalized_acc/test/avg": 0.9443861544132233
        }
    ]
}