{
    "EuroSAT": [
        {
            "acc/test/EuroSAT_epoch": 0.8959259390830994,
            "loss/test/EuroSAT_epoch": 0.4547448754310608,
            "acc/test/EuroSAT": 0.8959259390830994,
            "normalized_acc/test/EuroSAT": 0.9042990803718567
        }
    ],
    "MNIST": [
        {
            "acc/test/MNIST_epoch": 0.9678999781608582,
            "loss/test/MNIST_epoch": 0.4203414022922516,
            "acc/test/MNIST": 0.9678999781608582,
            "normalized_acc/test/MNIST": 0.9712995290756226
        }
    ],
    "avg": [
        {
            "acc/test/avg": 0.9319129586219788,
            "normalized_acc/test/avg": 0.9377993047237396
        }
    ]
}