{
    "EuroSAT": [
        {
            "acc/test/EuroSAT_epoch": 0.8933333158493042,
            "loss/test/EuroSAT_epoch": 0.45661142468452454,
            "acc/test/EuroSAT": 0.8933333158493042,
            "normalized_acc/test/EuroSAT": 0.9016822576522827
        }
    ],
    "CIFAR100": [
        {
            "acc/test/CIFAR100_epoch": 0.7979000210762024,
            "loss/test/CIFAR100_epoch": 0.7343619465827942,
            "acc/test/CIFAR100": 0.7979000210762024,
            "normalized_acc/test/CIFAR100": 0.8938053250312805
        }
    ],
    "avg": [
        {
            "acc/test/avg": 0.8456166684627533,
            "normalized_acc/test/avg": 0.8977437913417816
        }
    ]
}