{
    "FER2013": [
        {
            "acc/test/FER2013_epoch": 0.6101978421211243,
            "loss/test/FER2013_epoch": 1.0759623050689697,
            "acc/test/FER2013": 0.6101978421211243,
            "normalized_acc/test/FER2013": 0.8276644349098206
        }
    ],
    "KMNIST": [
        {
            "acc/test/KMNIST_epoch": 0.16429999470710754,
            "loss/test/KMNIST_epoch": 2.2051682472229004,
            "acc/test/KMNIST": 0.16429999470710754,
            "normalized_acc/test/KMNIST": 0.16705642640590668
        }
    ],
    "avg": [
        {
            "acc/test/avg": 0.3872489184141159,
            "normalized_acc/test/avg": 0.4973604306578636
        }
    ]
}