{
    "EuroSAT": [
        {
            "acc/test/EuroSAT_epoch": 0.9274073839187622,
            "loss/test/EuroSAT_epoch": 0.3493821620941162,
            "acc/test/EuroSAT": 0.9274073839187622,
            "normalized_acc/test/EuroSAT": 0.9360747933387756
        }
    ],
    "STL10": [
        {
            "acc/test/STL10_epoch": 0.9856250286102295,
            "loss/test/STL10_epoch": 0.053439002484083176,
            "acc/test/STL10": 0.9856250286102295,
            "normalized_acc/test/STL10": 0.9977224469184875
        }
    ],
    "avg": [
        {
            "acc/test/avg": 0.9565162062644958,
            "normalized_acc/test/avg": 0.9668986201286316
        }
    ]
}