{
    "OxfordIIITPet": [
        {
            "acc/test/OxfordIIITPet_epoch": 0.9146906733512878,
            "loss/test/OxfordIIITPet_epoch": 0.24547648429870605,
            "acc/test/OxfordIIITPet": 0.9146906733512878,
            "normalized_acc/test/OxfordIIITPet": 0.9624319076538086
        }
    ],
    "RenderedSST2": [
        {
            "acc/test/RenderedSST2_epoch": 0.6974189877510071,
            "loss/test/RenderedSST2_epoch": 0.5760842561721802,
            "acc/test/RenderedSST2": 0.6974189877510071,
            "normalized_acc/test/RenderedSST2": 0.9039145708084106
        }
    ],
    "avg": [
        {
            "acc/test/avg": 0.8060548305511475,
            "normalized_acc/test/avg": 0.9331732392311096
        }
    ]
}