{
    "Cars": [
        {
            "acc/test/Cars_epoch": 0.7098619341850281,
            "loss/test/Cars_epoch": 0.8216219544410706,
            "acc/test/Cars": 0.7098619341850281,
            "normalized_acc/test/Cars": 0.8273662328720093
        }
    ],
    "EuroSAT": [
        {
            "acc/test/EuroSAT_epoch": 0.9229629635810852,
            "loss/test/EuroSAT_epoch": 0.3747187852859497,
            "acc/test/EuroSAT": 0.9229629635810852,
            "normalized_acc/test/EuroSAT": 0.9315888285636902
        }
    ],
    "avg": [
        {
            "acc/test/avg": 0.8164124488830566,
            "normalized_acc/test/avg": 0.8794775307178497
        }
    ]
}