{
    "Cars": [
        {
            "acc/test/Cars_epoch": 0.717074990272522,
            "loss/test/Cars_epoch": 0.8074259161949158,
            "acc/test/Cars": 0.717074990272522,
            "normalized_acc/test/Cars": 0.8357732892036438
        }
    ],
    "OxfordIIITPet": [
        {
            "acc/test/OxfordIIITPet_epoch": 0.9103298187255859,
            "loss/test/OxfordIIITPet_epoch": 0.2558920383453369,
            "acc/test/OxfordIIITPet": 0.9103298187255859,
            "normalized_acc/test/OxfordIIITPet": 0.9578434228897095
        }
    ],
    "avg": [
        {
            "acc/test/avg": 0.813702404499054,
            "normalized_acc/test/avg": 0.8968083560466766
        }
    ]
}