{
    "Flowers102": [
        {
            "acc/test/Flowers102_epoch": 0.7329646944999695,
            "loss/test/Flowers102_epoch": 1.1428788900375366,
            "acc/test/Flowers102": 0.7329646944999695,
            "normalized_acc/test/Flowers102": 0.7778736352920532
        }
    ],
    "PCAM": [
        {
            "acc/test/PCAM_epoch": 0.804168701171875,
            "loss/test/PCAM_epoch": 0.43277227878570557,
            "acc/test/PCAM": 0.804168701171875,
            "normalized_acc/test/PCAM": 0.9063736200332642
        }
    ],
    "avg": [
        {
            "acc/test/avg": 0.7685666978359222,
            "normalized_acc/test/avg": 0.8421236276626587
        }
    ]
}