{
    "CIFAR10": [
        {
            "acc/test/CIFAR10_epoch": 0.9648000001907349,
            "loss/test/CIFAR10_epoch": 0.1145041361451149,
            "acc/test/CIFAR10": 0.9648000001907349,
            "normalized_acc/test/CIFAR10": 0.9828851222991943
        }
    ],
    "EMNIST": [
        {
            "acc/test/EMNIST_epoch": 0.9370999932289124,
            "loss/test/EMNIST_epoch": 0.5718145966529846,
            "acc/test/EMNIST": 0.9370999932289124,
            "normalized_acc/test/EMNIST": 0.9424721002578735
        }
    ],
    "avg": [
        {
            "acc/test/avg": 0.9509499967098236,
            "normalized_acc/test/avg": 0.9626786112785339
        }
    ]
}