{
    "GTSRB": [
        {
            "acc/test/GTSRB_epoch": 0.6490894556045532,
            "loss/test/GTSRB_epoch": 1.2480438947677612,
            "acc/test/GTSRB": 0.6490894556045532,
            "normalized_acc/test/GTSRB": 0.6562075018882751
        }
    ],
    "FashionMNIST": [
        {
            "acc/test/FashionMNIST_epoch": 0.8478999733924866,
            "loss/test/FashionMNIST_epoch": 0.4387999475002289,
            "acc/test/FashionMNIST": 0.8478999733924866,
            "normalized_acc/test/FashionMNIST": 0.8906512260437012
        }
    ],
    "avg": [
        {
            "acc/test/avg": 0.7484947144985199,
            "normalized_acc/test/avg": 0.7734293639659882
        }
    ]
}