{
    "DTD": [
        {
            "acc/test/DTD_epoch": 0.5159574747085571,
            "loss/test/DTD_epoch": 1.6854586601257324,
            "acc/test/DTD": 0.5159574747085571,
            "normalized_acc/test/DTD": 0.622593104839325
        }
    ],
    "FashionMNIST": [
        {
            "acc/test/FashionMNIST_epoch": 0.8532000184059143,
            "loss/test/FashionMNIST_epoch": 0.4322618544101715,
            "acc/test/FashionMNIST": 0.8532000184059143,
            "normalized_acc/test/FashionMNIST": 0.896218478679657
        }
    ],
    "avg": [
        {
            "acc/test/avg": 0.6845787465572357,
            "normalized_acc/test/avg": 0.759405791759491
        }
    ]
}