{
    "EMNIST": [
        {
            "acc/test/EMNIST_epoch": 0.9595000147819519,
            "loss/test/EMNIST_epoch": 0.4858107566833496,
            "acc/test/EMNIST": 0.9595000147819519,
            "normalized_acc/test/EMNIST": 0.9650005102157593
        }
    ],
    "RenderedSST2": [
        {
            "acc/test/RenderedSST2_epoch": 0.6633718013763428,
            "loss/test/RenderedSST2_epoch": 0.6030310392379761,
            "acc/test/RenderedSST2": 0.6633718013763428,
            "normalized_acc/test/RenderedSST2": 0.8597865104675293
        }
    ],
    "avg": [
        {
            "acc/test/avg": 0.8114359080791473,
            "normalized_acc/test/avg": 0.9123935103416443
        }
    ]
}