{
    "Cars": [
        {
            "acc/test/Cars_epoch": 0.7114786505699158,
            "loss/test/Cars_epoch": 0.825654923915863,
            "acc/test/Cars": 0.7114786505699158,
            "normalized_acc/test/Cars": 0.8292505741119385
        }
    ],
    "RESISC45": [
        {
            "acc/test/RESISC45_epoch": 0.8112698197364807,
            "loss/test/RESISC45_epoch": 0.5928980112075806,
            "acc/test/RESISC45": 0.8112698197364807,
            "normalized_acc/test/RESISC45": 0.8392446637153625
        }
    ],
    "avg": [
        {
            "acc/test/avg": 0.7613742351531982,
            "normalized_acc/test/avg": 0.8342476189136505
        }
    ]
}