{
    "Cars": [
        {
            "acc/test/Cars_epoch": 0.702648937702179,
            "loss/test/Cars_epoch": 0.8452871441841125,
            "acc/test/Cars": 0.702648937702179,
            "normalized_acc/test/Cars": 0.8189592957496643
        }
    ],
    "KMNIST": [
        {
            "acc/test/KMNIST_epoch": 0.15360000729560852,
            "loss/test/KMNIST_epoch": 2.2151219844818115,
            "acc/test/KMNIST": 0.15360000729560852,
            "normalized_acc/test/KMNIST": 0.15617692470550537
        }
    ],
    "avg": [
        {
            "acc/test/avg": 0.42812447249889374,
            "normalized_acc/test/avg": 0.48756811022758484
        }
    ]
}