{
    "EuroSAT": [
        {
            "acc/test/EuroSAT_epoch": 0.8729629516601562,
            "loss/test/EuroSAT_epoch": 0.5880577564239502,
            "acc/test/EuroSAT": 0.8729629516601562,
            "normalized_acc/test/EuroSAT": 0.8811215162277222
        }
    ],
    "PCAM": [
        {
            "acc/test/PCAM_epoch": 0.80657958984375,
            "loss/test/PCAM_epoch": 0.42572036385536194,
            "acc/test/PCAM": 0.80657958984375,
            "normalized_acc/test/PCAM": 0.9090909361839294
        }
    ],
    "avg": [
        {
            "acc/test/avg": 0.8397712707519531,
            "normalized_acc/test/avg": 0.8951062262058258
        }
    ]
}