{
    "MNIST": [
        {
            "acc/test/MNIST_epoch": 0.9681000113487244,
            "loss/test/MNIST_epoch": 0.4686453640460968,
            "acc/test/MNIST": 0.9681000113487244,
            "normalized_acc/test/MNIST": 0.9715002179145813
        }
    ],
    "OxfordIIITPet": [
        {
            "acc/test/OxfordIIITPet_epoch": 0.9062414765357971,
            "loss/test/OxfordIIITPet_epoch": 0.2681705057621002,
            "acc/test/OxfordIIITPet": 0.9062414765357971,
            "normalized_acc/test/OxfordIIITPet": 0.9535416960716248
        }
    ],
    "avg": [
        {
            "acc/test/avg": 0.9371707439422607,
            "normalized_acc/test/avg": 0.962520956993103
        }
    ]
}