{
    "SUN397": [
        {
            "acc/test/SUN397_epoch": 0.6975818872451782,
            "loss/test/SUN397_epoch": 1.0368505716323853,
            "acc/test/SUN397": 0.6975818872451782,
            "normalized_acc/test/SUN397": 0.8846793174743652
        }
    ],
    "Food101": [
        {
            "acc/test/Food101_epoch": 0.9065742492675781,
            "loss/test/Food101_epoch": 0.3179999887943268,
            "acc/test/Food101": 0.9065742492675781,
            "normalized_acc/test/Food101": 0.9973422884941101
        }
    ],
    "avg": [
        {
            "acc/test/avg": 0.8020780682563782,
            "normalized_acc/test/avg": 0.9410108029842377
        }
    ]
}