{
    "RESISC45": [
        {
            "acc/test/RESISC45_epoch": 0.9568253755569458,
            "loss/test/RESISC45_epoch": 0.16106459498405457,
            "acc/test/RESISC45": 0.9568253755569458,
            "normalized_acc/test/RESISC45": 0.9898194074630737
        }
    ],
    "GTSRB": [
        {
            "acc/test/GTSRB_epoch": 0.989311158657074,
            "loss/test/GTSRB_epoch": 0.039584074169397354,
            "acc/test/GTSRB": 0.989311158657074,
            "normalized_acc/test/GTSRB": 1.0001600980758667
        }
    ],
    "avg": [
        {
            "acc/test/avg": 0.9730682671070099,
            "normalized_acc/test/avg": 0.9949897527694702
        }
    ]
}