{
    "FER2013": [
        {
            "acc/test/FER2013_epoch": 0.7415714859962463,
            "loss/test/FER2013_epoch": 1.0532525777816772,
            "acc/test/FER2013": 0.7415714859962463,
            "normalized_acc/test/FER2013": 1.0058579444885254
        }
    ],
    "STL10": [
        {
            "acc/test/STL10_epoch": 0.9892500042915344,
            "loss/test/STL10_epoch": 0.03596223145723343,
            "acc/test/STL10": 0.9892500042915344,
            "normalized_acc/test/STL10": 1.001391887664795
        }
    ],
    "avg": [
        {
            "acc/test/avg": 0.8654107451438904,
            "normalized_acc/test/avg": 1.0036249160766602
        }
    ]
}