{
    "PCAM": [
        {
            "acc/test/PCAM_epoch": 0.883575439453125,
            "loss/test/PCAM_epoch": 0.33085888624191284,
            "acc/test/PCAM": 0.883575439453125,
            "normalized_acc/test/PCAM": 0.995872437953949
        }
    ],
    "FER2013": [
        {
            "acc/test/FER2013_epoch": 0.7110615968704224,
            "loss/test/FER2013_epoch": 0.9842329025268555,
            "acc/test/FER2013": 0.7110615968704224,
            "normalized_acc/test/FER2013": 0.9644747376441956
        }
    ],
    "avg": [
        {
            "acc/test/avg": 0.7973185181617737,
            "normalized_acc/test/avg": 0.9801735877990723
        }
    ]
}