{
    "SVHN": [
        {
            "acc/test/SVHN_epoch": 0.9680777788162231,
            "loss/test/SVHN_epoch": 0.13692212104797363,
            "acc/test/SVHN": 0.9680777788162231,
            "normalized_acc/test/SVHN": 0.9930254817008972
        }
    ],
    "GTSRB": [
        {
            "acc/test/GTSRB_epoch": 0.9692003130912781,
            "loss/test/GTSRB_epoch": 0.13738791644573212,
            "acc/test/GTSRB": 0.9692003130912781,
            "normalized_acc/test/GTSRB": 0.9798287153244019
        }
    ],
    "avg": [
        {
            "acc/test/avg": 0.9686390459537506,
            "normalized_acc/test/avg": 0.9864270985126495
        }
    ]
}