{
    "DTD": [
        {
            "acc/test/DTD_epoch": 0.7718085050582886,
            "loss/test/DTD_epoch": 0.9708594679832458,
            "acc/test/DTD": 0.7718085050582886,
            "normalized_acc/test/DTD": 0.9313221573829651
        }
    ],
    "KMNIST": [
        {
            "acc/test/KMNIST_epoch": 0.979200005531311,
            "loss/test/KMNIST_epoch": 0.08785422891378403,
            "acc/test/KMNIST": 0.979200005531311,
            "normalized_acc/test/KMNIST": 0.9956278800964355
        }
    ],
    "avg": [
        {
            "acc/test/avg": 0.8755042552947998,
            "normalized_acc/test/avg": 0.9634750187397003
        }
    ]
}