{
    "RESISC45": [
        {
            "acc/test/RESISC45_epoch": 0.9449206590652466,
            "loss/test/RESISC45_epoch": 0.18703815340995789,
            "acc/test/RESISC45": 0.9449206590652466,
            "normalized_acc/test/RESISC45": 0.9775041341781616
        }
    ],
    "CIFAR10": [
        {
            "acc/test/CIFAR10_epoch": 0.9829999804496765,
            "loss/test/CIFAR10_epoch": 0.07521601766347885,
            "acc/test/CIFAR10": 0.9829999804496765,
            "normalized_acc/test/CIFAR10": 1.0014262199401855
        }
    ],
    "avg": [
        {
            "acc/test/avg": 0.9639603197574615,
            "normalized_acc/test/avg": 0.9894651770591736
        }
    ]
}