{
    "STL10": [
        {
            "acc/test/STL10_epoch": 0.9712499976158142,
            "loss/test/STL10_epoch": 0.1129293143749237,
            "acc/test/STL10": 0.9712499976158142,
            "normalized_acc/test/STL10": 0.9831709861755371
        }
    ],
    "CIFAR10": [
        {
            "acc/test/CIFAR10_epoch": 0.9846000075340271,
            "loss/test/CIFAR10_epoch": 0.06215362995862961,
            "acc/test/CIFAR10": 0.9846000075340271,
            "normalized_acc/test/CIFAR10": 1.003056287765503
        }
    ],
    "avg": [
        {
            "acc/test/avg": 0.9779250025749207,
            "normalized_acc/test/avg": 0.99311363697052
        }
    ]
}