{
    "PCAM": [
        {
            "acc/test/PCAM_epoch": 0.83984375,
            "loss/test/PCAM_epoch": 0.4587191939353943,
            "acc/test/PCAM": 0.83984375,
            "normalized_acc/test/PCAM": 0.9465827345848083
        }
    ],
    "CIFAR100": [
        {
            "acc/test/CIFAR100_epoch": 0.8162000179290771,
            "loss/test/CIFAR100_epoch": 0.689189076423645,
            "acc/test/CIFAR100": 0.8162000179290771,
            "normalized_acc/test/CIFAR100": 0.9143049120903015
        }
    ],
    "avg": [
        {
            "acc/test/avg": 0.8280218839645386,
            "normalized_acc/test/avg": 0.9304438233375549
        }
    ]
}