{
    "RESISC45": [
        {
            "acc/test/RESISC45_epoch": 0.9568253755569458,
            "loss/test/RESISC45_epoch": 0.14682267606258392,
            "acc/test/RESISC45": 0.9568253755569458,
            "normalized_acc/test/RESISC45": 0.9898194074630737
        }
    ],
    "Food101": [
        {
            "acc/test/Food101_epoch": 0.911524772644043,
            "loss/test/Food101_epoch": 0.3739069104194641,
            "acc/test/Food101": 0.911524772644043,
            "normalized_acc/test/Food101": 1.0027884244918823
        }
    ],
    "avg": [
        {
            "acc/test/avg": 0.9341750741004944,
            "normalized_acc/test/avg": 0.996303915977478
        }
    ]
}