{
    "GTSRB": [
        {
            "acc/test/GTSRB_epoch": 0.9887569546699524,
            "loss/test/GTSRB_epoch": 0.0460369810461998,
            "acc/test/GTSRB": 0.9887569546699524,
            "normalized_acc/test/GTSRB": 0.999599814414978
        }
    ],
    "Food101": [
        {
            "acc/test/Food101_epoch": 0.9024554491043091,
            "loss/test/Food101_epoch": 0.4126134216785431,
            "acc/test/Food101": 0.9024554491043091,
            "normalized_acc/test/Food101": 0.9928110837936401
        }
    ],
    "avg": [
        {
            "acc/test/avg": 0.9456062018871307,
            "normalized_acc/test/avg": 0.9962054491043091
        }
    ]
}