{
    "CIFAR100": [
        {
            "acc/test/CIFAR100_epoch": 0.8967999815940857,
            "loss/test/CIFAR100_epoch": 0.4499761760234833,
            "acc/test/CIFAR100": 0.8967999815940857,
            "normalized_acc/test/CIFAR100": 1.004592776298523
        }
    ],
    "RenderedSST2": [
        {
            "acc/test/RenderedSST2_epoch": 0.788577675819397,
            "loss/test/RenderedSST2_epoch": 0.8323822021484375,
            "acc/test/RenderedSST2": 0.788577675819397,
            "normalized_acc/test/RenderedSST2": 1.022063970565796
        }
    ],
    "avg": [
        {
            "acc/test/avg": 0.8426888287067413,
            "normalized_acc/test/avg": 1.0133283734321594
        }
    ]
}