{
    "SUN397": [
        {
            "acc/test/SUN397_epoch": 0.7785390615463257,
            "loss/test/SUN397_epoch": 0.8620764017105103,
            "acc/test/SUN397": 0.7785390615463257,
            "normalized_acc/test/SUN397": 0.9873499274253845
        }
    ],
    "FER2013": [
        {
            "acc/test/FER2013_epoch": 0.7421287298202515,
            "loss/test/FER2013_epoch": 1.1681323051452637,
            "acc/test/FER2013": 0.7421287298202515,
            "normalized_acc/test/FER2013": 1.0066137313842773
        }
    ],
    "avg": [
        {
            "acc/test/avg": 0.7603338956832886,
            "normalized_acc/test/avg": 0.9969818294048309
        }
    ]
}