{
    "MNIST": [
        {
            "acc/test/MNIST_epoch": 0.9958000183105469,
            "loss/test/MNIST_epoch": 0.029035678133368492,
            "acc/test/MNIST": 0.9958000183105469,
            "normalized_acc/test/MNIST": 0.999297559261322
        }
    ],
    "FashionMNIST": [
        {
            "acc/test/FashionMNIST_epoch": 0.9232000112533569,
            "loss/test/FashionMNIST_epoch": 0.2696610689163208,
            "acc/test/FashionMNIST": 0.9232000112533569,
            "normalized_acc/test/FashionMNIST": 0.9697479009628296
        }
    ],
    "avg": [
        {
            "acc/test/avg": 0.9595000147819519,
            "normalized_acc/test/avg": 0.9845227301120758
        }
    ]
}