{
    "GTSRB": [
        {
            "acc/test/GTSRB_epoch": 0.9853523373603821,
            "loss/test/GTSRB_epoch": 0.061250895261764526,
            "acc/test/GTSRB": 0.9853523373603821,
            "normalized_acc/test/GTSRB": 0.9961578845977783
        }
    ],
    "FashionMNIST": [
        {
            "acc/test/FashionMNIST_epoch": 0.944100022315979,
            "loss/test/FashionMNIST_epoch": 0.1961938440799713,
            "acc/test/FashionMNIST": 0.944100022315979,
            "normalized_acc/test/FashionMNIST": 0.9917016625404358
        }
    ],
    "avg": [
        {
            "acc/test/avg": 0.9647261798381805,
            "normalized_acc/test/avg": 0.9939297735691071
        }
    ]
}