{
    "SUN397": [
        {
            "acc/test/SUN397_epoch": 0.7739546895027161,
            "loss/test/SUN397_epoch": 0.8741990923881531,
            "acc/test/SUN397": 0.7739546895027161,
            "normalized_acc/test/SUN397": 0.9815359711647034
        }
    ],
    "DTD": [
        {
            "acc/test/DTD_epoch": 0.797340452671051,
            "loss/test/DTD_epoch": 0.8723636865615845,
            "acc/test/DTD": 0.797340452671051,
            "normalized_acc/test/DTD": 0.9621309638023376
        }
    ],
    "avg": [
        {
            "acc/test/avg": 0.7856475710868835,
            "normalized_acc/test/avg": 0.9718334674835205
        }
    ]
}