{
    "STL10": [
        {
            "acc/test/STL10_epoch": 0.9906250238418579,
            "loss/test/STL10_epoch": 0.03304092586040497,
            "acc/test/STL10": 0.9906250238418579,
            "normalized_acc/test/STL10": 1.0027837753295898
        }
    ],
    "Food101": [
        {
            "acc/test/Food101_epoch": 0.9141386151313782,
            "loss/test/Food101_epoch": 0.34784457087516785,
            "acc/test/Food101": 0.9141386151313782,
            "normalized_acc/test/Food101": 1.0056639909744263
        }
    ],
    "avg": [
        {
            "acc/test/avg": 0.952381819486618,
            "normalized_acc/test/avg": 1.004223883152008
        }
    ]
}