{
    "MNIST": [
        {
            "acc/test/MNIST_epoch": 0.9958000183105469,
            "loss/test/MNIST_epoch": 0.029150964692234993,
            "acc/test/MNIST": 0.9958000183105469,
            "normalized_acc/test/MNIST": 0.999297559261322
        }
    ],
    "CIFAR10": [
        {
            "acc/test/CIFAR10_epoch": 0.9735000133514404,
            "loss/test/CIFAR10_epoch": 0.1098874881863594,
            "acc/test/CIFAR10": 0.9735000133514404,
            "normalized_acc/test/CIFAR10": 0.9917482137680054
        }
    ],
    "avg": [
        {
            "acc/test/avg": 0.9846500158309937,
            "normalized_acc/test/avg": 0.9955228865146637
        }
    ]
}