{
    "STL10": [
        {
            "acc/test/STL10_epoch": 0.9772499799728394,
            "loss/test/STL10_epoch": 0.07632886618375778,
            "acc/test/STL10": 0.9772499799728394,
            "normalized_acc/test/STL10": 0.9892445802688599
        }
    ],
    "KMNIST": [
        {
            "acc/test/KMNIST_epoch": 0.9799000024795532,
            "loss/test/KMNIST_epoch": 0.08998864144086838,
            "acc/test/KMNIST": 0.9799000024795532,
            "normalized_acc/test/KMNIST": 0.9963396191596985
        }
    ],
    "avg": [
        {
            "acc/test/avg": 0.9785749912261963,
            "normalized_acc/test/avg": 0.9927920997142792
        }
    ]
}