{
    "CIFAR100": [
        {
            "acc/test/CIFAR100_epoch": 0.8845000267028809,
            "loss/test/CIFAR100_epoch": 0.501215398311615,
            "acc/test/CIFAR100": 0.8845000267028809,
            "normalized_acc/test/CIFAR100": 0.9908143877983093
        }
    ],
    "Food101": [
        {
            "acc/test/Food101_epoch": 0.8839603662490845,
            "loss/test/Food101_epoch": 0.48719748854637146,
            "acc/test/Food101": 0.8839603662490845,
            "normalized_acc/test/Food101": 0.9724642634391785
        }
    ],
    "avg": [
        {
            "acc/test/avg": 0.8842301964759827,
            "normalized_acc/test/avg": 0.9816393256187439
        }
    ]
}