{
    "RESISC45": [
        {
            "acc/test/RESISC45_epoch": 0.9603174328804016,
            "loss/test/RESISC45_epoch": 0.14064402878284454,
            "acc/test/RESISC45": 0.9603174328804016,
            "normalized_acc/test/RESISC45": 0.9934318661689758
        }
    ],
    "FER2013": [
        {
            "acc/test/FER2013_epoch": 0.7485371828079224,
            "loss/test/FER2013_epoch": 1.1539881229400635,
            "acc/test/FER2013": 0.7485371828079224,
            "normalized_acc/test/FER2013": 1.0153061151504517
        }
    ],
    "avg": [
        {
            "acc/test/avg": 0.854427307844162,
            "normalized_acc/test/avg": 1.0043689906597137
        }
    ]
}