{
    "RESISC45": [
        {
            "acc/test/RESISC45_epoch": 0.9595237970352173,
            "loss/test/RESISC45_epoch": 0.1387193351984024,
            "acc/test/RESISC45": 0.9595237970352173,
            "normalized_acc/test/RESISC45": 0.9926108717918396
        }
    ],
    "STL10": [
        {
            "acc/test/STL10_epoch": 0.9872499704360962,
            "loss/test/STL10_epoch": 0.04285327345132828,
            "acc/test/STL10": 0.9872499704360962,
            "normalized_acc/test/STL10": 0.9993672966957092
        }
    ],
    "avg": [
        {
            "acc/test/avg": 0.9733868837356567,
            "normalized_acc/test/avg": 0.9959890842437744
        }
    ]
}