{
    "Flowers102": [
        {
            "acc/test/Flowers102_epoch": 0.9235647916793823,
            "loss/test/Flowers102_epoch": 0.29472723603248596,
            "acc/test/Flowers102": 0.9235647916793823,
            "normalized_acc/test/Flowers102": 0.9801518321037292
        }
    ],
    "OxfordIIITPet": [
        {
            "acc/test/OxfordIIITPet_epoch": 0.9525756239891052,
            "loss/test/OxfordIIITPet_epoch": 0.20397119224071503,
            "acc/test/OxfordIIITPet": 0.9525756239891052,
            "normalized_acc/test/OxfordIIITPet": 1.0022941827774048
        }
    ],
    "avg": [
        {
            "acc/test/avg": 0.9380702078342438,
            "normalized_acc/test/avg": 0.991223007440567
        }
    ]
}