{
    "EuroSAT": [
        {
            "acc/test/EuroSAT_epoch": 0.9644444584846497,
            "loss/test/EuroSAT_epoch": 0.12613236904144287,
            "acc/test/EuroSAT": 0.9644444584846497,
            "normalized_acc/test/EuroSAT": 0.9734579920768738
        }
    ],
    "PCAM": [
        {
            "acc/test/PCAM_epoch": 0.8707275390625,
            "loss/test/PCAM_epoch": 0.36992526054382324,
            "acc/test/PCAM": 0.8707275390625,
            "normalized_acc/test/PCAM": 0.9813916683197021
        }
    ],
    "avg": [
        {
            "acc/test/avg": 0.9175859987735748,
            "normalized_acc/test/avg": 0.977424830198288
        }
    ]
}