{
    "EuroSAT": [
        {
            "acc/test/EuroSAT_epoch": 0.9903703927993774,
            "loss/test/EuroSAT_epoch": 0.031641993671655655,
            "acc/test/EuroSAT": 0.9903703927993774,
            "normalized_acc/test/EuroSAT": 0.9996262192726135
        }
    ],
    "STL10": [
        {
            "acc/test/STL10_epoch": 0.9878749847412109,
            "loss/test/STL10_epoch": 0.038905106484889984,
            "acc/test/STL10": 0.9878749847412109,
            "normalized_acc/test/STL10": 1.0
        }
    ],
    "avg": [
        {
            "acc/test/avg": 0.9891226887702942,
            "normalized_acc/test/avg": 0.9998131096363068
        }
    ]
}