{
    "PCAM": [
        {
            "acc/test/PCAM_epoch": 0.918548583984375,
            "loss/test/PCAM_epoch": 0.22028785943984985,
            "acc/test/PCAM": 0.918548583984375,
            "normalized_acc/test/PCAM": 1.0352904796600342
        }
    ],
    "RenderedSST2": [
        {
            "acc/test/RenderedSST2_epoch": 0.7852827906608582,
            "loss/test/RenderedSST2_epoch": 0.5649039149284363,
            "acc/test/RenderedSST2": 0.7852827906608582,
            "normalized_acc/test/RenderedSST2": 1.0177935361862183
        }
    ],
    "avg": [
        {
            "acc/test/avg": 0.8519156873226166,
            "normalized_acc/test/avg": 1.0265420079231262
        }
    ]
}