{
    "SUN397": [
        {
            "acc/test/SUN397_epoch": 0.7744080424308777,
            "loss/test/SUN397_epoch": 0.868272602558136,
            "acc/test/SUN397": 0.7744080424308777,
            "normalized_acc/test/SUN397": 0.9821109175682068
        }
    ],
    "RESISC45": [
        {
            "acc/test/RESISC45_epoch": 0.9536507725715637,
            "loss/test/RESISC45_epoch": 0.16396044194698334,
            "acc/test/RESISC45": 0.9536507725715637,
            "normalized_acc/test/RESISC45": 0.9865353107452393
        }
    ],
    "avg": [
        {
            "acc/test/avg": 0.8640294075012207,
            "normalized_acc/test/avg": 0.984323114156723
        }
    ]
}