{
    "OxfordIIITPet": [
        {
            "acc/test/OxfordIIITPet_epoch": 0.941400945186615,
            "loss/test/OxfordIIITPet_epoch": 0.2136896252632141,
            "acc/test/OxfordIIITPet": 0.941400945186615,
            "normalized_acc/test/OxfordIIITPet": 0.9905362725257874
        }
    ],
    "EMNIST": [
        {
            "acc/test/EMNIST_epoch": 0.9961000084877014,
            "loss/test/EMNIST_epoch": 0.032105136662721634,
            "acc/test/EMNIST": 0.9961000084877014,
            "normalized_acc/test/EMNIST": 1.0018103122711182
        }
    ],
    "avg": [
        {
            "acc/test/avg": 0.9687504768371582,
            "normalized_acc/test/avg": 0.9961732923984528
        }
    ]
}