{
    "Cars": [
        {
            "acc/test/Cars_epoch": 0.8724039196968079,
            "loss/test/Cars_epoch": 0.4289076030254364,
            "acc/test/Cars": 0.8724039196968079,
            "normalized_acc/test/Cars": 1.0168139934539795
        }
    ],
    "Flowers102": [
        {
            "acc/test/Flowers102_epoch": 0.8533094525337219,
            "loss/test/Flowers102_epoch": 0.5896092653274536,
            "acc/test/Flowers102": 0.8533094525337219,
            "normalized_acc/test/Flowers102": 0.9055919647216797
        }
    ],
    "avg": [
        {
            "acc/test/avg": 0.8628566861152649,
            "normalized_acc/test/avg": 0.9612029790878296
        }
    ]
}