{
    "GTSRB": [
        {
            "acc/test/GTSRB_epoch": 0.983847975730896,
            "loss/test/GTSRB_epoch": 0.0708557590842247,
            "acc/test/GTSRB": 0.983847975730896,
            "normalized_acc/test/GTSRB": 0.9946370124816895
        }
    ],
    "Flowers102": [
        {
            "acc/test/Flowers102_epoch": 0.8601398468017578,
            "loss/test/Flowers102_epoch": 0.557472288608551,
            "acc/test/Flowers102": 0.8601398468017578,
            "normalized_acc/test/Flowers102": 0.9128408432006836
        }
    ],
    "avg": [
        {
            "acc/test/avg": 0.9219939112663269,
            "normalized_acc/test/avg": 0.9537389278411865
        }
    ]
}