{
    "EMNIST": [
        {
            "acc/test/EMNIST_epoch": 0.9962999820709229,
            "loss/test/EMNIST_epoch": 0.03537748381495476,
            "acc/test/EMNIST": 0.9962999820709229,
            "normalized_acc/test/EMNIST": 1.0020114183425903
        }
    ],
    "RenderedSST2": [
        {
            "acc/test/RenderedSST2_epoch": 0.7836353778839111,
            "loss/test/RenderedSST2_epoch": 0.5135152339935303,
            "acc/test/RenderedSST2": 0.7836353778839111,
            "normalized_acc/test/RenderedSST2": 1.0156583786010742
        }
    ],
    "avg": [
        {
            "acc/test/avg": 0.889967679977417,
            "normalized_acc/test/avg": 1.0088348984718323
        }
    ]
}