{
    "SUN397": [
        {
            "acc/test/SUN397_epoch": 0.7657430768013,
            "loss/test/SUN397_epoch": 0.9048186540603638,
            "acc/test/SUN397": 0.7657430768013,
            "normalized_acc/test/SUN397": 0.9711219072341919
        }
    ],
    "DTD": [
        {
            "acc/test/DTD_epoch": 0.7324467897415161,
            "loss/test/DTD_epoch": 1.0686899423599243,
            "acc/test/DTD": 0.7324467897415161,
            "normalized_acc/test/DTD": 0.8838253617286682
        }
    ],
    "avg": [
        {
            "acc/test/avg": 0.7490949332714081,
            "normalized_acc/test/avg": 0.92747363448143
        }
    ]
}