{
    "GTSRB": [
        {
            "acc/test/GTSRB_epoch": 0.9833729267120361,
            "loss/test/GTSRB_epoch": 0.07298831641674042,
            "acc/test/GTSRB": 0.9833729267120361,
            "normalized_acc/test/GTSRB": 0.9941567778587341
        }
    ],
    "OxfordIIITPet": [
        {
            "acc/test/OxfordIIITPet_epoch": 0.9378577470779419,
            "loss/test/OxfordIIITPet_epoch": 0.22749441862106323,
            "acc/test/OxfordIIITPet": 0.9378577470779419,
            "normalized_acc/test/OxfordIIITPet": 0.9868081212043762
        }
    ],
    "avg": [
        {
            "acc/test/avg": 0.960615336894989,
            "normalized_acc/test/avg": 0.9904824495315552
        }
    ]
}