{
    "RESISC45": [
        {
            "acc/test/RESISC45_epoch": 0.9479365348815918,
            "loss/test/RESISC45_epoch": 0.18325701355934143,
            "acc/test/RESISC45": 0.9479365348815918,
            "normalized_acc/test/RESISC45": 0.9806240200996399
        }
    ],
    "MNIST": [
        {
            "acc/test/MNIST_epoch": 0.9959999918937683,
            "loss/test/MNIST_epoch": 0.030592313036322594,
            "acc/test/MNIST": 0.9959999918937683,
            "normalized_acc/test/MNIST": 0.9994982481002808
        }
    ],
    "avg": [
        {
            "acc/test/avg": 0.97196826338768,
            "normalized_acc/test/avg": 0.9900611340999603
        }
    ]
}