{
    "Cars": [
        {
            "acc/test/Cars_epoch": 0.8719064593315125,
            "loss/test/Cars_epoch": 0.44279608130455017,
            "acc/test/Cars": 0.8719064593315125,
            "normalized_acc/test/Cars": 1.0162341594696045
        }
    ],
    "RenderedSST2": [
        {
            "acc/test/RenderedSST2_epoch": 0.7819879055023193,
            "loss/test/RenderedSST2_epoch": 0.5487625598907471,
            "acc/test/RenderedSST2": 0.7819879055023193,
            "normalized_acc/test/RenderedSST2": 1.0135231018066406
        }
    ],
    "avg": [
        {
            "acc/test/avg": 0.8269471824169159,
            "normalized_acc/test/avg": 1.0148786306381226
        }
    ]
}