{
    "MNIST": [
        {
            "acc/test/MNIST_epoch": 0.9950000047683716,
            "loss/test/MNIST_epoch": 0.03681456670165062,
            "acc/test/MNIST": 0.9950000047683716,
            "normalized_acc/test/MNIST": 0.9984947443008423
        }
    ],
    "CIFAR10": [
        {
            "acc/test/CIFAR10_epoch": 0.9763000011444092,
            "loss/test/CIFAR10_epoch": 0.09174951910972595,
            "acc/test/CIFAR10": 0.9763000011444092,
            "normalized_acc/test/CIFAR10": 0.9946006536483765
        }
    ],
    "avg": [
        {
            "acc/test/avg": 0.9856500029563904,
            "normalized_acc/test/avg": 0.9965476989746094
        }
    ]
}