{
    "FER2013": [
        {
            "acc/test/FER2013_epoch": 0.738227903842926,
            "loss/test/FER2013_epoch": 1.020190715789795,
            "acc/test/FER2013": 0.738227903842926,
            "normalized_acc/test/FER2013": 1.0013227462768555
        }
    ],
    "STL10": [
        {
            "acc/test/STL10_epoch": 0.9894999861717224,
            "loss/test/STL10_epoch": 0.03076081909239292,
            "acc/test/STL10": 0.9894999861717224,
            "normalized_acc/test/STL10": 1.0016449689865112
        }
    ],
    "avg": [
        {
            "acc/test/avg": 0.8638639450073242,
            "normalized_acc/test/avg": 1.0014838576316833
        }
    ]
}