{
    "Flowers102": [
        {
            "acc/test/Flowers102_epoch": 0.8215969800949097,
            "loss/test/Flowers102_epoch": 0.7563564777374268,
            "acc/test/Flowers102": 0.8215969800949097,
            "normalized_acc/test/Flowers102": 0.8719364404678345
        }
    ],
    "CIFAR10": [
        {
            "acc/test/CIFAR10_epoch": 0.9853000044822693,
            "loss/test/CIFAR10_epoch": 0.06271147727966309,
            "acc/test/CIFAR10": 0.9853000044822693,
            "normalized_acc/test/CIFAR10": 1.0037693977355957
        }
    ],
    "avg": [
        {
            "acc/test/avg": 0.9034484922885895,
            "normalized_acc/test/avg": 0.9378529191017151
        }
    ]
}