{
    "FER2013": [
        {
            "acc/test/FER2013_epoch": 0.738227903842926,
            "loss/test/FER2013_epoch": 1.0834625959396362,
            "acc/test/FER2013": 0.738227903842926,
            "normalized_acc/test/FER2013": 1.0013227462768555
        }
    ],
    "OxfordIIITPet": [
        {
            "acc/test/OxfordIIITPet_epoch": 0.9378577470779419,
            "loss/test/OxfordIIITPet_epoch": 0.2307901680469513,
            "acc/test/OxfordIIITPet": 0.9378577470779419,
            "normalized_acc/test/OxfordIIITPet": 0.9868081212043762
        }
    ],
    "avg": [
        {
            "acc/test/avg": 0.838042825460434,
            "normalized_acc/test/avg": 0.9940654337406158
        }
    ]
}