{
    "SUN397": [
        {
            "acc/test/SUN397_epoch": 0.7664483785629272,
            "loss/test/SUN397_epoch": 0.8563875555992126,
            "acc/test/SUN397": 0.7664483785629272,
            "normalized_acc/test/SUN397": 0.9720163941383362
        }
    ],
    "CIFAR10": [
        {
            "acc/test/CIFAR10_epoch": 0.982200026512146,
            "loss/test/CIFAR10_epoch": 0.07653972506523132,
            "acc/test/CIFAR10": 0.982200026512146,
            "normalized_acc/test/CIFAR10": 1.0006113052368164
        }
    ],
    "avg": [
        {
            "acc/test/avg": 0.8743242025375366,
            "normalized_acc/test/avg": 0.9863138496875763
        }
    ]
}