{
    "Flowers102": [
        {
            "acc/test/Flowers102_epoch": 0.8664823770523071,
            "loss/test/Flowers102_epoch": 0.5594674348831177,
            "acc/test/Flowers102": 0.8664823770523071,
            "normalized_acc/test/Flowers102": 0.9195719957351685
        }
    ],
    "STL10": [
        {
            "acc/test/STL10_epoch": 0.9929999709129333,
            "loss/test/STL10_epoch": 0.023731885477900505,
            "acc/test/STL10": 0.9929999709129333,
            "normalized_acc/test/STL10": 1.0051878690719604
        }
    ],
    "avg": [
        {
            "acc/test/avg": 0.9297411739826202,
            "normalized_acc/test/avg": 0.9623799324035645
        }
    ]
}