{
    "SVHN": [
        {
            "acc/test/SVHN_epoch": 0.9741088151931763,
            "loss/test/SVHN_epoch": 0.12005813419818878,
            "acc/test/SVHN": 0.9741088151931763,
            "normalized_acc/test/SVHN": 0.9992119669914246
        }
    ],
    "FER2013": [
        {
            "acc/test/FER2013_epoch": 0.6886319518089294,
            "loss/test/FER2013_epoch": 1.2794870138168335,
            "acc/test/FER2013": 0.6886319518089294,
            "normalized_acc/test/FER2013": 0.9340514540672302
        }
    ],
    "avg": [
        {
            "acc/test/avg": 0.8313703835010529,
            "normalized_acc/test/avg": 0.9666317105293274
        }
    ]
}