{
    "CIFAR10": [
        {
            "acc/test/CIFAR10_epoch": 0.9789999723434448,
            "loss/test/CIFAR10_epoch": 0.08559899777173996,
            "acc/test/CIFAR10": 0.9789999723434448,
            "normalized_acc/test/CIFAR10": 0.9973512291908264
        }
    ],
    "FashionMNIST": [
        {
            "acc/test/FashionMNIST_epoch": 0.9401999711990356,
            "loss/test/FashionMNIST_epoch": 0.18527264893054962,
            "acc/test/FashionMNIST": 0.9401999711990356,
            "normalized_acc/test/FashionMNIST": 0.9876049757003784
        }
    ],
    "avg": [
        {
            "acc/test/avg": 0.9595999717712402,
            "normalized_acc/test/avg": 0.9924781024456024
        }
    ]
}