{
    "PCAM": [
        {
            "acc/test/PCAM_epoch": 0.890838623046875,
            "loss/test/PCAM_epoch": 0.2984688878059387,
            "acc/test/PCAM": 0.890838623046875,
            "normalized_acc/test/PCAM": 1.0040587186813354
        }
    ],
    "STL10": [
        {
            "acc/test/STL10_epoch": 0.9787499904632568,
            "loss/test/STL10_epoch": 0.06823088973760605,
            "acc/test/STL10": 0.9787499904632568,
            "normalized_acc/test/STL10": 0.9907630085945129
        }
    ],
    "avg": [
        {
            "acc/test/avg": 0.9347943067550659,
            "normalized_acc/test/avg": 0.9974108636379242
        }
    ]
}