{
    "GTSRB": [
        {
            "acc/test/GTSRB_epoch": 0.9807600975036621,
            "loss/test/GTSRB_epoch": 0.08157490193843842,
            "acc/test/GTSRB": 0.9807600975036621,
            "normalized_acc/test/GTSRB": 0.9915152788162231
        }
    ],
    "DTD": [
        {
            "acc/test/DTD_epoch": 0.7473404407501221,
            "loss/test/DTD_epoch": 1.0141880512237549,
            "acc/test/DTD": 0.7473404407501221,
            "normalized_acc/test/DTD": 0.9017971754074097
        }
    ],
    "avg": [
        {
            "acc/test/avg": 0.8640502691268921,
            "normalized_acc/test/avg": 0.9466562271118164
        }
    ]
}