{
    "Cars": [
        {
            "acc/test/Cars_epoch": 0.8537495136260986,
            "loss/test/Cars_epoch": 0.48443466424942017,
            "acc/test/Cars": 0.8537495136260986,
            "normalized_acc/test/Cars": 0.9950717091560364
        }
    ],
    "CIFAR100": [
        {
            "acc/test/CIFAR100_epoch": 0.8828999996185303,
            "loss/test/CIFAR100_epoch": 0.517833411693573,
            "acc/test/CIFAR100": 0.8828999996185303,
            "normalized_acc/test/CIFAR100": 0.9890220761299133
        }
    ],
    "avg": [
        {
            "acc/test/avg": 0.8683247566223145,
            "normalized_acc/test/avg": 0.9920468926429749
        }
    ]
}