{
    "RESISC45": [
        {
            "acc/test/RESISC45_epoch": 0.9379364848136902,
            "loss/test/RESISC45_epoch": 0.20568260550498962,
            "acc/test/RESISC45": 0.9379364848136902,
            "normalized_acc/test/RESISC45": 0.9702791571617126
        }
    ],
    "Food101": [
        {
            "acc/test/Food101_epoch": 0.9148514866828918,
            "loss/test/Food101_epoch": 0.3214586675167084,
            "acc/test/Food101": 0.9148514866828918,
            "normalized_acc/test/Food101": 1.0064482688903809
        }
    ],
    "avg": [
        {
            "acc/test/avg": 0.926393985748291,
            "normalized_acc/test/avg": 0.9883637130260468
        }
    ]
}