{
    "FER2013": [
        {
            "acc/test/FER2013_epoch": 0.7093898057937622,
            "loss/test/FER2013_epoch": 0.9243088364601135,
            "acc/test/FER2013": 0.7093898057937622,
            "normalized_acc/test/FER2013": 0.9622071385383606
        }
    ],
    "Food101": [
        {
            "acc/test/Food101_epoch": 0.9114851355552673,
            "loss/test/Food101_epoch": 0.3353458642959595,
            "acc/test/Food101": 0.9114851355552673,
            "normalized_acc/test/Food101": 1.0027449131011963
        }
    ],
    "avg": [
        {
            "acc/test/avg": 0.8104374706745148,
            "normalized_acc/test/avg": 0.9824760258197784
        }
    ]
}