{
    "Cars": [
        {
            "acc/test/Cars_epoch": 0.8069891929626465,
            "loss/test/Cars_epoch": 0.60843425989151,
            "acc/test/Cars": 0.8069891929626465,
            "normalized_acc/test/Cars": 0.940571129322052
        }
    ],
    "MNIST": [
        {
            "acc/test/MNIST_epoch": 0.9944000244140625,
            "loss/test/MNIST_epoch": 0.04215477406978607,
            "acc/test/MNIST": 0.9944000244140625,
            "normalized_acc/test/MNIST": 0.9978926181793213
        }
    ],
    "avg": [
        {
            "acc/test/avg": 0.9006946086883545,
            "normalized_acc/test/avg": 0.9692318737506866
        }
    ]
}