{
    "Cars": [
        {
            "acc/test/Cars_epoch": 0.8442979454994202,
            "loss/test/Cars_epoch": 0.49581629037857056,
            "acc/test/Cars": 0.8442979454994202,
            "normalized_acc/test/Cars": 0.9840556383132935
        }
    ],
    "RenderedSST2": [
        {
            "acc/test/RenderedSST2_epoch": 0.7753981351852417,
            "loss/test/RenderedSST2_epoch": 0.5428666472434998,
            "acc/test/RenderedSST2": 0.7753981351852417,
            "normalized_acc/test/RenderedSST2": 1.0049822330474854
        }
    ],
    "avg": [
        {
            "acc/test/avg": 0.8098480403423309,
            "normalized_acc/test/avg": 0.9945189356803894
        }
    ]
}