{
    "RESISC45": [
        {
            "acc/test/RESISC45_epoch": 0.914126992225647,
            "loss/test/RESISC45_epoch": 0.2868238091468811,
            "acc/test/RESISC45": 0.914126992225647,
            "normalized_acc/test/RESISC45": 0.9456486105918884
        }
    ],
    "CIFAR10": [
        {
            "acc/test/CIFAR10_epoch": 0.980400025844574,
            "loss/test/CIFAR10_epoch": 0.07000729441642761,
            "acc/test/CIFAR10": 0.980400025844574,
            "normalized_acc/test/CIFAR10": 0.9987775683403015
        }
    ],
    "avg": [
        {
            "acc/test/avg": 0.9472635090351105,
            "normalized_acc/test/avg": 0.972213089466095
        }
    ]
}