{
    "RESISC45": [
        {
            "acc/test/RESISC45_epoch": 0.9269841313362122,
            "loss/test/RESISC45_epoch": 0.2584916949272156,
            "acc/test/RESISC45": 0.9269841313362122,
            "normalized_acc/test/RESISC45": 0.9589491486549377
        }
    ],
    "GTSRB": [
        {
            "acc/test/GTSRB_epoch": 0.9710213541984558,
            "loss/test/GTSRB_epoch": 0.12075880914926529,
            "acc/test/GTSRB": 0.9710213541984558,
            "normalized_acc/test/GTSRB": 0.9816697239875793
        }
    ],
    "avg": [
        {
            "acc/test/avg": 0.949002742767334,
            "normalized_acc/test/avg": 0.9703094363212585
        }
    ]
}