{
    "Cars": [
        {
            "acc/test/Cars_epoch": 0.8219127058982849,
            "loss/test/Cars_epoch": 0.5546727180480957,
            "acc/test/Cars": 0.8219127058982849,
            "normalized_acc/test/Cars": 0.9579649567604065
        }
    ],
    "EMNIST": [
        {
            "acc/test/EMNIST_epoch": 0.9961000084877014,
            "loss/test/EMNIST_epoch": 0.04556449502706528,
            "acc/test/EMNIST": 0.9961000084877014,
            "normalized_acc/test/EMNIST": 1.0018103122711182
        }
    ],
    "avg": [
        {
            "acc/test/avg": 0.9090063571929932,
            "normalized_acc/test/avg": 0.9798876345157623
        }
    ]
}