{
    "SVHN": [
        {
            "acc/test/SVHN_epoch": 0.950484037399292,
            "loss/test/SVHN_epoch": 0.1958627551794052,
            "acc/test/SVHN": 0.950484037399292,
            "normalized_acc/test/SVHN": 0.9749783873558044
        }
    ],
    "MNIST": [
        {
            "acc/test/MNIST_epoch": 0.993399977684021,
            "loss/test/MNIST_epoch": 0.034078117460012436,
            "acc/test/MNIST": 0.993399977684021,
            "normalized_acc/test/MNIST": 0.996889054775238
        }
    ],
    "avg": [
        {
            "acc/test/avg": 0.9719420075416565,
            "normalized_acc/test/avg": 0.9859337210655212
        }
    ]
}