{
    "CIFAR100": [
        {
            "acc/test/CIFAR100_epoch": 0.8554999828338623,
            "loss/test/CIFAR100_epoch": 0.5367017388343811,
            "acc/test/CIFAR100": 0.8554999828338623,
            "normalized_acc/test/CIFAR100": 0.9583286046981812
        }
    ],
    "CIFAR10": [
        {
            "acc/test/CIFAR10_epoch": 0.9828000068664551,
            "loss/test/CIFAR10_epoch": 0.06691041588783264,
            "acc/test/CIFAR10": 0.9828000068664551,
            "normalized_acc/test/CIFAR10": 1.0012224912643433
        }
    ],
    "avg": [
        {
            "acc/test/avg": 0.9191499948501587,
            "normalized_acc/test/avg": 0.9797755479812622
        }
    ]
}