{
    "FER2013": [
        {
            "acc/test/FER2013_epoch": 0.7411535382270813,
            "loss/test/FER2013_epoch": 1.1563407182693481,
            "acc/test/FER2013": 0.7411535382270813,
            "normalized_acc/test/FER2013": 1.0052909851074219
        }
    ],
    "RenderedSST2": [
        {
            "acc/test/RenderedSST2_epoch": 0.7742998600006104,
            "loss/test/RenderedSST2_epoch": 0.9309004545211792,
            "acc/test/RenderedSST2": 0.7742998600006104,
            "normalized_acc/test/RenderedSST2": 1.0035587549209595
        }
    ],
    "avg": [
        {
            "acc/test/avg": 0.7577266991138458,
            "normalized_acc/test/avg": 1.0044248700141907
        }
    ]
}