{
    "MNIST": [
        {
            "acc/test/MNIST_epoch": 0.9958000183105469,
            "loss/test/MNIST_epoch": 0.02756916731595993,
            "acc/test/MNIST": 0.9958000183105469,
            "normalized_acc/test/MNIST": 0.999297559261322
        }
    ],
    "FER2013": [
        {
            "acc/test/FER2013_epoch": 0.7114795446395874,
            "loss/test/FER2013_epoch": 1.1933228969573975,
            "acc/test/FER2013": 0.7114795446395874,
            "normalized_acc/test/FER2013": 0.9650416374206543
        }
    ],
    "avg": [
        {
            "acc/test/avg": 0.8536397814750671,
            "normalized_acc/test/avg": 0.9821695983409882
        }
    ]
}