{
    "FashionMNIST": [
        {
            "acc/test/FashionMNIST_epoch": 0.9355999827384949,
            "loss/test/FashionMNIST_epoch": 0.22459056973457336,
            "acc/test/FashionMNIST": 0.9355999827384949,
            "normalized_acc/test/FashionMNIST": 0.9827730655670166
        }
    ],
    "EMNIST": [
        {
            "acc/test/EMNIST_epoch": 0.9958999752998352,
            "loss/test/EMNIST_epoch": 0.035745248198509216,
            "acc/test/EMNIST": 0.9958999752998352,
            "normalized_acc/test/EMNIST": 1.0016090869903564
        }
    ],
    "avg": [
        {
            "acc/test/avg": 0.965749979019165,
            "normalized_acc/test/avg": 0.9921910762786865
        }
    ]
}