{
    "CIFAR100": [
        {
            "acc/test/CIFAR100_epoch": 0.8294000029563904,
            "loss/test/CIFAR100_epoch": 0.7578334808349609,
            "acc/test/CIFAR100": 0.8294000029563904,
            "normalized_acc/test/CIFAR100": 0.9290915131568909
        }
    ],
    "KMNIST": [
        {
            "acc/test/KMNIST_epoch": 0.9800000190734863,
            "loss/test/KMNIST_epoch": 0.08396352827548981,
            "acc/test/KMNIST": 0.9800000190734863,
            "normalized_acc/test/KMNIST": 0.9964413046836853
        }
    ],
    "avg": [
        {
            "acc/test/avg": 0.9047000110149384,
            "normalized_acc/test/avg": 0.9627664089202881
        }
    ]
}