{
    "PCAM": [
        {
            "acc/test/PCAM_epoch": 0.88812255859375,
            "loss/test/PCAM_epoch": 0.3058253824710846,
            "acc/test/PCAM": 0.88812255859375,
            "normalized_acc/test/PCAM": 1.000997543334961
        }
    ],
    "FashionMNIST": [
        {
            "acc/test/FashionMNIST_epoch": 0.9358000159263611,
            "loss/test/FashionMNIST_epoch": 0.20161159336566925,
            "acc/test/FashionMNIST": 0.9358000159263611,
            "normalized_acc/test/FashionMNIST": 0.9829831719398499
        }
    ],
    "avg": [
        {
            "acc/test/avg": 0.9119612872600555,
            "normalized_acc/test/avg": 0.9919903576374054
        }
    ]
}