{
    "RESISC45": [
        {
            "acc/test/RESISC45_epoch": 0.9626984000205994,
            "loss/test/RESISC45_epoch": 0.12675994634628296,
            "acc/test/RESISC45": 0.9626984000205994,
            "normalized_acc/test/RESISC45": 0.9958949089050293
        }
    ],
    "RenderedSST2": [
        {
            "acc/test/RenderedSST2_epoch": 0.7940691709518433,
            "loss/test/RenderedSST2_epoch": 0.8809431791305542,
            "acc/test/RenderedSST2": 0.7940691709518433,
            "normalized_acc/test/RenderedSST2": 1.0291814804077148
        }
    ],
    "avg": [
        {
            "acc/test/avg": 0.8783837854862213,
            "normalized_acc/test/avg": 1.012538194656372
        }
    ]
}