{
    "PCAM": [
        {
            "acc/test/PCAM_epoch": 0.878265380859375,
            "loss/test/PCAM_epoch": 0.35089927911758423,
            "acc/test/PCAM": 0.878265380859375,
            "normalized_acc/test/PCAM": 0.989887535572052
        }
    ],
    "FER2013": [
        {
            "acc/test/FER2013_epoch": 0.7085539102554321,
            "loss/test/FER2013_epoch": 0.9829941391944885,
            "acc/test/FER2013": 0.7085539102554321,
            "normalized_acc/test/FER2013": 0.9610733389854431
        }
    ],
    "avg": [
        {
            "acc/test/avg": 0.7934096455574036,
            "normalized_acc/test/avg": 0.9754804372787476
        }
    ]
}