{
    "CIFAR10": [
        {
            "acc/test/CIFAR10_epoch": 0.9847000241279602,
            "loss/test/CIFAR10_epoch": 0.07199303805828094,
            "acc/test/CIFAR10": 0.9847000241279602,
            "normalized_acc/test/CIFAR10": 1.0031580924987793
        }
    ],
    "RenderedSST2": [
        {
            "acc/test/RenderedSST2_epoch": 0.7962657809257507,
            "loss/test/RenderedSST2_epoch": 0.711394727230072,
            "acc/test/RenderedSST2": 0.7962657809257507,
            "normalized_acc/test/RenderedSST2": 1.0320284366607666
        }
    ],
    "avg": [
        {
            "acc/test/avg": 0.8904829025268555,
            "normalized_acc/test/avg": 1.017593264579773
        }
    ]
}