{
    "EuroSAT": [
        {
            "acc/test/EuroSAT_epoch": 0.9733333587646484,
            "loss/test/EuroSAT_epoch": 0.09022542089223862,
            "acc/test/EuroSAT": 0.9733333587646484,
            "normalized_acc/test/EuroSAT": 0.9824299812316895
        }
    ],
    "SVHN": [
        {
            "acc/test/SVHN_epoch": 0.9729179739952087,
            "loss/test/SVHN_epoch": 0.11742760986089706,
            "acc/test/SVHN": 0.9729179739952087,
            "normalized_acc/test/SVHN": 0.9979904294013977
        }
    ],
    "avg": [
        {
            "acc/test/avg": 0.9731256663799286,
            "normalized_acc/test/avg": 0.9902102053165436
        }
    ]
}