{
    "Food101": [
        {
            "acc/test/Food101_epoch": 0.9021782279014587,
            "loss/test/Food101_epoch": 0.3730863332748413,
            "acc/test/Food101": 0.9021782279014587,
            "normalized_acc/test/Food101": 0.9925061464309692
        }
    ],
    "KMNIST": [
        {
            "acc/test/KMNIST_epoch": 0.9246000051498413,
            "loss/test/KMNIST_epoch": 0.3720787465572357,
            "acc/test/KMNIST": 0.9246000051498413,
            "normalized_acc/test/KMNIST": 0.9401118755340576
        }
    ],
    "avg": [
        {
            "acc/test/avg": 0.91338911652565,
            "normalized_acc/test/avg": 0.9663090109825134
        }
    ]
}