{
    "RESISC45": [
        {
            "acc/test/RESISC45_epoch": 0.946825385093689,
            "loss/test/RESISC45_epoch": 0.16953283548355103,
            "acc/test/RESISC45": 0.946825385093689,
            "normalized_acc/test/RESISC45": 0.9794745445251465
        }
    ],
    "Flowers102": [
        {
            "acc/test/Flowers102_epoch": 0.8453407287597656,
            "loss/test/Flowers102_epoch": 0.6243088841438293,
            "acc/test/Flowers102": 0.8453407287597656,
            "normalized_acc/test/Flowers102": 0.8971349596977234
        }
    ],
    "avg": [
        {
            "acc/test/avg": 0.8960830569267273,
            "normalized_acc/test/avg": 0.9383047521114349
        }
    ]
}