{
    "EuroSAT": [
        {
            "acc/test/EuroSAT_epoch": 0.9685184955596924,
            "loss/test/EuroSAT_epoch": 0.10506074130535126,
            "acc/test/EuroSAT": 0.9685184955596924,
            "normalized_acc/test/EuroSAT": 0.977570116519928
        }
    ],
    "MNIST": [
        {
            "acc/test/MNIST_epoch": 0.9940999746322632,
            "loss/test/MNIST_epoch": 0.04585708677768707,
            "acc/test/MNIST": 0.9940999746322632,
            "normalized_acc/test/MNIST": 0.9975915551185608
        }
    ],
    "avg": [
        {
            "acc/test/avg": 0.9813092350959778,
            "normalized_acc/test/avg": 0.9875808358192444
        }
    ]
}