{
    "Food101": [
        {
            "acc/test/Food101_epoch": 0.9184950590133667,
            "loss/test/Food101_epoch": 0.29711058735847473,
            "acc/test/Food101": 0.9184950590133667,
            "normalized_acc/test/Food101": 1.0104566812515259
        }
    ],
    "RenderedSST2": [
        {
            "acc/test/RenderedSST2_epoch": 0.7726523876190186,
            "loss/test/RenderedSST2_epoch": 0.5431647300720215,
            "acc/test/RenderedSST2": 0.7726523876190186,
            "normalized_acc/test/RenderedSST2": 1.0014234781265259
        }
    ],
    "avg": [
        {
            "acc/test/avg": 0.8455737233161926,
            "normalized_acc/test/avg": 1.0059400796890259
        }
    ]
}