{
    "EuroSAT": [
        {
            "acc/test/EuroSAT_epoch": 0.9762963056564331,
            "loss/test/EuroSAT_epoch": 0.07920603454113007,
            "acc/test/EuroSAT": 0.9762963056564331,
            "normalized_acc/test/EuroSAT": 0.9854205846786499
        }
    ],
    "CIFAR100": [
        {
            "acc/test/CIFAR100_epoch": 0.8439000248908997,
            "loss/test/CIFAR100_epoch": 0.5934279561042786,
            "acc/test/CIFAR100": 0.8439000248908997,
            "normalized_acc/test/CIFAR100": 0.9453343749046326
        }
    ],
    "avg": [
        {
            "acc/test/avg": 0.9100981652736664,
            "normalized_acc/test/avg": 0.9653774797916412
        }
    ]
}