{
    "SUN397": [
        {
            "acc/test/SUN397_epoch": 0.7631234526634216,
            "loss/test/SUN397_epoch": 0.855173647403717,
            "acc/test/SUN397": 0.7631234526634216,
            "normalized_acc/test/SUN397": 0.967799723148346
        }
    ],
    "OxfordIIITPet": [
        {
            "acc/test/OxfordIIITPet_epoch": 0.9471245408058167,
            "loss/test/OxfordIIITPet_epoch": 0.18795165419578552,
            "acc/test/OxfordIIITPet": 0.9471245408058167,
            "normalized_acc/test/OxfordIIITPet": 0.9965586066246033
        }
    ],
    "avg": [
        {
            "acc/test/avg": 0.8551239967346191,
            "normalized_acc/test/avg": 0.9821791648864746
        }
    ]
}