{
    "RESISC45": [
        {
            "acc/test/RESISC45_epoch": 0.9411110877990723,
            "loss/test/RESISC45_epoch": 0.19220802187919617,
            "acc/test/RESISC45": 0.9411110877990723,
            "normalized_acc/test/RESISC45": 0.9735631942749023
        }
    ],
    "DTD": [
        {
            "acc/test/DTD_epoch": 0.7196808457374573,
            "loss/test/DTD_epoch": 1.060544729232788,
            "acc/test/DTD": 0.7196808457374573,
            "normalized_acc/test/DTD": 0.8684210181236267
        }
    ],
    "avg": [
        {
            "acc/test/avg": 0.8303959667682648,
            "normalized_acc/test/avg": 0.9209921061992645
        }
    ]
}