{
    "FER2013": [
        {
            "acc/test/FER2013_epoch": 0.714544415473938,
            "loss/test/FER2013_epoch": 0.973618745803833,
            "acc/test/FER2013": 0.714544415473938,
            "normalized_acc/test/FER2013": 0.9691987633705139
        }
    ],
    "RenderedSST2": [
        {
            "acc/test/RenderedSST2_epoch": 0.7611202597618103,
            "loss/test/RenderedSST2_epoch": 0.6204646229743958,
            "acc/test/RenderedSST2": 0.7611202597618103,
            "normalized_acc/test/RenderedSST2": 0.9864768385887146
        }
    ],
    "avg": [
        {
            "acc/test/avg": 0.7378323376178741,
            "normalized_acc/test/avg": 0.9778378009796143
        }
    ]
}