{
    "MNIST": [
        {
            "acc/test/MNIST_epoch": 0.9948999881744385,
            "loss/test/MNIST_epoch": 0.041586246341466904,
            "acc/test/MNIST": 0.9948999881744385,
            "normalized_acc/test/MNIST": 0.9983943700790405
        }
    ],
    "FER2013": [
        {
            "acc/test/FER2013_epoch": 0.6855670213699341,
            "loss/test/FER2013_epoch": 1.053933024406433,
            "acc/test/FER2013": 0.6855670213699341,
            "normalized_acc/test/FER2013": 0.929894208908081
        }
    ],
    "avg": [
        {
            "acc/test/avg": 0.8402335047721863,
            "normalized_acc/test/avg": 0.9641442894935608
        }
    ]
}