{
    "OxfordIIITPet": [
        {
            "acc/test/OxfordIIITPet_epoch": 0.9337694048881531,
            "loss/test/OxfordIIITPet_epoch": 0.20082509517669678,
            "acc/test/OxfordIIITPet": 0.9337694048881531,
            "normalized_acc/test/OxfordIIITPet": 0.9825063943862915
        }
    ],
    "CIFAR10": [
        {
            "acc/test/CIFAR10_epoch": 0.9836999773979187,
            "loss/test/CIFAR10_epoch": 0.059218622744083405,
            "acc/test/CIFAR10": 0.9836999773979187,
            "normalized_acc/test/CIFAR10": 1.0021393299102783
        }
    ],
    "avg": [
        {
            "acc/test/avg": 0.9587346911430359,
            "normalized_acc/test/avg": 0.9923228621482849
        }
    ]
}