{
    "STL10": [
        {
            "acc/test/STL10_epoch": 0.984624981880188,
            "loss/test/STL10_epoch": 0.05121051147580147,
            "acc/test/STL10": 0.984624981880188,
            "normalized_acc/test/STL10": 0.9967101216316223
        }
    ],
    "CIFAR100": [
        {
            "acc/test/CIFAR100_epoch": 0.8683000206947327,
            "loss/test/CIFAR100_epoch": 0.5100814700126648,
            "acc/test/CIFAR100": 0.8683000206947327,
            "normalized_acc/test/CIFAR100": 0.9726672172546387
        }
    ],
    "avg": [
        {
            "acc/test/avg": 0.9264625012874603,
            "normalized_acc/test/avg": 0.9846886694431305
        }
    ]
}