{
    "Cars": [
        {
            "acc/test/Cars_epoch": 0.712971031665802,
            "loss/test/Cars_epoch": 0.9775182604789734,
            "acc/test/Cars": 0.712971031665802,
            "normalized_acc/test/Cars": 0.8309900164604187
        }
    ],
    "CIFAR10": [
        {
            "acc/test/CIFAR10_epoch": 0.9797000288963318,
            "loss/test/CIFAR10_epoch": 0.07529705762863159,
            "acc/test/CIFAR10": 0.9797000288963318,
            "normalized_acc/test/CIFAR10": 0.998064398765564
        }
    ],
    "avg": [
        {
            "acc/test/avg": 0.8463355302810669,
            "normalized_acc/test/avg": 0.9145272076129913
        }
    ]
}