{
    "PCAM": [
        {
            "acc/test/PCAM_epoch": 0.899627685546875,
            "loss/test/PCAM_epoch": 0.24515366554260254,
            "acc/test/PCAM": 0.899627685546875,
            "normalized_acc/test/PCAM": 1.0139648914337158
        }
    ],
    "FER2013": [
        {
            "acc/test/FER2013_epoch": 0.6936472654342651,
            "loss/test/FER2013_epoch": 0.8711003661155701,
            "acc/test/FER2013": 0.6936472654342651,
            "normalized_acc/test/FER2013": 0.9408541321754456
        }
    ],
    "avg": [
        {
            "acc/test/avg": 0.7966374754905701,
            "normalized_acc/test/avg": 0.9774095118045807
        }
    ]
}