{
    "CIFAR100": [
        {
            "acc/test/CIFAR100_epoch": 0.8335999846458435,
            "loss/test/CIFAR100_epoch": 0.6512033343315125,
            "acc/test/CIFAR100": 0.8335999846458435,
            "normalized_acc/test/CIFAR100": 0.9337962865829468
        }
    ],
    "EMNIST": [
        {
            "acc/test/EMNIST_epoch": 0.9941999912261963,
            "loss/test/EMNIST_epoch": 0.053266674280166626,
            "acc/test/EMNIST": 0.9941999912261963,
            "normalized_acc/test/EMNIST": 0.9998993873596191
        }
    ],
    "avg": [
        {
            "acc/test/avg": 0.9138999879360199,
            "normalized_acc/test/avg": 0.966847836971283
        }
    ]
}