{
    "Flowers102": [
        {
            "acc/test/Flowers102_epoch": 0.8261505961418152,
            "loss/test/Flowers102_epoch": 0.7348880767822266,
            "acc/test/Flowers102": 0.8261505961418152,
            "normalized_acc/test/Flowers102": 0.8767690658569336
        }
    ],
    "EMNIST": [
        {
            "acc/test/EMNIST_epoch": 0.995199978351593,
            "loss/test/EMNIST_epoch": 0.04491492360830307,
            "acc/test/EMNIST": 0.995199978351593,
            "normalized_acc/test/EMNIST": 1.000905156135559
        }
    ],
    "avg": [
        {
            "acc/test/avg": 0.9106752872467041,
            "normalized_acc/test/avg": 0.9388371109962463
        }
    ]
}