{
    "RESISC45": [
        {
            "acc/test/RESISC45_epoch": 0.9071428775787354,
            "loss/test/RESISC45_epoch": 0.30424293875694275,
            "acc/test/RESISC45": 0.9071428775787354,
            "normalized_acc/test/RESISC45": 0.9384236931800842
        }
    ],
    "CIFAR10": [
        {
            "acc/test/CIFAR10_epoch": 0.9812999963760376,
            "loss/test/CIFAR10_epoch": 0.06247076392173767,
            "acc/test/CIFAR10": 0.9812999963760376,
            "normalized_acc/test/CIFAR10": 0.9996944069862366
        }
    ],
    "avg": [
        {
            "acc/test/avg": 0.9442214369773865,
            "normalized_acc/test/avg": 0.9690590500831604
        }
    ]
}