{
    "RESISC45": [
        {
            "acc/test/RESISC45_epoch": 0.9365079402923584,
            "loss/test/RESISC45_epoch": 0.20006126165390015,
            "acc/test/RESISC45": 0.9365079402923584,
            "normalized_acc/test/RESISC45": 0.9688013195991516
        }
    ],
    "STL10": [
        {
            "acc/test/STL10_epoch": 0.9890000224113464,
            "loss/test/STL10_epoch": 0.03502152860164642,
            "acc/test/STL10": 0.9890000224113464,
            "normalized_acc/test/STL10": 1.0011388063430786
        }
    ],
    "avg": [
        {
            "acc/test/avg": 0.9627539813518524,
            "normalized_acc/test/avg": 0.9849700629711151
        }
    ]
}