{
    "FER2013": [
        {
            "acc/test/FER2013_epoch": 0.6893284916877747,
            "loss/test/FER2013_epoch": 0.9359646439552307,
            "acc/test/FER2013": 0.6893284916877747,
            "normalized_acc/test/FER2013": 0.9349961876869202
        }
    ],
    "FashionMNIST": [
        {
            "acc/test/FashionMNIST_epoch": 0.9293000102043152,
            "loss/test/FashionMNIST_epoch": 0.21290971338748932,
            "acc/test/FashionMNIST": 0.9293000102043152,
            "normalized_acc/test/FashionMNIST": 0.9761554598808289
        }
    ],
    "avg": [
        {
            "acc/test/avg": 0.8093142509460449,
            "normalized_acc/test/avg": 0.9555758237838745
        }
    ]
}