{
    "STL10": [
        {
            "acc/test/STL10_epoch": 0.9881250262260437,
            "loss/test/STL10_epoch": 0.03778374195098877,
            "acc/test/STL10": 0.9881250262260437,
            "normalized_acc/test/STL10": 1.0002530813217163
        }
    ],
    "Food101": [
        {
            "acc/test/Food101_epoch": 0.9172277450561523,
            "loss/test/Food101_epoch": 0.3072888255119324,
            "acc/test/Food101": 0.9172277450561523,
            "normalized_acc/test/Food101": 1.00906240940094
        }
    ],
    "avg": [
        {
            "acc/test/avg": 0.952676385641098,
            "normalized_acc/test/avg": 1.0046577453613281
        }
    ]
}