{
    "CIFAR100": [
        {
            "acc/test/CIFAR100_epoch": 0.8095999956130981,
            "loss/test/CIFAR100_epoch": 0.7739308476448059,
            "acc/test/CIFAR100": 0.8095999956130981,
            "normalized_acc/test/CIFAR100": 0.9069116115570068
        }
    ],
    "KMNIST": [
        {
            "acc/test/KMNIST_epoch": 0.8863999843597412,
            "loss/test/KMNIST_epoch": 0.4849381744861603,
            "acc/test/KMNIST": 0.8863999843597412,
            "normalized_acc/test/KMNIST": 0.9012709259986877
        }
    ],
    "avg": [
        {
            "acc/test/avg": 0.8479999899864197,
            "normalized_acc/test/avg": 0.9040912687778473
        }
    ]
}