{
    "SUN397": [
        {
            "acc/test/SUN397_epoch": 0.7442317605018616,
            "loss/test/SUN397_epoch": 0.953074038028717,
            "acc/test/SUN397": 0.7442317605018616,
            "normalized_acc/test/SUN397": 0.9438410997390747
        }
    ],
    "CIFAR100": [
        {
            "acc/test/CIFAR100_epoch": 0.8689000010490417,
            "loss/test/CIFAR100_epoch": 0.5596407055854797,
            "acc/test/CIFAR100": 0.8689000010490417,
            "normalized_acc/test/CIFAR100": 0.973339319229126
        }
    ],
    "avg": [
        {
            "acc/test/avg": 0.8065658807754517,
            "normalized_acc/test/avg": 0.9585902094841003
        }
    ]
}