{
    "FER2013": [
        {
            "acc/test/FER2013_epoch": 0.6804123520851135,
            "loss/test/FER2013_epoch": 1.018743872642517,
            "acc/test/FER2013": 0.6804123520851135,
            "normalized_acc/test/FER2013": 0.9229024648666382
        }
    ],
    "KMNIST": [
        {
            "acc/test/KMNIST_epoch": 0.9372000098228455,
            "loss/test/KMNIST_epoch": 0.3091491460800171,
            "acc/test/KMNIST": 0.9372000098228455,
            "normalized_acc/test/KMNIST": 0.9529232382774353
        }
    ],
    "avg": [
        {
            "acc/test/avg": 0.8088061809539795,
            "normalized_acc/test/avg": 0.9379128515720367
        }
    ]
}