{
    "RESISC45": [
        {
            "acc/test/RESISC45_epoch": 0.9066666960716248,
            "loss/test/RESISC45_epoch": 0.32519015669822693,
            "acc/test/RESISC45": 0.9066666960716248,
            "normalized_acc/test/RESISC45": 0.9379311203956604
        }
    ],
    "SVHN": [
        {
            "acc/test/SVHN_epoch": 0.8393131494522095,
            "loss/test/SVHN_epoch": 0.7667193412780762,
            "acc/test/SVHN": 0.8393131494522095,
            "normalized_acc/test/SVHN": 0.860942542552948
        }
    ],
    "avg": [
        {
            "acc/test/avg": 0.8729899227619171,
            "normalized_acc/test/avg": 0.8994368314743042
        }
    ]
}