{
    "OxfordIIITPet": [
        {
            "acc/test/OxfordIIITPet_epoch": 0.938130259513855,
            "loss/test/OxfordIIITPet_epoch": 0.1939522624015808,
            "acc/test/OxfordIIITPet": 0.938130259513855,
            "normalized_acc/test/OxfordIIITPet": 0.9870948791503906
        }
    ],
    "RenderedSST2": [
        {
            "acc/test/RenderedSST2_epoch": 0.6710598468780518,
            "loss/test/RenderedSST2_epoch": 0.6022530198097229,
            "acc/test/RenderedSST2": 0.6710598468780518,
            "normalized_acc/test/RenderedSST2": 0.8697508573532104
        }
    ],
    "avg": [
        {
            "acc/test/avg": 0.8045950531959534,
            "normalized_acc/test/avg": 0.9284228682518005
        }
    ]
}