{
    "SUN397": [
        {
            "acc/test/SUN397_epoch": 0.735214114189148,
            "loss/test/SUN397_epoch": 0.9063407182693481,
            "acc/test/SUN397": 0.735214114189148,
            "normalized_acc/test/SUN397": 0.9324048161506653
        }
    ],
    "RenderedSST2": [
        {
            "acc/test/RenderedSST2_epoch": 0.7166392207145691,
            "loss/test/RenderedSST2_epoch": 0.5552317500114441,
            "acc/test/RenderedSST2": 0.7166392207145691,
            "normalized_acc/test/RenderedSST2": 0.9288256168365479
        }
    ],
    "avg": [
        {
            "acc/test/avg": 0.7259266674518585,
            "normalized_acc/test/avg": 0.9306152164936066
        }
    ]
}