{
    "GTSRB": [
        {
            "acc/test/GTSRB_epoch": 0.8562153577804565,
            "loss/test/GTSRB_epoch": 0.6461353302001953,
            "acc/test/GTSRB": 0.8562153577804565,
            "normalized_acc/test/GTSRB": 0.8656047582626343
        }
    ],
    "PCAM": [
        {
            "acc/test/PCAM_epoch": 0.804901123046875,
            "loss/test/PCAM_epoch": 0.4227556586265564,
            "acc/test/PCAM": 0.804901123046875,
            "normalized_acc/test/PCAM": 0.9071991443634033
        }
    ],
    "avg": [
        {
            "acc/test/avg": 0.8305582404136658,
            "normalized_acc/test/avg": 0.8864019513130188
        }
    ]
}