{
    "Cars": [
        {
            "acc/test/Cars_epoch": 0.8021390438079834,
            "loss/test/Cars_epoch": 0.598901093006134,
            "acc/test/Cars": 0.8021390438079834,
            "normalized_acc/test/Cars": 0.9349181056022644
        }
    ],
    "FashionMNIST": [
        {
            "acc/test/FashionMNIST_epoch": 0.885200023651123,
            "loss/test/FashionMNIST_epoch": 0.3189626932144165,
            "acc/test/FashionMNIST": 0.885200023651123,
            "normalized_acc/test/FashionMNIST": 0.9298319220542908
        }
    ],
    "avg": [
        {
            "acc/test/avg": 0.8436695337295532,
            "normalized_acc/test/avg": 0.9323750138282776
        }
    ]
}