{
    "RESISC45": [
        {
            "acc/test/RESISC45_epoch": 0.9134920835494995,
            "loss/test/RESISC45_epoch": 0.3041107952594757,
            "acc/test/RESISC45": 0.9134920835494995,
            "normalized_acc/test/RESISC45": 0.9449918270111084
        }
    ],
    "FER2013": [
        {
            "acc/test/FER2013_epoch": 0.6206464171409607,
            "loss/test/FER2013_epoch": 1.0515353679656982,
            "acc/test/FER2013": 0.6206464171409607,
            "normalized_acc/test/FER2013": 0.8418367505073547
        }
    ],
    "avg": [
        {
            "acc/test/avg": 0.7670692503452301,
            "normalized_acc/test/avg": 0.8934142887592316
        }
    ]
}