{
    "Cars": [
        {
            "acc/test/Cars_epoch": 0.7838577032089233,
            "loss/test/Cars_epoch": 0.6484877467155457,
            "acc/test/Cars": 0.7838577032089233,
            "normalized_acc/test/Cars": 0.9136106371879578
        }
    ],
    "DTD": [
        {
            "acc/test/DTD_epoch": 0.6734042763710022,
            "loss/test/DTD_epoch": 1.1573959589004517,
            "acc/test/DTD": 0.6734042763710022,
            "normalized_acc/test/DTD": 0.8125802278518677
        }
    ],
    "avg": [
        {
            "acc/test/avg": 0.7286309897899628,
            "normalized_acc/test/avg": 0.8630954325199127
        }
    ]
}