{
    "EuroSAT": [
        {
            "acc/test/EuroSAT_epoch": 0.9225925803184509,
            "loss/test/EuroSAT_epoch": 0.32986360788345337,
            "acc/test/EuroSAT": 0.9225925803184509,
            "normalized_acc/test/EuroSAT": 0.9312149882316589
        }
    ],
    "GTSRB": [
        {
            "acc/test/GTSRB_epoch": 0.7481393218040466,
            "loss/test/GTSRB_epoch": 0.9188321232795715,
            "acc/test/GTSRB": 0.7481393218040466,
            "normalized_acc/test/GTSRB": 0.7563435435295105
        }
    ],
    "avg": [
        {
            "acc/test/avg": 0.8353659510612488,
            "normalized_acc/test/avg": 0.8437792658805847
        }
    ]
}