{
    "PCAM": [
        {
            "acc/test/PCAM_epoch": 0.805023193359375,
            "loss/test/PCAM_epoch": 0.42970138788223267,
            "acc/test/PCAM": 0.805023193359375,
            "normalized_acc/test/PCAM": 0.9073367118835449
        }
    ],
    "OxfordIIITPet": [
        {
            "acc/test/OxfordIIITPet_epoch": 0.9443989992141724,
            "loss/test/OxfordIIITPet_epoch": 0.17649108171463013,
            "acc/test/OxfordIIITPet": 0.9443989992141724,
            "normalized_acc/test/OxfordIIITPet": 0.9936907887458801
        }
    ],
    "avg": [
        {
            "acc/test/avg": 0.8747110962867737,
            "normalized_acc/test/avg": 0.9505137503147125
        }
    ]
}