{
    "PCAM": [
        {
            "acc/test/PCAM_epoch": 0.8160400390625,
            "loss/test/PCAM_epoch": 0.3948758840560913,
            "acc/test/PCAM": 0.8160400390625,
            "normalized_acc/test/PCAM": 0.9197537302970886
        }
    ],
    "CIFAR100": [
        {
            "acc/test/CIFAR100_epoch": 0.8274000287055969,
            "loss/test/CIFAR100_epoch": 0.621904730796814,
            "acc/test/CIFAR100": 0.8274000287055969,
            "normalized_acc/test/CIFAR100": 0.9268511533737183
        }
    ],
    "avg": [
        {
            "acc/test/avg": 0.8217200338840485,
            "normalized_acc/test/avg": 0.9233024418354034
        }
    ]
}