{
    "DTD": [
        {
            "acc/test/DTD_epoch": 0.6718084812164307,
            "loss/test/DTD_epoch": 1.1590328216552734,
            "acc/test/DTD": 0.6718084812164307,
            "normalized_acc/test/DTD": 0.8106546401977539
        }
    ],
    "KMNIST": [
        {
            "acc/test/KMNIST_epoch": 0.20069999992847443,
            "loss/test/KMNIST_epoch": 2.1511590480804443,
            "acc/test/KMNIST": 0.20069999992847443,
            "normalized_acc/test/KMNIST": 0.20406711101531982
        }
    ],
    "avg": [
        {
            "acc/test/avg": 0.43625424057245255,
            "normalized_acc/test/avg": 0.5073608756065369
        }
    ]
}