{
    "Flowers102": [
        {
            "acc/test/Flowers102_epoch": 0.7968775629997253,
            "loss/test/Flowers102_epoch": 0.8367280960083008,
            "acc/test/Flowers102": 0.7968775629997253,
            "normalized_acc/test/Flowers102": 0.8457024693489075
        }
    ],
    "STL10": [
        {
            "acc/test/STL10_epoch": 0.987375020980835,
            "loss/test/STL10_epoch": 0.04684801772236824,
            "acc/test/STL10": 0.987375020980835,
            "normalized_acc/test/STL10": 0.9994938969612122
        }
    ],
    "avg": [
        {
            "acc/test/avg": 0.8921262919902802,
            "normalized_acc/test/avg": 0.9225981831550598
        }
    ]
}