{
    "FER2013": [
        {
            "acc/test/FER2013_epoch": 0.6212036609649658,
            "loss/test/FER2013_epoch": 1.0492011308670044,
            "acc/test/FER2013": 0.6212036609649658,
            "normalized_acc/test/FER2013": 0.8425925970077515
        }
    ],
    "CIFAR10": [
        {
            "acc/test/CIFAR10_epoch": 0.9750999808311462,
            "loss/test/CIFAR10_epoch": 0.08235134184360504,
            "acc/test/CIFAR10": 0.9750999808311462,
            "normalized_acc/test/CIFAR10": 0.9933781623840332
        }
    ],
    "avg": [
        {
            "acc/test/avg": 0.798151820898056,
            "normalized_acc/test/avg": 0.9179853796958923
        }
    ]
}