{
    "MNIST": [
        {
            "acc/test/MNIST_epoch": 0.9452000260353088,
            "loss/test/MNIST_epoch": 0.5764878988265991,
            "acc/test/MNIST": 0.9452000260353088,
            "normalized_acc/test/MNIST": 0.9485198259353638
        }
    ],
    "OxfordIIITPet": [
        {
            "acc/test/OxfordIIITPet_epoch": 0.9449441432952881,
            "loss/test/OxfordIIITPet_epoch": 0.17305542528629303,
            "acc/test/OxfordIIITPet": 0.9449441432952881,
            "normalized_acc/test/OxfordIIITPet": 0.9942644238471985
        }
    ],
    "avg": [
        {
            "acc/test/avg": 0.9450720846652985,
            "normalized_acc/test/avg": 0.9713921248912811
        }
    ]
}