{
    "Cars": [
        {
            "acc/test/Cars_epoch": 0.7870911359786987,
            "loss/test/Cars_epoch": 0.6346341371536255,
            "acc/test/Cars": 0.7870911359786987,
            "normalized_acc/test/Cars": 0.9173793196678162
        }
    ],
    "GTSRB": [
        {
            "acc/test/GTSRB_epoch": 0.8710213899612427,
            "loss/test/GTSRB_epoch": 0.5703481435775757,
            "acc/test/GTSRB": 0.8710213899612427,
            "normalized_acc/test/GTSRB": 0.8805731534957886
        }
    ],
    "avg": [
        {
            "acc/test/avg": 0.8290562629699707,
            "normalized_acc/test/avg": 0.8989762365818024
        }
    ]
}