{
    "FER2013": [
        {
            "acc/test/FER2013_epoch": 0.6124268770217896,
            "loss/test/FER2013_epoch": 1.0800775289535522,
            "acc/test/FER2013": 0.6124268770217896,
            "normalized_acc/test/FER2013": 0.8306878805160522
        }
    ],
    "OxfordIIITPet": [
        {
            "acc/test/OxfordIIITPet_epoch": 0.9463068842887878,
            "loss/test/OxfordIIITPet_epoch": 0.1648905873298645,
            "acc/test/OxfordIIITPet": 0.9463068842887878,
            "normalized_acc/test/OxfordIIITPet": 0.9956982731819153
        }
    ],
    "avg": [
        {
            "acc/test/avg": 0.7793668806552887,
            "normalized_acc/test/avg": 0.9131930768489838
        }
    ]
}