{
    "OxfordIIITPet": [
        {
            "acc/test/OxfordIIITPet_epoch": 0.9476696848869324,
            "loss/test/OxfordIIITPet_epoch": 0.15863557159900665,
            "acc/test/OxfordIIITPet": 0.9476696848869324,
            "normalized_acc/test/OxfordIIITPet": 0.9971321821212769
        }
    ],
    "KMNIST": [
        {
            "acc/test/KMNIST_epoch": 0.18860000371932983,
            "loss/test/KMNIST_epoch": 2.1742136478424072,
            "acc/test/KMNIST": 0.18860000371932983,
            "normalized_acc/test/KMNIST": 0.19176411628723145
        }
    ],
    "avg": [
        {
            "acc/test/avg": 0.5681348443031311,
            "normalized_acc/test/avg": 0.5944481492042542
        }
    ]
}