{
    "SUN397": [
        {
            "acc/test/SUN397_epoch": 0.7272543907165527,
            "loss/test/SUN397_epoch": 0.9382074475288391,
            "acc/test/SUN397": 0.7272543907165527,
            "normalized_acc/test/SUN397": 0.9223102331161499
        }
    ],
    "OxfordIIITPet": [
        {
            "acc/test/OxfordIIITPet_epoch": 0.9476696848869324,
            "loss/test/OxfordIIITPet_epoch": 0.16328009963035583,
            "acc/test/OxfordIIITPet": 0.9476696848869324,
            "normalized_acc/test/OxfordIIITPet": 0.9971321821212769
        }
    ],
    "avg": [
        {
            "acc/test/avg": 0.8374620378017426,
            "normalized_acc/test/avg": 0.9597212076187134
        }
    ]
}