{
    "Flowers102": [
        {
            "acc/test/Flowers102_epoch": 0.8381850719451904,
            "loss/test/Flowers102_epoch": 0.6484806537628174,
            "acc/test/Flowers102": 0.8381850719451904,
            "normalized_acc/test/Flowers102": 0.8895409107208252
        }
    ],
    "RenderedSST2": [
        {
            "acc/test/RenderedSST2_epoch": 0.6688632369041443,
            "loss/test/RenderedSST2_epoch": 0.6096282005310059,
            "acc/test/RenderedSST2": 0.6688632369041443,
            "normalized_acc/test/RenderedSST2": 0.8669038414955139
        }
    ],
    "avg": [
        {
            "acc/test/avg": 0.7535241544246674,
            "normalized_acc/test/avg": 0.8782223761081696
        }
    ]
}