{
    "Food101": [
        {
            "acc/test/Food101_epoch": 0.91762375831604,
            "loss/test/Food101_epoch": 0.2843714952468872,
            "acc/test/Food101": 0.91762375831604,
            "normalized_acc/test/Food101": 1.009498119354248
        }
    ],
    "KMNIST": [
        {
            "acc/test/KMNIST_epoch": 0.31049999594688416,
            "loss/test/KMNIST_epoch": 1.9348140954971313,
            "acc/test/KMNIST": 0.31049999594688416,
            "normalized_acc/test/KMNIST": 0.3157092034816742
        }
    ],
    "avg": [
        {
            "acc/test/avg": 0.6140618771314621,
            "normalized_acc/test/avg": 0.6626036614179611
        }
    ]
}