{
    "MNIST": [
        {
            "acc/test/MNIST_epoch": 0.9763000011444092,
            "loss/test/MNIST_epoch": 0.27956944704055786,
            "acc/test/MNIST": 0.9763000011444092,
            "normalized_acc/test/MNIST": 0.9797290563583374
        }
    ],
    "CIFAR100": [
        {
            "acc/test/CIFAR100_epoch": 0.8378000259399414,
            "loss/test/CIFAR100_epoch": 0.5855174660682678,
            "acc/test/CIFAR100": 0.8378000259399414,
            "normalized_acc/test/CIFAR100": 0.9385011792182922
        }
    ],
    "avg": [
        {
            "acc/test/avg": 0.9070500135421753,
            "normalized_acc/test/avg": 0.9591151177883148
        }
    ]
}