{
    "SVHN": [
        {
            "acc/test/SVHN_epoch": 0.8451521396636963,
            "loss/test/SVHN_epoch": 0.6764390468597412,
            "acc/test/SVHN": 0.8451521396636963,
            "normalized_acc/test/SVHN": 0.8669320344924927
        }
    ],
    "MNIST": [
        {
            "acc/test/MNIST_epoch": 0.9643999934196472,
            "loss/test/MNIST_epoch": 0.3776816725730896,
            "acc/test/MNIST": 0.9643999934196472,
            "normalized_acc/test/MNIST": 0.9677872061729431
        }
    ],
    "avg": [
        {
            "acc/test/avg": 0.9047760665416718,
            "normalized_acc/test/avg": 0.9173596203327179
        }
    ]
}