{
    "RESISC45": [
        {
            "acc/test/RESISC45_epoch": 0.8682539463043213,
            "loss/test/RESISC45_epoch": 0.45276421308517456,
            "acc/test/RESISC45": 0.8682539463043213,
            "normalized_acc/test/RESISC45": 0.8981937766075134
        }
    ],
    "DTD": [
        {
            "acc/test/DTD_epoch": 0.6132978796958923,
            "loss/test/DTD_epoch": 1.3373236656188965,
            "acc/test/DTD": 0.6132978796958923,
            "normalized_acc/test/DTD": 0.7400513291358948
        }
    ],
    "avg": [
        {
            "acc/test/avg": 0.7407759130001068,
            "normalized_acc/test/avg": 0.8191225528717041
        }
    ]
}