{
    "DTD": [
        {
            "acc/test/DTD_epoch": 0.63882976770401,
            "loss/test/DTD_epoch": 1.2777475118637085,
            "acc/test/DTD": 0.63882976770401,
            "normalized_acc/test/DTD": 0.7708600163459778
        }
    ],
    "PCAM": [
        {
            "acc/test/PCAM_epoch": 0.794158935546875,
            "loss/test/PCAM_epoch": 0.4618605971336365,
            "acc/test/PCAM": 0.794158935546875,
            "normalized_acc/test/PCAM": 0.8950916528701782
        }
    ],
    "avg": [
        {
            "acc/test/avg": 0.7164943516254425,
            "normalized_acc/test/avg": 0.832975834608078
        }
    ]
}