{
    "RESISC45": [
        {
            "acc/test/RESISC45_epoch": 0.9215872883796692,
            "loss/test/RESISC45_epoch": 0.25883716344833374,
            "acc/test/RESISC45": 0.9215872883796692,
            "normalized_acc/test/RESISC45": 0.9533661603927612
        }
    ],
    "Food101": [
        {
            "acc/test/Food101_epoch": 0.9171881079673767,
            "loss/test/Food101_epoch": 0.29042428731918335,
            "acc/test/Food101": 0.9171881079673767,
            "normalized_acc/test/Food101": 1.0090187788009644
        }
    ],
    "avg": [
        {
            "acc/test/avg": 0.919387698173523,
            "normalized_acc/test/avg": 0.9811924695968628
        }
    ]
}