{
    "SVHN": [
        {
            "acc/test/SVHN_epoch": 0.821527361869812,
            "loss/test/SVHN_epoch": 0.821588397026062,
            "acc/test/SVHN": 0.821527361869812,
            "normalized_acc/test/SVHN": 0.8426983952522278
        }
    ],
    "DTD": [
        {
            "acc/test/DTD_epoch": 0.6755319237709045,
            "loss/test/DTD_epoch": 1.1560839414596558,
            "acc/test/DTD": 0.6755319237709045,
            "normalized_acc/test/DTD": 0.8151476383209229
        }
    ],
    "avg": [
        {
            "acc/test/avg": 0.7485296428203583,
            "normalized_acc/test/avg": 0.8289230167865753
        }
    ]
}