{
    "MNIST": [
        {
            "acc/test/MNIST_epoch": 0.983299970626831,
            "loss/test/MNIST_epoch": 0.22449597716331482,
            "acc/test/MNIST": 0.983299970626831,
            "normalized_acc/test/MNIST": 0.9867535829544067
        }
    ],
    "Food101": [
        {
            "acc/test/Food101_epoch": 0.9159207940101624,
            "loss/test/Food101_epoch": 0.2899196147918701,
            "acc/test/Food101": 0.9159207940101624,
            "normalized_acc/test/Food101": 1.007624626159668
        }
    ],
    "avg": [
        {
            "acc/test/avg": 0.9496103823184967,
            "normalized_acc/test/avg": 0.9971891045570374
        }
    ]
}