{
    "EuroSAT": [
        {
            "acc/test/EuroSAT_epoch": 0.9466666579246521,
            "loss/test/EuroSAT_epoch": 0.25821515917778015,
            "acc/test/EuroSAT": 0.9466666579246521,
            "normalized_acc/test/EuroSAT": 0.9555140137672424
        }
    ],
    "PCAM": [
        {
            "acc/test/PCAM_epoch": 0.796356201171875,
            "loss/test/PCAM_epoch": 0.4368363320827484,
            "acc/test/PCAM": 0.796356201171875,
            "normalized_acc/test/PCAM": 0.8975681662559509
        }
    ],
    "avg": [
        {
            "acc/test/avg": 0.8715114295482635,
            "normalized_acc/test/avg": 0.9265410900115967
        }
    ]
}