{
    "DTD": [
        {
            "acc/test/DTD_epoch": 0.6718084812164307,
            "loss/test/DTD_epoch": 1.1532336473464966,
            "acc/test/DTD": 0.6718084812164307,
            "normalized_acc/test/DTD": 0.8106546401977539
        }
    ],
    "FER2013": [
        {
            "acc/test/FER2013_epoch": 0.6146559119224548,
            "loss/test/FER2013_epoch": 1.0649572610855103,
            "acc/test/FER2013": 0.6146559119224548,
            "normalized_acc/test/FER2013": 0.8337112665176392
        }
    ],
    "avg": [
        {
            "acc/test/avg": 0.6432321965694427,
            "normalized_acc/test/avg": 0.8221829533576965
        }
    ]
}