{
    "CIFAR10": [
        {
            "acc/test/CIFAR10_epoch": 0.9735000133514404,
            "loss/test/CIFAR10_epoch": 0.08813555538654327,
            "acc/test/CIFAR10": 0.9735000133514404,
            "normalized_acc/test/CIFAR10": 0.9917482137680054
        }
    ],
    "RenderedSST2": [
        {
            "acc/test/RenderedSST2_epoch": 0.7062053680419922,
            "loss/test/RenderedSST2_epoch": 0.5641126036643982,
            "acc/test/RenderedSST2": 0.7062053680419922,
            "normalized_acc/test/RenderedSST2": 0.9153024554252625
        }
    ],
    "avg": [
        {
            "acc/test/avg": 0.8398526906967163,
            "normalized_acc/test/avg": 0.9535253345966339
        }
    ]
}