{
    "EMNIST": [
        {
            "acc/test/EMNIST_epoch": 0.9060999751091003,
            "loss/test/EMNIST_epoch": 0.48924708366394043,
            "acc/test/EMNIST": 0.9060999751091003,
            "normalized_acc/test/EMNIST": 0.9112943410873413
        }
    ],
    "RenderedSST2": [
        {
            "acc/test/RenderedSST2_epoch": 0.6738055944442749,
            "loss/test/RenderedSST2_epoch": 0.5957949757575989,
            "acc/test/RenderedSST2": 0.6738055944442749,
            "normalized_acc/test/RenderedSST2": 0.8733095526695251
        }
    ],
    "avg": [
        {
            "acc/test/avg": 0.7899527847766876,
            "normalized_acc/test/avg": 0.8923019468784332
        }
    ]
}