{
    "FER2013": [
        {
            "acc/test/FER2013_epoch": 0.6656450033187866,
            "loss/test/FER2013_epoch": 0.9356064200401306,
            "acc/test/FER2013": 0.6656450033187866,
            "normalized_acc/test/FER2013": 0.9028722047805786
        }
    ],
    "Food101": [
        {
            "acc/test/Food101_epoch": 0.9177425503730774,
            "loss/test/Food101_epoch": 0.2837556004524231,
            "acc/test/Food101": 0.9177425503730774,
            "normalized_acc/test/Food101": 1.0096287727355957
        }
    ],
    "avg": [
        {
            "acc/test/avg": 0.791693776845932,
            "normalized_acc/test/avg": 0.9562504887580872
        }
    ]
}