{
    "FER2013": [
        {
            "acc/test/FER2013_epoch": 0.6010030508041382,
            "loss/test/FER2013_epoch": 1.0970865488052368,
            "acc/test/FER2013": 0.6010030508041382,
            "normalized_acc/test/FER2013": 0.8151927590370178
        }
    ],
    "STL10": [
        {
            "acc/test/STL10_epoch": 0.9913750290870667,
            "loss/test/STL10_epoch": 0.030343497171998024,
            "acc/test/STL10": 0.9913750290870667,
            "normalized_acc/test/STL10": 1.0035430192947388
        }
    ],
    "avg": [
        {
            "acc/test/avg": 0.7961890399456024,
            "normalized_acc/test/avg": 0.9093678891658783
        }
    ]
}