{
    "Cars": [
        {
            "acc/test/Cars_epoch": 0.7262778282165527,
            "loss/test/Cars_epoch": 0.7825040221214294,
            "acc/test/Cars": 0.7262778282165527,
            "normalized_acc/test/Cars": 0.846499502658844
        }
    ],
    "SVHN": [
        {
            "acc/test/SVHN_epoch": 0.8176090717315674,
            "loss/test/SVHN_epoch": 0.8498362302780151,
            "acc/test/SVHN": 0.8176090717315674,
            "normalized_acc/test/SVHN": 0.8386791348457336
        }
    ],
    "avg": [
        {
            "acc/test/avg": 0.7719434499740601,
            "normalized_acc/test/avg": 0.8425893187522888
        }
    ]
}