{
    "EMNIST": [
        {
            "acc/test/EMNIST_epoch": 0.9537000060081482,
            "loss/test/EMNIST_epoch": 0.44263866543769836,
            "acc/test/EMNIST": 0.9537000060081482,
            "normalized_acc/test/EMNIST": 0.9591672420501709
        }
    ],
    "RenderedSST2": [
        {
            "acc/test/RenderedSST2_epoch": 0.6913783550262451,
            "loss/test/RenderedSST2_epoch": 0.5862984657287598,
            "acc/test/RenderedSST2": 0.6913783550262451,
            "normalized_acc/test/RenderedSST2": 0.8960853815078735
        }
    ],
    "avg": [
        {
            "acc/test/avg": 0.8225391805171967,
            "normalized_acc/test/avg": 0.9276263117790222
        }
    ]
}