{
    "GTSRB": [
        {
            "acc/test/GTSRB_epoch": 0.6650039553642273,
            "loss/test/GTSRB_epoch": 1.1839250326156616,
            "acc/test/GTSRB": 0.6650039553642273,
            "normalized_acc/test/GTSRB": 0.6722965240478516
        }
    ],
    "FER2013": [
        {
            "acc/test/FER2013_epoch": 0.6161883473396301,
            "loss/test/FER2013_epoch": 1.085108995437622,
            "acc/test/FER2013": 0.6161883473396301,
            "normalized_acc/test/FER2013": 0.8357898592948914
        }
    ],
    "avg": [
        {
            "acc/test/avg": 0.6405961513519287,
            "normalized_acc/test/avg": 0.7540431916713715
        }
    ]
}