{
    "Food101": [
        {
            "acc/test/Food101_epoch": 0.9051881432533264,
            "loss/test/Food101_epoch": 0.32225701212882996,
            "acc/test/Food101": 0.9051881432533264,
            "normalized_acc/test/Food101": 0.9958174228668213
        }
    ],
    "RenderedSST2": [
        {
            "acc/test/RenderedSST2_epoch": 0.6908292174339294,
            "loss/test/RenderedSST2_epoch": 0.5909240245819092,
            "acc/test/RenderedSST2": 0.6908292174339294,
            "normalized_acc/test/RenderedSST2": 0.8953736424446106
        }
    ],
    "avg": [
        {
            "acc/test/avg": 0.7980086803436279,
            "normalized_acc/test/avg": 0.9455955326557159
        }
    ]
}