{
    "GTSRB": [
        {
            "acc/test/GTSRB_epoch": 0.7197941541671753,
            "loss/test/GTSRB_epoch": 1.0454521179199219,
            "acc/test/GTSRB": 0.7197941541671753,
            "normalized_acc/test/GTSRB": 0.7276875376701355
        }
    ],
    "Flowers102": [
        {
            "acc/test/Flowers102_epoch": 0.751341700553894,
            "loss/test/Flowers102_epoch": 1.082460641860962,
            "acc/test/Flowers102": 0.751341700553894,
            "normalized_acc/test/Flowers102": 0.7973765730857849
        }
    ],
    "avg": [
        {
            "acc/test/avg": 0.7355679273605347,
            "normalized_acc/test/avg": 0.7625320553779602
        }
    ]
}