{
    "SVHN": [
        {
            "acc/test/SVHN_epoch": 0.8045482635498047,
            "loss/test/SVHN_epoch": 0.8656785488128662,
            "acc/test/SVHN": 0.8045482635498047,
            "normalized_acc/test/SVHN": 0.8252817392349243
        }
    ],
    "FER2013": [
        {
            "acc/test/FER2013_epoch": 0.593062162399292,
            "loss/test/FER2013_epoch": 1.1239911317825317,
            "acc/test/FER2013": 0.593062162399292,
            "normalized_acc/test/FER2013": 0.8044217824935913
        }
    ],
    "avg": [
        {
            "acc/test/avg": 0.6988052129745483,
            "normalized_acc/test/avg": 0.8148517608642578
        }
    ]
}