{
    "PCAM": [
        {
            "acc/test/PCAM_epoch": 0.754791259765625,
            "loss/test/PCAM_epoch": 0.4706417918205261,
            "acc/test/PCAM": 0.754791259765625,
            "normalized_acc/test/PCAM": 0.8507205843925476
        }
    ],
    "STL10": [
        {
            "acc/test/STL10_epoch": 0.984125018119812,
            "loss/test/STL10_epoch": 0.06444970518350601,
            "acc/test/STL10": 0.984125018119812,
            "normalized_acc/test/STL10": 0.9962040185928345
        }
    ],
    "avg": [
        {
            "acc/test/avg": 0.8694581389427185,
            "normalized_acc/test/avg": 0.923462301492691
        }
    ]
}