{
    "RESISC45": [
        {
            "acc/test/RESISC45_epoch": 0.9079365134239197,
            "loss/test/RESISC45_epoch": 0.30246227979660034,
            "acc/test/RESISC45": 0.9079365134239197,
            "normalized_acc/test/RESISC45": 0.9392446875572205
        }
    ],
    "CIFAR10": [
        {
            "acc/test/CIFAR10_epoch": 0.9783999919891357,
            "loss/test/CIFAR10_epoch": 0.07661556452512741,
            "acc/test/CIFAR10": 0.9783999919891357,
            "normalized_acc/test/CIFAR10": 0.9967400431632996
        }
    ],
    "avg": [
        {
            "acc/test/avg": 0.9431682527065277,
            "normalized_acc/test/avg": 0.96799236536026
        }
    ]
}