{
    "CIFAR10": [
        {
            "acc/test/CIFAR10_epoch": 0.9688000082969666,
            "loss/test/CIFAR10_epoch": 0.1124488040804863,
            "acc/test/CIFAR10": 0.9688000082969666,
            "normalized_acc/test/CIFAR10": 0.9869601130485535
        }
    ],
    "EMNIST": [
        {
            "acc/test/EMNIST_epoch": 0.9937999844551086,
            "loss/test/EMNIST_epoch": 0.0641031414270401,
            "acc/test/EMNIST": 0.9937999844551086,
            "normalized_acc/test/EMNIST": 0.99949711561203
        }
    ],
    "avg": [
        {
            "acc/test/avg": 0.9812999963760376,
            "normalized_acc/test/avg": 0.9932286143302917
        }
    ]
}