{
    "OxfordIIITPet": [
        {
            "acc/test/OxfordIIITPet_epoch": 0.9482147693634033,
            "loss/test/OxfordIIITPet_epoch": 0.18064744770526886,
            "acc/test/OxfordIIITPet": 0.9482147693634033,
            "normalized_acc/test/OxfordIIITPet": 0.9977057576179504
        }
    ],
    "RenderedSST2": [
        {
            "acc/test/RenderedSST2_epoch": 0.7737506628036499,
            "loss/test/RenderedSST2_epoch": 0.5704914927482605,
            "acc/test/RenderedSST2": 0.7737506628036499,
            "normalized_acc/test/RenderedSST2": 1.0028469562530518
        }
    ],
    "avg": [
        {
            "acc/test/avg": 0.8609827160835266,
            "normalized_acc/test/avg": 1.000276356935501
        }
    ]
}