{
    "DTD": [
        {
            "acc/test/DTD_epoch": 0.7388297915458679,
            "loss/test/DTD_epoch": 0.9522511959075928,
            "acc/test/DTD": 0.7388297915458679,
            "normalized_acc/test/DTD": 0.8915275931358337
        }
    ],
    "OxfordIIITPet": [
        {
            "acc/test/OxfordIIITPet_epoch": 0.9479421973228455,
            "loss/test/OxfordIIITPet_epoch": 0.19292470812797546,
            "acc/test/OxfordIIITPet": 0.9479421973228455,
            "normalized_acc/test/OxfordIIITPet": 0.9974189400672913
        }
    ],
    "avg": [
        {
            "acc/test/avg": 0.8433859944343567,
            "normalized_acc/test/avg": 0.9444732666015625
        }
    ]
}