{
    "DTD": [
        {
            "acc/test/DTD_epoch": 0.7521276473999023,
            "loss/test/DTD_epoch": 0.9435768127441406,
            "acc/test/DTD": 0.7521276473999023,
            "normalized_acc/test/DTD": 0.9075737595558167
        }
    ],
    "Flowers102": [
        {
            "acc/test/Flowers102_epoch": 0.861440896987915,
            "loss/test/Flowers102_epoch": 0.5542516708374023,
            "acc/test/Flowers102": 0.861440896987915,
            "normalized_acc/test/Flowers102": 0.9142215847969055
        }
    ],
    "avg": [
        {
            "acc/test/avg": 0.8067842721939087,
            "normalized_acc/test/avg": 0.9108976721763611
        }
    ]
}