{
    "SVHN": [
        {
            "acc/test/SVHN_epoch": 0.9548248052597046,
            "loss/test/SVHN_epoch": 0.19211912155151367,
            "acc/test/SVHN": 0.9548248052597046,
            "normalized_acc/test/SVHN": 0.9794309735298157
        }
    ],
    "KMNIST": [
        {
            "acc/test/KMNIST_epoch": 0.8600000143051147,
            "loss/test/KMNIST_epoch": 0.6265940070152283,
            "acc/test/KMNIST": 0.8600000143051147,
            "normalized_acc/test/KMNIST": 0.8744280934333801
        }
    ],
    "avg": [
        {
            "acc/test/avg": 0.9074124097824097,
            "normalized_acc/test/avg": 0.9269295334815979
        }
    ]
}