{
    "STL10": [
        {
            "acc/test/STL10_epoch": 0.9822499752044678,
            "loss/test/STL10_epoch": 0.05923181399703026,
            "acc/test/STL10": 0.9822499752044678,
            "normalized_acc/test/STL10": 0.9943059682846069
        }
    ],
    "KMNIST": [
        {
            "acc/test/KMNIST_epoch": 0.9228000044822693,
            "loss/test/KMNIST_epoch": 0.4624681770801544,
            "acc/test/KMNIST": 0.9228000044822693,
            "normalized_acc/test/KMNIST": 0.9382816553115845
        }
    ],
    "avg": [
        {
            "acc/test/avg": 0.9525249898433685,
            "normalized_acc/test/avg": 0.9662938117980957
        }
    ]
}