{
    "FER2013": [
        {
            "acc/test/FER2013_epoch": 0.7124547362327576,
            "loss/test/FER2013_epoch": 0.88870769739151,
            "acc/test/FER2013": 0.7124547362327576,
            "normalized_acc/test/FER2013": 0.966364324092865
        }
    ],
    "STL10": [
        {
            "acc/test/STL10_epoch": 0.9866250157356262,
            "loss/test/STL10_epoch": 0.04541284590959549,
            "acc/test/STL10": 0.9866250157356262,
            "normalized_acc/test/STL10": 0.998734712600708
        }
    ],
    "avg": [
        {
            "acc/test/avg": 0.8495398759841919,
            "normalized_acc/test/avg": 0.9825495183467865
        }
    ]
}