{
    "Flowers102": [
        {
            "acc/test/Flowers102_epoch": 0.8198081254959106,
            "loss/test/Flowers102_epoch": 0.7548453211784363,
            "acc/test/Flowers102": 0.8198081254959106,
            "normalized_acc/test/Flowers102": 0.8700379729270935
        }
    ],
    "Food101": [
        {
            "acc/test/Food101_epoch": 0.918772280216217,
            "loss/test/Food101_epoch": 0.30215883255004883,
            "acc/test/Food101": 0.918772280216217,
            "normalized_acc/test/Food101": 1.0107616186141968
        }
    ],
    "avg": [
        {
            "acc/test/avg": 0.8692902028560638,
            "normalized_acc/test/avg": 0.9403997957706451
        }
    ]
}