{
    "PCAM": [
        {
            "acc/test/PCAM_epoch": 0.890228271484375,
            "loss/test/PCAM_epoch": 0.26103898882865906,
            "acc/test/PCAM": 0.890228271484375,
            "normalized_acc/test/PCAM": 1.0033708810806274
        }
    ],
    "Food101": [
        {
            "acc/test/Food101_epoch": 0.8672475218772888,
            "loss/test/Food101_epoch": 0.47060659527778625,
            "acc/test/Food101": 0.8672475218772888,
            "normalized_acc/test/Food101": 0.9540780782699585
        }
    ],
    "avg": [
        {
            "acc/test/avg": 0.8787378966808319,
            "normalized_acc/test/avg": 0.978724479675293
        }
    ]
}