{
    "FER2013": [
        {
            "acc/test/FER2013_epoch": 0.6957369446754456,
            "loss/test/FER2013_epoch": 0.9151014685630798,
            "acc/test/FER2013": 0.6957369446754456,
            "normalized_acc/test/FER2013": 0.9436885714530945
        }
    ],
    "CIFAR10": [
        {
            "acc/test/CIFAR10_epoch": 0.9796000123023987,
            "loss/test/CIFAR10_epoch": 0.08122306317090988,
            "acc/test/CIFAR10": 0.9796000123023987,
            "normalized_acc/test/CIFAR10": 0.9979625344276428
        }
    ],
    "avg": [
        {
            "acc/test/avg": 0.8376684784889221,
            "normalized_acc/test/avg": 0.9708255529403687
        }
    ]
}