{
    "Flowers102": [
        {
            "acc/test/Flowers102_epoch": 0.8565620183944702,
            "loss/test/Flowers102_epoch": 0.5554174184799194,
            "acc/test/Flowers102": 0.8565620183944702,
            "normalized_acc/test/Flowers102": 0.9090437889099121
        }
    ],
    "RenderedSST2": [
        {
            "acc/test/RenderedSST2_epoch": 0.7704557776451111,
            "loss/test/RenderedSST2_epoch": 0.5207415819168091,
            "acc/test/RenderedSST2": 0.7704557776451111,
            "normalized_acc/test/RenderedSST2": 0.9985764622688293
        }
    ],
    "avg": [
        {
            "acc/test/avg": 0.8135088980197906,
            "normalized_acc/test/avg": 0.9538101255893707
        }
    ]
}