{
    "PCAM": [
        {
            "acc/test/PCAM_epoch": 0.87451171875,
            "loss/test/PCAM_epoch": 0.2935176491737366,
            "acc/test/PCAM": 0.87451171875,
            "normalized_acc/test/PCAM": 0.9856567978858948
        }
    ],
    "FashionMNIST": [
        {
            "acc/test/FashionMNIST_epoch": 0.9053000211715698,
            "loss/test/FashionMNIST_epoch": 0.2690688669681549,
            "acc/test/FashionMNIST": 0.9053000211715698,
            "normalized_acc/test/FashionMNIST": 0.9509453773498535
        }
    ],
    "avg": [
        {
            "acc/test/avg": 0.8899058699607849,
            "normalized_acc/test/avg": 0.9683010876178741
        }
    ]
}