{
    "OxfordIIITPet": [
        {
            "acc/test/OxfordIIITPet_epoch": 0.9318615198135376,
            "loss/test/OxfordIIITPet_epoch": 0.2078152596950531,
            "acc/test/OxfordIIITPet": 0.9318615198135376,
            "normalized_acc/test/OxfordIIITPet": 0.9804989695549011
        }
    ],
    "KMNIST": [
        {
            "acc/test/KMNIST_epoch": 0.909500002861023,
            "loss/test/KMNIST_epoch": 0.4476816952228546,
            "acc/test/KMNIST": 0.909500002861023,
            "normalized_acc/test/KMNIST": 0.9247584939002991
        }
    ],
    "avg": [
        {
            "acc/test/avg": 0.9206807613372803,
            "normalized_acc/test/avg": 0.9526287317276001
        }
    ]
}