{
    "SUN397": [
        {
            "acc/test/SUN397_epoch": 0.7495718002319336,
            "loss/test/SUN397_epoch": 0.8828818798065186,
            "acc/test/SUN397": 0.7495718002319336,
            "normalized_acc/test/SUN397": 0.9506133794784546
        }
    ],
    "CIFAR10": [
        {
            "acc/test/CIFAR10_epoch": 0.9829000234603882,
            "loss/test/CIFAR10_epoch": 0.06774719804525375,
            "acc/test/CIFAR10": 0.9829000234603882,
            "normalized_acc/test/CIFAR10": 1.0013244152069092
        }
    ],
    "avg": [
        {
            "acc/test/avg": 0.8662359118461609,
            "normalized_acc/test/avg": 0.9759688973426819
        }
    ]
}