{
    "STL10": [
        {
            "acc/test/STL10_epoch": 0.9878749847412109,
            "loss/test/STL10_epoch": 0.042852167040109634,
            "acc/test/STL10": 0.9878749847412109,
            "normalized_acc/test/STL10": 1.0
        }
    ],
    "Food101": [
        {
            "acc/test/Food101_epoch": 0.9161188006401062,
            "loss/test/Food101_epoch": 0.305485337972641,
            "acc/test/Food101": 0.9161188006401062,
            "normalized_acc/test/Food101": 1.0078424215316772
        }
    ],
    "avg": [
        {
            "acc/test/avg": 0.9519968926906586,
            "normalized_acc/test/avg": 1.0039212107658386
        }
    ]
}