{
    "Food101": [
        {
            "acc/test/Food101_epoch": 0.919762372970581,
            "loss/test/Food101_epoch": 0.2960853576660156,
            "acc/test/Food101": 0.919762372970581,
            "normalized_acc/test/Food101": 1.0118508338928223
        }
    ],
    "RenderedSST2": [
        {
            "acc/test/RenderedSST2_epoch": 0.7759472727775574,
            "loss/test/RenderedSST2_epoch": 0.5150629878044128,
            "acc/test/RenderedSST2": 0.7759472727775574,
            "normalized_acc/test/RenderedSST2": 1.0056939125061035
        }
    ],
    "avg": [
        {
            "acc/test/avg": 0.8478548228740692,
            "normalized_acc/test/avg": 1.008772373199463
        }
    ]
}