{
    "EuroSAT": [
        {
            "acc/test/EuroSAT_epoch": 0.9685184955596924,
            "loss/test/EuroSAT_epoch": 0.0977860540151596,
            "acc/test/EuroSAT": 0.9685184955596924,
            "normalized_acc/test/EuroSAT": 0.977570116519928
        }
    ],
    "EMNIST": [
        {
            "acc/test/EMNIST_epoch": 0.9944000244140625,
            "loss/test/EMNIST_epoch": 0.05619264021515846,
            "acc/test/EMNIST": 0.9944000244140625,
            "normalized_acc/test/EMNIST": 1.0001006126403809
        }
    ],
    "avg": [
        {
            "acc/test/avg": 0.9814592599868774,
            "normalized_acc/test/avg": 0.9888353645801544
        }
    ]
}