{
    "Cars": [
        {
            "acc/test/Cars_epoch": 0.828130841255188,
            "loss/test/Cars_epoch": 0.5341308116912842,
            "acc/test/Cars": 0.828130841255188,
            "normalized_acc/test/Cars": 0.965212345123291
        }
    ],
    "EMNIST": [
        {
            "acc/test/EMNIST_epoch": 0.9951000213623047,
            "loss/test/EMNIST_epoch": 0.05231788754463196,
            "acc/test/EMNIST": 0.9951000213623047,
            "normalized_acc/test/EMNIST": 1.0008045434951782
        }
    ],
    "avg": [
        {
            "acc/test/avg": 0.9116154313087463,
            "normalized_acc/test/avg": 0.9830084443092346
        }
    ]
}