{
    "Cars": [
        {
            "acc/test/Cars_epoch": 0.8155701756477356,
            "loss/test/Cars_epoch": 0.5728318095207214,
            "acc/test/Cars": 0.8155701756477356,
            "normalized_acc/test/Cars": 0.9505724906921387
        }
    ],
    "MNIST": [
        {
            "acc/test/MNIST_epoch": 0.9932000041007996,
            "loss/test/MNIST_epoch": 0.05000549182295799,
            "acc/test/MNIST": 0.9932000041007996,
            "normalized_acc/test/MNIST": 0.9966884255409241
        }
    ],
    "avg": [
        {
            "acc/test/avg": 0.9043850898742676,
            "normalized_acc/test/avg": 0.9736304581165314
        }
    ]
}