{
    "GTSRB": [
        {
            "acc/test/GTSRB_epoch": 0.9475851058959961,
            "loss/test/GTSRB_epoch": 0.22002044320106506,
            "acc/test/GTSRB": 0.9475851058959961,
            "normalized_acc/test/GTSRB": 0.9579764604568481
        }
    ],
    "KMNIST": [
        {
            "acc/test/KMNIST_epoch": 0.8895000219345093,
            "loss/test/KMNIST_epoch": 0.46886885166168213,
            "acc/test/KMNIST": 0.8895000219345093,
            "normalized_acc/test/KMNIST": 0.9044229984283447
        }
    ],
    "avg": [
        {
            "acc/test/avg": 0.9185425639152527,
            "normalized_acc/test/avg": 0.9311997294425964
        }
    ]
}