{
    "FER2013": [
        {
            "acc/test/FER2013_epoch": 0.6869601607322693,
            "loss/test/FER2013_epoch": 1.0181701183319092,
            "acc/test/FER2013": 0.6869601607322693,
            "normalized_acc/test/FER2013": 0.9317838549613953
        }
    ],
    "KMNIST": [
        {
            "acc/test/KMNIST_epoch": 0.9179999828338623,
            "loss/test/KMNIST_epoch": 0.4113175868988037,
            "acc/test/KMNIST": 0.9179999828338623,
            "normalized_acc/test/KMNIST": 0.9334011077880859
        }
    ],
    "avg": [
        {
            "acc/test/avg": 0.8024800717830658,
            "normalized_acc/test/avg": 0.9325924813747406
        }
    ]
}