{
    "SUN397": [
        {
            "acc/test/SUN397_epoch": 0.6842317581176758,
            "loss/test/SUN397_epoch": 1.127734661102295,
            "acc/test/SUN397": 0.6842317581176758,
            "normalized_acc/test/SUN397": 0.8677485585212708
        }
    ],
    "Cars": [
        {
            "acc/test/Cars_epoch": 0.6888446807861328,
            "loss/test/Cars_epoch": 0.8777217864990234,
            "acc/test/Cars": 0.6888446807861328,
            "normalized_acc/test/Cars": 0.802869975566864
        }
    ],
    "RESISC45": [
        {
            "acc/test/RESISC45_epoch": 0.7433333396911621,
            "loss/test/RESISC45_epoch": 0.8158724904060364,
            "acc/test/RESISC45": 0.7433333396911621,
            "normalized_acc/test/RESISC45": 0.7689655423164368
        }
    ],
    "EuroSAT": [
        {
            "acc/test/EuroSAT_epoch": 0.8144444227218628,
            "loss/test/EuroSAT_epoch": 0.5885267853736877,
            "acc/test/EuroSAT": 0.8144444227218628,
            "normalized_acc/test/EuroSAT": 0.8220560550689697
        }
    ],
    "SVHN": [
        {
            "acc/test/SVHN_epoch": 0.8012062311172485,
            "loss/test/SVHN_epoch": 0.6919858455657959,
            "acc/test/SVHN": 0.8012062311172485,
            "normalized_acc/test/SVHN": 0.8218536376953125
        }
    ],
    "GTSRB": [
        {
            "acc/test/GTSRB_epoch": 0.6413301825523376,
            "loss/test/GTSRB_epoch": 1.172519326210022,
            "acc/test/GTSRB": 0.6413301825523376,
            "normalized_acc/test/GTSRB": 0.6483631134033203
        }
    ],
    "MNIST": [
        {
            "acc/test/MNIST_epoch": 0.9588000178337097,
            "loss/test/MNIST_epoch": 0.26907962560653687,
            "acc/test/MNIST": 0.9588000178337097,
            "normalized_acc/test/MNIST": 0.9621675610542297
        }
    ],
    "DTD": [
        {
            "acc/test/DTD_epoch": 0.5042552947998047,
            "loss/test/DTD_epoch": 1.8889104127883911,
            "acc/test/DTD": 0.5042552947998047,
            "normalized_acc/test/DTD": 0.6084723472595215
        }
    ],
    "avg": [
        {
            "acc/test/avg": 0.7295557409524918,
            "normalized_acc/test/avg": 0.7878120988607407
        }
    ]
}