{
    "PCAM": [
        {
            "acc/test/PCAM_epoch": 0.896026611328125,
            "loss/test/PCAM_epoch": 0.24085234105587006,
            "acc/test/PCAM": 0.896026611328125,
            "normalized_acc/test/PCAM": 1.0099060535430908
        }
    ],
    "OxfordIIITPet": [
        {
            "acc/test/OxfordIIITPet_epoch": 0.9250476956367493,
            "loss/test/OxfordIIITPet_epoch": 0.22230327129364014,
            "acc/test/OxfordIIITPet": 0.9250476956367493,
            "normalized_acc/test/OxfordIIITPet": 0.973329484462738
        }
    ],
    "avg": [
        {
            "acc/test/avg": 0.9105371534824371,
            "normalized_acc/test/avg": 0.9916177690029144
        }
    ]
}