{
    "RESISC45": [
        {
            "acc/test/RESISC45_epoch": 0.9176190495491028,
            "loss/test/RESISC45_epoch": 0.2684836685657501,
            "acc/test/RESISC45": 0.9176190495491028,
            "normalized_acc/test/RESISC45": 0.9492611289024353
        }
    ],
    "EMNIST": [
        {
            "acc/test/EMNIST_epoch": 0.995199978351593,
            "loss/test/EMNIST_epoch": 0.047819823026657104,
            "acc/test/EMNIST": 0.995199978351593,
            "normalized_acc/test/EMNIST": 1.000905156135559
        }
    ],
    "avg": [
        {
            "acc/test/avg": 0.9564095139503479,
            "normalized_acc/test/avg": 0.9750831425189972
        }
    ]
}