{
    "SVHN": [
        {
            "acc/test/SVHN_epoch": 0.9590888023376465,
            "loss/test/SVHN_epoch": 0.2050168216228485,
            "acc/test/SVHN": 0.9590888023376465,
            "normalized_acc/test/SVHN": 0.9838048815727234
        }
    ],
    "PCAM": [
        {
            "acc/test/PCAM_epoch": 0.854736328125,
            "loss/test/PCAM_epoch": 0.3379642069339752,
            "acc/test/PCAM": 0.854736328125,
            "normalized_acc/test/PCAM": 0.9633680582046509
        }
    ],
    "avg": [
        {
            "acc/test/avg": 0.9069125652313232,
            "normalized_acc/test/avg": 0.9735864698886871
        }
    ]
}