{
    "SUN397": [
        {
            "acc/test/SUN397_epoch": 0.7615616917610168,
            "loss/test/SUN397_epoch": 0.8478299975395203,
            "acc/test/SUN397": 0.7615616917610168,
            "normalized_acc/test/SUN397": 0.9658190608024597
        }
    ],
    "STL10": [
        {
            "acc/test/STL10_epoch": 0.9913750290870667,
            "loss/test/STL10_epoch": 0.029786165803670883,
            "acc/test/STL10": 0.9913750290870667,
            "normalized_acc/test/STL10": 1.0035430192947388
        }
    ],
    "avg": [
        {
            "acc/test/avg": 0.8764683604240417,
            "normalized_acc/test/avg": 0.9846810400485992
        }
    ]
}