{
    "PCAM": [
        {
            "acc/test/PCAM_epoch": 0.905731201171875,
            "loss/test/PCAM_epoch": 0.2224377691745758,
            "acc/test/PCAM": 0.905731201171875,
            "normalized_acc/test/PCAM": 1.0208441019058228
        }
    ],
    "FER2013": [
        {
            "acc/test/FER2013_epoch": 0.6962942481040955,
            "loss/test/FER2013_epoch": 0.8603405356407166,
            "acc/test/FER2013": 0.6962942481040955,
            "normalized_acc/test/FER2013": 0.944444477558136
        }
    ],
    "avg": [
        {
            "acc/test/avg": 0.8010127246379852,
            "normalized_acc/test/avg": 0.9826442897319794
        }
    ]
}