{
    "Flowers102": [
        {
            "acc/test/Flowers102_epoch": 0.8315173387527466,
            "loss/test/Flowers102_epoch": 0.7154243588447571,
            "acc/test/Flowers102": 0.8315173387527466,
            "normalized_acc/test/Flowers102": 0.882464587688446
        }
    ],
    "Food101": [
        {
            "acc/test/Food101_epoch": 0.9190495014190674,
            "loss/test/Food101_epoch": 0.3087179660797119,
            "acc/test/Food101": 0.9190495014190674,
            "normalized_acc/test/Food101": 1.0110665559768677
        }
    ],
    "avg": [
        {
            "acc/test/avg": 0.875283420085907,
            "normalized_acc/test/avg": 0.9467655718326569
        }
    ]
}