{
    "EMNIST": [
        {
            "acc/test/EMNIST_epoch": 0.9959999918937683,
            "loss/test/EMNIST_epoch": 0.045369334518909454,
            "acc/test/EMNIST": 0.9959999918937683,
            "normalized_acc/test/EMNIST": 1.0017096996307373
        }
    ],
    "RenderedSST2": [
        {
            "acc/test/RenderedSST2_epoch": 0.7682592272758484,
            "loss/test/RenderedSST2_epoch": 0.5297834277153015,
            "acc/test/RenderedSST2": 0.7682592272758484,
            "normalized_acc/test/RenderedSST2": 0.9957295656204224
        }
    ],
    "avg": [
        {
            "acc/test/avg": 0.8821296095848083,
            "normalized_acc/test/avg": 0.9987196326255798
        }
    ]
}