{
    "Flowers102": [
        {
            "acc/test/Flowers102_epoch": 0.8176939487457275,
            "loss/test/Flowers102_epoch": 0.7126021981239319,
            "acc/test/Flowers102": 0.8176939487457275,
            "normalized_acc/test/Flowers102": 0.8677942752838135
        }
    ],
    "FashionMNIST": [
        {
            "acc/test/FashionMNIST_epoch": 0.9298999905586243,
            "loss/test/FashionMNIST_epoch": 0.20324312150478363,
            "acc/test/FashionMNIST": 0.9298999905586243,
            "normalized_acc/test/FashionMNIST": 0.9767856597900391
        }
    ],
    "avg": [
        {
            "acc/test/avg": 0.8737969696521759,
            "normalized_acc/test/avg": 0.9222899675369263
        }
    ]
}