{
    "SVHN": [
        {
            "acc/test/SVHN_epoch": 0.9526352286338806,
            "loss/test/SVHN_epoch": 0.1887989342212677,
            "acc/test/SVHN": 0.9526352286338806,
            "normalized_acc/test/SVHN": 0.9771850109100342
        }
    ],
    "MNIST": [
        {
            "acc/test/MNIST_epoch": 0.9925000071525574,
            "loss/test/MNIST_epoch": 0.037603721022605896,
            "acc/test/MNIST": 0.9925000071525574,
            "normalized_acc/test/MNIST": 0.9959859251976013
        }
    ],
    "avg": [
        {
            "acc/test/avg": 0.972567617893219,
            "normalized_acc/test/avg": 0.9865854680538177
        }
    ]
}