{
    "PCAM": [
        {
            "acc/test/PCAM_epoch": 0.865478515625,
            "loss/test/PCAM_epoch": 0.32116633653640747,
            "acc/test/PCAM": 0.865478515625,
            "normalized_acc/test/PCAM": 0.975475549697876
        }
    ],
    "CIFAR100": [
        {
            "acc/test/CIFAR100_epoch": 0.8055999875068665,
            "loss/test/CIFAR100_epoch": 0.6867520213127136,
            "acc/test/CIFAR100": 0.8055999875068665,
            "normalized_acc/test/CIFAR100": 0.9024307727813721
        }
    ],
    "avg": [
        {
            "acc/test/avg": 0.8355392515659332,
            "normalized_acc/test/avg": 0.938953161239624
        }
    ]
}