{
    "SUN397__Cars": {
        "SUN397": [
            {
                "acc/test/SUN397": 0.7360201478004456,
                "loss/test/SUN397": 0.9041257500648499,
                "normalized_acc/test/SUN397": 0.9334270358085632
            }
        ],
        "Cars": [
            {
                "acc/test/Cars": 0.7924387454986572,
                "loss/test/Cars": 0.6286807656288147,
                "normalized_acc/test/Cars": 0.923612117767334
            }
        ],
        "avg": [
            {
                "acc/test/avg": 0.7642294466495514,
                "normalized_acc/test/avg": 0.9285195767879486
            }
        ]
    },
    "SUN397__RESISC45": {
        "SUN397": [
            {
                "acc/test/SUN397": 0.7354156374931335,
                "loss/test/SUN397": 0.9041561484336853,
                "normalized_acc/test/SUN397": 0.9326604008674622
            }
        ],
        "RESISC45": [
            {
                "acc/test/RESISC45": 0.8941270112991333,
                "loss/test/RESISC45": 0.3669974207878113,
                "normalized_acc/test/RESISC45": 0.9249590039253235
            }
        ],
        "avg": [
            {
                "acc/test/avg": 0.8147713243961334,
                "normalized_acc/test/avg": 0.9288097023963928
            }
        ]
    },
    "SUN397__EuroSAT": {
        "SUN397": [
            {
                "acc/test/SUN397": 0.7321914434432983,
                "loss/test/SUN397": 0.9193220734596252,
                "normalized_acc/test/SUN397": 0.9285714626312256
            }
        ],
        "EuroSAT": [
            {
                "acc/test/EuroSAT": 0.9570370316505432,
                "loss/test/EuroSAT": 0.20560698211193085,
                "normalized_acc/test/EuroSAT": 0.9659813046455383
            }
        ],
        "avg": [
            {
                "acc/test/avg": 0.8446142375469208,
                "normalized_acc/test/avg": 0.947276383638382
            }
        ]
    },
    "SUN397__SVHN": {
        "SUN397": [
            {
                "acc/test/SUN397": 0.7466498613357544,
                "loss/test/SUN397": 0.8618660569190979,
                "normalized_acc/test/SUN397": 0.9469077587127686
            }
        ],
        "SVHN": [
            {
                "acc/test/SVHN": 0.8603257536888123,
                "loss/test/SVHN": 0.677741527557373,
                "normalized_acc/test/SVHN": 0.8824966549873352
            }
        ],
        "avg": [
            {
                "acc/test/avg": 0.8034878075122833,
                "normalized_acc/test/avg": 0.9147022068500519
            }
        ]
    },
    "SUN397__GTSRB": {
        "SUN397": [
            {
                "acc/test/SUN397": 0.7366246581077576,
                "loss/test/SUN397": 0.8986595869064331,
                "normalized_acc/test/SUN397": 0.9341936707496643
            }
        ],
        "GTSRB": [
            {
                "acc/test/GTSRB": 0.8578780889511108,
                "loss/test/GTSRB": 0.6123088002204895,
                "normalized_acc/test/GTSRB": 0.8672857284545898
            }
        ],
        "avg": [
            {
                "acc/test/avg": 0.7972513735294342,
                "normalized_acc/test/avg": 0.9007396996021271
            }
        ]
    },
    "SUN397__MNIST": {
        "SUN397": [
            {
                "acc/test/SUN397": 0.7454912066459656,
                "loss/test/SUN397": 0.8733901977539062,
                "normalized_acc/test/SUN397": 0.9454383254051208
            }
        ],
        "MNIST": [
            {
                "acc/test/MNIST": 0.9747999906539917,
                "loss/test/MNIST": 0.32630032300949097,
                "normalized_acc/test/MNIST": 0.9782237410545349
            }
        ],
        "avg": [
            {
                "acc/test/avg": 0.8601455986499786,
                "normalized_acc/test/avg": 0.9618310332298279
            }
        ]
    },
    "SUN397__DTD": {
        "SUN397": [
            {
                "acc/test/SUN397": 0.7308312058448792,
                "loss/test/SUN397": 0.9189599752426147,
                "normalized_acc/test/SUN397": 0.9268463850021362
            }
        ],
        "DTD": [
            {
                "acc/test/DTD": 0.6404255032539368,
                "loss/test/DTD": 1.2488148212432861,
                "normalized_acc/test/DTD": 0.7727855443954468
            }
        ],
        "avg": [
            {
                "acc/test/avg": 0.685628354549408,
                "normalized_acc/test/avg": 0.8498159646987915
            }
        ]
    },
    "Cars__RESISC45": {
        "Cars": [
            {
                "acc/test/Cars": 0.7771421670913696,
                "loss/test/Cars": 0.6711269021034241,
                "normalized_acc/test/Cars": 0.905783474445343
            }
        ],
        "RESISC45": [
            {
                "acc/test/RESISC45": 0.8795238137245178,
                "loss/test/RESISC45": 0.4131861627101898,
                "normalized_acc/test/RESISC45": 0.9098522663116455
            }
        ],
        "avg": [
            {
                "acc/test/avg": 0.8283329904079437,
                "normalized_acc/test/avg": 0.9078178703784943
            }
        ]
    },
    "Cars__EuroSAT": {
        "Cars": [
            {
                "acc/test/Cars": 0.7673174738883972,
                "loss/test/Cars": 0.6932550072669983,
                "normalized_acc/test/Cars": 0.8943324685096741
            }
        ],
        "EuroSAT": [
            {
                "acc/test/EuroSAT": 0.9422222375869751,
                "loss/test/EuroSAT": 0.26791080832481384,
                "normalized_acc/test/EuroSAT": 0.951028048992157
            }
        ],
        "avg": [
            {
                "acc/test/avg": 0.8547698557376862,
                "normalized_acc/test/avg": 0.9226802587509155
            }
        ]
    },
    "Cars__SVHN": {
        "Cars": [
            {
                "acc/test/Cars": 0.8027608394622803,
                "loss/test/Cars": 0.6124221086502075,
                "normalized_acc/test/Cars": 0.9356428384780884
            }
        ],
        "SVHN": [
            {
                "acc/test/SVHN": 0.8377766013145447,
                "loss/test/SVHN": 0.7645797729492188,
                "normalized_acc/test/SVHN": 0.8593664169311523
            }
        ],
        "avg": [
            {
                "acc/test/avg": 0.8202687203884125,
                "normalized_acc/test/avg": 0.8975046277046204
            }
        ]
    },
    "Cars__GTSRB": {
        "Cars": [
            {
                "acc/test/Cars": 0.7780126929283142,
                "loss/test/Cars": 0.6693776845932007,
                "normalized_acc/test/Cars": 0.9067980647087097
            }
        ],
        "GTSRB": [
            {
                "acc/test/GTSRB": 0.789073646068573,
                "loss/test/GTSRB": 0.8027046322822571,
                "normalized_acc/test/GTSRB": 0.7977267503738403
            }
        ],
        "avg": [
            {
                "acc/test/avg": 0.7835431694984436,
                "normalized_acc/test/avg": 0.852262407541275
            }
        ]
    },
    "Cars__MNIST": {
        "Cars": [
            {
                "acc/test/Cars": 0.788210391998291,
                "loss/test/Cars": 0.6437022089958191,
                "normalized_acc/test/Cars": 0.9186838269233704
            }
        ],
        "MNIST": [
            {
                "acc/test/MNIST": 0.9635999798774719,
                "loss/test/MNIST": 0.4497056007385254,
                "normalized_acc/test/MNIST": 0.9669843912124634
            }
        ],
        "avg": [
            {
                "acc/test/avg": 0.8759051859378815,
                "normalized_acc/test/avg": 0.9428341090679169
            }
        ]
    },