{
    "FER2013": [
        {
            "acc/test/FER2013": 0.6457230448722839,
            "loss/test/FER2013": 0.9949560761451721,
            "normalized_acc/test/FER2013": 0.8758503198623657
        }
    ],
    "KMNIST": [
        {
            "acc/test/KMNIST": 0.24660000205039978,
            "loss/test/KMNIST": 2.106499671936035,
            "normalized_acc/test/KMNIST": 0.25073716044425964
        }
    ],
    "avg": [
        {
            "acc/test/avg": 0.44616152346134186,
            "normalized_acc/test/avg": 0.5632937401533127
        }
    ]
}