{
    "Cars": [
        {
            "acc/test/Cars": 0.7509016394615173,
            "loss/test/Cars": 0.7404659986495972,
            "normalized_acc/test/Cars": 0.8751993179321289
        }
    ],
    "Flowers102": [
        {
            "acc/test/Flowers102": 0.8406245112419128,
            "loss/test/Flowers102": 0.6350039839744568,
            "normalized_acc/test/Flowers102": 0.8921297788619995
        }
    ],
    "avg": [
        {
            "acc/test/avg": 0.7957630753517151,
            "normalized_acc/test/avg": 0.8836645483970642
        }
    ]
}