{
    "SUN397": [
        {
            "acc/test/SUN397": 0.7321914434432983,
            "loss/test/SUN397": 0.9193220734596252,
            "normalized_acc/test/SUN397": 0.9285714626312256
        }
    ],
    "EuroSAT": [
        {
            "acc/test/EuroSAT": 0.9570370316505432,
            "loss/test/EuroSAT": 0.20560698211193085,
            "normalized_acc/test/EuroSAT": 0.9659813046455383
        }
    ],
    "avg": [
        {
            "acc/test/avg": 0.8446142375469208,
            "normalized_acc/test/avg": 0.947276383638382
        }
    ]
}