{
    "EuroSAT": [
        {
            "acc/test/EuroSAT": 0.9611111283302307,
            "loss/test/EuroSAT": 0.18397261202335358,
            "normalized_acc/test/EuroSAT": 0.9700934886932373
        }
    ],
    "CIFAR100": [
        {
            "acc/test/CIFAR100": 0.8253999948501587,
            "loss/test/CIFAR100": 0.6302770376205444,
            "normalized_acc/test/CIFAR100": 0.9246107339859009
        }
    ],
    "avg": [
        {
            "acc/test/avg": 0.8932555615901947,
            "normalized_acc/test/avg": 0.9473521113395691
        }
    ]
}