{
    "GTSRB": [
        {
            "acc/test/GTSRB": 0.8597782850265503,
            "loss/test/GTSRB": 0.6270776987075806,
            "normalized_acc/test/GTSRB": 0.8692067265510559
        }
    ],
    "PCAM": [
        {
            "acc/test/PCAM": 0.796356201171875,
            "loss/test/PCAM": 0.4336059093475342,
            "normalized_acc/test/PCAM": 0.8975681662559509
        }
    ],
    "avg": [
        {
            "acc/test/avg": 0.8280672430992126,
            "normalized_acc/test/avg": 0.8833874464035034
        }
    ]
}