{
    "OxfordIIITPet": [
        {
            "acc/test/OxfordIIITPet": 0.9490324258804321,
            "loss/test/OxfordIIITPet": 0.155435711145401,
            "normalized_acc/test/OxfordIIITPet": 0.9985660910606384
        }
    ],
    "CIFAR100": [
        {
            "acc/test/CIFAR100": 0.82669997215271,
            "loss/test/CIFAR100": 0.6318119168281555,
            "normalized_acc/test/CIFAR100": 0.9260669350624084
        }
    ],
    "avg": [
        {
            "acc/test/avg": 0.887866199016571,
            "normalized_acc/test/avg": 0.9623165130615234
        }
    ]
}