{
    "OxfordIIITPet": [
        {
            "acc/test/OxfordIIITPet": 0.9479421973228455,
            "loss/test/OxfordIIITPet": 0.15796253085136414,
            "normalized_acc/test/OxfordIIITPet": 0.9974189400672913
        }
    ],
    "KMNIST": [
        {
            "acc/test/KMNIST": 0.18129999935626984,
            "loss/test/KMNIST": 2.208528757095337,
            "normalized_acc/test/KMNIST": 0.1843416392803192
        }
    ],
    "avg": [
        {
            "acc/test/avg": 0.5646210983395576,
            "normalized_acc/test/avg": 0.5908802896738052
        }
    ]
}