{
    "MNIST": [
        {
            "acc/test/MNIST": 0.9750999808311462,
            "loss/test/MNIST": 0.3587408661842346,
            "normalized_acc/test/MNIST": 0.9785248041152954
        }
    ],
    "FashionMNIST": [
        {
            "acc/test/FashionMNIST": 0.8569999933242798,
            "loss/test/FashionMNIST": 0.40717828273773193,
            "normalized_acc/test/FashionMNIST": 0.9002100825309753
        }
    ],
    "avg": [
        {
            "acc/test/avg": 0.916049987077713,
            "normalized_acc/test/avg": 0.9393674433231354
        }
    ]
}