{
    "SUN397": [
        {
            "acc/test/SUN397": 0.749672532081604,
            "loss/test/SUN397": 0.8518748879432678,
            "normalized_acc/test/SUN397": 0.9507411122322083
        }
    ],
    "CIFAR100": [
        {
            "acc/test/CIFAR100": 0.840399980545044,
            "loss/test/CIFAR100": 0.5758916735649109,
            "normalized_acc/test/CIFAR100": 0.9414136409759521
        }
    ],
    "avg": [
        {
            "acc/test/avg": 0.795036256313324,
            "normalized_acc/test/avg": 0.9460773766040802
        }
    ]
}