{
    "RESISC45": [
        {
            "acc/test/RESISC45": 0.8469841480255127,
            "loss/test/RESISC45": 0.5160720348358154,
            "normalized_acc/test/RESISC45": 0.8761905431747437
        }
    ],
    "Flowers102": [
        {
            "acc/test/Flowers102": 0.8469669818878174,
            "loss/test/Flowers102": 0.623231053352356,
            "normalized_acc/test/Flowers102": 0.8988608717918396
        }
    ],
    "avg": [
        {
            "acc/test/avg": 0.846975564956665,
            "normalized_acc/test/avg": 0.8875257074832916
        }
    ]
}