{
    "EuroSAT": [
        {
            "acc/test/EuroSAT": 0.9292592406272888,
            "loss/test/EuroSAT": 0.3154071867465973,
            "normalized_acc/test/EuroSAT": 0.9379439353942871
        }
    ],
    "GTSRB": [
        {
            "acc/test/GTSRB": 0.7558194994926453,
            "loss/test/GTSRB": 0.8977556228637695,
            "normalized_acc/test/GTSRB": 0.7641079425811768
        }
    ],
    "avg": [
        {
            "acc/test/avg": 0.842539370059967,
            "normalized_acc/test/avg": 0.8510259389877319
        }
    ]
}