{
    "MNIST": [
        {
            "acc/test/MNIST": 0.9771999716758728,
            "loss/test/MNIST": 0.3272830545902252,
            "normalized_acc/test/MNIST": 0.9806321859359741
        }
    ],
    "PCAM": [
        {
            "acc/test/PCAM": 0.80535888671875,
            "loss/test/PCAM": 0.41554856300354004,
            "normalized_acc/test/PCAM": 0.9077150821685791
        }
    ],
    "avg": [
        {
            "acc/test/avg": 0.8912794291973114,
            "normalized_acc/test/avg": 0.9441736340522766
        }
    ]
}