{
    "RESISC45": [
        {
            "acc/test/RESISC45": 0.894444465637207,
            "loss/test/RESISC45": 0.3744265139102936,
            "normalized_acc/test/RESISC45": 0.9252874255180359
        }
    ],
    "PCAM": [
        {
            "acc/test/PCAM": 0.79449462890625,
            "loss/test/PCAM": 0.43630367517471313,
            "normalized_acc/test/PCAM": 0.8954700231552124
        }
    ],
    "avg": [
        {
            "acc/test/avg": 0.8444695472717285,
            "normalized_acc/test/avg": 0.9103787243366241
        }
    ]
}