{
    "MNIST": [
        {
            "acc/test/MNIST": 0.9751999974250793,
            "loss/test/MNIST": 0.321344792842865,
            "normalized_acc/test/MNIST": 0.9786251783370972
        }
    ],
    "FER2013": [
        {
            "acc/test/FER2013": 0.6008637547492981,
            "loss/test/FER2013": 1.0801242589950562,
            "normalized_acc/test/FER2013": 0.8150038123130798
        }
    ],
    "avg": [
        {
            "acc/test/avg": 0.7880318760871887,
            "normalized_acc/test/avg": 0.8968144953250885
        }
    ]
}