{
    "RESISC45": [
        {
            "acc/test/RESISC45": 0.8744444251060486,
            "loss/test/RESISC45": 0.43026235699653625,
            "normalized_acc/test/RESISC45": 0.9045976996421814
        }
    ],
    "RenderedSST2": [
        {
            "acc/test/RenderedSST2": 0.680944561958313,
            "loss/test/RenderedSST2": 0.5816105604171753,
            "normalized_acc/test/RenderedSST2": 0.8825622797012329
        }
    ],
    "avg": [
        {
            "acc/test/avg": 0.7776944935321808,
            "normalized_acc/test/avg": 0.8935799896717072
        }
    ]
}