{
    "SVHN": [
        {
            "acc/test/SVHN": 0.8041641116142273,
            "loss/test/SVHN": 0.8981667757034302,
            "normalized_acc/test/SVHN": 0.8248876929283142
        }
    ],
    "STL10": [
        {
            "acc/test/STL10": 0.9917500019073486,
            "loss/test/STL10": 0.03076121024787426,
            "normalized_acc/test/STL10": 1.0039225816726685
        }
    ],
    "avg": [
        {
            "acc/test/avg": 0.897957056760788,
            "normalized_acc/test/avg": 0.9144051373004913
        }
    ]
}