{
    "STL10": [
        {
            "acc/test/STL10": 0.9894999861717224,
            "loss/test/STL10": 0.03790217265486717,
            "normalized_acc/test/STL10": 1.0016449689865112
        }
    ],
    "CIFAR10": [
        {
            "acc/test/CIFAR10": 0.9672999978065491,
            "loss/test/CIFAR10": 0.10740484297275543,
            "normalized_acc/test/CIFAR10": 0.985431969165802
        }
    ],
    "avg": [
        {
            "acc/test/avg": 0.9783999919891357,
            "normalized_acc/test/avg": 0.9935384690761566
        }
    ]
}