{
    "CIFAR100": [
        {
            "acc/test/CIFAR100": 0.8511999845504761,
            "loss/test/CIFAR100": 0.5278528928756714,
            "normalized_acc/test/CIFAR100": 0.9535117745399475
        }
    ],
    "Food101": [
        {
            "acc/test/Food101": 0.9175049662590027,
            "loss/test/Food101": 0.2872261703014374,
            "normalized_acc/test/Food101": 1.0093674659729004
        }
    ],
    "avg": [
        {
            "acc/test/avg": 0.8843524754047394,
            "normalized_acc/test/avg": 0.981439620256424
        }
    ]
}