{
    "GTSRB": [
        {
            "acc/test/GTSRB": 0.8637371063232422,
            "loss/test/GTSRB": 0.5776119232177734,
            "normalized_acc/test/GTSRB": 0.8732089996337891
        }
    ],
    "FashionMNIST": [
        {
            "acc/test/FashionMNIST": 0.8629000186920166,
            "loss/test/FashionMNIST": 0.39134129881858826,
            "normalized_acc/test/FashionMNIST": 0.9064075350761414
        }
    ],
    "avg": [
        {
            "acc/test/avg": 0.8633185625076294,
            "normalized_acc/test/avg": 0.8898082673549652
        }
    ]
}