{
    "OxfordIIITPet": [
        {
            "acc/test/OxfordIIITPet": 0.9403107166290283,
            "loss/test/OxfordIIITPet": 0.18109779059886932,
            "normalized_acc/test/OxfordIIITPet": 0.9893891215324402
        }
    ],
    "CIFAR10": [
        {
            "acc/test/CIFAR10": 0.9699000120162964,
            "loss/test/CIFAR10": 0.10181908309459686,
            "normalized_acc/test/CIFAR10": 0.9880807399749756
        }
    ],
    "avg": [
        {
            "acc/test/avg": 0.9551053643226624,
            "normalized_acc/test/avg": 0.9887349307537079
        }
    ]
}