{
    "MNIST": [
        {
            "acc/test/MNIST": 0.9750999808311462,
            "loss/test/MNIST": 0.3600383698940277,
            "normalized_acc/test/MNIST": 0.9785248041152954
        }
    ],
    "FashionMNIST": [
        {
            "acc/test/FashionMNIST": 0.8567000031471252,
            "loss/test/FashionMNIST": 0.40738141536712646,
            "normalized_acc/test/FashionMNIST": 0.8998949527740479
        }
    ],
    "avg": [
        {
            "acc/test/avg": 0.9158999919891357,
            "normalized_acc/test/avg": 0.9392098784446716
        }
    ]
}