{
    "DTD": [
        {
            "acc/test/DTD": 0.6670212745666504,
            "loss/test/DTD": 1.1562526226043701,
            "normalized_acc/test/DTD": 0.8048779964447021
        }
    ],
    "KMNIST": [
        {
            "acc/test/KMNIST": 0.19120000302791595,
            "loss/test/KMNIST": 2.1868844032287598,
            "normalized_acc/test/KMNIST": 0.19440773129463196
        }
    ],
    "avg": [
        {
            "acc/test/avg": 0.4291106387972832,
            "normalized_acc/test/avg": 0.49964286386966705
        }
    ]
}