{
    "CIFAR10": [
        {
            "acc/test/CIFAR10": 0.9714000225067139,
            "loss/test/CIFAR10": 0.09408628195524216,
            "normalized_acc/test/CIFAR10": 0.9896088242530823
        }
    ],
    "EMNIST": [
        {
            "acc/test/EMNIST": 0.9417999982833862,
            "loss/test/EMNIST": 0.3912757933139801,
            "normalized_acc/test/EMNIST": 0.9471990466117859
        }
    ],
    "avg": [
        {
            "acc/test/avg": 0.95660001039505,
            "normalized_acc/test/avg": 0.9684039354324341
        }
    ]
}