{
    "FashionMNIST": [
        {
            "acc/test/FashionMNIST": 0.8535000085830688,
            "loss/test/FashionMNIST": 0.42153194546699524,
            "normalized_acc/test/FashionMNIST": 0.8965336084365845
        }
    ],
    "EMNIST": [
        {
            "acc/test/EMNIST": 0.9394000172615051,
            "loss/test/EMNIST": 0.3935149908065796,
            "normalized_acc/test/EMNIST": 0.9447852969169617
        }
    ],
    "avg": [
        {
            "acc/test/avg": 0.896450012922287,
            "normalized_acc/test/avg": 0.9206594526767731
        }
    ]
}