{
    "PCAM": [
        {
            "acc/test/PCAM": 0.80731201171875,
            "loss/test/PCAM": 0.4190533459186554,
            "normalized_acc/test/PCAM": 0.9099164009094238
        }
    ],
    "EMNIST": [
        {
            "acc/test/EMNIST": 0.9599999785423279,
            "loss/test/EMNIST": 0.33005785942077637,
            "normalized_acc/test/EMNIST": 0.9655033349990845
        }
    ],
    "avg": [
        {
            "acc/test/avg": 0.8836559951305389,
            "normalized_acc/test/avg": 0.9377098679542542
        }
    ]
}