{
    "GTSRB": [
        {
            "acc/test/GTSRB": 0.771179735660553,
            "loss/test/GTSRB": 0.851075291633606,
            "normalized_acc/test/GTSRB": 0.7796366214752197
        }
    ],
    "RenderedSST2": [
        {
            "acc/test/RenderedSST2": 0.6968698501586914,
            "loss/test/RenderedSST2": 0.5797522664070129,
            "normalized_acc/test/RenderedSST2": 0.9032028317451477
        }
    ],
    "avg": [
        {
            "acc/test/avg": 0.7340247929096222,
            "normalized_acc/test/avg": 0.8414197266101837
        }
    ]
}