{
    "OxfordIIITPet": [
        {
            "acc/test/OxfordIIITPet": 0.9495775699615479,
            "loss/test/OxfordIIITPet": 0.1555161029100418,
            "normalized_acc/test/OxfordIIITPet": 0.999139666557312
        }
    ],
    "CIFAR100": [
        {
            "acc/test/CIFAR100": 0.8277000188827515,
            "loss/test/CIFAR100": 0.6316618323326111,
            "normalized_acc/test/CIFAR100": 0.9271872043609619
        }
    ],
    "avg": [
        {
            "acc/test/avg": 0.8886387944221497,
            "normalized_acc/test/avg": 0.963163435459137
        }
    ]
}