{
    "CIFAR10": [
        {
            "acc/test/CIFAR10": 0.9714000225067139,
            "loss/test/CIFAR10": 0.09416349232196808,
            "normalized_acc/test/CIFAR10": 0.9896088242530823
        }
    ],
    "EMNIST": [
        {
            "acc/test/EMNIST": 0.9404000043869019,
            "loss/test/EMNIST": 0.3923691511154175,
            "normalized_acc/test/EMNIST": 0.9457910060882568
        }
    ],
    "avg": [
        {
            "acc/test/avg": 0.9559000134468079,
            "normalized_acc/test/avg": 0.9676999151706696
        }
    ]
}