{
    "RESISC45": [
        {
            "acc/test/RESISC45": 0.9055555462837219,
            "loss/test/RESISC45": 0.33350419998168945,
            "normalized_acc/test/RESISC45": 0.936781644821167
        }
    ],
    "SVHN": [
        {
            "acc/test/SVHN": 0.835279643535614,
            "loss/test/SVHN": 0.7740688323974609,
            "normalized_acc/test/SVHN": 0.8568050861358643
        }
    ],
    "avg": [
        {
            "acc/test/avg": 0.870417594909668,
            "normalized_acc/test/avg": 0.8967933654785156
        }
    ]
}