{
    "Flowers102": [
        {
            "acc/test/Flowers102": 0.9025858044624329,
            "loss/test/Flowers102": 0.39720577001571655,
            "normalized_acc/test/Flowers102": 0.9578874707221985
        }
    ],
    "Food101": [
        {
            "acc/test/Food101": 0.9157623648643494,
            "loss/test/Food101": 0.2921747863292694,
            "normalized_acc/test/Food101": 1.0074503421783447
        }
    ],
    "avg": [
        {
            "acc/test/avg": 0.9091740846633911,
            "normalized_acc/test/avg": 0.9826689064502716
        }
    ]
}