{
    "FER2013": [
        {
            "acc/test/FER2013": 0.5922262668609619,
            "loss/test/FER2013": 1.1104235649108887,
            "normalized_acc/test/FER2013": 0.8032880425453186
        }
    ],
    "STL10": [
        {
            "acc/test/STL10": 0.9917500019073486,
            "loss/test/STL10": 0.028867369517683983,
            "normalized_acc/test/STL10": 1.0039225816726685
        }
    ],
    "avg": [
        {
            "acc/test/avg": 0.7919881343841553,
            "normalized_acc/test/avg": 0.9036053121089935
        }
    ]
}