{
    "EuroSAT": [
        {
            "acc/test/EuroSAT": 0.9570370316505432,
            "loss/test/EuroSAT": 0.1970105618238449,
            "normalized_acc/test/EuroSAT": 0.9659813046455383
        }
    ],
    "KMNIST": [
        {
            "acc/test/KMNIST": 0.2029999941587448,
            "loss/test/KMNIST": 2.179903268814087,
            "normalized_acc/test/KMNIST": 0.20640568435192108
        }
    ],
    "avg": [
        {
            "acc/test/avg": 0.580018512904644,
            "normalized_acc/test/avg": 0.5861934944987297
        }
    ]
}