{
    "SUN397": [
        {
            "acc/test/SUN397": 0.7308312058448792,
            "loss/test/SUN397": 0.9189599752426147,
            "normalized_acc/test/SUN397": 0.9268463850021362
        }
    ],
    "DTD": [
        {
            "acc/test/DTD": 0.6404255032539368,
            "loss/test/DTD": 1.2488148212432861,
            "normalized_acc/test/DTD": 0.7727855443954468
        }
    ],
    "avg": [
        {
            "acc/test/avg": 0.685628354549408,
            "normalized_acc/test/avg": 0.8498159646987915
        }
    ]
}