{
    "GTSRB": [
        {
            "acc/test/GTSRB": 0.8211401700973511,
            "loss/test/GTSRB": 0.7052958011627197,
            "normalized_acc/test/GTSRB": 0.8301449418067932
        }
    ],
    "CIFAR10": [
        {
            "acc/test/CIFAR10": 0.9714999794960022,
            "loss/test/CIFAR10": 0.09674226492643356,
            "normalized_acc/test/CIFAR10": 0.9897106885910034
        }
    ],
    "avg": [
        {
            "acc/test/avg": 0.8963200747966766,
            "normalized_acc/test/avg": 0.9099278151988983
        }
    ]
}