{
    "EuroSAT": [
        {
            "acc/test/EuroSAT": 0.962592601776123,
            "loss/test/EuroSAT": 0.18725793063640594,
            "normalized_acc/test/EuroSAT": 0.9715887904167175
        }
    ],
    "FashionMNIST": [
        {
            "acc/test/FashionMNIST": 0.8575999736785889,
            "loss/test/FashionMNIST": 0.4082041382789612,
            "normalized_acc/test/FashionMNIST": 0.9008402824401855
        }
    ],
    "avg": [
        {
            "acc/test/avg": 0.910096287727356,
            "normalized_acc/test/avg": 0.9362145364284515
        }
    ]
}