{
    "Cars": [
        {
            "acc/test/Cars": 0.7859718799591064,
            "loss/test/Cars": 0.6543350219726562,
            "normalized_acc/test/Cars": 0.9160747528076172
        }
    ],
    "PCAM": [
        {
            "acc/test/PCAM": 0.795074462890625,
            "loss/test/PCAM": 0.4406876862049103,
            "normalized_acc/test/PCAM": 0.8961235284805298
        }
    ],
    "avg": [
        {
            "acc/test/avg": 0.7905231714248657,
            "normalized_acc/test/avg": 0.9060991406440735
        }
    ]
}