{
    "RESISC45": [
        {
            "acc/test/RESISC45": 0.8657143115997314,
            "loss/test/RESISC45": 0.4580540955066681,
            "normalized_acc/test/RESISC45": 0.8955665826797485
        }
    ],
    "DTD": [
        {
            "acc/test/DTD": 0.6053191423416138,
            "loss/test/DTD": 1.3517961502075195,
            "normalized_acc/test/DTD": 0.7304235696792603
        }
    ],
    "avg": [
        {
            "acc/test/avg": 0.7355167269706726,
            "normalized_acc/test/avg": 0.8129950761795044
        }
    ]
}