{
    "SVHN": [
        {
            "acc/test/SVHN": 0.8142670392990112,
            "loss/test/SVHN": 0.8575524687767029,
            "normalized_acc/test/SVHN": 0.835250973701477
        }
    ],
    "OxfordIIITPet": [
        {
            "acc/test/OxfordIIITPet": 0.9471245408058167,
            "loss/test/OxfordIIITPet": 0.160519078373909,
            "normalized_acc/test/OxfordIIITPet": 0.9965586066246033
        }
    ],
    "avg": [
        {
            "acc/test/avg": 0.8806957900524139,
            "normalized_acc/test/avg": 0.9159047901630402
        }
    ]
}