{
    "MNIST": [
        {
            "acc/test/MNIST": 0.9771000146865845,
            "loss/test/MNIST": 0.3284936547279358,
            "normalized_acc/test/MNIST": 0.9805318713188171
        }
    ],
    "PCAM": [
        {
            "acc/test/PCAM": 0.80535888671875,
            "loss/test/PCAM": 0.41561809182167053,
            "normalized_acc/test/PCAM": 0.9077150821685791
        }
    ],
    "avg": [
        {
            "acc/test/avg": 0.8912294507026672,
            "normalized_acc/test/avg": 0.9441234767436981
        }
    ]
}