{
    "MNIST": [
        {
            "acc/test/MNIST": 0.9430999755859375,
            "loss/test/MNIST": 0.5876019597053528,
            "normalized_acc/test/MNIST": 0.9464123845100403
        }
    ],
    "STL10": [
        {
            "acc/test/STL10": 0.9908750057220459,
            "loss/test/STL10": 0.03100905567407608,
            "normalized_acc/test/STL10": 1.0030368566513062
        }
    ],
    "avg": [
        {
            "acc/test/avg": 0.9669874906539917,
            "normalized_acc/test/avg": 0.9747246205806732
        }
    ]
}