{
    "EuroSAT": [
        {
            "acc/test/EuroSAT": 0.9288889169692993,
            "loss/test/EuroSAT": 0.3179306983947754,
            "normalized_acc/test/EuroSAT": 0.9375701546669006
        }
    ],
    "DTD": [
        {
            "acc/test/DTD": 0.596276581287384,
            "loss/test/DTD": 1.4107736349105835,
            "normalized_acc/test/DTD": 0.7195121645927429
        }
    ],
    "avg": [
        {
            "acc/test/avg": 0.7625827491283417,
            "normalized_acc/test/avg": 0.8285411596298218
        }
    ]
}