{
    "Food101": [
        {
            "acc/test/Food101": 0.9157623648643494,
            "loss/test/Food101": 0.2892463803291321,
            "normalized_acc/test/Food101": 1.0074503421783447
        }
    ],
    "RenderedSST2": [
        {
            "acc/test/RenderedSST2": 0.7451949715614319,
            "loss/test/RenderedSST2": 0.5198765397071838,
            "normalized_acc/test/RenderedSST2": 0.9658362865447998
        }
    ],
    "avg": [
        {
            "acc/test/avg": 0.8304786682128906,
            "normalized_acc/test/avg": 0.9866433143615723
        }
    ]
}