{
    "RESISC45": [
        {
            "acc/test/RESISC45": 0.8993650674819946,
            "loss/test/RESISC45": 0.357613205909729,
            "normalized_acc/test/RESISC45": 0.9303776621818542
        }
    ],
    "CIFAR10": [
        {
            "acc/test/CIFAR10": 0.9711999893188477,
            "loss/test/CIFAR10": 0.09377272427082062,
            "normalized_acc/test/CIFAR10": 0.9894050359725952
        }
    ],
    "avg": [
        {
            "acc/test/avg": 0.9352825284004211,
            "normalized_acc/test/avg": 0.9598913490772247
        }
    ]
}