{
    "SVHN": [
        {
            "acc/test/SVHN": 0.8597495555877686,
            "loss/test/SVHN": 0.6891870498657227,
            "normalized_acc/test/SVHN": 0.8819056153297424
        }
    ],
    "FashionMNIST": [
        {
            "acc/test/FashionMNIST": 0.8769999742507935,
            "loss/test/FashionMNIST": 0.34235891699790955,
            "normalized_acc/test/FashionMNIST": 0.9212184548377991
        }
    ],
    "avg": [
        {
            "acc/test/avg": 0.868374764919281,
            "normalized_acc/test/avg": 0.9015620350837708
        }
    ]
}