{
    "CIFAR10": [
        {
            "acc/test/CIFAR10": 0.9758999943733215,
            "loss/test/CIFAR10": 0.0810084119439125,
            "normalized_acc/test/CIFAR10": 0.9941931366920471
        }
    ],
    "KMNIST": [
        {
            "acc/test/KMNIST": 0.22290000319480896,
            "loss/test/KMNIST": 2.1479032039642334,
            "normalized_acc/test/KMNIST": 0.2266395539045334
        }
    ],
    "avg": [
        {
            "acc/test/avg": 0.5993999987840652,
            "normalized_acc/test/avg": 0.6104163452982903
        }
    ]
}