{
    "PCAM": [
        {
            "acc/test/PCAM": 0.795166015625,
            "loss/test/PCAM": 0.4350879192352295,
            "normalized_acc/test/PCAM": 0.8962267637252808
        }
    ],
    "KMNIST": [
        {
            "acc/test/KMNIST": 0.24660000205039978,
            "loss/test/KMNIST": 2.1320207118988037,
            "normalized_acc/test/KMNIST": 0.25073716044425964
        }
    ],
    "avg": [
        {
            "acc/test/avg": 0.5208830088376999,
            "normalized_acc/test/avg": 0.5734819620847702
        }
    ]
}