{
    "DTD": [
        {
            "acc/test/DTD": 0.577659547328949,
            "loss/test/DTD": 1.4935383796691895,
            "normalized_acc/test/DTD": 0.6970474123954773
        }
    ],
    "OxfordIIITPet": [
        {
            "acc/test/OxfordIIITPet": 0.9348596334457397,
            "loss/test/OxfordIIITPet": 0.2013842761516571,
            "normalized_acc/test/OxfordIIITPet": 0.9836535453796387
        }
    ],
    "avg": [
        {
            "acc/test/avg": 0.7562595903873444,
            "normalized_acc/test/avg": 0.840350478887558
        }
    ]
}