{
    "GTSRB": [
        {
            "acc/test/GTSRB": 0.7714964151382446,
            "loss/test/GTSRB": 0.8503692150115967,
            "normalized_acc/test/GTSRB": 0.7799567580223083
        }
    ],
    "RenderedSST2": [
        {
            "acc/test/RenderedSST2": 0.6968698501586914,
            "loss/test/RenderedSST2": 0.5794220566749573,
            "normalized_acc/test/RenderedSST2": 0.9032028317451477
        }
    ],
    "avg": [
        {
            "acc/test/avg": 0.734183132648468,
            "normalized_acc/test/avg": 0.841579794883728
        }
    ]
}