{
    "EMNIST": [
        {
            "acc/test/EMNIST": 0.9120000004768372,
            "loss/test/EMNIST": 0.5337516665458679,
            "normalized_acc/test/EMNIST": 0.9172282218933105
        }
    ],
    "RenderedSST2": [
        {
            "acc/test/RenderedSST2": 0.6787479519844055,
            "loss/test/RenderedSST2": 0.5893680453300476,
            "normalized_acc/test/RenderedSST2": 0.8797152638435364
        }
    ],
    "avg": [
        {
            "acc/test/avg": 0.7953739762306213,
            "normalized_acc/test/avg": 0.8984717428684235
        }
    ]
}