{
    "SVHN": [
        {
            "acc/test/SVHN": 0.8228718638420105,
            "loss/test/SVHN": 0.7606541514396667,
            "normalized_acc/test/SVHN": 0.8440775871276855
        }
    ],
    "EMNIST": [
        {
            "acc/test/EMNIST": 0.9434000253677368,
            "loss/test/EMNIST": 0.3773195743560791,
            "normalized_acc/test/EMNIST": 0.9488082528114319
        }
    ],
    "avg": [
        {
            "acc/test/avg": 0.8831359446048737,
            "normalized_acc/test/avg": 0.8964429199695587
        }
    ]
}