{
    "SUN397": [
        {
            "acc/test/SUN397": 0.7425189018249512,
            "loss/test/SUN397": 0.8848171830177307,
            "normalized_acc/test/SUN397": 0.9416688084602356
        }
    ],
    "CIFAR10": [
        {
            "acc/test/CIFAR10": 0.9764999747276306,
            "loss/test/CIFAR10": 0.08075937628746033,
            "normalized_acc/test/CIFAR10": 0.9948043823242188
        }
    ],
    "avg": [
        {
            "acc/test/avg": 0.8595094382762909,
            "normalized_acc/test/avg": 0.9682365953922272
        }
    ]
}