{
    "CIFAR10": [
        {
            "acc/test/CIFAR10": 0.9750000238418579,
            "loss/test/CIFAR10": 0.08230210840702057,
            "normalized_acc/test/CIFAR10": 0.9932762980461121
        }
    ],
    "FashionMNIST": [
        {
            "acc/test/FashionMNIST": 0.8694999814033508,
            "loss/test/FashionMNIST": 0.3768440783023834,
            "normalized_acc/test/FashionMNIST": 0.9133402705192566
        }
    ],
    "avg": [
        {
            "acc/test/avg": 0.9222500026226044,
            "normalized_acc/test/avg": 0.9533082842826843
        }
    ]
}