{
    "SVHN": [
        {
            "acc/test/SVHN_epoch": 0.9202135801315308,
            "loss/test/SVHN_epoch": 0.34732091426849365,
            "acc/test/SVHN": 0.9202135801315308,
            "normalized_acc/test/SVHN": 0.9439278244972229
        }
    ],
    "KMNIST": [
        {
            "acc/test/KMNIST_epoch": 0.5335999727249146,
            "loss/test/KMNIST_epoch": 1.5881930589675903,
            "acc/test/KMNIST": 0.5335999727249146,
            "normalized_acc/test/KMNIST": 0.5425520539283752
        }
    ],
    "avg": [
        {
            "acc/test/avg": 0.7269067764282227,
            "normalized_acc/test/avg": 0.7432399392127991
        }
    ]
}