{
    "SVHN": [
        {
            "acc/test/SVHN_epoch": 0.9211739301681519,
            "loss/test/SVHN_epoch": 0.34364768862724304,
            "acc/test/SVHN": 0.9211739301681519,
            "normalized_acc/test/SVHN": 0.9449129104614258
        }
    ],
    "CIFAR100": [
        {
            "acc/test/CIFAR100_epoch": 0.8156999945640564,
            "loss/test/CIFAR100_epoch": 0.690603494644165,
            "acc/test/CIFAR100": 0.8156999945640564,
            "normalized_acc/test/CIFAR100": 0.9137448072433472
        }
    ],
    "avg": [
        {
            "acc/test/avg": 0.8684369623661041,
            "normalized_acc/test/avg": 0.9293288588523865
        }
    ]
}