{
    "PCAM": [
        {
            "acc/test/PCAM_epoch": 0.88934326171875,
            "loss/test/PCAM_epoch": 0.2694259285926819,
            "acc/test/PCAM": 0.88934326171875,
            "normalized_acc/test/PCAM": 1.0023733377456665
        }
    ],
    "CIFAR100": [
        {
            "acc/test/CIFAR100_epoch": 0.8145999908447266,
            "loss/test/CIFAR100_epoch": 0.6518656015396118,
            "acc/test/CIFAR100": 0.8145999908447266,
            "normalized_acc/test/CIFAR100": 0.9125126004219055
        }
    ],
    "avg": [
        {
            "acc/test/avg": 0.8519716262817383,
            "normalized_acc/test/avg": 0.957442969083786
        }
    ]
}