{
    "OxfordIIITPet": [
        {
            "acc/test/OxfordIIITPet_epoch": 0.9332243204116821,
            "loss/test/OxfordIIITPet_epoch": 0.19838497042655945,
            "acc/test/OxfordIIITPet": 0.9332243204116821,
            "normalized_acc/test/OxfordIIITPet": 0.9819328784942627
        }
    ],
    "KMNIST": [
        {
            "acc/test/KMNIST_epoch": 0.5182999968528748,
            "loss/test/KMNIST_epoch": 1.5919198989868164,
            "acc/test/KMNIST": 0.5182999968528748,
            "normalized_acc/test/KMNIST": 0.5269954204559326
        }
    ],
    "avg": [
        {
            "acc/test/avg": 0.7257621586322784,
            "normalized_acc/test/avg": 0.7544641494750977
        }
    ]
}