{
    "MNIST": [
        {
            "acc/test/MNIST_epoch": 0.986299991607666,
            "loss/test/MNIST_epoch": 0.163162499666214,
            "acc/test/MNIST": 0.986299991607666,
            "normalized_acc/test/MNIST": 0.9897641539573669
        }
    ],
    "FashionMNIST": [
        {
            "acc/test/FashionMNIST_epoch": 0.8765000104904175,
            "loss/test/FashionMNIST_epoch": 0.36752715706825256,
            "acc/test/FashionMNIST": 0.8765000104904175,
            "normalized_acc/test/FashionMNIST": 0.9206932783126831
        }
    ],
    "avg": [
        {
            "acc/test/avg": 0.9314000010490417,
            "normalized_acc/test/avg": 0.955228716135025
        }
    ]
}