{
    "FER2013": [
        {
            "acc/test/FER2013_epoch": 0.6571468114852905,
            "loss/test/FER2013_epoch": 0.961342453956604,
            "acc/test/FER2013": 0.6571468114852905,
            "normalized_acc/test/FER2013": 0.8913453817367554
        }
    ],
    "KMNIST": [
        {
            "acc/test/KMNIST_epoch": 0.5514000058174133,
            "loss/test/KMNIST_epoch": 1.5234744548797607,
            "acc/test/KMNIST": 0.5514000058174133,
            "normalized_acc/test/KMNIST": 0.5606507658958435
        }
    ],
    "avg": [
        {
            "acc/test/avg": 0.6042734086513519,
            "normalized_acc/test/avg": 0.7259980738162994
        }
    ]
}