{
    "SUN397": [
        {
            "acc/test/SUN397_epoch": 0.7362216711044312,
            "loss/test/SUN397_epoch": 0.913332998752594,
            "acc/test/SUN397": 0.7362216711044312,
            "normalized_acc/test/SUN397": 0.9336826205253601
        }
    ],
    "Flowers102": [
        {
            "acc/test/Flowers102_epoch": 0.8028947710990906,
            "loss/test/Flowers102_epoch": 0.8158383965492249,
            "acc/test/Flowers102": 0.8028947710990906,
            "normalized_acc/test/Flowers102": 0.8520883321762085
        }
    ],
    "avg": [
        {
            "acc/test/avg": 0.7695582211017609,
            "normalized_acc/test/avg": 0.8928854763507843
        }
    ]
}