{
    "Cars": [
        {
            "acc/test/Cars_epoch": 0.7296355962753296,
            "loss/test/Cars_epoch": 0.8105673789978027,
            "acc/test/Cars": 0.7296355962753296,
            "normalized_acc/test/Cars": 0.8504130840301514
        }
    ],
    "CIFAR10": [
        {
            "acc/test/CIFAR10_epoch": 0.975600004196167,
            "loss/test/CIFAR10_epoch": 0.08269178122282028,
            "acc/test/CIFAR10": 0.975600004196167,
            "normalized_acc/test/CIFAR10": 0.9938875436782837
        }
    ],
    "avg": [
        {
            "acc/test/avg": 0.8526178002357483,
            "normalized_acc/test/avg": 0.9221503138542175
        }
    ]
}