{
    "EuroSAT": [
        {
            "acc/test/EuroSAT_epoch": 0.9551851749420166,
            "loss/test/EuroSAT_epoch": 0.1729869246482849,
            "acc/test/EuroSAT": 0.9551851749420166,
            "normalized_acc/test/EuroSAT": 0.9641121625900269
        }
    ],
    "KMNIST": [
        {
            "acc/test/KMNIST_epoch": 0.44620001316070557,
            "loss/test/KMNIST_epoch": 1.6978034973144531,
            "acc/test/KMNIST": 0.44620001316070557,
            "normalized_acc/test/KMNIST": 0.45368582010269165
        }
    ],
    "avg": [
        {
            "acc/test/avg": 0.7006925940513611,
            "normalized_acc/test/avg": 0.7088989913463593
        }
    ]
}