{
    "Food101": [
        {
            "acc/test/Food101_epoch": 0.9109306931495667,
            "loss/test/Food101_epoch": 0.3164776563644409,
            "acc/test/Food101": 0.9109306931495667,
            "normalized_acc/test/Food101": 1.002134919166565
        }
    ],
    "EMNIST": [
        {
            "acc/test/EMNIST_epoch": 0.9897000193595886,
            "loss/test/EMNIST_epoch": 0.1271667182445526,
            "acc/test/EMNIST": 0.9897000193595886,
            "normalized_acc/test/EMNIST": 0.9953736662864685
        }
    ],
    "avg": [
        {
            "acc/test/avg": 0.9503153562545776,
            "normalized_acc/test/avg": 0.9987542927265167
        }
    ]
}