{
    "PCAM": [
        {
            "acc/test/PCAM_epoch": 0.8900146484375,
            "loss/test/PCAM_epoch": 0.2772578001022339,
            "acc/test/PCAM": 0.8900146484375,
            "normalized_acc/test/PCAM": 1.0031300783157349
        }
    ],
    "CIFAR10": [
        {
            "acc/test/CIFAR10_epoch": 0.9732000231742859,
            "loss/test/CIFAR10_epoch": 0.08499333262443542,
            "acc/test/CIFAR10": 0.9732000231742859,
            "normalized_acc/test/CIFAR10": 0.9914425611495972
        }
    ],
    "avg": [
        {
            "acc/test/avg": 0.9316073358058929,
            "normalized_acc/test/avg": 0.997286319732666
        }
    ]
}