{
    "GTSRB": [
        {
            "acc/test/GTSRB_epoch": 0.9090261459350586,
            "loss/test/GTSRB_epoch": 0.43900325894355774,
            "acc/test/GTSRB": 0.9090261459350586,
            "normalized_acc/test/GTSRB": 0.918994665145874
        }
    ],
    "Flowers102": [
        {
            "acc/test/Flowers102_epoch": 0.7926492094993591,
            "loss/test/Flowers102_epoch": 0.8345708250999451,
            "acc/test/Flowers102": 0.7926492094993591,
            "normalized_acc/test/Flowers102": 0.8412150144577026
        }
    ],
    "avg": [
        {
            "acc/test/avg": 0.8508376777172089,
            "normalized_acc/test/avg": 0.8801048398017883
        }
    ]
}