{
    "Cars": [
        {
            "acc/test/Cars_epoch": 0.7950503826141357,
            "loss/test/Cars_epoch": 0.6110181212425232,
            "acc/test/Cars": 0.7950503826141357,
            "normalized_acc/test/Cars": 0.9266560673713684
        }
    ],
    "DTD": [
        {
            "acc/test/DTD_epoch": 0.6297872066497803,
            "loss/test/DTD_epoch": 1.2757773399353027,
            "acc/test/DTD": 0.6297872066497803,
            "normalized_acc/test/DTD": 0.7599486112594604
        }
    ],
    "avg": [
        {
            "acc/test/avg": 0.712418794631958,
            "normalized_acc/test/avg": 0.8433023393154144
        }
    ]
}