{
    "STL10": [
        {
            "acc/test/STL10_epoch": 0.987625002861023,
            "loss/test/STL10_epoch": 0.040805086493492126,
            "acc/test/STL10": 0.987625002861023,
            "normalized_acc/test/STL10": 0.9997469782829285
        }
    ],
    "KMNIST": [
        {
            "acc/test/KMNIST_epoch": 0.475600004196167,
            "loss/test/KMNIST_epoch": 1.6708292961120605,
            "acc/test/KMNIST": 0.475600004196167,
            "normalized_acc/test/KMNIST": 0.4835790693759918
        }
    ],
    "avg": [
        {
            "acc/test/avg": 0.731612503528595,
            "normalized_acc/test/avg": 0.7416630238294601
        }
    ]
}