{
    "CIFAR10": [
        {
            "acc/test/CIFAR10_epoch": 0.9729999899864197,
            "loss/test/CIFAR10_epoch": 0.08675824105739594,
            "acc/test/CIFAR10": 0.9729999899864197,
            "normalized_acc/test/CIFAR10": 0.9912387728691101
        }
    ],
    "KMNIST": [
        {
            "acc/test/KMNIST_epoch": 0.38600000739097595,
            "loss/test/KMNIST_epoch": 1.754408597946167,
            "acc/test/KMNIST": 0.38600000739097595,
            "normalized_acc/test/KMNIST": 0.39247584342956543
        }
    ],
    "avg": [
        {
            "acc/test/avg": 0.6794999986886978,
            "normalized_acc/test/avg": 0.6918573081493378
        }
    ]
}