{
    "STL10": [
        {
            "acc/test/STL10_epoch": 0.9886249899864197,
            "loss/test/STL10_epoch": 0.03998171538114548,
            "acc/test/STL10": 0.9886249899864197,
            "normalized_acc/test/STL10": 1.000759243965149
        }
    ],
    "Food101": [
        {
            "acc/test/Food101_epoch": 0.9133861660957336,
            "loss/test/Food101_epoch": 0.3030375838279724,
            "acc/test/Food101": 0.9133861660957336,
            "normalized_acc/test/Food101": 1.0048362016677856
        }
    ],
    "avg": [
        {
            "acc/test/avg": 0.9510055780410767,
            "normalized_acc/test/avg": 1.0027977228164673
        }
    ]
}