{
    "CIFAR100": [
        {
            "acc/test/CIFAR100_epoch": 0.8158000111579895,
            "loss/test/CIFAR100_epoch": 0.682870626449585,
            "acc/test/CIFAR100": 0.8158000111579895,
            "normalized_acc/test/CIFAR100": 0.9138568639755249
        }
    ],
    "KMNIST": [
        {
            "acc/test/KMNIST_epoch": 0.4966000020503998,
            "loss/test/KMNIST_epoch": 1.5727227926254272,
            "acc/test/KMNIST": 0.4966000020503998,
            "normalized_acc/test/KMNIST": 0.5049313902854919
        }
    ],
    "avg": [
        {
            "acc/test/avg": 0.6562000066041946,
            "normalized_acc/test/avg": 0.7093941271305084
        }
    ]
}