{
    "RESISC45": [
        {
            "acc/test/RESISC45_epoch": 0.898888885974884,
            "loss/test/RESISC45_epoch": 0.3321526348590851,
            "acc/test/RESISC45": 0.898888885974884,
            "normalized_acc/test/RESISC45": 0.9298850893974304
        }
    ],
    "RenderedSST2": [
        {
            "acc/test/RenderedSST2_epoch": 0.7254256010055542,
            "loss/test/RenderedSST2_epoch": 0.5423250794410706,
            "acc/test/RenderedSST2": 0.7254256010055542,
            "normalized_acc/test/RenderedSST2": 0.9402135014533997
        }
    ],
    "avg": [
        {
            "acc/test/avg": 0.8121572434902191,
            "normalized_acc/test/avg": 0.935049295425415
        }
    ]
}