{
    "SUN397": [
        {
            "acc/test/SUN397_epoch": 0.7322418093681335,
            "loss/test/SUN397_epoch": 0.9141187071800232,
            "acc/test/SUN397": 0.7322418093681335,
            "normalized_acc/test/SUN397": 0.9286353588104248
        }
    ],
    "STL10": [
        {
            "acc/test/STL10_epoch": 0.9883750081062317,
            "loss/test/STL10_epoch": 0.040140554308891296,
            "acc/test/STL10": 0.9883750081062317,
            "normalized_acc/test/STL10": 1.0005061626434326
        }
    ],
    "avg": [
        {
            "acc/test/avg": 0.8603084087371826,
            "normalized_acc/test/avg": 0.9645707607269287
        }
    ]
}