{
    "GTSRB": [
        {
            "acc/test/GTSRB_epoch": 0.8809975981712341,
            "loss/test/GTSRB_epoch": 0.47373905777931213,
            "acc/test/GTSRB": 0.8809975981712341,
            "normalized_acc/test/GTSRB": 0.8906587362289429
        }
    ],
    "EMNIST": [
        {
            "acc/test/EMNIST_epoch": 0.9890999794006348,
            "loss/test/EMNIST_epoch": 0.11045921593904495,
            "acc/test/EMNIST": 0.9890999794006348,
            "normalized_acc/test/EMNIST": 0.9947701692581177
        }
    ],
    "avg": [
        {
            "acc/test/avg": 0.9350487887859344,
            "normalized_acc/test/avg": 0.9427144527435303
        }
    ]
}