{
    "PCAM": [
        {
            "acc/test/PCAM_epoch": 0.868072509765625,
            "loss/test/PCAM_epoch": 0.3003446161746979,
            "acc/test/PCAM": 0.868072509765625,
            "normalized_acc/test/PCAM": 0.9783992171287537
        }
    ],
    "EMNIST": [
        {
            "acc/test/EMNIST_epoch": 0.9883999824523926,
            "loss/test/EMNIST_epoch": 0.19022205471992493,
            "acc/test/EMNIST": 0.9883999824523926,
            "normalized_acc/test/EMNIST": 0.9940661787986755
        }
    ],
    "avg": [
        {
            "acc/test/avg": 0.9282362461090088,
            "normalized_acc/test/avg": 0.9862326979637146
        }
    ]
}