{
    "Cars": [
        {
            "acc/test/Cars_epoch": 0.779007613658905,
            "loss/test/Cars_epoch": 0.6485019326210022,
            "acc/test/Cars": 0.779007613658905,
            "normalized_acc/test/Cars": 0.9079577326774597
        }
    ],
    "STL10": [
        {
            "acc/test/STL10_epoch": 0.9882500171661377,
            "loss/test/STL10_epoch": 0.04018513858318329,
            "acc/test/STL10": 0.9882500171661377,
            "normalized_acc/test/STL10": 1.0003796815872192
        }
    ],
    "avg": [
        {
            "acc/test/avg": 0.8836288154125214,
            "normalized_acc/test/avg": 0.9541687071323395
        }
    ]
}