{
    "SUN397": [
        {
            "acc/test/SUN397_epoch": 0.7316372990608215,
            "loss/test/SUN397_epoch": 0.9303240180015564,
            "acc/test/SUN397": 0.7316372990608215,
            "normalized_acc/test/SUN397": 0.927868664264679
        }
    ],
    "Cars": [
        {
            "acc/test/Cars_epoch": 0.7846038937568665,
            "loss/test/Cars_epoch": 0.6193655729293823,
            "acc/test/Cars": 0.7846038937568665,
            "normalized_acc/test/Cars": 0.9144803285598755
        }
    ],
    "avg": [
        {
            "acc/test/avg": 0.758120596408844,
            "normalized_acc/test/avg": 0.9211744964122772
        }
    ]
}