{
    "SUN397": [
        {
            "acc/test/SUN397_epoch": 0.7052392959594727,
            "loss/test/SUN397_epoch": 1.013675570487976,
            "acc/test/SUN397": 0.7052392959594727,
            "normalized_acc/test/SUN397": 0.9418690204620361
        }
    ],
    "Flowers102": [
        {
            "acc/test/Flowers102_epoch": 0.7736217379570007,
            "loss/test/Flowers102_epoch": 1.0157991647720337,
            "acc/test/Flowers102": 0.7736217379570007,
            "normalized_acc/test/Flowers102": 0.8608396649360657
        }
    ],
    "avg": [
        {
            "acc/test/avg": 0.7394305169582367,
            "normalized_acc/test/avg": 0.9013543426990509
        }
    ]
}