{
    "OxfordIIITPet": [
        {
            "acc/test/OxfordIIITPet_epoch": 0.8838920593261719,
            "loss/test/OxfordIIITPet_epoch": 0.3333721458911896,
            "acc/test/OxfordIIITPet": 0.8838920593261719,
            "normalized_acc/test/OxfordIIITPet": 0.9535430669784546
        }
    ],
    "EMNIST": [
        {
            "acc/test/EMNIST_epoch": 0.9728999733924866,
            "loss/test/EMNIST_epoch": 0.18865343928337097,
            "acc/test/EMNIST": 0.9728999733924866,
            "normalized_acc/test/EMNIST": 0.9782805442810059
        }
    ],
    "avg": [
        {
            "acc/test/avg": 0.9283960163593292,
            "normalized_acc/test/avg": 0.9659118056297302
        }
    ]
}