{
    "MNIST": [
        {
            "acc/test/MNIST_epoch": 0.9735999703407288,
            "loss/test/MNIST_epoch": 0.14489957690238953,
            "acc/test/MNIST": 0.9735999703407288,
            "normalized_acc/test/MNIST": 0.9789844155311584
        }
    ],
    "Flowers102": [
        {
            "acc/test/Flowers102_epoch": 0.7339404821395874,
            "loss/test/Flowers102_epoch": 1.1190605163574219,
            "acc/test/Flowers102": 0.7339404821395874,
            "normalized_acc/test/Flowers102": 0.8166847825050354
        }
    ],
    "avg": [
        {
            "acc/test/avg": 0.8537702262401581,
            "normalized_acc/test/avg": 0.8978345990180969
        }
    ]
}