{
    "SUN397": [
        {
            "acc/test/SUN397_epoch": 0.698740541934967,
            "loss/test/SUN397_epoch": 1.0251519680023193,
            "acc/test/SUN397": 0.698740541934967,
            "normalized_acc/test/SUN397": 0.9331897497177124
        }
    ],
    "EuroSAT": [
        {
            "acc/test/EuroSAT_epoch": 0.9607407450675964,
            "loss/test/EuroSAT_epoch": 0.14294642210006714,
            "acc/test/EuroSAT": 0.9607407450675964,
            "normalized_acc/test/EuroSAT": 0.9679104685783386
        }
    ],
    "avg": [
        {
            "acc/test/avg": 0.8297406435012817,
            "normalized_acc/test/avg": 0.9505501091480255
        }
    ]
}