{
    "MNIST": [
        {
            "acc/test/MNIST_epoch": 0.9718999862670898,
            "loss/test/MNIST_epoch": 0.16270281374454498,
            "acc/test/MNIST": 0.9718999862670898,
            "normalized_acc/test/MNIST": 0.977275013923645
        }
    ],
    "STL10": [
        {
            "acc/test/STL10_epoch": 0.9787499904632568,
            "loss/test/STL10_epoch": 0.06493844836950302,
            "acc/test/STL10": 0.9787499904632568,
            "normalized_acc/test/STL10": 1.0033316612243652
        }
    ],
    "avg": [
        {
            "acc/test/avg": 0.9753249883651733,
            "normalized_acc/test/avg": 0.9903033375740051
        }
    ]
}