{
    "SUN397": [
        {
            "acc/test/SUN397_epoch": 0.7021662592887878,
            "loss/test/SUN397_epoch": 1.032225489616394,
            "acc/test/SUN397": 0.7021662592887878,
            "normalized_acc/test/SUN397": 0.9377648830413818
        }
    ],
    "RESISC45": [
        {
            "acc/test/RESISC45_epoch": 0.8563492298126221,
            "loss/test/RESISC45_epoch": 0.46385154128074646,
            "acc/test/RESISC45": 0.8563492298126221,
            "normalized_acc/test/RESISC45": 0.8985676765441895
        }
    ],
    "avg": [
        {
            "acc/test/avg": 0.779257744550705,
            "normalized_acc/test/avg": 0.9181662797927856
        }
    ]
}