{
    "MNIST": [
        {
            "acc/test/MNIST_epoch": 0.9722999930381775,
            "loss/test/MNIST_epoch": 0.14933863282203674,
            "acc/test/MNIST": 0.9722999930381775,
            "normalized_acc/test/MNIST": 0.9776772260665894
        }
    ],
    "Food101": [
        {
            "acc/test/Food101_epoch": 0.8588118553161621,
            "loss/test/Food101_epoch": 0.49248018860816956,
            "acc/test/Food101": 0.8588118553161621,
            "normalized_acc/test/Food101": 0.9982047080993652
        }
    ],
    "avg": [
        {
            "acc/test/avg": 0.9155559241771698,
            "normalized_acc/test/avg": 0.9879409670829773
        }
    ]
}