{
    "Cars": [
        {
            "acc/test/Cars_epoch": 0.7109812498092651,
            "loss/test/Cars_epoch": 0.8785481452941895,
            "acc/test/Cars": 0.7109812498092651,
            "normalized_acc/test/Cars": 0.8907759785652161
        }
    ],
    "KMNIST": [
        {
            "acc/test/KMNIST_epoch": 0.47380000352859497,
            "loss/test/KMNIST_epoch": 1.716134786605835,
            "acc/test/KMNIST": 0.47380000352859497,
            "normalized_acc/test/KMNIST": 0.48282891511917114
        }
    ],
    "avg": [
        {
            "acc/test/avg": 0.59239062666893,
            "normalized_acc/test/avg": 0.6868024468421936
        }
    ]
}