{
    "GTSRB": [
        {
            "acc/test/GTSRB_epoch": 0.8543943166732788,
            "loss/test/GTSRB_epoch": 0.6394437551498413,
            "acc/test/GTSRB": 0.8543943166732788,
            "normalized_acc/test/GTSRB": 0.8636254668235779
        }
    ],
    "FashionMNIST": [
        {
            "acc/test/FashionMNIST_epoch": 0.8553000092506409,
            "loss/test/FashionMNIST_epoch": 0.4250243604183197,
            "acc/test/FashionMNIST": 0.8553000092506409,
            "normalized_acc/test/FashionMNIST": 0.908347487449646
        }
    ],
    "avg": [
        {
            "acc/test/avg": 0.8548471629619598,
            "normalized_acc/test/avg": 0.8859864771366119
        }
    ]
}