{
    "EuroSAT": [
        {
            "acc/test/EuroSAT_epoch": 0.9240740537643433,
            "loss/test/EuroSAT_epoch": 0.35059890151023865,
            "acc/test/EuroSAT": 0.9240740537643433,
            "normalized_acc/test/EuroSAT": 0.9327102899551392
        }
    ],
    "DTD": [
        {
            "acc/test/DTD_epoch": 0.5292553305625916,
            "loss/test/DTD_epoch": 1.6435518264770508,
            "acc/test/DTD": 0.5292553305625916,
            "normalized_acc/test/DTD": 0.6386392712593079
        }
    ],
    "avg": [
        {
            "acc/test/avg": 0.7266646921634674,
            "normalized_acc/test/avg": 0.7856747806072235
        }
    ]
}