{
    "FER2013": [
        {
            "acc/test/FER2013_epoch": 0.622178852558136,
            "loss/test/FER2013_epoch": 1.0762503147125244,
            "acc/test/FER2013": 0.622178852558136,
            "normalized_acc/test/FER2013": 0.8439152836799622
        }
    ],
    "STL10": [
        {
            "acc/test/STL10_epoch": 0.9865000247955322,
            "loss/test/STL10_epoch": 0.054670777171850204,
            "acc/test/STL10": 0.9865000247955322,
            "normalized_acc/test/STL10": 0.9986081719398499
        }
    ],
    "avg": [
        {
            "acc/test/avg": 0.8043394386768341,
            "normalized_acc/test/avg": 0.921261727809906
        }
    ]
}