{
    "RESISC45": [
        {
            "acc/test/RESISC45_epoch": 0.8169841170310974,
            "loss/test/RESISC45_epoch": 0.5687322020530701,
            "acc/test/RESISC45": 0.8169841170310974,
            "normalized_acc/test/RESISC45": 0.8451560139656067
        }
    ],
    "Flowers102": [
        {
            "acc/test/Flowers102_epoch": 0.7500406503677368,
            "loss/test/Flowers102_epoch": 1.0863962173461914,
            "acc/test/Flowers102": 0.7500406503677368,
            "normalized_acc/test/Flowers102": 0.795995831489563
        }
    ],
    "avg": [
        {
            "acc/test/avg": 0.7835123836994171,
            "normalized_acc/test/avg": 0.8205759227275848
        }
    ]
}