{
    "DTD": [
        {
            "acc/test/DTD_epoch": 0.5478723645210266,
            "loss/test/DTD_epoch": 1.5890982151031494,
            "acc/test/DTD": 0.5478723645210266,
            "normalized_acc/test/DTD": 0.6611039638519287
        }
    ],
    "STL10": [
        {
            "acc/test/STL10_epoch": 0.9882500171661377,
            "loss/test/STL10_epoch": 0.04763660952448845,
            "acc/test/STL10": 0.9882500171661377,
            "normalized_acc/test/STL10": 1.0003796815872192
        }
    ],
    "avg": [
        {
            "acc/test/avg": 0.7680611908435822,
            "normalized_acc/test/avg": 0.830741822719574
        }
    ]
}