{
    "SVHN": [
        {
            "acc/test/SVHN_epoch": 0.8244852423667908,
            "loss/test/SVHN_epoch": 0.8611269593238831,
            "acc/test/SVHN": 0.8244852423667908,
            "normalized_acc/test/SVHN": 0.8457325100898743
        }
    ],
    "STL10": [
        {
            "acc/test/STL10_epoch": 0.984624981880188,
            "loss/test/STL10_epoch": 0.05924977734684944,
            "acc/test/STL10": 0.984624981880188,
            "normalized_acc/test/STL10": 0.9967101216316223
        }
    ],
    "avg": [
        {
            "acc/test/avg": 0.9045551121234894,
            "normalized_acc/test/avg": 0.9212213158607483
        }
    ]
}