{
    "PCAM": [
        {
            "acc/test/PCAM_epoch": 0.74981689453125,
            "loss/test/PCAM_epoch": 0.4739144444465637,
            "acc/test/PCAM": 0.74981689453125,
            "normalized_acc/test/PCAM": 0.8451140522956848
        }
    ],
    "OxfordIIITPet": [
        {
            "acc/test/OxfordIIITPet_epoch": 0.9114199876785278,
            "loss/test/OxfordIIITPet_epoch": 0.2676982879638672,
            "acc/test/OxfordIIITPet": 0.9114199876785278,
            "normalized_acc/test/OxfordIIITPet": 0.9589905142784119
        }
    ],
    "avg": [
        {
            "acc/test/avg": 0.8306184411048889,
            "normalized_acc/test/avg": 0.9020522832870483
        }
    ]
}