{
    "DTD": [
        {
            "acc/test/DTD_epoch": 0.5430850982666016,
            "loss/test/DTD_epoch": 1.5919467210769653,
            "acc/test/DTD": 0.5430850982666016,
            "normalized_acc/test/DTD": 0.655327320098877
        }
    ],
    "OxfordIIITPet": [
        {
            "acc/test/OxfordIIITPet_epoch": 0.9187789559364319,
            "loss/test/OxfordIIITPet_epoch": 0.24404799938201904,
            "acc/test/OxfordIIITPet": 0.9187789559364319,
            "normalized_acc/test/OxfordIIITPet": 0.9667335748672485
        }
    ],
    "avg": [
        {
            "acc/test/avg": 0.7309320271015167,
            "normalized_acc/test/avg": 0.8110304474830627
        }
    ]
}