{
    "GTSRB": [
        {
            "acc/test/GTSRB_epoch": 0.6458432078361511,
            "loss/test/GTSRB_epoch": 1.2603999376296997,
            "acc/test/GTSRB": 0.6458432078361511,
            "normalized_acc/test/GTSRB": 0.6529256105422974
        }
    ],
    "FER2013": [
        {
            "acc/test/FER2013_epoch": 0.6161883473396301,
            "loss/test/FER2013_epoch": 1.087208867073059,
            "acc/test/FER2013": 0.6161883473396301,
            "normalized_acc/test/FER2013": 0.8357898592948914
        }
    ],
    "avg": [
        {
            "acc/test/avg": 0.6310157775878906,
            "normalized_acc/test/avg": 0.7443577349185944
        }
    ]
}