{
    "Cars": [
        {
            "acc/test/Cars_epoch": 0.7372217178344727,
            "loss/test/Cars_epoch": 0.7529836893081665,
            "acc/test/Cars": 0.7372217178344727,
            "normalized_acc/test/Cars": 0.8592549562454224
        }
    ],
    "EuroSAT": [
        {
            "acc/test/EuroSAT_epoch": 0.9003703594207764,
            "loss/test/EuroSAT_epoch": 0.46574878692626953,
            "acc/test/EuroSAT": 0.9003703594207764,
            "normalized_acc/test/EuroSAT": 0.9087850451469421
        }
    ],
    "avg": [
        {
            "acc/test/avg": 0.8187960386276245,
            "normalized_acc/test/avg": 0.8840200006961823
        }
    ]
}