{
    "SVHN": [
        {
            "acc/test/SVHN_epoch": 0.8344345688819885,
            "loss/test/SVHN_epoch": 0.810108482837677,
            "acc/test/SVHN": 0.8344345688819885,
            "normalized_acc/test/SVHN": 0.8559382557868958
        }
    ],
    "DTD": [
        {
            "acc/test/DTD_epoch": 0.5148935914039612,
            "loss/test/DTD_epoch": 1.7185178995132446,
            "acc/test/DTD": 0.5148935914039612,
            "normalized_acc/test/DTD": 0.6213093400001526
        }
    ],
    "avg": [
        {
            "acc/test/avg": 0.6746640801429749,
            "normalized_acc/test/avg": 0.7386237978935242
        }
    ]
}