{
    "GTSRB": [
        {
            "acc/test/GTSRB_epoch": 0.6456056833267212,
            "loss/test/GTSRB_epoch": 1.2773370742797852,
            "acc/test/GTSRB": 0.6456056833267212,
            "normalized_acc/test/GTSRB": 0.6526855230331421
        }
    ],
    "KMNIST": [
        {
            "acc/test/KMNIST_epoch": 0.15880000591278076,
            "loss/test/KMNIST_epoch": 2.170417070388794,
            "acc/test/KMNIST": 0.15880000591278076,
            "normalized_acc/test/KMNIST": 0.1614641696214676
        }
    ],
    "avg": [
        {
            "acc/test/avg": 0.402202844619751,
            "normalized_acc/test/avg": 0.40707484632730484
        }
    ]
}