{
    "SVHN": [
        {
            "acc/test/SVHN_epoch": 0.8220651745796204,
            "loss/test/SVHN_epoch": 0.8362637162208557,
            "acc/test/SVHN": 0.8220651745796204,
            "normalized_acc/test/SVHN": 0.8432500958442688
        }
    ],
    "KMNIST": [
        {
            "acc/test/KMNIST_epoch": 0.1573999971151352,
            "loss/test/KMNIST_epoch": 2.202730178833008,
            "acc/test/KMNIST": 0.1573999971151352,
            "normalized_acc/test/KMNIST": 0.16004066169261932
        }
    ],
    "avg": [
        {
            "acc/test/avg": 0.4897325858473778,
            "normalized_acc/test/avg": 0.5016453787684441
        }
    ]
}