{
    "PCAM": [
        {
            "acc/test/PCAM_epoch": 0.7445068359375,
            "loss/test/PCAM_epoch": 0.48833101987838745,
            "acc/test/PCAM": 0.7445068359375,
            "normalized_acc/test/PCAM": 0.8391290903091431
        }
    ],
    "CIFAR100": [
        {
            "acc/test/CIFAR100_epoch": 0.7857999801635742,
            "loss/test/CIFAR100_epoch": 0.767086386680603,
            "acc/test/CIFAR100": 0.7857999801635742,
            "normalized_acc/test/CIFAR100": 0.880250871181488
        }
    ],
    "avg": [
        {
            "acc/test/avg": 0.7651534080505371,
            "normalized_acc/test/avg": 0.8596899807453156
        }
    ]
}