{
    "SUN397": [
        {
            "acc/test/SUN397_epoch": 0.7011083364486694,
            "loss/test/SUN397_epoch": 1.0128672122955322,
            "acc/test/SUN397": 0.7011083364486694,
            "normalized_acc/test/SUN397": 0.8891515731811523
        }
    ],
    "RenderedSST2": [
        {
            "acc/test/RenderedSST2_epoch": 0.7007138729095459,
            "loss/test/RenderedSST2_epoch": 0.5851828455924988,
            "acc/test/RenderedSST2": 0.7007138729095459,
            "normalized_acc/test/RenderedSST2": 0.9081850051879883
        }
    ],
    "avg": [
        {
            "acc/test/avg": 0.7009111046791077,
            "normalized_acc/test/avg": 0.8986682891845703
        }
    ]
}