{
    "PCAM": [
        {
            "acc/test/PCAM_epoch": 0.8582763671875,
            "loss/test/PCAM_epoch": 0.44328516721725464,
            "acc/test/PCAM": 0.8582763671875,
            "normalized_acc/test/PCAM": 0.9673580527305603
        }
    ],
    "KMNIST": [
        {
            "acc/test/KMNIST_epoch": 0.9732000231742859,
            "loss/test/KMNIST_epoch": 0.1382022649049759,
            "acc/test/KMNIST": 0.9732000231742859,
            "normalized_acc/test/KMNIST": 0.9895272254943848
        }
    ],
    "avg": [
        {
            "acc/test/avg": 0.9157381951808929,
            "normalized_acc/test/avg": 0.9784426391124725
        }
    ]
}