{
    "EuroSAT": [
        {
            "acc/test/EuroSAT_epoch": 0.979629635810852,
            "loss/test/EuroSAT_epoch": 0.0579182505607605,
            "acc/test/EuroSAT": 0.979629635810852,
            "normalized_acc/test/EuroSAT": 0.9887850880622864
        }
    ],
    "FashionMNIST": [
        {
            "acc/test/FashionMNIST_epoch": 0.9419000148773193,
            "loss/test/FashionMNIST_epoch": 0.19944684207439423,
            "acc/test/FashionMNIST": 0.9419000148773193,
            "normalized_acc/test/FashionMNIST": 0.9893907308578491
        }
    ],
    "avg": [
        {
            "acc/test/avg": 0.9607648253440857,
            "normalized_acc/test/avg": 0.9890879094600677
        }
    ]
}