{
    "EMNIST": [
        {
            "acc/test/EMNIST_epoch": 0.9936000108718872,
            "loss/test/EMNIST_epoch": 0.0460553877055645,
            "acc/test/EMNIST": 0.9936000108718872,
            "normalized_acc/test/EMNIST": 0.9992960095405579
        }
    ],
    "KMNIST": [
        {
            "acc/test/KMNIST_epoch": 0.9458000063896179,
            "loss/test/KMNIST_epoch": 0.24514025449752808,
            "acc/test/KMNIST": 0.9458000063896179,
            "normalized_acc/test/KMNIST": 0.961667537689209
        }
    ],
    "avg": [
        {
            "acc/test/avg": 0.9697000086307526,
            "normalized_acc/test/avg": 0.9804817736148834
        }
    ]
}