{
    "RESISC45": [
        {
            "acc/test/RESISC45_epoch": 0.9558730125427246,
            "loss/test/RESISC45_epoch": 0.16195960342884064,
            "acc/test/RESISC45": 0.9558730125427246,
            "normalized_acc/test/RESISC45": 0.9888342022895813
        }
    ],
    "DTD": [
        {
            "acc/test/DTD_epoch": 0.7749999761581421,
            "loss/test/DTD_epoch": 0.9062106013298035,
            "acc/test/DTD": 0.7749999761581421,
            "normalized_acc/test/DTD": 0.9351732134819031
        }
    ],
    "avg": [
        {
            "acc/test/avg": 0.8654364943504333,
            "normalized_acc/test/avg": 0.9620037078857422
        }
    ]
}