{
    "Cars": [
        {
            "acc/test/Cars_epoch": 0.8482775688171387,
            "loss/test/Cars_epoch": 0.5203125476837158,
            "acc/test/Cars": 0.8482775688171387,
            "normalized_acc/test/Cars": 0.9886940121650696
        }
    ],
    "EMNIST": [
        {
            "acc/test/EMNIST_epoch": 0.9970999956130981,
            "loss/test/EMNIST_epoch": 0.029851052910089493,
            "acc/test/EMNIST": 0.9970999956130981,
            "normalized_acc/test/EMNIST": 1.002816081047058
        }
    ],
    "avg": [
        {
            "acc/test/avg": 0.9226887822151184,
            "normalized_acc/test/avg": 0.9957550466060638
        }
    ]
}