{
    "DTD": [
        {
            "acc/test/DTD_epoch": 0.5521276593208313,
            "loss/test/DTD_epoch": 1.6378711462020874,
            "acc/test/DTD": 0.5521276593208313,
            "normalized_acc/test/DTD": 0.6662387251853943
        }
    ],
    "CIFAR100": [
        {
            "acc/test/CIFAR100_epoch": 0.8266000151634216,
            "loss/test/CIFAR100_epoch": 0.6448297500610352,
            "acc/test/CIFAR100": 0.8266000151634216,
            "normalized_acc/test/CIFAR100": 0.9259549975395203
        }
    ],
    "avg": [
        {
            "acc/test/avg": 0.6893638372421265,
            "normalized_acc/test/avg": 0.7960968613624573
        }
    ]
}