{
    "SUN397": [
        {
            "acc/test/SUN397_epoch": 0.7269521355628967,
            "loss/test/SUN397_epoch": 0.9383739233016968,
            "acc/test/SUN397": 0.7269521355628967,
            "normalized_acc/test/SUN397": 0.9219269156455994
        }
    ],
    "Flowers102": [
        {
            "acc/test/Flowers102_epoch": 0.7703691720962524,
            "loss/test/Flowers102_epoch": 0.9724903702735901,
            "acc/test/Flowers102": 0.7703691720962524,
            "normalized_acc/test/Flowers102": 0.81756991147995
        }
    ],
    "avg": [
        {
            "acc/test/avg": 0.7486606538295746,
            "normalized_acc/test/avg": 0.8697484135627747
        }
    ]
}