{
    "CIFAR10": [
        {
            "acc/test/CIFAR10_epoch": 0.9739999771118164,
            "loss/test/CIFAR10_epoch": 0.08592532575130463,
            "acc/test/CIFAR10": 0.9739999771118164,
            "normalized_acc/test/CIFAR10": 0.9922575354576111
        }
    ],
    "Food101": [
        {
            "acc/test/Food101_epoch": 0.9068514704704285,
            "loss/test/Food101_epoch": 0.3239092230796814,
            "acc/test/Food101": 0.9068514704704285,
            "normalized_acc/test/Food101": 0.9976472854614258
        }
    ],
    "avg": [
        {
            "acc/test/avg": 0.9404257237911224,
            "normalized_acc/test/avg": 0.9949524104595184
        }
    ]
}