{
    "GTSRB": [
        {
            "acc/test/GTSRB_epoch": 0.7806808948516846,
            "loss/test/GTSRB_epoch": 0.8666011095046997,
            "acc/test/GTSRB": 0.7806808948516846,
            "normalized_acc/test/GTSRB": 0.7892419695854187
        }
    ],
    "Flowers102": [
        {
            "acc/test/Flowers102_epoch": 0.7648398280143738,
            "loss/test/Flowers102_epoch": 0.9710650444030762,
            "acc/test/Flowers102": 0.7648398280143738,
            "normalized_acc/test/Flowers102": 0.811701774597168
        }
    ],
    "avg": [
        {
            "acc/test/avg": 0.7727603614330292,
            "normalized_acc/test/avg": 0.8004718720912933
        }
    ]
}