{
    "MNIST": [
        {
            "acc/test/MNIST_epoch": 0.9757999777793884,
            "loss/test/MNIST_epoch": 0.3320862352848053,
            "acc/test/MNIST": 0.9757999777793884,
            "normalized_acc/test/MNIST": 0.9792272448539734
        }
    ],
    "Food101": [
        {
            "acc/test/Food101_epoch": 0.9083960652351379,
            "loss/test/Food101_epoch": 0.31797993183135986,
            "acc/test/Food101": 0.9083960652351379,
            "normalized_acc/test/Food101": 0.9993464946746826
        }
    ],
    "avg": [
        {
            "acc/test/avg": 0.9420980215072632,
            "normalized_acc/test/avg": 0.989286869764328
        }
    ]
}