{
    "SVHN": [
        {
            "acc/test/SVHN_epoch": 0.8919790983200073,
            "loss/test/SVHN_epoch": 0.5088521838188171,
            "acc/test/SVHN": 0.8919790983200073,
            "normalized_acc/test/SVHN": 0.9149657487869263
        }
    ],
    "KMNIST": [
        {
            "acc/test/KMNIST_epoch": 0.2849999964237213,
            "loss/test/KMNIST_epoch": 1.9380533695220947,
            "acc/test/KMNIST": 0.2849999964237213,
            "normalized_acc/test/KMNIST": 0.289781391620636
        }
    ],
    "avg": [
        {
            "acc/test/avg": 0.5884895473718643,
            "normalized_acc/test/avg": 0.6023735702037811
        }
    ]
}