{
    "EuroSAT": [
        {
            "acc/test/EuroSAT_epoch": 0.9648148417472839,
            "loss/test/EuroSAT_epoch": 0.16306142508983612,
            "acc/test/EuroSAT": 0.9648148417472839,
            "normalized_acc/test/EuroSAT": 0.973831832408905
        }
    ],
    "Flowers102": [
        {
            "acc/test/Flowers102_epoch": 0.7702065110206604,
            "loss/test/Flowers102_epoch": 0.979708731174469,
            "acc/test/Flowers102": 0.7702065110206604,
            "normalized_acc/test/Flowers102": 0.8173972368240356
        }
    ],
    "avg": [
        {
            "acc/test/avg": 0.8675106763839722,
            "normalized_acc/test/avg": 0.8956145346164703
        }
    ]
}