{
    "SVHN": [
        {
            "acc/test/SVHN_epoch": 0.9172940850257874,
            "loss/test/SVHN_epoch": 0.3715057373046875,
            "acc/test/SVHN": 0.9172940850257874,
            "normalized_acc/test/SVHN": 0.940933108329773
        }
    ],
    "GTSRB": [
        {
            "acc/test/GTSRB_epoch": 0.7860649228096008,
            "loss/test/GTSRB_epoch": 0.7468127012252808,
            "acc/test/GTSRB": 0.7860649228096008,
            "normalized_acc/test/GTSRB": 0.7946850657463074
        }
    ],
    "avg": [
        {
            "acc/test/avg": 0.8516795039176941,
            "normalized_acc/test/avg": 0.8678090870380402
        }
    ]
}