{
    "Cars": [
        {
            "acc/test/Cars_epoch": 0.8464121222496033,
            "loss/test/Cars_epoch": 0.515082836151123,
            "acc/test/Cars": 0.8464121222496033,
            "normalized_acc/test/Cars": 0.9865197539329529
        }
    ],
    "EuroSAT": [
        {
            "acc/test/EuroSAT_epoch": 0.9885185360908508,
            "loss/test/EuroSAT_epoch": 0.037915464490652084,
            "acc/test/EuroSAT": 0.9885185360908508,
            "normalized_acc/test/EuroSAT": 0.997757077217102
        }
    ],
    "avg": [
        {
            "acc/test/avg": 0.917465329170227,
            "normalized_acc/test/avg": 0.9921384155750275
        }
    ]
}