{
    "OxfordIIITPet": [
        {
            "acc/test/OxfordIIITPet_epoch": 0.9482147693634033,
            "loss/test/OxfordIIITPet_epoch": 0.20320667326450348,
            "acc/test/OxfordIIITPet": 0.9482147693634033,
            "normalized_acc/test/OxfordIIITPet": 0.9977057576179504
        }
    ],
    "Food101": [
        {
            "acc/test/Food101_epoch": 0.9181386232376099,
            "loss/test/Food101_epoch": 0.3331871032714844,
            "acc/test/Food101": 0.9181386232376099,
            "normalized_acc/test/Food101": 1.0100644826889038
        }
    ],
    "avg": [
        {
            "acc/test/avg": 0.9331766963005066,
            "normalized_acc/test/avg": 1.0038851201534271
        }
    ]
}