{
    "STL10": [
        {
            "acc/test/STL10_epoch": 0.9894999861717224,
            "loss/test/STL10_epoch": 0.03138059750199318,
            "acc/test/STL10": 0.9894999861717224,
            "normalized_acc/test/STL10": 1.0016449689865112
        }
    ],
    "RenderedSST2": [
        {
            "acc/test/RenderedSST2_epoch": 0.7852827906608582,
            "loss/test/RenderedSST2_epoch": 0.9055628180503845,
            "acc/test/RenderedSST2": 0.7852827906608582,
            "normalized_acc/test/RenderedSST2": 1.0177935361862183
        }
    ],
    "avg": [
        {
            "acc/test/avg": 0.8873913884162903,
            "normalized_acc/test/avg": 1.0097192525863647
        }
    ]
}