{
    "MNIST": [
        {
            "acc/test/MNIST_epoch": 0.9937000274658203,
            "loss/test/MNIST_epoch": 0.03697554022073746,
            "acc/test/MNIST": 0.9937000274658203,
            "normalized_acc/test/MNIST": 0.9971901774406433
        }
    ],
    "KMNIST": [
        {
            "acc/test/KMNIST_epoch": 0.928600013256073,
            "loss/test/KMNIST_epoch": 0.29808568954467773,
            "acc/test/KMNIST": 0.928600013256073,
            "normalized_acc/test/KMNIST": 0.9441789388656616
        }
    ],
    "avg": [
        {
            "acc/test/avg": 0.9611500203609467,
            "normalized_acc/test/avg": 0.9706845581531525
        }
    ]
}