{
    "MNIST": [
        {
            "acc/test/MNIST_epoch": 0.9965000152587891,
            "loss/test/MNIST_epoch": 0.024096982553601265,
            "acc/test/MNIST": 0.9965000152587891,
            "normalized_acc/test/MNIST": 1.0
        }
    ],
    "STL10": [
        {
            "acc/test/STL10_epoch": 0.9800000190734863,
            "loss/test/STL10_epoch": 0.07407420128583908,
            "acc/test/STL10": 0.9800000190734863,
            "normalized_acc/test/STL10": 0.9920283555984497
        }
    ],
    "avg": [
        {
            "acc/test/avg": 0.9882500171661377,
            "normalized_acc/test/avg": 0.9960141777992249
        }
    ]
}