{
    "EuroSAT": [
        {
            "acc/test/EuroSAT_epoch": 0.9755555391311646,
            "loss/test/EuroSAT_epoch": 0.10059844702482224,
            "acc/test/EuroSAT": 0.9755555391311646,
            "normalized_acc/test/EuroSAT": 0.9846729040145874
        }
    ],
    "CIFAR100": [
        {
            "acc/test/CIFAR100_epoch": 0.861299991607666,
            "loss/test/CIFAR100_epoch": 0.5735028982162476,
            "acc/test/CIFAR100": 0.861299991607666,
            "normalized_acc/test/CIFAR100": 0.9648258090019226
        }
    ],
    "avg": [
        {
            "acc/test/avg": 0.9184277653694153,
            "normalized_acc/test/avg": 0.974749356508255
        }
    ]
}