{
    "Cars": [
        {
            "acc/test/Cars_epoch": 0.8079840540885925,
            "loss/test/Cars_epoch": 0.6725445985794067,
            "acc/test/Cars": 0.8079840540885925,
            "normalized_acc/test/Cars": 0.9417306780815125
        }
    ],
    "STL10": [
        {
            "acc/test/STL10_epoch": 0.9902499914169312,
            "loss/test/STL10_epoch": 0.03475835546851158,
            "acc/test/STL10": 0.9902499914169312,
            "normalized_acc/test/STL10": 1.0024042129516602
        }
    ],
    "avg": [
        {
            "acc/test/avg": 0.8991170227527618,
            "normalized_acc/test/avg": 0.9720674455165863
        }
    ]
}