{
    "OxfordIIITPet": [
        {
            "acc/test/OxfordIIITPet_epoch": 0.9348596334457397,
            "loss/test/OxfordIIITPet_epoch": 0.24872681498527527,
            "acc/test/OxfordIIITPet": 0.9348596334457397,
            "normalized_acc/test/OxfordIIITPet": 0.9836535453796387
        }
    ],
    "CIFAR100": [
        {
            "acc/test/CIFAR100_epoch": 0.8938000202178955,
            "loss/test/CIFAR100_epoch": 0.4670264720916748,
            "acc/test/CIFAR100": 0.8938000202178955,
            "normalized_acc/test/CIFAR100": 1.0012322664260864
        }
    ],
    "avg": [
        {
            "acc/test/avg": 0.9143298268318176,
            "normalized_acc/test/avg": 0.9924429059028625
        }
    ]
}