{
    "PCAM": [
        {
            "acc/test/PCAM_epoch": 0.8404541015625,
            "loss/test/PCAM_epoch": 0.49650612473487854,
            "acc/test/PCAM": 0.8404541015625,
            "normalized_acc/test/PCAM": 0.9472706913948059
        }
    ],
    "CIFAR100": [
        {
            "acc/test/CIFAR100_epoch": 0.8148999810218811,
            "loss/test/CIFAR100_epoch": 0.6871281862258911,
            "acc/test/CIFAR100": 0.8148999810218811,
            "normalized_acc/test/CIFAR100": 0.9128486514091492
        }
    ],
    "avg": [
        {
            "acc/test/avg": 0.8276770412921906,
            "normalized_acc/test/avg": 0.9300596714019775
        }
    ]
}