{
    "STL10": [
        {
            "acc/test/STL10_epoch": 0.9822499752044678,
            "loss/test/STL10_epoch": 0.06151777505874634,
            "acc/test/STL10": 0.9822499752044678,
            "normalized_acc/test/STL10": 0.9943059682846069
        }
    ],
    "EMNIST": [
        {
            "acc/test/EMNIST_epoch": 0.9958999752998352,
            "loss/test/EMNIST_epoch": 0.029515674337744713,
            "acc/test/EMNIST": 0.9958999752998352,
            "normalized_acc/test/EMNIST": 1.0016090869903564
        }
    ],
    "avg": [
        {
            "acc/test/avg": 0.9890749752521515,
            "normalized_acc/test/avg": 0.9979575276374817
        }
    ]
}