{
    "SUN397": [
        {
            "acc/test/SUN397_epoch": 0.7863979935646057,
            "loss/test/SUN397_epoch": 0.8254813551902771,
            "acc/test/SUN397": 0.7863979935646057,
            "normalized_acc/test/SUN397": 0.9973166584968567
        }
    ],
    "OxfordIIITPet": [
        {
            "acc/test/OxfordIIITPet_epoch": 0.9490324258804321,
            "loss/test/OxfordIIITPet_epoch": 0.21692276000976562,
            "acc/test/OxfordIIITPet": 0.9490324258804321,
            "normalized_acc/test/OxfordIIITPet": 0.9985660910606384
        }
    ],
    "avg": [
        {
            "acc/test/avg": 0.8677152097225189,
            "normalized_acc/test/avg": 0.9979413747787476
        }
    ]
}