{
    "FER2013": [
        {
            "acc/test/FER2013_epoch": 0.6806910037994385,
            "loss/test/FER2013_epoch": 0.9562046527862549,
            "acc/test/FER2013": 0.6806910037994385,
            "normalized_acc/test/FER2013": 0.9232804179191589
        }
    ],
    "FashionMNIST": [
        {
            "acc/test/FashionMNIST_epoch": 0.9247000217437744,
            "loss/test/FashionMNIST_epoch": 0.22701257467269897,
            "acc/test/FashionMNIST": 0.9247000217437744,
            "normalized_acc/test/FashionMNIST": 0.971323549747467
        }
    ],
    "avg": [
        {
            "acc/test/avg": 0.8026955127716064,
            "normalized_acc/test/avg": 0.947301983833313
        }
    ]
}