{
    "EuroSAT": [
        {
            "acc/test/EuroSAT_epoch": 0.9759259223937988,
            "loss/test/EuroSAT_epoch": 0.0840219035744667,
            "acc/test/EuroSAT": 0.9759259223937988,
            "normalized_acc/test/EuroSAT": 0.9850467443466187
        }
    ],
    "GTSRB": [
        {
            "acc/test/GTSRB_epoch": 0.9542359709739685,
            "loss/test/GTSRB_epoch": 0.18562135100364685,
            "acc/test/GTSRB": 0.9542359709739685,
            "normalized_acc/test/GTSRB": 0.9647002816200256
        }
    ],
    "avg": [
        {
            "acc/test/avg": 0.9650809466838837,
            "normalized_acc/test/avg": 0.9748735129833221
        }
    ]
}