{
    "GTSRB": [
        {
            "acc/test/GTSRB_epoch": 0.9486144185066223,
            "loss/test/GTSRB_epoch": 0.21975122392177582,
            "acc/test/GTSRB": 0.9486144185066223,
            "normalized_acc/test/GTSRB": 0.9590170979499817
        }
    ],
    "CIFAR10": [
        {
            "acc/test/CIFAR10_epoch": 0.9728999733924866,
            "loss/test/CIFAR10_epoch": 0.09344083070755005,
            "acc/test/CIFAR10": 0.9728999733924866,
            "normalized_acc/test/CIFAR10": 0.991136908531189
        }
    ],
    "avg": [
        {
            "acc/test/avg": 0.9607571959495544,
            "normalized_acc/test/avg": 0.9750770032405853
        }
    ]
}