{
    "GTSRB": [
        {
            "acc/test/GTSRB_epoch": 0.9398258328437805,
            "loss/test/GTSRB_epoch": 0.32047706842422485,
            "acc/test/GTSRB": 0.9398258328437805,
            "normalized_acc/test/GTSRB": 0.9501321315765381
        }
    ],
    "PCAM": [
        {
            "acc/test/PCAM_epoch": 0.78961181640625,
            "loss/test/PCAM_epoch": 0.5045790076255798,
            "acc/test/PCAM": 0.78961181640625,
            "normalized_acc/test/PCAM": 0.889966607093811
        }
    ],
    "avg": [
        {
            "acc/test/avg": 0.8647188246250153,
            "normalized_acc/test/avg": 0.9200493693351746
        }
    ]
}