{
    "SVHN": [
        {
            "acc/test/SVHN_epoch": 0.9498693943023682,
            "loss/test/SVHN_epoch": 0.194572314620018,
            "acc/test/SVHN": 0.9498693943023682,
            "normalized_acc/test/SVHN": 0.9743478894233704
        }
    ],
    "EMNIST": [
        {
            "acc/test/EMNIST_epoch": 0.9926000237464905,
            "loss/test/EMNIST_epoch": 0.04806433245539665,
            "acc/test/EMNIST": 0.9926000237464905,
            "normalized_acc/test/EMNIST": 0.9982902407646179
        }
    ],
    "avg": [
        {
            "acc/test/avg": 0.9712347090244293,
            "normalized_acc/test/avg": 0.9863190650939941
        }
    ]
}