{
    "DTD": [
        {
            "acc/test/DTD_epoch": 0.6776595711708069,
            "loss/test/DTD_epoch": 1.1561267375946045,
            "acc/test/DTD": 0.6776595711708069,
            "normalized_acc/test/DTD": 0.8177149891853333
        }
    ],
    "FashionMNIST": [
        {
            "acc/test/FashionMNIST_epoch": 0.929099977016449,
            "loss/test/FashionMNIST_epoch": 0.21128489077091217,
            "acc/test/FashionMNIST": 0.929099977016449,
            "normalized_acc/test/FashionMNIST": 0.9759453535079956
        }
    ],
    "avg": [
        {
            "acc/test/avg": 0.8033797740936279,
            "normalized_acc/test/avg": 0.8968301713466644
        }
    ]
}