{
    "SUN397": [
        {
            "acc/test/SUN397_epoch": 0.7649370431900024,
            "loss/test/SUN397_epoch": 0.850207507610321,
            "acc/test/SUN397": 0.7649370431900024,
            "normalized_acc/test/SUN397": 0.970099687576294
        }
    ],
    "Flowers102": [
        {
            "acc/test/Flowers102_epoch": 0.8550983667373657,
            "loss/test/Flowers102_epoch": 0.5694583058357239,
            "acc/test/Flowers102": 0.8550983667373657,
            "normalized_acc/test/Flowers102": 0.9074904322624207
        }
    ],
    "avg": [
        {
            "acc/test/avg": 0.8100177049636841,
            "normalized_acc/test/avg": 0.9387950599193573
        }
    ]
}