{
    "CIFAR10": [
        {
            "acc/test/CIFAR10_epoch": 0.9714999794960022,
            "loss/test/CIFAR10_epoch": 0.09580254554748535,
            "acc/test/CIFAR10": 0.9714999794960022,
            "normalized_acc/test/CIFAR10": 0.9897106885910034
        }
    ],
    "FashionMNIST": [
        {
            "acc/test/FashionMNIST_epoch": 0.9203000068664551,
            "loss/test/FashionMNIST_epoch": 0.2375199943780899,
            "acc/test/FashionMNIST": 0.9203000068664551,
            "normalized_acc/test/FashionMNIST": 0.9667016863822937
        }
    ],
    "avg": [
        {
            "acc/test/avg": 0.9458999931812286,
            "normalized_acc/test/avg": 0.9782061874866486
        }
    ]
}