{
    "CIFAR100": [
        {
            "acc/test/CIFAR100_epoch": 0.8544999957084656,
            "loss/test/CIFAR100_epoch": 0.5327343940734863,
            "acc/test/CIFAR100": 0.8544999957084656,
            "normalized_acc/test/CIFAR100": 0.9572084546089172
        }
    ],
    "CIFAR10": [
        {
            "acc/test/CIFAR10_epoch": 0.9830999970436096,
            "loss/test/CIFAR10_epoch": 0.06868726760149002,
            "acc/test/CIFAR10": 0.9830999970436096,
            "normalized_acc/test/CIFAR10": 1.0015281438827515
        }
    ],
    "avg": [
        {
            "acc/test/avg": 0.9187999963760376,
            "normalized_acc/test/avg": 0.9793682992458344
        }
    ]
}