{
    "SVHN": [
        {
            "acc/test/SVHN_epoch": 0.951252281665802,
            "loss/test/SVHN_epoch": 0.1991686373949051,
            "acc/test/SVHN": 0.951252281665802,
            "normalized_acc/test/SVHN": 0.9757664203643799
        }
    ],
    "MNIST": [
        {
            "acc/test/MNIST_epoch": 0.9932000041007996,
            "loss/test/MNIST_epoch": 0.03451930359005928,
            "acc/test/MNIST": 0.9932000041007996,
            "normalized_acc/test/MNIST": 0.9966884255409241
        }
    ],
    "avg": [
        {
            "acc/test/avg": 0.9722261428833008,
            "normalized_acc/test/avg": 0.986227422952652
        }
    ]
}