{
    "Flowers102": [
        {
            "acc/test/Flowers102_epoch": 0.8429012894630432,
            "loss/test/Flowers102_epoch": 0.6766732335090637,
            "acc/test/Flowers102": 0.8429012894630432,
            "normalized_acc/test/Flowers102": 0.8945460915565491
        }
    ],
    "STL10": [
        {
            "acc/test/STL10_epoch": 0.9908750057220459,
            "loss/test/STL10_epoch": 0.02958635985851288,
            "acc/test/STL10": 0.9908750057220459,
            "normalized_acc/test/STL10": 1.0030368566513062
        }
    ],
    "avg": [
        {
            "acc/test/avg": 0.9168881475925446,
            "normalized_acc/test/avg": 0.9487914741039276
        }
    ]
}