{
    "SUN397": [
        {
            "acc/test/SUN397_epoch": 0.624836266040802,
            "loss/test/SUN397_epoch": 1.467543363571167,
            "acc/test/SUN397": 0.624836266040802,
            "normalized_acc/test/SUN397": 0.7924227118492126
        }
    ],
    "Cars": [
        {
            "acc/test/Cars_epoch": 0.6813828945159912,
            "loss/test/Cars_epoch": 1.0014232397079468,
            "acc/test/Cars": 0.6813828945159912,
            "normalized_acc/test/Cars": 0.7941730618476868
        }
    ],
    "RESISC45": [
        {
            "acc/test/RESISC45_epoch": 0.6938095092773438,
            "loss/test/RESISC45_epoch": 1.1412290334701538,
            "acc/test/RESISC45": 0.6938095092773438,
            "normalized_acc/test/RESISC45": 0.7177339792251587
        }
    ],
    "EuroSAT": [
        {
            "acc/test/EuroSAT_epoch": 0.7718518376350403,
            "loss/test/EuroSAT_epoch": 0.7682324051856995,
            "acc/test/EuroSAT": 0.7718518376350403,
            "normalized_acc/test/EuroSAT": 0.7790654301643372
        }
    ],
    "SVHN": [
        {
            "acc/test/SVHN_epoch": 0.9052320122718811,
            "loss/test/SVHN_epoch": 0.3576968014240265,
            "acc/test/SVHN": 0.9052320122718811,
            "normalized_acc/test/SVHN": 0.928560197353363
        }
    ],
    "GTSRB": [
        {
            "acc/test/GTSRB_epoch": 0.7387965321540833,
            "loss/test/GTSRB_epoch": 1.0038301944732666,
            "acc/test/GTSRB": 0.7387965321540833,
            "normalized_acc/test/GTSRB": 0.7468982934951782
        }
    ],
    "MNIST": [
        {
            "acc/test/MNIST_epoch": 0.9887999892234802,
            "loss/test/MNIST_epoch": 0.06749441474676132,
            "acc/test/MNIST": 0.9887999892234802,
            "normalized_acc/test/MNIST": 0.9922729134559631
        }
    ],
    "DTD": [
        {
            "acc/test/DTD_epoch": 0.478723406791687,
            "loss/test/DTD_epoch": 2.3630244731903076,
            "acc/test/DTD": 0.478723406791687,
            "normalized_acc/test/DTD": 0.5776636600494385
        }
    ],
    "avg": [
        {
            "acc/test/avg": 0.7354290559887886,
            "normalized_acc/test/avg": 0.7910987809300423
        }
    ]
}