{
    "Cars": [
        {
            "acc/test/Cars_epoch": 0.7849770188331604,
            "loss/test/Cars_epoch": 0.6296138763427734,
            "acc/test/Cars": 0.7849770188331604,
            "normalized_acc/test/Cars": 0.9149152040481567
        }
    ],
    "OxfordIIITPet": [
        {
            "acc/test/OxfordIIITPet_epoch": 0.93022620677948,
            "loss/test/OxfordIIITPet_epoch": 0.20324404537677765,
            "acc/test/OxfordIIITPet": 0.93022620677948,
            "normalized_acc/test/OxfordIIITPet": 0.9787783026695251
        }
    ],
    "avg": [
        {
            "acc/test/avg": 0.8576016128063202,
            "normalized_acc/test/avg": 0.9468467533588409
        }
    ]
}