{
    "SUN397": [
        {
            "acc/test/SUN397_epoch": 0.734861433506012,
            "loss/test/SUN397_epoch": 0.91986483335495,
            "acc/test/SUN397": 0.734861433506012,
            "normalized_acc/test/SUN397": 0.9319575428962708
        }
    ],
    "OxfordIIITPet": [
        {
            "acc/test/OxfordIIITPet_epoch": 0.9403107166290283,
            "loss/test/OxfordIIITPet_epoch": 0.1846478432416916,
            "acc/test/OxfordIIITPet": 0.9403107166290283,
            "normalized_acc/test/OxfordIIITPet": 0.9893891215324402
        }
    ],
    "avg": [
        {
            "acc/test/avg": 0.8375860750675201,
            "normalized_acc/test/avg": 0.9606733322143555
        }
    ]
}