{
    "SVHN": [
        {
            "acc/test/SVHN_epoch": 0.9374616146087646,
            "loss/test/SVHN_epoch": 0.33676472306251526,
            "acc/test/SVHN": 0.9374616146087646,
            "normalized_acc/test/SVHN": 0.9616203308105469
        }
    ],
    "Flowers102": [
        {
            "acc/test/Flowers102_epoch": 0.7932997345924377,
            "loss/test/Flowers102_epoch": 0.8615832924842834,
            "acc/test/Flowers102": 0.7932997345924377,
            "normalized_acc/test/Flowers102": 0.841905415058136
        }
    ],
    "avg": [
        {
            "acc/test/avg": 0.8653806746006012,
            "normalized_acc/test/avg": 0.9017628729343414
        }
    ]
}