{
    "EuroSAT": [
        {
            "acc/test/EuroSAT_epoch": 0.9377777576446533,
            "loss/test/EuroSAT_epoch": 0.24971283972263336,
            "acc/test/EuroSAT": 0.9377777576446533,
            "normalized_acc/test/EuroSAT": 0.9465420842170715
        }
    ],
    "PCAM": [
        {
            "acc/test/PCAM_epoch": 0.881744384765625,
            "loss/test/PCAM_epoch": 0.2826673686504364,
            "acc/test/PCAM": 0.881744384765625,
            "normalized_acc/test/PCAM": 0.9938086867332458
        }
    ],
    "avg": [
        {
            "acc/test/avg": 0.9097610712051392,
            "normalized_acc/test/avg": 0.9701753854751587
        }
    ]
}