{
    "OxfordIIITPet": [
        {
            "acc/test/OxfordIIITPet_epoch": 0.938130259513855,
            "loss/test/OxfordIIITPet_epoch": 0.18467271327972412,
            "acc/test/OxfordIIITPet": 0.938130259513855,
            "normalized_acc/test/OxfordIIITPet": 0.9870948791503906
        }
    ],
    "STL10": [
        {
            "acc/test/STL10_epoch": 0.9871249794960022,
            "loss/test/STL10_epoch": 0.046307794749736786,
            "acc/test/STL10": 0.9871249794960022,
            "normalized_acc/test/STL10": 0.9992408156394958
        }
    ],
    "avg": [
        {
            "acc/test/avg": 0.9626276195049286,
            "normalized_acc/test/avg": 0.9931678473949432
        }
    ]
}