{
    "RESISC45": [
        {
            "acc/test/RESISC45_epoch": 0.8911111354827881,
            "loss/test/RESISC45_epoch": 0.35456281900405884,
            "acc/test/RESISC45": 0.8911111354827881,
            "normalized_acc/test/RESISC45": 0.9218391180038452
        }
    ],
    "GTSRB": [
        {
            "acc/test/GTSRB_epoch": 0.8745051622390747,
            "loss/test/GTSRB_epoch": 0.5202926397323608,
            "acc/test/GTSRB": 0.8745051622390747,
            "normalized_acc/test/GTSRB": 0.8840951323509216
        }
    ],
    "avg": [
        {
            "acc/test/avg": 0.8828081488609314,
            "normalized_acc/test/avg": 0.9029671251773834
        }
    ]
}