{
    "SUN397": [
        {
            "acc/test/SUN397_epoch": 0.759143590927124,
            "loss/test/SUN397_epoch": 0.8785595297813416,
            "acc/test/SUN397": 0.759143590927124,
            "normalized_acc/test/SUN397": 0.9627524018287659
        }
    ],
    "Food101": [
        {
            "acc/test/Food101_epoch": 0.9174257516860962,
            "loss/test/Food101_epoch": 0.3179493248462677,
            "acc/test/Food101": 0.9174257516860962,
            "normalized_acc/test/Food101": 1.0092802047729492
        }
    ],
    "avg": [
        {
            "acc/test/avg": 0.8382846713066101,
            "normalized_acc/test/avg": 0.9860163033008575
        }
    ]
}