{
    "MNIST": [
        {
            "acc/test/MNIST_epoch": 0.9945999979972839,
            "loss/test/MNIST_epoch": 0.039989251643419266,
            "acc/test/MNIST": 0.9945999979972839,
            "normalized_acc/test/MNIST": 0.99809330701828
        }
    ],
    "OxfordIIITPet": [
        {
            "acc/test/OxfordIIITPet_epoch": 0.9294085502624512,
            "loss/test/OxfordIIITPet_epoch": 0.22443178296089172,
            "acc/test/OxfordIIITPet": 0.9294085502624512,
            "normalized_acc/test/OxfordIIITPet": 0.9779179692268372
        }
    ],
    "avg": [
        {
            "acc/test/avg": 0.9620042741298676,
            "normalized_acc/test/avg": 0.9880056381225586
        }
    ]
}