{
    "FER2013": [
        {
            "acc/test/FER2013_epoch": 0.7001950144767761,
            "loss/test/FER2013_epoch": 0.9947503805160522,
            "acc/test/FER2013": 0.7001950144767761,
            "normalized_acc/test/FER2013": 0.9497354030609131
        }
    ],
    "CIFAR100": [
        {
            "acc/test/CIFAR100_epoch": 0.8616999983787537,
            "loss/test/CIFAR100_epoch": 0.5361942648887634,
            "acc/test/CIFAR100": 0.8616999983787537,
            "normalized_acc/test/CIFAR100": 0.9652738571166992
        }
    ],
    "avg": [
        {
            "acc/test/avg": 0.7809475064277649,
            "normalized_acc/test/avg": 0.9575046300888062
        }
    ]
}