{
    "EuroSAT": [
        {
            "acc/test/EuroSAT_epoch": 0.9740740656852722,
            "loss/test/EuroSAT_epoch": 0.07944627851247787,
            "acc/test/EuroSAT": 0.9740740656852722,
            "normalized_acc/test/EuroSAT": 0.9831776022911072
        }
    ],
    "EMNIST": [
        {
            "acc/test/EMNIST_epoch": 0.9957000017166138,
            "loss/test/EMNIST_epoch": 0.04956222325563431,
            "acc/test/EMNIST": 0.9957000017166138,
            "normalized_acc/test/EMNIST": 1.0014079809188843
        }
    ],
    "avg": [
        {
            "acc/test/avg": 0.984887033700943,
            "normalized_acc/test/avg": 0.9922927916049957
        }
    ]
}