{
    "Food101": [
        {
            "acc/test/Food101_epoch": 0.9028910994529724,
            "loss/test/Food101_epoch": 0.36999279260635376,
            "acc/test/Food101": 0.9028910994529724,
            "normalized_acc/test/Food101": 0.993290364742279
        }
    ],
    "KMNIST": [
        {
            "acc/test/KMNIST_epoch": 0.9326000213623047,
            "loss/test/KMNIST_epoch": 0.379148930311203,
            "acc/test/KMNIST": 0.9326000213623047,
            "normalized_acc/test/KMNIST": 0.9482460618019104
        }
    ],
    "avg": [
        {
            "acc/test/avg": 0.9177455604076385,
            "normalized_acc/test/avg": 0.9707682132720947
        }
    ]
}