{
    "Food101": [
        {
            "acc/test/Food101_epoch": 0.9074851274490356,
            "loss/test/Food101_epoch": 0.3543679714202881,
            "acc/test/Food101": 0.9074851274490356,
            "normalized_acc/test/Food101": 0.998344361782074
        }
    ],
    "EMNIST": [
        {
            "acc/test/EMNIST_epoch": 0.9957000017166138,
            "loss/test/EMNIST_epoch": 0.045726802200078964,
            "acc/test/EMNIST": 0.9957000017166138,
            "normalized_acc/test/EMNIST": 1.0014079809188843
        }
    ],
    "avg": [
        {
            "acc/test/avg": 0.9515925645828247,
            "normalized_acc/test/avg": 0.9998761713504791
        }
    ]
}