{
    "PCAM": [
        {
            "acc/test/PCAM_epoch": 0.87005615234375,
            "loss/test/PCAM_epoch": 0.2935616374015808,
            "acc/test/PCAM": 0.87005615234375,
            "normalized_acc/test/PCAM": 0.9806349277496338
        }
    ],
    "CIFAR10": [
        {
            "acc/test/CIFAR10_epoch": 0.9685999751091003,
            "loss/test/CIFAR10_epoch": 0.10533035546541214,
            "acc/test/CIFAR10": 0.9685999751091003,
            "normalized_acc/test/CIFAR10": 0.9867563247680664
        }
    ],
    "avg": [
        {
            "acc/test/avg": 0.9193280637264252,
            "normalized_acc/test/avg": 0.9836956262588501
        }
    ]
}