{
    "MNIST": [
        {
            "acc/test/MNIST_epoch": 0.9968000054359436,
            "loss/test/MNIST_epoch": 0.024439342319965363,
            "acc/test/MNIST": 0.9968000054359436,
            "normalized_acc/test/MNIST": 1.0003010034561157
        }
    ],
    "EMNIST": [
        {
            "acc/test/EMNIST_epoch": 0.9976999759674072,
            "loss/test/EMNIST_epoch": 0.030498027801513672,
            "acc/test/EMNIST": 0.9976999759674072,
            "normalized_acc/test/EMNIST": 1.0034195184707642
        }
    ],
    "avg": [
        {
            "acc/test/avg": 0.9972499907016754,
            "normalized_acc/test/avg": 1.00186026096344
        }
    ]
}