{
    "Flowers102": [
        {
            "acc/test/Flowers102_epoch": 0.8555862903594971,
            "loss/test/Flowers102_epoch": 0.5691548585891724,
            "acc/test/Flowers102": 0.8555862903594971,
            "normalized_acc/test/Flowers102": 0.9080082774162292
        }
    ],
    "OxfordIIITPet": [
        {
            "acc/test/OxfordIIITPet_epoch": 0.9495775699615479,
            "loss/test/OxfordIIITPet_epoch": 0.17962932586669922,
            "acc/test/OxfordIIITPet": 0.9495775699615479,
            "normalized_acc/test/OxfordIIITPet": 0.999139666557312
        }
    ],
    "avg": [
        {
            "acc/test/avg": 0.9025819301605225,
            "normalized_acc/test/avg": 0.9535739719867706
        }
    ]
}