{
    "SUN397": [
        {
            "acc/test/SUN397_epoch": 0.7544584274291992,
            "loss/test/SUN397_epoch": 0.9151432514190674,
            "acc/test/SUN397": 0.7544584274291992,
            "normalized_acc/test/SUN397": 0.9568106532096863
        }
    ],
    "RESISC45": [
        {
            "acc/test/RESISC45_epoch": 0.942380964756012,
            "loss/test/RESISC45_epoch": 0.20460838079452515,
            "acc/test/RESISC45": 0.942380964756012,
            "normalized_acc/test/RESISC45": 0.974876880645752
        }
    ],
    "avg": [
        {
            "acc/test/avg": 0.8484196960926056,
            "normalized_acc/test/avg": 0.9658437669277191
        }
    ]
}