{
    "SVHN": [
        {
            "acc/test/SVHN_epoch": 0.9570528864860535,
            "loss/test/SVHN_epoch": 0.20237115025520325,
            "acc/test/SVHN": 0.9570528864860535,
            "normalized_acc/test/SVHN": 0.981716513633728
        }
    ],
    "CIFAR10": [
        {
            "acc/test/CIFAR10_epoch": 0.970300018787384,
            "loss/test/CIFAR10_epoch": 0.11159196496009827,
            "acc/test/CIFAR10": 0.970300018787384,
            "normalized_acc/test/CIFAR10": 0.9884881973266602
        }
    ],
    "avg": [
        {
            "acc/test/avg": 0.9636764526367188,
            "normalized_acc/test/avg": 0.9851023554801941
        }
    ]
}