{
    "Flowers102": [
        {
            "acc/test/Flowers102_epoch": 0.867295503616333,
            "loss/test/Flowers102_epoch": 0.5229074358940125,
            "acc/test/Flowers102": 0.867295503616333,
            "normalized_acc/test/Flowers102": 0.9204348921775818
        }
    ],
    "RenderedSST2": [
        {
            "acc/test/RenderedSST2_epoch": 0.7803404927253723,
            "loss/test/RenderedSST2_epoch": 0.5353513956069946,
            "acc/test/RenderedSST2": 0.7803404927253723,
            "normalized_acc/test/RenderedSST2": 1.0113879442214966
        }
    ],
    "avg": [
        {
            "acc/test/avg": 0.8238179981708527,
            "normalized_acc/test/avg": 0.9659114181995392
        }
    ]
}