{
    "Cars": [
        {
            "acc/test/Cars_epoch": 0.8149483799934387,
            "loss/test/Cars_epoch": 0.567266583442688,
            "acc/test/Cars": 0.8149483799934387,
            "normalized_acc/test/Cars": 0.9498478174209595
        }
    ],
    "FashionMNIST": [
        {
            "acc/test/FashionMNIST_epoch": 0.9297999739646912,
            "loss/test/FashionMNIST_epoch": 0.20355166494846344,
            "acc/test/FashionMNIST": 0.9297999739646912,
            "normalized_acc/test/FashionMNIST": 0.9766806364059448
        }
    ],
    "avg": [
        {
            "acc/test/avg": 0.8723741769790649,
            "normalized_acc/test/avg": 0.9632642269134521
        }
    ]
}