{
    "Cars": [
        {
            "acc/test/Cars_epoch": 0.8241512179374695,
            "loss/test/Cars_epoch": 0.5344235301017761,
            "acc/test/Cars": 0.8241512179374695,
            "normalized_acc/test/Cars": 0.9605739712715149
        }
    ],
    "GTSRB": [
        {
            "acc/test/GTSRB_epoch": 0.9726840853691101,
            "loss/test/GTSRB_epoch": 0.12338828295469284,
            "acc/test/GTSRB": 0.9726840853691101,
            "normalized_acc/test/GTSRB": 0.9833506941795349
        }
    ],
    "avg": [
        {
            "acc/test/avg": 0.8984176516532898,
            "normalized_acc/test/avg": 0.9719623327255249
        }
    ]
}