{
    "MNIST": [
        {
            "acc/test/MNIST_epoch": 0.9940999746322632,
            "loss/test/MNIST_epoch": 0.04306916519999504,
            "acc/test/MNIST": 0.9940999746322632,
            "normalized_acc/test/MNIST": 0.9975915551185608
        }
    ],
    "Food101": [
        {
            "acc/test/Food101_epoch": 0.8984554409980774,
            "loss/test/Food101_epoch": 0.39416131377220154,
            "acc/test/Food101": 0.8984554409980774,
            "normalized_acc/test/Food101": 0.9884105920791626
        }
    ],
    "avg": [
        {
            "acc/test/avg": 0.9462777078151703,
            "normalized_acc/test/avg": 0.9930010735988617
        }
    ]
}