{
    "RESISC45": [
        {
            "acc/test/RESISC45_epoch": 0.8819047808647156,
            "loss/test/RESISC45_epoch": 0.3822203576564789,
            "acc/test/RESISC45": 0.8819047808647156,
            "normalized_acc/test/RESISC45": 0.912315309047699
        }
    ],
    "EuroSAT": [
        {
            "acc/test/EuroSAT_epoch": 0.9674074053764343,
            "loss/test/EuroSAT_epoch": 0.11367664486169815,
            "acc/test/EuroSAT": 0.9674074053764343,
            "normalized_acc/test/EuroSAT": 0.9764485955238342
        }
    ],
    "avg": [
        {
            "acc/test/avg": 0.924656093120575,
            "normalized_acc/test/avg": 0.9443819522857666
        }
    ]
}