{
    "Flowers102": [
        {
            "acc/test/Flowers102_epoch": 0.8006179928779602,
            "loss/test/Flowers102_epoch": 0.8163852691650391,
            "acc/test/Flowers102": 0.8006179928779602,
            "normalized_acc/test/Flowers102": 0.8496720790863037
        }
    ],
    "OxfordIIITPet": [
        {
            "acc/test/OxfordIIITPet_epoch": 0.938130259513855,
            "loss/test/OxfordIIITPet_epoch": 0.18595950305461884,
            "acc/test/OxfordIIITPet": 0.938130259513855,
            "normalized_acc/test/OxfordIIITPet": 0.9870948791503906
        }
    ],
    "avg": [
        {
            "acc/test/avg": 0.8693741261959076,
            "normalized_acc/test/avg": 0.9183834791183472
        }
    ]
}