{
    "CIFAR10": [
        {
            "acc/test/CIFAR10_epoch": 0.9740999937057495,
            "loss/test/CIFAR10_epoch": 0.08412791788578033,
            "acc/test/CIFAR10": 0.9740999937057495,
            "normalized_acc/test/CIFAR10": 0.9923593997955322
        }
    ],
    "KMNIST": [
        {
            "acc/test/KMNIST_epoch": 0.39809998869895935,
            "loss/test/KMNIST_epoch": 1.7703973054885864,
            "acc/test/KMNIST": 0.39809998869895935,
            "normalized_acc/test/KMNIST": 0.4047788381576538
        }
    ],
    "avg": [
        {
            "acc/test/avg": 0.6860999912023544,
            "normalized_acc/test/avg": 0.698569118976593
        }
    ]
}