{
    "FER2013": [
        {
            "acc/test/FER2013_epoch": 0.6479520797729492,
            "loss/test/FER2013_epoch": 0.994500994682312,
            "acc/test/FER2013": 0.6479520797729492,
            "normalized_acc/test/FER2013": 0.8788737654685974
        }
    ],
    "EMNIST": [
        {
            "acc/test/EMNIST_epoch": 0.989799976348877,
            "loss/test/EMNIST_epoch": 0.12294243276119232,
            "acc/test/EMNIST": 0.989799976348877,
            "normalized_acc/test/EMNIST": 0.9954741597175598
        }
    ],
    "avg": [
        {
            "acc/test/avg": 0.8188760280609131,
            "normalized_acc/test/avg": 0.9371739625930786
        }
    ]
}