{
    "DTD": [
        {
            "acc/test/DTD_epoch": 0.6127659678459167,
            "loss/test/DTD_epoch": 1.3612340688705444,
            "acc/test/DTD": 0.6127659678459167,
            "normalized_acc/test/DTD": 0.7394095063209534
        }
    ],
    "CIFAR10": [
        {
            "acc/test/CIFAR10_epoch": 0.9757999777793884,
            "loss/test/CIFAR10_epoch": 0.07225289195775986,
            "acc/test/CIFAR10": 0.9757999777793884,
            "normalized_acc/test/CIFAR10": 0.994091272354126
        }
    ],
    "avg": [
        {
            "acc/test/avg": 0.7942829728126526,
            "normalized_acc/test/avg": 0.8667503893375397
        }
    ]
}