{
    "DTD": [
        {
            "acc/test/DTD_epoch": 0.6127659678459167,
            "loss/test/DTD_epoch": 1.3220382928848267,
            "acc/test/DTD": 0.6127659678459167,
            "normalized_acc/test/DTD": 0.7394095063209534
        }
    ],
    "EMNIST": [
        {
            "acc/test/EMNIST_epoch": 0.9901000261306763,
            "loss/test/EMNIST_epoch": 0.1148952916264534,
            "acc/test/EMNIST": 0.9901000261306763,
            "normalized_acc/test/EMNIST": 0.9957759380340576
        }
    ],
    "avg": [
        {
            "acc/test/avg": 0.8014329969882965,
            "normalized_acc/test/avg": 0.8675927221775055
        }
    ]
}