{
    "SUN397": [
        {
            "acc/test/SUN397_epoch": 0.7276070713996887,
            "loss/test/SUN397_epoch": 0.9409800171852112,
            "acc/test/SUN397": 0.7276070713996887,
            "normalized_acc/test/SUN397": 0.9227575063705444
        }
    ],
    "SVHN": [
        {
            "acc/test/SVHN_epoch": 0.9255915880203247,
            "loss/test/SVHN_epoch": 0.3349168598651886,
            "acc/test/SVHN": 0.9255915880203247,
            "normalized_acc/test/SVHN": 0.9494444131851196
        }
    ],
    "avg": [
        {
            "acc/test/avg": 0.8265993297100067,
            "normalized_acc/test/avg": 0.936100959777832
        }
    ]
}