{
    "SUN397": [
        {
            "acc/test/SUN397_epoch": 0.7322921752929688,
            "loss/test/SUN397_epoch": 0.928036630153656,
            "acc/test/SUN397": 0.7322921752929688,
            "normalized_acc/test/SUN397": 0.9286991953849792
        }
    ],
    "Food101": [
        {
            "acc/test/Food101_epoch": 0.9181386232376099,
            "loss/test/Food101_epoch": 0.2940542697906494,
            "acc/test/Food101": 0.9181386232376099,
            "normalized_acc/test/Food101": 1.0100644826889038
        }
    ],
    "avg": [
        {
            "acc/test/avg": 0.8252153992652893,
            "normalized_acc/test/avg": 0.9693818390369415
        }
    ]
}