{
    "SUN397": [
        {
            "acc/test/SUN397_epoch": 0.7296221852302551,
            "loss/test/SUN397_epoch": 0.9291527271270752,
            "acc/test/SUN397": 0.7296221852302551,
            "normalized_acc/test/SUN397": 0.9253131151199341
        }
    ],
    "EMNIST": [
        {
            "acc/test/EMNIST_epoch": 0.9901999831199646,
            "loss/test/EMNIST_epoch": 0.11807522922754288,
            "acc/test/EMNIST": 0.9901999831199646,
            "normalized_acc/test/EMNIST": 0.9958764910697937
        }
    ],
    "avg": [
        {
            "acc/test/avg": 0.8599110841751099,
            "normalized_acc/test/avg": 0.9605948030948639
        }
    ]
}