{
    "Flowers102": [
        {
            "acc/test/Flowers102_epoch": 0.8035452961921692,
            "loss/test/Flowers102_epoch": 0.8012406229972839,
            "acc/test/Flowers102": 0.8035452961921692,
            "normalized_acc/test/Flowers102": 0.8527787327766418
        }
    ],
    "FER2013": [
        {
            "acc/test/FER2013_epoch": 0.6755363345146179,
            "loss/test/FER2013_epoch": 0.9092956781387329,
            "acc/test/FER2013": 0.6755363345146179,
            "normalized_acc/test/FER2013": 0.9162887334823608
        }
    ],
    "avg": [
        {
            "acc/test/avg": 0.7395408153533936,
            "normalized_acc/test/avg": 0.8845337331295013
        }
    ]
}