{
    "Flowers102": [
        {
            "acc/test/Flowers102_epoch": 0.7946007251739502,
            "loss/test/Flowers102_epoch": 0.8196029663085938,
            "acc/test/Flowers102": 0.7946007251739502,
            "normalized_acc/test/Flowers102": 0.8432860970497131
        }
    ],
    "KMNIST": [
        {
            "acc/test/KMNIST_epoch": 0.5091000199317932,
            "loss/test/KMNIST_epoch": 1.5926584005355835,
            "acc/test/KMNIST": 0.5091000199317932,
            "normalized_acc/test/KMNIST": 0.5176410675048828
        }
    ],
    "avg": [
        {
            "acc/test/avg": 0.6518503725528717,
            "normalized_acc/test/avg": 0.680463582277298
        }
    ]
}