{
    "KMNIST": [
        {
            "acc/test/KMNIST_epoch": 0.4812999963760376,
            "loss/test/KMNIST_epoch": 1.6934046745300293,
            "acc/test/KMNIST": 0.4812999963760376,
            "normalized_acc/test/KMNIST": 0.48937466740608215
        }
    ],
    "RenderedSST2": [
        {
            "acc/test/RenderedSST2_epoch": 0.7435474991798401,
            "loss/test/RenderedSST2_epoch": 0.5211736559867859,
            "acc/test/RenderedSST2": 0.7435474991798401,
            "normalized_acc/test/RenderedSST2": 0.9637010097503662
        }
    ],
    "avg": [
        {
            "acc/test/avg": 0.6124237477779388,
            "normalized_acc/test/avg": 0.7265378385782242
        }
    ]
}