{
    "Flowers102": [
        {
            "acc/test/Flowers102_epoch": 0.7970401644706726,
            "loss/test/Flowers102_epoch": 0.8500480055809021,
            "acc/test/Flowers102": 0.7970401644706726,
            "normalized_acc/test/Flowers102": 0.8458750247955322
        }
    ],
    "STL10": [
        {
            "acc/test/STL10_epoch": 0.9898750185966492,
            "loss/test/STL10_epoch": 0.03492047265172005,
            "acc/test/STL10": 0.9898750185966492,
            "normalized_acc/test/STL10": 1.002024531364441
        }
    ],
    "avg": [
        {
            "acc/test/avg": 0.8934575915336609,
            "normalized_acc/test/avg": 0.9239497780799866
        }
    ]
}