{
    "FER2013": [
        {
            "acc/test/FER2013_epoch": 0.6574254631996155,
            "loss/test/FER2013_epoch": 0.9584367275238037,
            "acc/test/FER2013": 0.6574254631996155,
            "normalized_acc/test/FER2013": 0.8917233347892761
        }
    ],
    "KMNIST": [
        {
            "acc/test/KMNIST_epoch": 0.5424000024795532,
            "loss/test/KMNIST_epoch": 1.5510202646255493,
            "acc/test/KMNIST": 0.5424000024795532,
            "normalized_acc/test/KMNIST": 0.5514997243881226
        }
    ],
    "avg": [
        {
            "acc/test/avg": 0.5999127328395844,
            "normalized_acc/test/avg": 0.7216115295886993
        }
    ]
}