{
    "EMNIST": [
        {
            "acc/test/EMNIST_epoch": 0.9815999865531921,
            "loss/test/EMNIST_epoch": 0.22410890460014343,
            "acc/test/EMNIST": 0.9815999865531921,
            "normalized_acc/test/EMNIST": 0.987227201461792
        }
    ],
    "RenderedSST2": [
        {
            "acc/test/RenderedSST2_epoch": 0.6787479519844055,
            "loss/test/RenderedSST2_epoch": 0.5858736038208008,
            "acc/test/RenderedSST2": 0.6787479519844055,
            "normalized_acc/test/RenderedSST2": 0.8797152638435364
        }
    ],
    "avg": [
        {
            "acc/test/avg": 0.8301739692687988,
            "normalized_acc/test/avg": 0.9334712326526642
        }
    ]
}