{
    "RESISC45": [
        {
            "acc/test/RESISC45_epoch": 0.8565079569816589,
            "loss/test/RESISC45_epoch": 0.4465697705745697,
            "acc/test/RESISC45": 0.8565079569816589,
            "normalized_acc/test/RESISC45": 0.8860427141189575
        }
    ],
    "EMNIST": [
        {
            "acc/test/EMNIST_epoch": 0.9799000024795532,
            "loss/test/EMNIST_epoch": 0.21862375736236572,
            "acc/test/EMNIST": 0.9799000024795532,
            "normalized_acc/test/EMNIST": 0.9855174422264099
        }
    ],
    "avg": [
        {
            "acc/test/avg": 0.9182039797306061,
            "normalized_acc/test/avg": 0.9357800781726837
        }
    ]
}