{
    "GTSRB": [
        {
            "acc/test/GTSRB_epoch": 0.7658749222755432,
            "loss/test/GTSRB_epoch": 0.9213231801986694,
            "acc/test/GTSRB": 0.7658749222755432,
            "normalized_acc/test/GTSRB": 0.7742736339569092
        }
    ],
    "FashionMNIST": [
        {
            "acc/test/FashionMNIST_epoch": 0.8841000199317932,
            "loss/test/FashionMNIST_epoch": 0.33104875683784485,
            "acc/test/FashionMNIST": 0.8841000199317932,
            "normalized_acc/test/FashionMNIST": 0.9286764860153198
        }
    ],
    "avg": [
        {
            "acc/test/avg": 0.8249874711036682,
            "normalized_acc/test/avg": 0.8514750599861145
        }
    ]
}