{
    "FER2013": [
        {
            "acc/test/FER2013_epoch": 0.6602117419242859,
            "loss/test/FER2013_epoch": 0.9449692368507385,
            "acc/test/FER2013": 0.6602117419242859,
            "normalized_acc/test/FER2013": 0.8955026268959045
        }
    ],
    "Food101": [
        {
            "acc/test/Food101_epoch": 0.911049485206604,
            "loss/test/Food101_epoch": 0.31161201000213623,
            "acc/test/Food101": 0.911049485206604,
            "normalized_acc/test/Food101": 1.0022655725479126
        }
    ],
    "avg": [
        {
            "acc/test/avg": 0.785630613565445,
            "normalized_acc/test/avg": 0.9488840997219086
        }
    ]
}