{
    "SUN397": [
        {
            "acc/test/SUN397_epoch": 0.7258438467979431,
            "loss/test/SUN397_epoch": 0.9435310959815979,
            "acc/test/SUN397": 0.7258438467979431,
            "normalized_acc/test/SUN397": 0.9205213785171509
        }
    ],
    "RESISC45": [
        {
            "acc/test/RESISC45_epoch": 0.869523823261261,
            "loss/test/RESISC45_epoch": 0.41620078682899475,
            "acc/test/RESISC45": 0.869523823261261,
            "normalized_acc/test/RESISC45": 0.8995074033737183
        }
    ],
    "avg": [
        {
            "acc/test/avg": 0.797683835029602,
            "normalized_acc/test/avg": 0.9100143909454346
        }
    ]
}