{
    "FER2013": [
        {
            "acc/test/FER2013_epoch": 0.662162184715271,
            "loss/test/FER2013_epoch": 0.9465376734733582,
            "acc/test/FER2013": 0.662162184715271,
            "normalized_acc/test/FER2013": 0.8981481790542603
        }
    ],
    "STL10": [
        {
            "acc/test/STL10_epoch": 0.9893749952316284,
            "loss/test/STL10_epoch": 0.03626961633563042,
            "acc/test/STL10": 0.9893749952316284,
            "normalized_acc/test/STL10": 1.0015183687210083
        }
    ],
    "avg": [
        {
            "acc/test/avg": 0.8257685899734497,
            "normalized_acc/test/avg": 0.9498332738876343
        }
    ]
}