{
    "FER2013": [
        {
            "acc/test/FER2013_epoch": 0.670242428779602,
            "loss/test/FER2013_epoch": 0.9270501732826233,
            "acc/test/FER2013": 0.670242428779602,
            "normalized_acc/test/FER2013": 0.9091081023216248
        }
    ],
    "OxfordIIITPet": [
        {
            "acc/test/OxfordIIITPet_epoch": 0.9215044975280762,
            "loss/test/OxfordIIITPet_epoch": 0.22894372045993805,
            "acc/test/OxfordIIITPet": 0.9215044975280762,
            "normalized_acc/test/OxfordIIITPet": 0.9696013331413269
        }
    ],
    "avg": [
        {
            "acc/test/avg": 0.7958734631538391,
            "normalized_acc/test/avg": 0.9393547177314758
        }
    ]
}