{
    "Cars": [
        {
            "acc/test/Cars_epoch": 0.7766447067260742,
            "loss/test/Cars_epoch": 0.6536307334899902,
            "acc/test/Cars": 0.7766447067260742,
            "normalized_acc/test/Cars": 0.905203640460968
        }
    ],
    "FER2013": [
        {
            "acc/test/FER2013_epoch": 0.6681526899337769,
            "loss/test/FER2013_epoch": 0.9344538450241089,
            "acc/test/FER2013": 0.6681526899337769,
            "normalized_acc/test/FER2013": 0.906273603439331
        }
    ],
    "avg": [
        {
            "acc/test/avg": 0.7223986983299255,
            "normalized_acc/test/avg": 0.9057386219501495
        }
    ]
}