{
    "DTD": [
        {
            "acc/test/DTD_epoch": 0.5505319237709045,
            "loss/test/DTD_epoch": 1.5848652124404907,
            "acc/test/DTD": 0.5505319237709045,
            "normalized_acc/test/DTD": 0.6643131971359253
        }
    ],
    "FER2013": [
        {
            "acc/test/FER2013_epoch": 0.6653664112091064,
            "loss/test/FER2013_epoch": 0.9354981780052185,
            "acc/test/FER2013": 0.6653664112091064,
            "normalized_acc/test/FER2013": 0.9024943709373474
        }
    ],
    "avg": [
        {
            "acc/test/avg": 0.6079491674900055,
            "normalized_acc/test/avg": 0.7834037840366364
        }
    ]
}