{
    "MNIST": [
        {
            "acc/test/MNIST_epoch": 0.9764999747276306,
            "loss/test/MNIST_epoch": 0.25847792625427246,
            "acc/test/MNIST": 0.9764999747276306,
            "normalized_acc/test/MNIST": 0.9799296855926514
        }
    ],
    "FER2013": [
        {
            "acc/test/FER2013_epoch": 0.6471161842346191,
            "loss/test/FER2013_epoch": 0.9934078454971313,
            "acc/test/FER2013": 0.6471161842346191,
            "normalized_acc/test/FER2013": 0.8777399659156799
        }
    ],
    "avg": [
        {
            "acc/test/avg": 0.8118080794811249,
            "normalized_acc/test/avg": 0.9288348257541656
        }
    ]
}