{
    "PCAM": [
        {
            "acc/test/PCAM_epoch": 0.85791015625,
            "loss/test/PCAM_epoch": 0.3390054702758789,
            "acc/test/PCAM": 0.85791015625,
            "normalized_acc/test/PCAM": 0.9669452905654907
        }
    ],
    "OxfordIIITPet": [
        {
            "acc/test/OxfordIIITPet_epoch": 0.918506383895874,
            "loss/test/OxfordIIITPet_epoch": 0.25220292806625366,
            "acc/test/OxfordIIITPet": 0.918506383895874,
            "normalized_acc/test/OxfordIIITPet": 0.9664467573165894
        }
    ],
    "avg": [
        {
            "acc/test/avg": 0.888208270072937,
            "normalized_acc/test/avg": 0.96669602394104
        }
    ]
}