{
    "PCAM": [
        {
            "acc/test/PCAM_epoch": 0.855438232421875,
            "loss/test/PCAM_epoch": 0.34284910559654236,
            "acc/test/PCAM": 0.855438232421875,
            "normalized_acc/test/PCAM": 0.9641591906547546
        }
    ],
    "STL10": [
        {
            "acc/test/STL10_epoch": 0.9867500066757202,
            "loss/test/STL10_epoch": 0.04542020708322525,
            "acc/test/STL10": 0.9867500066757202,
            "normalized_acc/test/STL10": 0.9988611936569214
        }
    ],
    "avg": [
        {
            "acc/test/avg": 0.9210941195487976,
            "normalized_acc/test/avg": 0.981510192155838
        }
    ]
}