{
    "RESISC45": [
        {
            "acc/test/RESISC45_epoch": 0.862063467502594,
            "loss/test/RESISC45_epoch": 0.44053393602371216,
            "acc/test/RESISC45": 0.862063467502594,
            "normalized_acc/test/RESISC45": 0.8917897939682007
        }
    ],
    "KMNIST": [
        {
            "acc/test/KMNIST_epoch": 0.23659999668598175,
            "loss/test/KMNIST_epoch": 1.981951117515564,
            "acc/test/KMNIST": 0.23659999668598175,
            "normalized_acc/test/KMNIST": 0.24056939780712128
        }
    ],
    "avg": [
        {
            "acc/test/avg": 0.5493317320942879,
            "normalized_acc/test/avg": 0.566179595887661
        }
    ]
}