{
    "EuroSAT": [
        {
            "acc/test/EuroSAT_epoch": 0.9648148417472839,
            "loss/test/EuroSAT_epoch": 0.17571131885051727,
            "acc/test/EuroSAT": 0.9648148417472839,
            "normalized_acc/test/EuroSAT": 0.973831832408905
        }
    ],
    "Flowers102": [
        {
            "acc/test/Flowers102_epoch": 0.7695560455322266,
            "loss/test/Flowers102_epoch": 0.9763352274894714,
            "acc/test/Flowers102": 0.7695560455322266,
            "normalized_acc/test/Flowers102": 0.8167069554328918
        }
    ],
    "avg": [
        {
            "acc/test/avg": 0.8671854436397552,
            "normalized_acc/test/avg": 0.8952693939208984
        }
    ]
}