{
    "Cars": [
        {
            "acc/test/Cars_epoch": 0.773784339427948,
            "loss/test/Cars_epoch": 0.658753514289856,
            "acc/test/Cars": 0.773784339427948,
            "normalized_acc/test/Cars": 0.9018698334693909
        }
    ],
    "RESISC45": [
        {
            "acc/test/RESISC45_epoch": 0.8633333444595337,
            "loss/test/RESISC45_epoch": 0.4294196367263794,
            "acc/test/RESISC45": 0.8633333444595337,
            "normalized_acc/test/RESISC45": 0.8931034803390503
        }
    ],
    "avg": [
        {
            "acc/test/avg": 0.8185588419437408,
            "normalized_acc/test/avg": 0.8974866569042206
        }
    ]
}