{
    "CIFAR10": [
        {
            "acc/test/CIFAR10_epoch": 0.968999981880188,
            "loss/test/CIFAR10_epoch": 0.09481476992368698,
            "acc/test/CIFAR10": 0.968999981880188,
            "normalized_acc/test/CIFAR10": 0.987163782119751
        }
    ],
    "FashionMNIST": [
        {
            "acc/test/FashionMNIST_epoch": 0.8723000288009644,
            "loss/test/FashionMNIST_epoch": 0.3631284534931183,
            "acc/test/FashionMNIST": 0.8723000288009644,
            "normalized_acc/test/FashionMNIST": 0.916281521320343
        }
    ],
    "avg": [
        {
            "acc/test/avg": 0.9206500053405762,
            "normalized_acc/test/avg": 0.951722651720047
        }
    ]
}