{
    "SUN397": [
        {
            "acc/test/SUN397_epoch": 0.7237783670425415,
            "loss/test/SUN397_epoch": 0.95222008228302,
            "acc/test/SUN397": 0.7237783670425415,
            "normalized_acc/test/SUN397": 0.9179019331932068
        }
    ],
    "FER2013": [
        {
            "acc/test/FER2013_epoch": 0.668709933757782,
            "loss/test/FER2013_epoch": 0.9422871470451355,
            "acc/test/FER2013": 0.668709933757782,
            "normalized_acc/test/FER2013": 0.9070294499397278
        }
    ],
    "avg": [
        {
            "acc/test/avg": 0.6962441504001617,
            "normalized_acc/test/avg": 0.9124656915664673
        }
    ]
}