{
    "PCAM": [
        {
            "acc/test/PCAM_epoch": 0.855712890625,
            "loss/test/PCAM_epoch": 0.34456300735473633,
            "acc/test/PCAM": 0.855712890625,
            "normalized_acc/test/PCAM": 0.964468777179718
        }
    ],
    "KMNIST": [
        {
            "acc/test/KMNIST_epoch": 0.2303999960422516,
            "loss/test/KMNIST_epoch": 2.082247495651245,
            "acc/test/KMNIST": 0.2303999960422516,
            "normalized_acc/test/KMNIST": 0.23426537215709686
        }
    ],
    "avg": [
        {
            "acc/test/avg": 0.5430564433336258,
            "normalized_acc/test/avg": 0.5993670746684074
        }
    ]
}