{
    "SVHN": [
        {
            "acc/test/SVHN_epoch": 0.8769207000732422,
            "loss/test/SVHN_epoch": 0.7119503021240234,
            "acc/test/SVHN": 0.8769207000732422,
            "normalized_acc/test/SVHN": 0.8995192646980286
        }
    ],
    "PCAM": [
        {
            "acc/test/PCAM_epoch": 0.863861083984375,
            "loss/test/PCAM_epoch": 0.33874595165252686,
            "acc/test/PCAM": 0.863861083984375,
            "normalized_acc/test/PCAM": 0.9736525416374207
        }
    ],
    "avg": [
        {
            "acc/test/avg": 0.8703908920288086,
            "normalized_acc/test/avg": 0.9365859031677246
        }
    ]
}