{
    "SUN397": [
        {
            "acc/test/SUN397_epoch": 0.7258438467979431,
            "loss/test/SUN397_epoch": 0.9403055906295776,
            "acc/test/SUN397": 0.7258438467979431,
            "normalized_acc/test/SUN397": 0.9205213785171509
        }
    ],
    "STL10": [
        {
            "acc/test/STL10_epoch": 0.9897500276565552,
            "loss/test/STL10_epoch": 0.036365434527397156,
            "acc/test/STL10": 0.9897500276565552,
            "normalized_acc/test/STL10": 1.0018980503082275
        }
    ],
    "avg": [
        {
            "acc/test/avg": 0.8577969372272491,
            "normalized_acc/test/avg": 0.9612097144126892
        }
    ]
}