{
    "DTD": [
        {
            "acc/test/DTD_epoch": 0.5420212745666504,
            "loss/test/DTD_epoch": 1.5791726112365723,
            "acc/test/DTD": 0.5420212745666504,
            "normalized_acc/test/DTD": 0.6540436148643494
        }
    ],
    "KMNIST": [
        {
            "acc/test/KMNIST_epoch": 0.27219998836517334,
            "loss/test/KMNIST_epoch": 1.9419960975646973,
            "acc/test/KMNIST": 0.27219998836517334,
            "normalized_acc/test/KMNIST": 0.2767666280269623
        }
    ],
    "avg": [
        {
            "acc/test/avg": 0.40711063146591187,
            "normalized_acc/test/avg": 0.4654051214456558
        }
    ]
}