{
    "Food101": [
        {
            "acc/test/Food101_epoch": 0.9074059128761292,
            "loss/test/Food101_epoch": 0.3205442428588867,
            "acc/test/Food101": 0.9074059128761292,
            "normalized_acc/test/Food101": 0.9982572197914124
        }
    ],
    "KMNIST": [
        {
            "acc/test/KMNIST_epoch": 0.2533999979496002,
            "loss/test/KMNIST_epoch": 1.9848976135253906,
            "acc/test/KMNIST": 0.2533999979496002,
            "normalized_acc/test/KMNIST": 0.2576512396335602
        }
    ],
    "avg": [
        {
            "acc/test/avg": 0.5804029554128647,
            "normalized_acc/test/avg": 0.6279542297124863
        }
    ]
}