{
    "OxfordIIITPet": [
        {
            "acc/test/OxfordIIITPet_epoch": 0.9231398105621338,
            "loss/test/OxfordIIITPet_epoch": 0.22902868688106537,
            "acc/test/OxfordIIITPet": 0.9231398105621338,
            "normalized_acc/test/OxfordIIITPet": 0.9713220000267029
        }
    ],
    "Food101": [
        {
            "acc/test/Food101_epoch": 0.9147326946258545,
            "loss/test/Food101_epoch": 0.29445189237594604,
            "acc/test/Food101": 0.9147326946258545,
            "normalized_acc/test/Food101": 1.0063176155090332
        }
    ],
    "avg": [
        {
            "acc/test/avg": 0.9189362525939941,
            "normalized_acc/test/avg": 0.988819807767868
        }
    ]
}