{
    "Cars": [
        {
            "acc/test/Cars_epoch": 0.769680380821228,
            "loss/test/Cars_epoch": 0.6693533658981323,
            "acc/test/Cars": 0.769680380821228,
            "normalized_acc/test/Cars": 0.897086501121521
        }
    ],
    "EMNIST": [
        {
            "acc/test/EMNIST_epoch": 0.978600025177002,
            "loss/test/EMNIST_epoch": 0.2277572751045227,
            "acc/test/EMNIST": 0.978600025177002,
            "normalized_acc/test/EMNIST": 0.9842100143432617
        }
    ],
    "avg": [
        {
            "acc/test/avg": 0.874140202999115,
            "normalized_acc/test/avg": 0.9406482577323914
        }
    ]
}