{
    "SUN397": [
        {
            "acc/test/SUN397_epoch": 0.7239294648170471,
            "loss/test/SUN397_epoch": 0.9464192390441895,
            "acc/test/SUN397": 0.7239294648170471,
            "normalized_acc/test/SUN397": 0.9180935621261597
        }
    ],
    "GTSRB": [
        {
            "acc/test/GTSRB_epoch": 0.7751385569572449,
            "loss/test/GTSRB_epoch": 0.864815354347229,
            "acc/test/GTSRB": 0.7751385569572449,
            "normalized_acc/test/GTSRB": 0.7836388349533081
        }
    ],
    "avg": [
        {
            "acc/test/avg": 0.749534010887146,
            "normalized_acc/test/avg": 0.8508661985397339
        }
    ]
}