{
    "SUN397": [
        {
            "acc/test/SUN397_epoch": 0.7259949445724487,
            "loss/test/SUN397_epoch": 0.9431796073913574,
            "acc/test/SUN397": 0.7259949445724487,
            "normalized_acc/test/SUN397": 0.9207130074501038
        }
    ],
    "OxfordIIITPet": [
        {
            "acc/test/OxfordIIITPet_epoch": 0.9220495820045471,
            "loss/test/OxfordIIITPet_epoch": 0.22494037449359894,
            "acc/test/OxfordIIITPet": 0.9220495820045471,
            "normalized_acc/test/OxfordIIITPet": 0.9701749086380005
        }
    ],
    "avg": [
        {
            "acc/test/avg": 0.8240222632884979,
            "normalized_acc/test/avg": 0.9454439580440521
        }
    ]
}