{
    "SUN397": [
        {
            "acc/test/SUN397_epoch": 0.7178841233253479,
            "loss/test/SUN397_epoch": 0.9597746729850769,
            "acc/test/SUN397": 0.7178841233253479,
            "normalized_acc/test/SUN397": 0.9104267954826355
        }
    ],
    "PCAM": [
        {
            "acc/test/PCAM_epoch": 0.822845458984375,
            "loss/test/PCAM_epoch": 0.37957480549812317,
            "acc/test/PCAM": 0.822845458984375,
            "normalized_acc/test/PCAM": 0.9274240732192993
        }
    ],
    "avg": [
        {
            "acc/test/avg": 0.7703647911548615,
            "normalized_acc/test/avg": 0.9189254343509674
        }
    ]
}