{
    "STL10": [
        {
            "acc/test/STL10_epoch": 0.9866250157356262,
            "loss/test/STL10_epoch": 0.042176503688097,
            "acc/test/STL10": 0.9866250157356262,
            "normalized_acc/test/STL10": 0.998734712600708
        }
    ],
    "FashionMNIST": [
        {
            "acc/test/FashionMNIST_epoch": 0.8791999816894531,
            "loss/test/FashionMNIST_epoch": 0.3389565050601959,
            "acc/test/FashionMNIST": 0.8791999816894531,
            "normalized_acc/test/FashionMNIST": 0.9235293865203857
        }
    ],
    "avg": [
        {
            "acc/test/avg": 0.9329124987125397,
            "normalized_acc/test/avg": 0.9611320495605469
        }
    ]
}