{
    "EMNIST": [
        {
            "acc/test/EMNIST_epoch": 0.991100013256073,
            "loss/test/EMNIST_epoch": 0.07035697996616364,
            "acc/test/EMNIST": 0.991100013256073,
            "normalized_acc/test/EMNIST": 0.9967816472053528
        }
    ],
    "KMNIST": [
        {
            "acc/test/KMNIST_epoch": 0.7784000039100647,
            "loss/test/KMNIST_epoch": 0.8781680464744568,
            "acc/test/KMNIST": 0.7784000039100647,
            "normalized_acc/test/KMNIST": 0.7914590835571289
        }
    ],
    "avg": [
        {
            "acc/test/avg": 0.8847500085830688,
            "normalized_acc/test/avg": 0.8941203653812408
        }
    ]
}