{
    "PCAM": [
        {
            "acc/test/PCAM_epoch": 0.8792724609375,
            "loss/test/PCAM_epoch": 0.2821829319000244,
            "acc/test/PCAM": 0.8792724609375,
            "normalized_acc/test/PCAM": 0.9910225868225098
        }
    ],
    "OxfordIIITPet": [
        {
            "acc/test/OxfordIIITPet_epoch": 0.9206868410110474,
            "loss/test/OxfordIIITPet_epoch": 0.23218131065368652,
            "acc/test/OxfordIIITPet": 0.9206868410110474,
            "normalized_acc/test/OxfordIIITPet": 0.9687409996986389
        }
    ],
    "avg": [
        {
            "acc/test/avg": 0.8999796509742737,
            "normalized_acc/test/avg": 0.9798817932605743
        }
    ]
}