{
    "OxfordIIITPet": [
        {
            "acc/test/OxfordIIITPet_epoch": 0.945489227771759,
            "loss/test/OxfordIIITPet_epoch": 0.1822822540998459,
            "acc/test/OxfordIIITPet": 0.945489227771759,
            "normalized_acc/test/OxfordIIITPet": 0.9948379397392273
        }
    ],
    "RenderedSST2": [
        {
            "acc/test/RenderedSST2_epoch": 0.7721032500267029,
            "loss/test/RenderedSST2_epoch": 0.5345326066017151,
            "acc/test/RenderedSST2": 0.7721032500267029,
            "normalized_acc/test/RenderedSST2": 1.0007116794586182
        }
    ],
    "avg": [
        {
            "acc/test/avg": 0.858796238899231,
            "normalized_acc/test/avg": 0.9977748095989227
        }
    ]
}