{
    "RESISC45": [
        {
            "acc/test/RESISC45_epoch": 0.9244444370269775,
            "loss/test/RESISC45_epoch": 0.25255852937698364,
            "acc/test/RESISC45": 0.9244444370269775,
            "normalized_acc/test/RESISC45": 0.9563218355178833
        }
    ],
    "KMNIST": [
        {
            "acc/test/KMNIST_epoch": 0.9016000032424927,
            "loss/test/KMNIST_epoch": 0.5112642049789429,
            "acc/test/KMNIST": 0.9016000032424927,
            "normalized_acc/test/KMNIST": 0.9167259931564331
        }
    ],
    "avg": [
        {
            "acc/test/avg": 0.9130222201347351,
            "normalized_acc/test/avg": 0.9365239143371582
        }
    ]
}