{
    "SUN397": [
        {
            "acc/test/SUN397_epoch": 0.7546599507331848,
            "loss/test/SUN397_epoch": 0.9062349200248718,
            "acc/test/SUN397": 0.7546599507331848,
            "normalized_acc/test/SUN397": 0.9570662379264832
        }
    ],
    "RESISC45": [
        {
            "acc/test/RESISC45_epoch": 0.9398412704467773,
            "loss/test/RESISC45_epoch": 0.20957833528518677,
            "acc/test/RESISC45": 0.9398412704467773,
            "normalized_acc/test/RESISC45": 0.9722496271133423
        }
    ],
    "avg": [
        {
            "acc/test/avg": 0.8472506105899811,
            "normalized_acc/test/avg": 0.9646579325199127
        }
    ]
}