{
    "SUN397": [
        {
            "acc/test/SUN397_epoch": 0.7592443227767944,
            "loss/test/SUN397_epoch": 0.8738176822662354,
            "acc/test/SUN397": 0.7592443227767944,
            "normalized_acc/test/SUN397": 0.9628801345825195
        }
    ],
    "FER2013": [
        {
            "acc/test/FER2013_epoch": 0.7117581367492676,
            "loss/test/FER2013_epoch": 1.0004476308822632,
            "acc/test/FER2013": 0.7117581367492676,
            "normalized_acc/test/FER2013": 0.9654194712638855
        }
    ],
    "avg": [
        {
            "acc/test/avg": 0.735501229763031,
            "normalized_acc/test/avg": 0.9641498029232025
        }
    ]
}