{
    "SUN397": [
        {
            "acc/test/SUN397_epoch": 0.7476574182510376,
            "loss/test/SUN397_epoch": 0.8821216821670532,
            "acc/test/SUN397": 0.7476574182510376,
            "normalized_acc/test/SUN397": 0.9481855630874634
        }
    ],
    "CIFAR10": [
        {
            "acc/test/CIFAR10_epoch": 0.9822999835014343,
            "loss/test/CIFAR10_epoch": 0.0643189400434494,
            "acc/test/CIFAR10": 0.9822999835014343,
            "normalized_acc/test/CIFAR10": 1.0007131099700928
        }
    ],
    "avg": [
        {
            "acc/test/avg": 0.864978700876236,
            "normalized_acc/test/avg": 0.9744493365287781
        }
    ]
}