{
    "Flowers102": [
        {
            "acc/test/Flowers102_epoch": 0.8487558960914612,
            "loss/test/Flowers102_epoch": 0.5784720778465271,
            "acc/test/Flowers102": 0.8487558960914612,
            "normalized_acc/test/Flowers102": 0.9007593989372253
        }
    ],
    "RenderedSST2": [
        {
            "acc/test/RenderedSST2_epoch": 0.774848997592926,
            "loss/test/RenderedSST2_epoch": 0.5238211154937744,
            "acc/test/RenderedSST2": 0.774848997592926,
            "normalized_acc/test/RenderedSST2": 1.0042704343795776
        }
    ],
    "avg": [
        {
            "acc/test/avg": 0.8118024468421936,
            "normalized_acc/test/avg": 0.9525149166584015
        }
    ]
}