{
    "CIFAR100": [
        {
            "acc/test/CIFAR100_epoch": 0.8569999933242798,
            "loss/test/CIFAR100_epoch": 0.5278898477554321,
            "acc/test/CIFAR100": 0.8569999933242798,
            "normalized_acc/test/CIFAR100": 0.9600089192390442
        }
    ],
    "CIFAR10": [
        {
            "acc/test/CIFAR10_epoch": 0.9819999933242798,
            "loss/test/CIFAR10_epoch": 0.06501482427120209,
            "acc/test/CIFAR10": 0.9819999933242798,
            "normalized_acc/test/CIFAR10": 1.0004074573516846
        }
    ],
    "avg": [
        {
            "acc/test/avg": 0.9194999933242798,
            "normalized_acc/test/avg": 0.9802081882953644
        }
    ]
}