{
    "Cars": [
        {
            "acc/test/Cars_epoch": 0.8385772705078125,
            "loss/test/Cars_epoch": 0.5023388862609863,
            "acc/test/Cars": 0.8385772705078125,
            "normalized_acc/test/Cars": 0.9773880243301392
        }
    ],
    "OxfordIIITPet": [
        {
            "acc/test/OxfordIIITPet_epoch": 0.9337694048881531,
            "loss/test/OxfordIIITPet_epoch": 0.22173792123794556,
            "acc/test/OxfordIIITPet": 0.9337694048881531,
            "normalized_acc/test/OxfordIIITPet": 0.9825063943862915
        }
    ],
    "avg": [
        {
            "acc/test/avg": 0.8861733376979828,
            "normalized_acc/test/avg": 0.9799472093582153
        }
    ]
}