{
    "DTD": [
        {
            "acc/test/DTD_epoch": 0.7244681119918823,
            "loss/test/DTD_epoch": 1.0138115882873535,
            "acc/test/DTD": 0.7244681119918823,
            "normalized_acc/test/DTD": 0.8741977214813232
        }
    ],
    "Flowers102": [
        {
            "acc/test/Flowers102_epoch": 0.8508700728416443,
            "loss/test/Flowers102_epoch": 0.5926245450973511,
            "acc/test/Flowers102": 0.8508700728416443,
            "normalized_acc/test/Flowers102": 0.9030030965805054
        }
    ],
    "avg": [
        {
            "acc/test/avg": 0.7876690924167633,
            "normalized_acc/test/avg": 0.8886004090309143
        }
    ]
}