{
    "PCAM": [
        {
            "acc/test/PCAM_epoch": 0.8885498046875,
            "loss/test/PCAM_epoch": 0.2593459486961365,
            "acc/test/PCAM": 0.8885498046875,
            "normalized_acc/test/PCAM": 1.0014790296554565
        }
    ],
    "FER2013": [
        {
            "acc/test/FER2013_epoch": 0.6907216310501099,
            "loss/test/FER2013_epoch": 0.8801397681236267,
            "acc/test/FER2013": 0.6907216310501099,
            "normalized_acc/test/FER2013": 0.9368858337402344
        }
    ],
    "avg": [
        {
            "acc/test/avg": 0.7896357178688049,
            "normalized_acc/test/avg": 0.9691824316978455
        }
    ]
}