{
    "Cars": [
        {
            "acc/test/Cars_epoch": 0.8430543541908264,
            "loss/test/Cars_epoch": 0.49001365900039673,
            "acc/test/Cars": 0.8430543541908264,
            "normalized_acc/test/Cars": 0.9826061725616455
        }
    ],
    "Flowers102": [
        {
            "acc/test/Flowers102_epoch": 0.8076109886169434,
            "loss/test/Flowers102_epoch": 0.822907567024231,
            "acc/test/Flowers102": 0.8076109886169434,
            "normalized_acc/test/Flowers102": 0.8570935130119324
        }
    ],
    "avg": [
        {
            "acc/test/avg": 0.8253326714038849,
            "normalized_acc/test/avg": 0.9198498427867889
        }
    ]
}