{
    "SVHN": [
        {
            "acc/test/SVHN_epoch": 0.9600491523742676,
            "loss/test/SVHN_epoch": 0.18022440373897552,
            "acc/test/SVHN": 0.9600491523742676,
            "normalized_acc/test/SVHN": 0.9847899675369263
        }
    ],
    "CIFAR100": [
        {
            "acc/test/CIFAR100_epoch": 0.7961000204086304,
            "loss/test/CIFAR100_epoch": 0.8562302589416504,
            "acc/test/CIFAR100": 0.7961000204086304,
            "normalized_acc/test/CIFAR100": 0.8917889595031738
        }
    ],
    "avg": [
        {
            "acc/test/avg": 0.878074586391449,
            "normalized_acc/test/avg": 0.93828946352005
        }
    ]
}