{
    "FER2013": [
        {
            "acc/test/FER2013_epoch": 0.7153803110122681,
            "loss/test/FER2013_epoch": 0.9456025958061218,
            "acc/test/FER2013": 0.7153803110122681,
            "normalized_acc/test/FER2013": 0.9703325629234314
        }
    ],
    "RenderedSST2": [
        {
            "acc/test/RenderedSST2_epoch": 0.7462932467460632,
            "loss/test/RenderedSST2_epoch": 0.5938107967376709,
            "acc/test/RenderedSST2": 0.7462932467460632,
            "normalized_acc/test/RenderedSST2": 0.9672597646713257
        }
    ],
    "avg": [
        {
            "acc/test/avg": 0.7308367788791656,
            "normalized_acc/test/avg": 0.9687961637973785
        }
    ]
}