{
    "GTSRB": [
        {
            "acc/test/GTSRB_epoch": 0.9730799794197083,
            "loss/test/GTSRB_epoch": 0.13831697404384613,
            "acc/test/GTSRB": 0.9730799794197083,
            "normalized_acc/test/GTSRB": 0.9837509393692017
        }
    ],
    "Flowers102": [
        {
            "acc/test/Flowers102_epoch": 0.8129777312278748,
            "loss/test/Flowers102_epoch": 0.7675062417984009,
            "acc/test/Flowers102": 0.8129777312278748,
            "normalized_acc/test/Flowers102": 0.8627890944480896
        }
    ],
    "avg": [
        {
            "acc/test/avg": 0.8930288553237915,
            "normalized_acc/test/avg": 0.9232700169086456
        }
    ]
}