{
    "Cars": [
        {
            "acc/test/Cars_epoch": 0.8139534592628479,
            "loss/test/Cars_epoch": 0.5717967748641968,
            "acc/test/Cars": 0.8139534592628479,
            "normalized_acc/test/Cars": 0.9486881494522095
        }
    ],
    "SVHN": [
        {
            "acc/test/SVHN_epoch": 0.9664643406867981,
            "loss/test/SVHN_epoch": 0.15702277421951294,
            "acc/test/SVHN": 0.9664643406867981,
            "normalized_acc/test/SVHN": 0.9913704991340637
        }
    ],
    "avg": [
        {
            "acc/test/avg": 0.890208899974823,
            "normalized_acc/test/avg": 0.9700293242931366
        }
    ]
}