{
    "MNIST": [
        {
            "acc/test/MNIST_epoch": 0.9869999885559082,
            "loss/test/MNIST_epoch": 0.10518931597471237,
            "acc/test/MNIST": 0.9869999885559082,
            "normalized_acc/test/MNIST": 0.9904665946960449
        }
    ],
    "CIFAR100": [
        {
            "acc/test/CIFAR100_epoch": 0.8174999952316284,
            "loss/test/CIFAR100_epoch": 0.6839427351951599,
            "acc/test/CIFAR100": 0.8174999952316284,
            "normalized_acc/test/CIFAR100": 0.9157611727714539
        }
    ],
    "avg": [
        {
            "acc/test/avg": 0.9022499918937683,
            "normalized_acc/test/avg": 0.9531138837337494
        }
    ]
}