{
    "EuroSAT": [
        {
            "acc/test/EuroSAT_epoch": 0.9607407450675964,
            "loss/test/EuroSAT_epoch": 0.14617185294628143,
            "acc/test/EuroSAT": 0.9607407450675964,
            "normalized_acc/test/EuroSAT": 0.969719648361206
        }
    ],
    "GTSRB": [
        {
            "acc/test/GTSRB_epoch": 0.8626286387443542,
            "loss/test/GTSRB_epoch": 0.5505738854408264,
            "acc/test/GTSRB": 0.8626286387443542,
            "normalized_acc/test/GTSRB": 0.8720883727073669
        }
    ],
    "avg": [
        {
            "acc/test/avg": 0.9116846919059753,
            "normalized_acc/test/avg": 0.9209040105342865
        }
    ]
}