{
    "Cars": [
        {
            "acc/test/Cars_epoch": 0.7895784378051758,
            "loss/test/Cars_epoch": 0.6178432106971741,
            "acc/test/Cars": 0.7895784378051758,
            "normalized_acc/test/Cars": 0.9202783107757568
        }
    ],
    "OxfordIIITPet": [
        {
            "acc/test/OxfordIIITPet_epoch": 0.9291359782218933,
            "loss/test/OxfordIIITPet_epoch": 0.20349621772766113,
            "acc/test/OxfordIIITPet": 0.9291359782218933,
            "normalized_acc/test/OxfordIIITPet": 0.977631151676178
        }
    ],
    "avg": [
        {
            "acc/test/avg": 0.8593572080135345,
            "normalized_acc/test/avg": 0.9489547312259674
        }
    ]
}