{
    "CIFAR100": [
        {
            "acc/test/CIFAR100_epoch": 0.8399999737739563,
            "loss/test/CIFAR100_epoch": 0.5868280529975891,
            "acc/test/CIFAR100": 0.8399999737739563,
            "normalized_acc/test/CIFAR100": 0.9409655928611755
        }
    ],
    "Food101": [
        {
            "acc/test/Food101_epoch": 0.9060990214347839,
            "loss/test/Food101_epoch": 0.33256837725639343,
            "acc/test/Food101": 0.9060990214347839,
            "normalized_acc/test/Food101": 0.9968194961547852
        }
    ],
    "avg": [
        {
            "acc/test/avg": 0.8730494976043701,
            "normalized_acc/test/avg": 0.9688925445079803
        }
    ]
}