{
    "SUN397": [
        {
            "acc/test/SUN397_epoch": 0.7305793166160583,
            "loss/test/SUN397_epoch": 0.922896146774292,
            "acc/test/SUN397": 0.7305793166160583,
            "normalized_acc/test/SUN397": 0.9265269637107849
        }
    ],
    "EuroSAT": [
        {
            "acc/test/EuroSAT_epoch": 0.9688888788223267,
            "loss/test/EuroSAT_epoch": 0.11486288905143738,
            "acc/test/EuroSAT": 0.9688888788223267,
            "normalized_acc/test/EuroSAT": 0.9779439568519592
        }
    ],
    "avg": [
        {
            "acc/test/avg": 0.8497340977191925,
            "normalized_acc/test/avg": 0.9522354602813721
        }
    ]
}