{
    "Cars": [
        {
            "acc/test/Cars_epoch": 0.7766447067260742,
            "loss/test/Cars_epoch": 0.6520336866378784,
            "acc/test/Cars": 0.7766447067260742,
            "normalized_acc/test/Cars": 0.905203640460968
        }
    ],
    "PCAM": [
        {
            "acc/test/PCAM_epoch": 0.884613037109375,
            "loss/test/PCAM_epoch": 0.28016453981399536,
            "acc/test/PCAM": 0.884613037109375,
            "normalized_acc/test/PCAM": 0.9970419406890869
        }
    ],
    "avg": [
        {
            "acc/test/avg": 0.8306288719177246,
            "normalized_acc/test/avg": 0.9511227905750275
        }
    ]
}