{
    "MNIST": [
        {
            "acc/test/MNIST_epoch": 0.9872999787330627,
            "loss/test/MNIST_epoch": 0.1396147459745407,
            "acc/test/MNIST": 0.9872999787330627,
            "normalized_acc/test/MNIST": 0.9907676577568054
        }
    ],
    "FashionMNIST": [
        {
            "acc/test/FashionMNIST_epoch": 0.882099986076355,
            "loss/test/FashionMNIST_epoch": 0.34627607464790344,
            "acc/test/FashionMNIST": 0.882099986076355,
            "normalized_acc/test/FashionMNIST": 0.9265756011009216
        }
    ],
    "avg": [
        {
            "acc/test/avg": 0.9346999824047089,
            "normalized_acc/test/avg": 0.9586716294288635
        }
    ]
}