{
    "GTSRB": [
        {
            "acc/test/GTSRB_epoch": 0.8471892476081848,
            "loss/test/GTSRB_epoch": 0.5922908782958984,
            "acc/test/GTSRB": 0.8471892476081848,
            "normalized_acc/test/GTSRB": 0.8564796447753906
        }
    ],
    "CIFAR10": [
        {
            "acc/test/CIFAR10_epoch": 0.9742000102996826,
            "loss/test/CIFAR10_epoch": 0.08279471844434738,
            "acc/test/CIFAR10": 0.9742000102996826,
            "normalized_acc/test/CIFAR10": 0.9924613237380981
        }
    ],
    "avg": [
        {
            "acc/test/avg": 0.9106946289539337,
            "normalized_acc/test/avg": 0.9244704842567444
        }
    ]
}