{
    "SUN397": [
        {
            "acc/test/SUN397_epoch": 0.7319899201393127,
            "loss/test/SUN397_epoch": 0.929844319820404,
            "acc/test/SUN397": 0.7319899201393127,
            "normalized_acc/test/SUN397": 0.9283158779144287
        }
    ],
    "RESISC45": [
        {
            "acc/test/RESISC45_epoch": 0.8938094973564148,
            "loss/test/RESISC45_epoch": 0.3455035090446472,
            "acc/test/RESISC45": 0.8938094973564148,
            "normalized_acc/test/RESISC45": 0.9246305227279663
        }
    ],
    "avg": [
        {
            "acc/test/avg": 0.8128997087478638,
            "normalized_acc/test/avg": 0.9264732003211975
        }
    ]
}