{
    "Flowers102": [
        {
            "acc/test/Flowers102_epoch": 0.912506103515625,
            "loss/test/Flowers102_epoch": 0.332741916179657,
            "acc/test/Flowers102": 0.912506103515625,
            "normalized_acc/test/Flowers102": 0.9684155583381653
        }
    ],
    "FER2013": [
        {
            "acc/test/FER2013_epoch": 0.7442184686660767,
            "loss/test/FER2013_epoch": 1.1482986211776733,
            "acc/test/FER2013": 0.7442184686660767,
            "normalized_acc/test/FER2013": 1.0094482898712158
        }
    ],
    "avg": [
        {
            "acc/test/avg": 0.8283622860908508,
            "normalized_acc/test/avg": 0.9889319241046906
        }
    ]
}