{
    "EuroSAT": [
        {
            "acc/test/EuroSAT_epoch": 0.9866666793823242,
            "loss/test/EuroSAT_epoch": 0.04876472055912018,
            "acc/test/EuroSAT": 0.9866666793823242,
            "normalized_acc/test/EuroSAT": 0.9958878755569458
        }
    ],
    "EMNIST": [
        {
            "acc/test/EMNIST_epoch": 0.9961000084877014,
            "loss/test/EMNIST_epoch": 0.03108646161854267,
            "acc/test/EMNIST": 0.9961000084877014,
            "normalized_acc/test/EMNIST": 1.0018103122711182
        }
    ],
    "avg": [
        {
            "acc/test/avg": 0.9913833439350128,
            "normalized_acc/test/avg": 0.998849093914032
        }
    ]
}