{
    "Food101": [
        {
            "acc/test/Food101_epoch": 0.8906930685043335,
            "loss/test/Food101_epoch": 0.4400249123573303,
            "acc/test/Food101": 0.8906930685043335,
            "normalized_acc/test/Food101": 0.9798710346221924
        }
    ],
    "FashionMNIST": [
        {
            "acc/test/FashionMNIST_epoch": 0.9462000131607056,
            "loss/test/FashionMNIST_epoch": 0.18985840678215027,
            "acc/test/FashionMNIST": 0.9462000131607056,
            "normalized_acc/test/FashionMNIST": 0.9939075708389282
        }
    ],
    "avg": [
        {
            "acc/test/avg": 0.9184465408325195,
            "normalized_acc/test/avg": 0.9868893027305603
        }
    ]
}