{
    "GTSRB": [
        {
            "acc/test/GTSRB_epoch": 0.9853523373603821,
            "loss/test/GTSRB_epoch": 0.06807105243206024,
            "acc/test/GTSRB": 0.9853523373603821,
            "normalized_acc/test/GTSRB": 0.9961578845977783
        }
    ],
    "Food101": [
        {
            "acc/test/Food101_epoch": 0.9010297060012817,
            "loss/test/Food101_epoch": 0.4121740162372589,
            "acc/test/Food101": 0.9010297060012817,
            "normalized_acc/test/Food101": 0.9912425875663757
        }
    ],
    "avg": [
        {
            "acc/test/avg": 0.9431910216808319,
            "normalized_acc/test/avg": 0.993700236082077
        }
    ]
}