{
    "SUN397": [
        {
            "acc/test/SUN397_epoch": 0.7751133441925049,
            "loss/test/SUN397_epoch": 0.8733878135681152,
            "acc/test/SUN397": 0.7751133441925049,
            "normalized_acc/test/SUN397": 0.9830054044723511
        }
    ],
    "DTD": [
        {
            "acc/test/DTD_epoch": 0.7984042763710022,
            "loss/test/DTD_epoch": 0.8808085918426514,
            "acc/test/DTD": 0.7984042763710022,
            "normalized_acc/test/DTD": 0.9634146094322205
        }
    ],
    "avg": [
        {
            "acc/test/avg": 0.7867588102817535,
            "normalized_acc/test/avg": 0.9732100069522858
        }
    ]
}