{
    "PCAM": [
        {
            "acc/test/PCAM_epoch": 0.8450927734375,
            "loss/test/PCAM_epoch": 0.4379633665084839,
            "acc/test/PCAM": 0.8450927734375,
            "normalized_acc/test/PCAM": 0.9524988532066345
        }
    ],
    "CIFAR100": [
        {
            "acc/test/CIFAR100_epoch": 0.8080000281333923,
            "loss/test/CIFAR100_epoch": 0.7344545125961304,
            "acc/test/CIFAR100": 0.8080000281333923,
            "normalized_acc/test/CIFAR100": 0.9051192998886108
        }
    ],
    "avg": [
        {
            "acc/test/avg": 0.8265464007854462,
            "normalized_acc/test/avg": 0.9288090765476227
        }
    ]
}