{
    "Flowers102": [
        {
            "acc/test/Flowers102_epoch": 0.9201496243476868,
            "loss/test/Flowers102_epoch": 0.311058908700943,
            "acc/test/Flowers102": 0.9201496243476868,
            "normalized_acc/test/Flowers102": 0.9765274524688721
        }
    ],
    "OxfordIIITPet": [
        {
            "acc/test/OxfordIIITPet_epoch": 0.9528481960296631,
            "loss/test/OxfordIIITPet_epoch": 0.211131751537323,
            "acc/test/OxfordIIITPet": 0.9528481960296631,
            "normalized_acc/test/OxfordIIITPet": 1.002581000328064
        }
    ],
    "avg": [
        {
            "acc/test/avg": 0.9364989101886749,
            "normalized_acc/test/avg": 0.989554226398468
        }
    ]
}