{
    "RESISC45": [
        {
            "acc/test/RESISC45_epoch": 0.9460317492485046,
            "loss/test/RESISC45_epoch": 0.19121423363685608,
            "acc/test/RESISC45": 0.9460317492485046,
            "normalized_acc/test/RESISC45": 0.9786535501480103
        }
    ],
    "CIFAR10": [
        {
            "acc/test/CIFAR10_epoch": 0.9817000031471252,
            "loss/test/CIFAR10_epoch": 0.07915592938661575,
            "acc/test/CIFAR10": 0.9817000031471252,
            "normalized_acc/test/CIFAR10": 1.000101923942566
        }
    ],
    "avg": [
        {
            "acc/test/avg": 0.9638658761978149,
            "normalized_acc/test/avg": 0.9893777370452881
        }
    ]
}