{
    "OxfordIIITPet": [
        {
            "acc/test/OxfordIIITPet_epoch": 0.9427636861801147,
            "loss/test/OxfordIIITPet_epoch": 0.2209211140871048,
            "acc/test/OxfordIIITPet": 0.9427636861801147,
            "normalized_acc/test/OxfordIIITPet": 0.9919701218605042
        }
    ],
    "FashionMNIST": [
        {
            "acc/test/FashionMNIST_epoch": 0.9466000199317932,
            "loss/test/FashionMNIST_epoch": 0.18929523229599,
            "acc/test/FashionMNIST": 0.9466000199317932,
            "normalized_acc/test/FashionMNIST": 0.99432772397995
        }
    ],
    "avg": [
        {
            "acc/test/avg": 0.944681853055954,
            "normalized_acc/test/avg": 0.993148922920227
        }
    ]
}