{
    "MNIST": [
        {
            "acc/test/MNIST_epoch": 0.9937000274658203,
            "loss/test/MNIST_epoch": 0.04534386470913887,
            "acc/test/MNIST": 0.9937000274658203,
            "normalized_acc/test/MNIST": 0.9971901774406433
        }
    ],
    "STL10": [
        {
            "acc/test/STL10_epoch": 0.9810000061988831,
            "loss/test/STL10_epoch": 0.06107686087489128,
            "acc/test/STL10": 0.9810000061988831,
            "normalized_acc/test/STL10": 0.9930406212806702
        }
    ],
    "avg": [
        {
            "acc/test/avg": 0.9873500168323517,
            "normalized_acc/test/avg": 0.9951153993606567
        }
    ]
}