{
    "Cars": [
        {
            "acc/test/Cars_epoch": 0.8298718929290771,
            "loss/test/Cars_epoch": 0.5277864336967468,
            "acc/test/Cars": 0.8298718929290771,
            "normalized_acc/test/Cars": 0.9672415852546692
        }
    ],
    "Food101": [
        {
            "acc/test/Food101_epoch": 0.9137821793556213,
            "loss/test/Food101_epoch": 0.332508385181427,
            "acc/test/Food101": 0.9137821793556213,
            "normalized_acc/test/Food101": 1.0052719116210938
        }
    ],
    "avg": [
        {
            "acc/test/avg": 0.8718270361423492,
            "normalized_acc/test/avg": 0.9862567484378815
        }
    ]
}