{
    "RESISC45": [
        {
            "acc/test/RESISC45_epoch": 0.8633333444595337,
            "loss/test/RESISC45_epoch": 0.46497276425361633,
            "acc/test/RESISC45": 0.8633333444595337,
            "normalized_acc/test/RESISC45": 0.8931034803390503
        }
    ],
    "PCAM": [
        {
            "acc/test/PCAM_epoch": 0.910247802734375,
            "loss/test/PCAM_epoch": 0.21845266222953796,
            "acc/test/PCAM": 0.910247802734375,
            "normalized_acc/test/PCAM": 1.0259346961975098
        }
    ],
    "avg": [
        {
            "acc/test/avg": 0.8867905735969543,
            "normalized_acc/test/avg": 0.95951908826828
        }
    ]
}