{
    "SVHN": [
        {
            "acc/test/SVHN_epoch": 0.9520974159240723,
            "loss/test/SVHN_epoch": 0.19808194041252136,
            "acc/test/SVHN": 0.9520974159240723,
            "normalized_acc/test/SVHN": 0.9766333103179932
        }
    ],
    "MNIST": [
        {
            "acc/test/MNIST_epoch": 0.9941999912261963,
            "loss/test/MNIST_epoch": 0.03212377801537514,
            "acc/test/MNIST": 0.9941999912261963,
            "normalized_acc/test/MNIST": 0.9976918697357178
        }
    ],
    "avg": [
        {
            "acc/test/avg": 0.9731487035751343,
            "normalized_acc/test/avg": 0.9871625900268555
        }
    ]
}