{
    "OxfordIIITPet": [
        {
            "acc/test/OxfordIIITPet_epoch": 0.9473971128463745,
            "loss/test/OxfordIIITPet_epoch": 0.18193624913692474,
            "acc/test/OxfordIIITPet": 0.9473971128463745,
            "normalized_acc/test/OxfordIIITPet": 0.9968454241752625
        }
    ],
    "RenderedSST2": [
        {
            "acc/test/RenderedSST2_epoch": 0.7797912955284119,
            "loss/test/RenderedSST2_epoch": 0.5459069609642029,
            "acc/test/RenderedSST2": 0.7797912955284119,
            "normalized_acc/test/RenderedSST2": 1.0106761455535889
        }
    ],
    "avg": [
        {
            "acc/test/avg": 0.8635942041873932,
            "normalized_acc/test/avg": 1.0037607848644257
        }
    ]
}