{
    "GTSRB": [
        {
            "acc/test/GTSRB_epoch": 0.96397465467453,
            "loss/test/GTSRB_epoch": 0.1592952311038971,
            "acc/test/GTSRB": 0.96397465467453,
            "normalized_acc/test/GTSRB": 0.9745457768440247
        }
    ],
    "FashionMNIST": [
        {
            "acc/test/FashionMNIST_epoch": 0.925599992275238,
            "loss/test/FashionMNIST_epoch": 0.21812713146209717,
            "acc/test/FashionMNIST": 0.925599992275238,
            "normalized_acc/test/FashionMNIST": 0.9722688794136047
        }
    ],
    "avg": [
        {
            "acc/test/avg": 0.944787323474884,
            "normalized_acc/test/avg": 0.9734073281288147
        }
    ]
}