{
    "DTD": [
        {
            "acc/test/DTD_epoch": 0.7468085289001465,
            "loss/test/DTD_epoch": 0.948202908039093,
            "acc/test/DTD": 0.7468085289001465,
            "normalized_acc/test/DTD": 0.9011552929878235
        }
    ],
    "Flowers102": [
        {
            "acc/test/Flowers102_epoch": 0.8653439879417419,
            "loss/test/Flowers102_epoch": 0.5282108783721924,
            "acc/test/Flowers102": 0.8653439879417419,
            "normalized_acc/test/Flowers102": 0.9183638095855713
        }
    ],
    "avg": [
        {
            "acc/test/avg": 0.8060762584209442,
            "normalized_acc/test/avg": 0.9097595512866974
        }
    ]
}