{
    "EMNIST": [
        {
            "acc/test/EMNIST_epoch": 0.9958000183105469,
            "loss/test/EMNIST_epoch": 0.04609218239784241,
            "acc/test/EMNIST": 0.9958000183105469,
            "normalized_acc/test/EMNIST": 1.0015085935592651
        }
    ],
    "RenderedSST2": [
        {
            "acc/test/RenderedSST2_epoch": 0.7572762370109558,
            "loss/test/RenderedSST2_epoch": 0.5639514327049255,
            "acc/test/RenderedSST2": 0.7572762370109558,
            "normalized_acc/test/RenderedSST2": 0.981494665145874
        }
    ],
    "avg": [
        {
            "acc/test/avg": 0.8765381276607513,
            "normalized_acc/test/avg": 0.9915016293525696
        }
    ]
}