{
    "RESISC45": [
        {
            "acc/test/RESISC45_epoch": 0.9412698149681091,
            "loss/test/RESISC45_epoch": 0.20187166333198547,
            "acc/test/RESISC45": 0.9412698149681091,
            "normalized_acc/test/RESISC45": 0.9737274050712585
        }
    ],
    "DTD": [
        {
            "acc/test/DTD_epoch": 0.7127659320831299,
            "loss/test/DTD_epoch": 1.079220175743103,
            "acc/test/DTD": 0.7127659320831299,
            "normalized_acc/test/DTD": 0.8600769639015198
        }
    ],
    "avg": [
        {
            "acc/test/avg": 0.8270178735256195,
            "normalized_acc/test/avg": 0.9169021844863892
        }
    ]
}