{
    "FER2013": [
        {
            "acc/test/FER2013_epoch": 0.6886319518089294,
            "loss/test/FER2013_epoch": 0.9381715655326843,
            "acc/test/FER2013": 0.6886319518089294,
            "normalized_acc/test/FER2013": 0.9340514540672302
        }
    ],
    "FashionMNIST": [
        {
            "acc/test/FashionMNIST_epoch": 0.9280999898910522,
            "loss/test/FashionMNIST_epoch": 0.2210046350955963,
            "acc/test/FashionMNIST": 0.9280999898910522,
            "normalized_acc/test/FashionMNIST": 0.9748949408531189
        }
    ],
    "avg": [
        {
            "acc/test/avg": 0.8083659708499908,
            "normalized_acc/test/avg": 0.9544731974601746
        }
    ]
}