{
    "STL10": [
        {
            "acc/test/STL10_epoch": 0.9879999756813049,
            "loss/test/STL10_epoch": 0.036729808896780014,
            "acc/test/STL10": 0.9879999756813049,
            "normalized_acc/test/STL10": 1.0001264810562134
        }
    ],
    "Food101": [
        {
            "acc/test/Food101_epoch": 0.9127920866012573,
            "loss/test/Food101_epoch": 0.3192939758300781,
            "acc/test/Food101": 0.9127920866012573,
            "normalized_acc/test/Food101": 1.0041826963424683
        }
    ],
    "avg": [
        {
            "acc/test/avg": 0.9503960311412811,
            "normalized_acc/test/avg": 1.0021545886993408
        }
    ]
}