{
    "PCAM": [
        {
            "acc/test/PCAM_epoch": 0.904998779296875,
            "loss/test/PCAM_epoch": 0.2265377640724182,
            "acc/test/PCAM": 0.904998779296875,
            "normalized_acc/test/PCAM": 1.0200185775756836
        }
    ],
    "KMNIST": [
        {
            "acc/test/KMNIST_epoch": 0.890500009059906,
            "loss/test/KMNIST_epoch": 0.8757551908493042,
            "acc/test/KMNIST": 0.890500009059906,
            "normalized_acc/test/KMNIST": 0.9054397344589233
        }
    ],
    "avg": [
        {
            "acc/test/avg": 0.8977493941783905,
            "normalized_acc/test/avg": 0.9627291560173035
        }
    ]
}