{
    "SVHN": [
        {
            "acc/test/SVHN_epoch": 0.9673094749450684,
            "loss/test/SVHN_epoch": 0.1464267373085022,
            "acc/test/SVHN": 0.9673094749450684,
            "normalized_acc/test/SVHN": 0.992237389087677
        }
    ],
    "GTSRB": [
        {
            "acc/test/GTSRB_epoch": 0.95067298412323,
            "loss/test/GTSRB_epoch": 0.20977532863616943,
            "acc/test/GTSRB": 0.95067298412323,
            "normalized_acc/test/GTSRB": 0.9610981941223145
        }
    ],
    "avg": [
        {
            "acc/test/avg": 0.9589912295341492,
            "normalized_acc/test/avg": 0.9766677916049957
        }
    ]
}