{
    "MNIST": [
        {
            "acc/test/MNIST_epoch": 0.9927999973297119,
            "loss/test/MNIST_epoch": 0.04883468523621559,
            "acc/test/MNIST": 0.9927999973297119,
            "normalized_acc/test/MNIST": 0.9962869882583618
        }
    ],
    "Food101": [
        {
            "acc/test/Food101_epoch": 0.8868118524551392,
            "loss/test/Food101_epoch": 0.442278116941452,
            "acc/test/Food101": 0.8868118524551392,
            "normalized_acc/test/Food101": 0.9756012558937073
        }
    ],
    "avg": [
        {
            "acc/test/avg": 0.9398059248924255,
            "normalized_acc/test/avg": 0.9859441220760345
        }
    ]
}