{
    "SVHN": [
        {
            "acc/test/SVHN_epoch": 0.9502151012420654,
            "loss/test/SVHN_epoch": 0.20164711773395538,
            "acc/test/SVHN": 0.9502151012420654,
            "normalized_acc/test/SVHN": 0.9747024774551392
        }
    ],
    "MNIST": [
        {
            "acc/test/MNIST_epoch": 0.9943000078201294,
            "loss/test/MNIST_epoch": 0.032095905393362045,
            "acc/test/MNIST": 0.9943000078201294,
            "normalized_acc/test/MNIST": 0.9977922439575195
        }
    ],
    "avg": [
        {
            "acc/test/avg": 0.9722575545310974,
            "normalized_acc/test/avg": 0.9862473607063293
        }
    ]
}