{
    "MNIST": [
        {
            "acc/test/MNIST_epoch": 0.9940000176429749,
            "loss/test/MNIST_epoch": 0.041805461049079895,
            "acc/test/MNIST": 0.9940000176429749,
            "normalized_acc/test/MNIST": 0.9974912405014038
        }
    ],
    "DTD": [
        {
            "acc/test/DTD_epoch": 0.6824468374252319,
            "loss/test/DTD_epoch": 1.1793367862701416,
            "acc/test/DTD": 0.6824468374252319,
            "normalized_acc/test/DTD": 0.8234916925430298
        }
    ],
    "avg": [
        {
            "acc/test/avg": 0.8382234275341034,
            "normalized_acc/test/avg": 0.9104914665222168
        }
    ]
}