{
    "SUN397": [
        {
            "acc/test/SUN397_epoch": 0.7500755786895752,
            "loss/test/SUN397_epoch": 0.905203104019165,
            "acc/test/SUN397": 0.7500755786895752,
            "normalized_acc/test/SUN397": 0.951252281665802
        }
    ],
    "KMNIST": [
        {
            "acc/test/KMNIST_epoch": 0.947700023651123,
            "loss/test/KMNIST_epoch": 0.2668635845184326,
            "acc/test/KMNIST": 0.947700023651123,
            "normalized_acc/test/KMNIST": 0.9635993838310242
        }
    ],
    "avg": [
        {
            "acc/test/avg": 0.8488878011703491,
            "normalized_acc/test/avg": 0.9574258327484131
        }
    ]
}