{
    "SUN397": [
        {
            "acc/test/SUN397_epoch": 0.7505793571472168,
            "loss/test/SUN397_epoch": 0.904809296131134,
            "acc/test/SUN397": 0.7505793571472168,
            "normalized_acc/test/SUN397": 0.9518911838531494
        }
    ],
    "EMNIST": [
        {
            "acc/test/EMNIST_epoch": 0.9955999851226807,
            "loss/test/EMNIST_epoch": 0.04580448567867279,
            "acc/test/EMNIST": 0.9955999851226807,
            "normalized_acc/test/EMNIST": 1.001307487487793
        }
    ],
    "avg": [
        {
            "acc/test/avg": 0.8730896711349487,
            "normalized_acc/test/avg": 0.9765993356704712
        }
    ]
}