{
    "OxfordIIITPet": [
        {
            "acc/test/OxfordIIITPet_epoch": 0.9326791763305664,
            "loss/test/OxfordIIITPet_epoch": 0.2311122566461563,
            "acc/test/OxfordIIITPet": 0.9326791763305664,
            "normalized_acc/test/OxfordIIITPet": 0.9813593029975891
        }
    ],
    "CIFAR100": [
        {
            "acc/test/CIFAR100_epoch": 0.8755000233650208,
            "loss/test/CIFAR100_epoch": 0.5062274932861328,
            "acc/test/CIFAR100": 0.8755000233650208,
            "normalized_acc/test/CIFAR100": 0.9807326197624207
        }
    ],
    "avg": [
        {
            "acc/test/avg": 0.9040895998477936,
            "normalized_acc/test/avg": 0.9810459613800049
        }
    ]
}