{
    "FER2013": [
        {
            "acc/test/FER2013_epoch": 0.6787406206130981,
            "loss/test/FER2013_epoch": 1.0284790992736816,
            "acc/test/FER2013": 0.6787406206130981,
            "normalized_acc/test/FER2013": 0.9206349849700928
        }
    ],
    "KMNIST": [
        {
            "acc/test/KMNIST_epoch": 0.953499972820282,
            "loss/test/KMNIST_epoch": 0.2862459421157837,
            "acc/test/KMNIST": 0.953499972820282,
            "normalized_acc/test/KMNIST": 0.9694966673851013
        }
    ],
    "avg": [
        {
            "acc/test/avg": 0.8161202967166901,
            "normalized_acc/test/avg": 0.945065826177597
        }
    ]
}