{
    "DTD": [
        {
            "acc/test/DTD_epoch": 0.7436169981956482,
            "loss/test/DTD_epoch": 0.9168712496757507,
            "acc/test/DTD": 0.7436169981956482,
            "normalized_acc/test/DTD": 0.8973041772842407
        }
    ],
    "RenderedSST2": [
        {
            "acc/test/RenderedSST2_epoch": 0.7803404927253723,
            "loss/test/RenderedSST2_epoch": 0.5575613379478455,
            "acc/test/RenderedSST2": 0.7803404927253723,
            "normalized_acc/test/RenderedSST2": 1.0113879442214966
        }
    ],
    "avg": [
        {
            "acc/test/avg": 0.7619787454605103,
            "normalized_acc/test/avg": 0.9543460607528687
        }
    ]
}