{
    "FER2013": [
        {
            "acc/test/FER2013_epoch": 0.7139871716499329,
            "loss/test/FER2013_epoch": 0.9252219796180725,
            "acc/test/FER2013": 0.7139871716499329,
            "normalized_acc/test/FER2013": 0.9684429168701172
        }
    ],
    "OxfordIIITPet": [
        {
            "acc/test/OxfordIIITPet_epoch": 0.9430362582206726,
            "loss/test/OxfordIIITPet_epoch": 0.20038753747940063,
            "acc/test/OxfordIIITPet": 0.9430362582206726,
            "normalized_acc/test/OxfordIIITPet": 0.9922569394111633
        }
    ],
    "avg": [
        {
            "acc/test/avg": 0.8285117149353027,
            "normalized_acc/test/avg": 0.9803499281406403
        }
    ]
}