{
    "CIFAR10": [
        {
            "acc/test/CIFAR10_epoch": 0.9812999963760376,
            "loss/test/CIFAR10_epoch": 0.06866106390953064,
            "acc/test/CIFAR10": 0.9812999963760376,
            "normalized_acc/test/CIFAR10": 0.9996944069862366
        }
    ],
    "Food101": [
        {
            "acc/test/Food101_epoch": 0.8899801969528198,
            "loss/test/Food101_epoch": 0.41077739000320435,
            "acc/test/Food101": 0.8899801969528198,
            "normalized_acc/test/Food101": 0.9790868163108826
        }
    ],
    "avg": [
        {
            "acc/test/avg": 0.9356400966644287,
            "normalized_acc/test/avg": 0.9893906116485596
        }
    ]
}