{
    "Cars": [
        {
            "acc/test/Cars_epoch": 0.8184305429458618,
            "loss/test/Cars_epoch": 0.5615278482437134,
            "acc/test/Cars": 0.8184305429458618,
            "normalized_acc/test/Cars": 0.9539063572883606
        }
    ],
    "STL10": [
        {
            "acc/test/STL10_epoch": 0.9893749952316284,
            "loss/test/STL10_epoch": 0.036416195333004,
            "acc/test/STL10": 0.9893749952316284,
            "normalized_acc/test/STL10": 1.0015183687210083
        }
    ],
    "avg": [
        {
            "acc/test/avg": 0.9039027690887451,
            "normalized_acc/test/avg": 0.9777123630046844
        }
    ]
}