{
    "SVHN": [
        {
            "acc/test/SVHN_epoch": 0.9605101346969604,
            "loss/test/SVHN_epoch": 0.2059241384267807,
            "acc/test/SVHN": 0.9605101346969604,
            "normalized_acc/test/SVHN": 0.9852628111839294
        }
    ],
    "PCAM": [
        {
            "acc/test/PCAM_epoch": 0.83135986328125,
            "loss/test/PCAM_epoch": 0.4160672426223755,
            "acc/test/PCAM": 0.83135986328125,
            "normalized_acc/test/PCAM": 0.9370205998420715
        }
    ],
    "avg": [
        {
            "acc/test/avg": 0.8959349989891052,
            "normalized_acc/test/avg": 0.9611417055130005
        }
    ]
}