{
    "SVHN": [
        {
            "acc/test/SVHN_epoch": 0.9716886878013611,
            "loss/test/SVHN_epoch": 0.12990312278270721,
            "acc/test/SVHN": 0.9716886878013611,
            "normalized_acc/test/SVHN": 0.9967294335365295
        }
    ],
    "Flowers102": [
        {
            "acc/test/Flowers102_epoch": 0.8063099980354309,
            "loss/test/Flowers102_epoch": 0.8058443069458008,
            "acc/test/Flowers102": 0.8063099980354309,
            "normalized_acc/test/Flowers102": 0.8557128310203552
        }
    ],
    "avg": [
        {
            "acc/test/avg": 0.888999342918396,
            "normalized_acc/test/avg": 0.9262211322784424
        }
    ]
}