{
    "SVHN": [
        {
            "acc/test/SVHN_epoch": 0.9715350270271301,
            "loss/test/SVHN_epoch": 0.1327701210975647,
            "acc/test/SVHN": 0.9715350270271301,
            "normalized_acc/test/SVHN": 0.9965718388557434
        }
    ],
    "RenderedSST2": [
        {
            "acc/test/RenderedSST2_epoch": 0.7655134797096252,
            "loss/test/RenderedSST2_epoch": 0.5149407386779785,
            "acc/test/RenderedSST2": 0.7655134797096252,
            "normalized_acc/test/RenderedSST2": 0.9921708106994629
        }
    ],
    "avg": [
        {
            "acc/test/avg": 0.8685242533683777,
            "normalized_acc/test/avg": 0.9943713247776031
        }
    ]
}