{
    "SUN397": [
        {
            "acc/test/SUN397_epoch": 0.761309802532196,
            "loss/test/SUN397_epoch": 0.8446978330612183,
            "acc/test/SUN397": 0.761309802532196,
            "normalized_acc/test/SUN397": 0.9654995799064636
        }
    ],
    "STL10": [
        {
            "acc/test/STL10_epoch": 0.9897500276565552,
            "loss/test/STL10_epoch": 0.02961660735309124,
            "acc/test/STL10": 0.9897500276565552,
            "normalized_acc/test/STL10": 1.0018980503082275
        }
    ],
    "avg": [
        {
            "acc/test/avg": 0.8755299150943756,
            "normalized_acc/test/avg": 0.9836988151073456
        }
    ]
}