{
    "Flowers102": [
        {
            "acc/test/Flowers102_epoch": 0.7944381237030029,
            "loss/test/Flowers102_epoch": 0.8867350816726685,
            "acc/test/Flowers102": 0.7944381237030029,
            "normalized_acc/test/Flowers102": 0.8431135416030884
        }
    ],
    "EMNIST": [
        {
            "acc/test/EMNIST_epoch": 0.9901999831199646,
            "loss/test/EMNIST_epoch": 0.12395341694355011,
            "acc/test/EMNIST": 0.9901999831199646,
            "normalized_acc/test/EMNIST": 0.9958764910697937
        }
    ],
    "avg": [
        {
            "acc/test/avg": 0.8923190534114838,
            "normalized_acc/test/avg": 0.919495016336441
        }
    ]
}