{
    "GTSRB": [
        {
            "acc/test/GTSRB_epoch": 0.8958036303520203,
            "loss/test/GTSRB_epoch": 0.4613376259803772,
            "acc/test/GTSRB": 0.8958036303520203,
            "normalized_acc/test/GTSRB": 0.9056271314620972
        }
    ],
    "FER2013": [
        {
            "acc/test/FER2013_epoch": 0.65338534116745,
            "loss/test/FER2013_epoch": 0.9786299467086792,
            "acc/test/FER2013": 0.65338534116745,
            "normalized_acc/test/FER2013": 0.8862434029579163
        }
    ],
    "avg": [
        {
            "acc/test/avg": 0.7745944857597351,
            "normalized_acc/test/avg": 0.8959352672100067
        }
    ]
}