{
    "EuroSAT": [
        {
            "acc/test/EuroSAT_epoch": 0.9562963247299194,
            "loss/test/EuroSAT_epoch": 0.1891012042760849,
            "acc/test/EuroSAT": 0.9562963247299194,
            "normalized_acc/test/EuroSAT": 0.9652336835861206
        }
    ],
    "FashionMNIST": [
        {
            "acc/test/FashionMNIST_epoch": 0.8877999782562256,
            "loss/test/FashionMNIST_epoch": 0.3205930292606354,
            "acc/test/FashionMNIST": 0.8877999782562256,
            "normalized_acc/test/FashionMNIST": 0.9325630068778992
        }
    ],
    "avg": [
        {
            "acc/test/avg": 0.9220481514930725,
            "normalized_acc/test/avg": 0.9488983452320099
        }
    ]
}