{
    "DTD": [
        {
            "acc/test/DTD_epoch": 0.6186169981956482,
            "loss/test/DTD_epoch": 1.303389549255371,
            "acc/test/DTD": 0.6186169981956482,
            "normalized_acc/test/DTD": 0.7464697957038879
        }
    ],
    "EMNIST": [
        {
            "acc/test/EMNIST_epoch": 0.9897000193595886,
            "loss/test/EMNIST_epoch": 0.11352284997701645,
            "acc/test/EMNIST": 0.9897000193595886,
            "normalized_acc/test/EMNIST": 0.9953736662864685
        }
    ],
    "avg": [
        {
            "acc/test/avg": 0.8041585087776184,
            "normalized_acc/test/avg": 0.8709217309951782
        }
    ]
}