{
    "EuroSAT": [
        {
            "acc/test/EuroSAT_epoch": 0.9855555295944214,
            "loss/test/EuroSAT_epoch": 0.04965781420469284,
            "acc/test/EuroSAT": 0.9855555295944214,
            "normalized_acc/test/EuroSAT": 0.994766354560852
        }
    ],
    "FashionMNIST": [
        {
            "acc/test/FashionMNIST_epoch": 0.9405999779701233,
            "loss/test/FashionMNIST_epoch": 0.20310547947883606,
            "acc/test/FashionMNIST": 0.9405999779701233,
            "normalized_acc/test/FashionMNIST": 0.9880251884460449
        }
    ],
    "avg": [
        {
            "acc/test/avg": 0.9630777537822723,
            "normalized_acc/test/avg": 0.9913957715034485
        }
    ]
}