{
    "Cars": [
        {
            "acc/test/Cars_epoch": 0.8153215050697327,
            "loss/test/Cars_epoch": 0.6001468896865845,
            "acc/test/Cars": 0.8153215050697327,
            "normalized_acc/test/Cars": 0.9502826929092407
        }
    ],
    "FashionMNIST": [
        {
            "acc/test/FashionMNIST_epoch": 0.9484999775886536,
            "loss/test/FashionMNIST_epoch": 0.17936809360980988,
            "acc/test/FashionMNIST": 0.9484999775886536,
            "normalized_acc/test/FashionMNIST": 0.9963234663009644
        }
    ],
    "avg": [
        {
            "acc/test/avg": 0.8819107413291931,
            "normalized_acc/test/avg": 0.9733030796051025
        }
    ]
}