{
    "RESISC45": [
        {
            "acc/test/RESISC45_epoch": 0.9471428394317627,
            "loss/test/RESISC45_epoch": 0.2000148445367813,
            "acc/test/RESISC45": 0.9471428394317627,
            "normalized_acc/test/RESISC45": 0.9798029661178589
        }
    ],
    "MNIST": [
        {
            "acc/test/MNIST_epoch": 0.9957000017166138,
            "loss/test/MNIST_epoch": 0.0268294345587492,
            "acc/test/MNIST": 0.9957000017166138,
            "normalized_acc/test/MNIST": 0.9991971850395203
        }
    ],
    "avg": [
        {
            "acc/test/avg": 0.9714214205741882,
            "normalized_acc/test/avg": 0.9895000755786896
        }
    ]
}