{
    "GTSRB": [
        {
            "acc/test/GTSRB_epoch": 0.9918448328971863,
            "loss/test/GTSRB_epoch": 0.03660881891846657,
            "acc/test/GTSRB": 0.9918448328971863,
            "normalized_acc/test/GTSRB": 1.0027215480804443
        }
    ],
    "RenderedSST2": [
        {
            "acc/test/RenderedSST2_epoch": 0.7935200333595276,
            "loss/test/RenderedSST2_epoch": 0.7855668663978577,
            "acc/test/RenderedSST2": 0.7935200333595276,
            "normalized_acc/test/RenderedSST2": 1.0284696817398071
        }
    ],
    "avg": [
        {
            "acc/test/avg": 0.8926824331283569,
            "normalized_acc/test/avg": 1.0155956149101257
        }
    ]
}