{
    "PCAM": [
        {
            "acc/test/PCAM_epoch": 0.86590576171875,
            "loss/test/PCAM_epoch": 0.3665880560874939,
            "acc/test/PCAM": 0.86590576171875,
            "normalized_acc/test/PCAM": 0.9759570956230164
        }
    ],
    "CIFAR10": [
        {
            "acc/test/CIFAR10_epoch": 0.9702000021934509,
            "loss/test/CIFAR10_epoch": 0.10589253157377243,
            "acc/test/CIFAR10": 0.9702000021934509,
            "normalized_acc/test/CIFAR10": 0.988386332988739
        }
    ],
    "avg": [
        {
            "acc/test/avg": 0.9180528819561005,
            "normalized_acc/test/avg": 0.9821717143058777
        }
    ]
}