{
    "EuroSAT": [
        {
            "acc/test/EuroSAT_epoch": 0.9748148322105408,
            "loss/test/EuroSAT_epoch": 0.08019554615020752,
            "acc/test/EuroSAT": 0.9748148322105408,
            "normalized_acc/test/EuroSAT": 0.9839252829551697
        }
    ],
    "KMNIST": [
        {
            "acc/test/KMNIST_epoch": 0.9785000085830688,
            "loss/test/KMNIST_epoch": 0.09240464121103287,
            "acc/test/KMNIST": 0.9785000085830688,
            "normalized_acc/test/KMNIST": 0.9949161410331726
        }
    ],
    "avg": [
        {
            "acc/test/avg": 0.9766574203968048,
            "normalized_acc/test/avg": 0.9894207119941711
        }
    ]
}