{
    "SUN397": [
        {
            "acc/test/SUN397_epoch": 0.7360705137252808,
            "loss/test/SUN397_epoch": 0.9246716499328613,
            "acc/test/SUN397": 0.7360705137252808,
            "normalized_acc/test/SUN397": 0.9334909319877625
        }
    ],
    "PCAM": [
        {
            "acc/test/PCAM_epoch": 0.90155029296875,
            "loss/test/PCAM_epoch": 0.26712727546691895,
            "acc/test/PCAM": 0.90155029296875,
            "normalized_acc/test/PCAM": 1.0161317586898804
        }
    ],
    "avg": [
        {
            "acc/test/avg": 0.8188104033470154,
            "normalized_acc/test/avg": 0.9748113453388214
        }
    ]
}