{
    "MNIST": [
        {
            "acc/test/MNIST_epoch": 0.9955999851226807,
            "loss/test/MNIST_epoch": 0.026880832388997078,
            "acc/test/MNIST": 0.9955999851226807,
            "normalized_acc/test/MNIST": 0.9990968108177185
        }
    ],
    "OxfordIIITPet": [
        {
            "acc/test/OxfordIIITPet_epoch": 0.9400381445884705,
            "loss/test/OxfordIIITPet_epoch": 0.24263344705104828,
            "acc/test/OxfordIIITPet": 0.9400381445884705,
            "normalized_acc/test/OxfordIIITPet": 0.9891023635864258
        }
    ],
    "avg": [
        {
            "acc/test/avg": 0.9678190648555756,
            "normalized_acc/test/avg": 0.9940995872020721
        }
    ]
}