{
    "SVHN": [
        {
            "acc/test/SVHN_epoch": 0.9709972143173218,
            "loss/test/SVHN_epoch": 0.12206237763166428,
            "acc/test/SVHN": 0.9709972143173218,
            "normalized_acc/test/SVHN": 0.9960201978683472
        }
    ],
    "CIFAR100": [
        {
            "acc/test/CIFAR100_epoch": 0.8033000230789185,
            "loss/test/CIFAR100_epoch": 0.9093409180641174,
            "acc/test/CIFAR100": 0.8033000230789185,
            "normalized_acc/test/CIFAR100": 0.8998543620109558
        }
    ],
    "avg": [
        {
            "acc/test/avg": 0.8871486186981201,
            "normalized_acc/test/avg": 0.9479372799396515
        }
    ]
}