{
    "OxfordIIITPet": [
        {
            "acc/test/OxfordIIITPet_epoch": 0.9523030519485474,
            "loss/test/OxfordIIITPet_epoch": 0.2135666012763977,
            "acc/test/OxfordIIITPet": 0.9523030519485474,
            "normalized_acc/test/OxfordIIITPet": 1.0020073652267456
        }
    ],
    "RenderedSST2": [
        {
            "acc/test/RenderedSST2_epoch": 0.7940691709518433,
            "loss/test/RenderedSST2_epoch": 0.9085516333580017,
            "acc/test/RenderedSST2": 0.7940691709518433,
            "normalized_acc/test/RenderedSST2": 1.0291814804077148
        }
    ],
    "avg": [
        {
            "acc/test/avg": 0.8731861114501953,
            "normalized_acc/test/avg": 1.0155944228172302
        }
    ]
}