{
    "Cars": [
        {
            "acc/test/Cars_epoch": 0.8062430024147034,
            "loss/test/Cars_epoch": 0.6717624068260193,
            "acc/test/Cars": 0.8062430024147034,
            "normalized_acc/test/Cars": 0.9397013783454895
        }
    ],
    "STL10": [
        {
            "acc/test/STL10_epoch": 0.9907500147819519,
            "loss/test/STL10_epoch": 0.03658510372042656,
            "acc/test/STL10": 0.9907500147819519,
            "normalized_acc/test/STL10": 1.0029103755950928
        }
    ],
    "avg": [
        {
            "acc/test/avg": 0.8984965085983276,
            "normalized_acc/test/avg": 0.9713058769702911
        }
    ]
}