{
    "EuroSAT": [
        {
            "acc/test/EuroSAT_epoch": 0.9888888597488403,
            "loss/test/EuroSAT_epoch": 0.04015399143099785,
            "acc/test/EuroSAT": 0.9888888597488403,
            "normalized_acc/test/EuroSAT": 0.9981308579444885
        }
    ],
    "Flowers102": [
        {
            "acc/test/Flowers102_epoch": 0.8419255018234253,
            "loss/test/Flowers102_epoch": 0.6754622459411621,
            "acc/test/Flowers102": 0.8419255018234253,
            "normalized_acc/test/Flowers102": 0.8935104608535767
        }
    ],
    "avg": [
        {
            "acc/test/avg": 0.9154071807861328,
            "normalized_acc/test/avg": 0.9458206593990326
        }
    ]
}