{
    "GTSRB": [
        {
            "acc/test/GTSRB_epoch": 0.9276326298713684,
            "loss/test/GTSRB_epoch": 0.29211267828941345,
            "acc/test/GTSRB": 0.9276326298713684,
            "normalized_acc/test/GTSRB": 0.93780517578125
        }
    ],
    "KMNIST": [
        {
            "acc/test/KMNIST_epoch": 0.9258000254631042,
            "loss/test/KMNIST_epoch": 0.3833194077014923,
            "acc/test/KMNIST": 0.9258000254631042,
            "normalized_acc/test/KMNIST": 0.9413319826126099
        }
    ],
    "avg": [
        {
            "acc/test/avg": 0.9267163276672363,
            "normalized_acc/test/avg": 0.9395685791969299
        }
    ]
}