{
    "DTD": [
        {
            "acc/test/DTD_epoch": 0.6962766051292419,
            "loss/test/DTD_epoch": 1.0949887037277222,
            "acc/test/DTD": 0.6962766051292419,
            "normalized_acc/test/DTD": 0.8401796817779541
        }
    ],
    "KMNIST": [
        {
            "acc/test/KMNIST_epoch": 0.9291999936103821,
            "loss/test/KMNIST_epoch": 0.339754581451416,
            "acc/test/KMNIST": 0.9291999936103821,
            "normalized_acc/test/KMNIST": 0.9447889924049377
        }
    ],
    "avg": [
        {
            "acc/test/avg": 0.812738299369812,
            "normalized_acc/test/avg": 0.8924843370914459
        }
    ]
}