{
    "SVHN": [
        {
            "acc/test/SVHN_epoch": 0.9676936268806458,
            "loss/test/SVHN_epoch": 0.14939729869365692,
            "acc/test/SVHN": 0.9676936268806458,
            "normalized_acc/test/SVHN": 0.9926314353942871
        }
    ],
    "STL10": [
        {
            "acc/test/STL10_epoch": 0.9832500219345093,
            "loss/test/STL10_epoch": 0.054113827645778656,
            "acc/test/STL10": 0.9832500219345093,
            "normalized_acc/test/STL10": 0.9953182935714722
        }
    ],
    "avg": [
        {
            "acc/test/avg": 0.9754718244075775,
            "normalized_acc/test/avg": 0.9939748644828796
        }
    ]
}