{
    "GTSRB": [
        {
            "acc/test/GTSRB_epoch": 0.9776722192764282,
            "loss/test/GTSRB_epoch": 0.10528017580509186,
            "acc/test/GTSRB": 0.9776722192764282,
            "normalized_acc/test/GTSRB": 0.9883935451507568
        }
    ],
    "Flowers102": [
        {
            "acc/test/Flowers102_epoch": 0.8310294151306152,
            "loss/test/Flowers102_epoch": 0.7071780562400818,
            "acc/test/Flowers102": 0.8310294151306152,
            "normalized_acc/test/Flowers102": 0.8819468021392822
        }
    ],
    "avg": [
        {
            "acc/test/avg": 0.9043508172035217,
            "normalized_acc/test/avg": 0.9351701736450195
        }
    ]
}