{
    "Food101": [
        {
            "acc/test/Food101_epoch": 0.8888713121414185,
            "loss/test/Food101_epoch": 0.4056999087333679,
            "acc/test/Food101": 0.8888713121414185,
            "normalized_acc/test/Food101": 0.9778668880462646
        }
    ],
    "FashionMNIST": [
        {
            "acc/test/FashionMNIST_epoch": 0.9251000285148621,
            "loss/test/FashionMNIST_epoch": 0.2265363484621048,
            "acc/test/FashionMNIST": 0.9251000285148621,
            "normalized_acc/test/FashionMNIST": 0.9717437028884888
        }
    ],
    "avg": [
        {
            "acc/test/avg": 0.9069856703281403,
            "normalized_acc/test/avg": 0.9748052954673767
        }
    ]
}