{
    "SUN397": [
        {
            "acc/test/SUN397_epoch": 0.7636272311210632,
            "loss/test/SUN397_epoch": 0.844905436038971,
            "acc/test/SUN397": 0.7636272311210632,
            "normalized_acc/test/SUN397": 0.9684385657310486
        }
    ],
    "RenderedSST2": [
        {
            "acc/test/RenderedSST2_epoch": 0.7770456075668335,
            "loss/test/RenderedSST2_epoch": 0.5513512492179871,
            "acc/test/RenderedSST2": 0.7770456075668335,
            "normalized_acc/test/RenderedSST2": 1.0071173906326294
        }
    ],
    "avg": [
        {
            "acc/test/avg": 0.7703364193439484,
            "normalized_acc/test/avg": 0.987777978181839
        }
    ]
}