{
    "Flowers102": [
        {
            "acc/test/Flowers102_epoch": 0.7492275238037109,
            "loss/test/Flowers102_epoch": 1.1093389987945557,
            "acc/test/Flowers102": 0.7492275238037109,
            "normalized_acc/test/Flowers102": 0.7951328754425049
        }
    ],
    "CIFAR10": [
        {
            "acc/test/CIFAR10_epoch": 0.9667999744415283,
            "loss/test/CIFAR10_epoch": 0.11225339025259018,
            "acc/test/CIFAR10": 0.9667999744415283,
            "normalized_acc/test/CIFAR10": 0.9849225878715515
        }
    ],
    "avg": [
        {
            "acc/test/avg": 0.8580137491226196,
            "normalized_acc/test/avg": 0.8900277316570282
        }
    ]
}