{
    "GTSRB": [
        {
            "acc/test/GTSRB_epoch": 0.6640538573265076,
            "loss/test/GTSRB_epoch": 1.2037771940231323,
            "acc/test/GTSRB": 0.6640538573265076,
            "normalized_acc/test/GTSRB": 0.6713359951972961
        }
    ],
    "CIFAR10": [
        {
            "acc/test/CIFAR10_epoch": 0.9645000100135803,
            "loss/test/CIFAR10_epoch": 0.11452778428792953,
            "acc/test/CIFAR10": 0.9645000100135803,
            "normalized_acc/test/CIFAR10": 0.9825794696807861
        }
    ],
    "avg": [
        {
            "acc/test/avg": 0.814276933670044,
            "normalized_acc/test/avg": 0.8269577324390411
        }
    ]
}