{
    "DTD": [
        {
            "acc/test/DTD_epoch": 0.5218085050582886,
            "loss/test/DTD_epoch": 1.6613534688949585,
            "acc/test/DTD": 0.5218085050582886,
            "normalized_acc/test/DTD": 0.6296533942222595
        }
    ],
    "FER2013": [
        {
            "acc/test/FER2013_epoch": 0.6273335218429565,
            "loss/test/FER2013_epoch": 1.045492172241211,
            "acc/test/FER2013": 0.6273335218429565,
            "normalized_acc/test/FER2013": 0.850907027721405
        }
    ],
    "avg": [
        {
            "acc/test/avg": 0.5745710134506226,
            "normalized_acc/test/avg": 0.7402802109718323
        }
    ]
}