{
    "SVHN": [
        {
            "acc/test/SVHN_epoch": 0.8236017227172852,
            "loss/test/SVHN_epoch": 0.8291701674461365,
            "acc/test/SVHN": 0.8236017227172852,
            "normalized_acc/test/SVHN": 0.8448262214660645
        }
    ],
    "RenderedSST2": [
        {
            "acc/test/RenderedSST2_epoch": 0.6847885847091675,
            "loss/test/RenderedSST2_epoch": 0.5933208465576172,
            "acc/test/RenderedSST2": 0.6847885847091675,
            "normalized_acc/test/RenderedSST2": 0.8875444531440735
        }
    ],
    "avg": [
        {
            "acc/test/avg": 0.7541951537132263,
            "normalized_acc/test/avg": 0.866185337305069
        }
    ]
}