{
    "Flowers102": [
        {
            "acc/test/Flowers102_epoch": 0.7563831806182861,
            "loss/test/Flowers102_epoch": 1.0441951751708984,
            "acc/test/Flowers102": 0.7563831806182861,
            "normalized_acc/test/Flowers102": 0.8027269840240479
        }
    ],
    "RenderedSST2": [
        {
            "acc/test/RenderedSST2_epoch": 0.7062053680419922,
            "loss/test/RenderedSST2_epoch": 0.5701061487197876,
            "acc/test/RenderedSST2": 0.7062053680419922,
            "normalized_acc/test/RenderedSST2": 0.9153024554252625
        }
    ],
    "avg": [
        {
            "acc/test/avg": 0.7312942743301392,
            "normalized_acc/test/avg": 0.8590147197246552
        }
    ]
}