{
    "MNIST": [
        {
            "acc/test/MNIST_epoch": 0.9534000158309937,
            "loss/test/MNIST_epoch": 0.5996012091636658,
            "acc/test/MNIST": 0.9534000158309937,
            "normalized_acc/test/MNIST": 0.9567486047744751
        }
    ],
    "PCAM": [
        {
            "acc/test/PCAM_epoch": 0.717803955078125,
            "loss/test/PCAM_epoch": 0.519241988658905,
            "acc/test/PCAM": 0.717803955078125,
            "normalized_acc/test/PCAM": 0.8090324401855469
        }
    ],
    "avg": [
        {
            "acc/test/avg": 0.8356019854545593,
            "normalized_acc/test/avg": 0.882890522480011
        }
    ]
}