{
    "MNIST": [
        {
            "acc/test/MNIST_epoch": 0.967199981212616,
            "loss/test/MNIST_epoch": 0.43548262119293213,
            "acc/test/MNIST": 0.967199981212616,
            "normalized_acc/test/MNIST": 0.9705970287322998
        }
    ],
    "DTD": [
        {
            "acc/test/DTD_epoch": 0.5175532102584839,
            "loss/test/DTD_epoch": 1.6829344034194946,
            "acc/test/DTD": 0.5175532102584839,
            "normalized_acc/test/DTD": 0.624518632888794
        }
    ],
    "avg": [
        {
            "acc/test/avg": 0.7423765957355499,
            "normalized_acc/test/avg": 0.7975578308105469
        }
    ]
}