{
    "Cars": [
        {
            "acc/test/Cars_epoch": 0.7190647721290588,
            "loss/test/Cars_epoch": 0.801230251789093,
            "acc/test/Cars": 0.7190647721290588,
            "normalized_acc/test/Cars": 0.8380924463272095
        }
    ],
    "PCAM": [
        {
            "acc/test/PCAM_epoch": 0.749114990234375,
            "loss/test/PCAM_epoch": 0.4762580692768097,
            "acc/test/PCAM": 0.749114990234375,
            "normalized_acc/test/PCAM": 0.844322919845581
        }
    ],
    "avg": [
        {
            "acc/test/avg": 0.7340898811817169,
            "normalized_acc/test/avg": 0.8412076830863953
        }
    ]
}