{
    "RESISC45": [
        {
            "acc/test/RESISC45_epoch": 0.8198412656784058,
            "loss/test/RESISC45_epoch": 0.565188467502594,
            "acc/test/RESISC45": 0.8198412656784058,
            "normalized_acc/test/RESISC45": 0.8481116890907288
        }
    ],
    "OxfordIIITPet": [
        {
            "acc/test/OxfordIIITPet_epoch": 0.91441810131073,
            "loss/test/OxfordIIITPet_epoch": 0.24505913257598877,
            "acc/test/OxfordIIITPet": 0.91441810131073,
            "normalized_acc/test/OxfordIIITPet": 0.9621450901031494
        }
    ],
    "avg": [
        {
            "acc/test/avg": 0.8671296834945679,
            "normalized_acc/test/avg": 0.9051283895969391
        }
    ]
}