{
    "RESISC45": [
        {
            "acc/test/RESISC45_epoch": 0.7993651032447815,
            "loss/test/RESISC45_epoch": 0.6221538782119751,
            "acc/test/RESISC45": 0.7993651032447815,
            "normalized_acc/test/RESISC45": 0.8269294500350952
        }
    ],
    "FER2013": [
        {
            "acc/test/FER2013_epoch": 0.6205071210861206,
            "loss/test/FER2013_epoch": 1.0575934648513794,
            "acc/test/FER2013": 0.6205071210861206,
            "normalized_acc/test/FER2013": 0.8416478037834167
        }
    ],
    "avg": [
        {
            "acc/test/avg": 0.709936112165451,
            "normalized_acc/test/avg": 0.834288626909256
        }
    ]
}