{
    "Cars": [
        {
            "acc/test/Cars_epoch": 0.7306305170059204,
            "loss/test/Cars_epoch": 0.7667546272277832,
            "acc/test/Cars": 0.7306305170059204,
            "normalized_acc/test/Cars": 0.8515726923942566
        }
    ],
    "RESISC45": [
        {
            "acc/test/RESISC45_epoch": 0.8028571605682373,
            "loss/test/RESISC45_epoch": 0.6204789280891418,
            "acc/test/RESISC45": 0.8028571605682373,
            "normalized_acc/test/RESISC45": 0.8305419087409973
        }
    ],
    "avg": [
        {
            "acc/test/avg": 0.7667438387870789,
            "normalized_acc/test/avg": 0.841057300567627
        }
    ]
}