{
    "EMNIST": [
        {
            "acc/test/EMNIST_epoch": 0.9276999831199646,
            "loss/test/EMNIST_epoch": 0.5621216893196106,
            "acc/test/EMNIST": 0.9276999831199646,
            "normalized_acc/test/EMNIST": 0.9330182075500488
        }
    ],
    "KMNIST": [
        {
            "acc/test/KMNIST_epoch": 0.1834000051021576,
            "loss/test/KMNIST_epoch": 2.129276752471924,
            "acc/test/KMNIST": 0.1834000051021576,
            "normalized_acc/test/KMNIST": 0.18647687137126923
        }
    ],
    "avg": [
        {
            "acc/test/avg": 0.5555499941110611,
            "normalized_acc/test/avg": 0.559747539460659
        }
    ]
}