{
    "STL10": [
        {
            "acc/test/STL10_epoch": 0.9736250042915344,
            "loss/test/STL10_epoch": 0.08925922214984894,
            "acc/test/STL10": 0.9736250042915344,
            "normalized_acc/test/STL10": 0.998077929019928
        }
    ],
    "CIFAR10": [
        {
            "acc/test/CIFAR10_epoch": 0.9661999940872192,
            "loss/test/CIFAR10_epoch": 0.1122061163187027,
            "acc/test/CIFAR10": 0.9661999940872192,
            "normalized_acc/test/CIFAR10": 0.9906694889068604
        }
    ],
    "avg": [
        {
            "acc/test/avg": 0.9699124991893768,
            "normalized_acc/test/avg": 0.9943737089633942
        }
    ]
}