{
    "GTSRB": [
        {
            "acc/test/GTSRB_epoch": 0.8689627647399902,
            "loss/test/GTSRB_epoch": 0.6031709313392639,
            "acc/test/GTSRB": 0.8689627647399902,
            "normalized_acc/test/GTSRB": 0.8783513307571411
        }
    ],
    "RenderedSST2": [
        {
            "acc/test/RenderedSST2_epoch": 0.6935749650001526,
            "loss/test/RenderedSST2_epoch": 0.5880035758018494,
            "acc/test/RenderedSST2": 0.6935749650001526,
            "normalized_acc/test/RenderedSST2": 1.0218446254730225
        }
    ],
    "avg": [
        {
            "acc/test/avg": 0.7812688648700714,
            "normalized_acc/test/avg": 0.9500979781150818
        }
    ]
}