{
    "RESISC45": [
        {
            "acc/test/RESISC45_epoch": 0.8361904621124268,
            "loss/test/RESISC45_epoch": 0.5245615839958191,
            "acc/test/RESISC45": 0.8361904621124268,
            "normalized_acc/test/RESISC45": 0.8774150609970093
        }
    ],
    "EMNIST": [
        {
            "acc/test/EMNIST_epoch": 0.9707000255584717,
            "loss/test/EMNIST_epoch": 0.1850079894065857,
            "acc/test/EMNIST": 0.9707000255584717,
            "normalized_acc/test/EMNIST": 0.9760684370994568
        }
    ],
    "avg": [
        {
            "acc/test/avg": 0.9034452438354492,
            "normalized_acc/test/avg": 0.926741749048233
        }
    ]
}