{
    "GTSRB": [
        {
            "acc/test/GTSRB_epoch": 0.8478226661682129,
            "loss/test/GTSRB_epoch": 0.5986185073852539,
            "acc/test/GTSRB": 0.8478226661682129,
            "normalized_acc/test/GTSRB": 0.8569828271865845
        }
    ],
    "EMNIST": [
        {
            "acc/test/EMNIST_epoch": 0.9674999713897705,
            "loss/test/EMNIST_epoch": 0.1702382117509842,
            "acc/test/EMNIST": 0.9674999713897705,
            "normalized_acc/test/EMNIST": 0.9728506803512573
        }
    ],
    "avg": [
        {
            "acc/test/avg": 0.9076613187789917,
            "normalized_acc/test/avg": 0.9149167537689209
        }
    ]
}