{
    "FashionMNIST": [
        {
            "acc/test/FashionMNIST_epoch": 0.8452000021934509,
            "loss/test/FashionMNIST_epoch": 0.45304813981056213,
            "acc/test/FashionMNIST": 0.8452000021934509,
            "normalized_acc/test/FashionMNIST": 0.8976210355758667
        }
    ],
    "EMNIST": [
        {
            "acc/test/EMNIST_epoch": 0.9545999765396118,
            "loss/test/EMNIST_epoch": 0.3050256073474884,
            "acc/test/EMNIST": 0.9545999765396118,
            "normalized_acc/test/EMNIST": 0.9598793387413025
        }
    ],
    "avg": [
        {
            "acc/test/avg": 0.8998999893665314,
            "normalized_acc/test/avg": 0.9287501871585846
        }
    ]
}