{
    "KMNIST": [
        {
            "acc/test/KMNIST_epoch": 0.5083000063896179,
            "loss/test/KMNIST_epoch": 1.7314560413360596,
            "acc/test/KMNIST": 0.5083000063896179,
            "normalized_acc/test/KMNIST": 0.5179863572120667
        }
    ],
    "RenderedSST2": [
        {
            "acc/test/RenderedSST2_epoch": 0.6968698501586914,
            "loss/test/RenderedSST2_epoch": 0.5856456160545349,
            "acc/test/RenderedSST2": 0.6968698501586914,
            "normalized_acc/test/RenderedSST2": 1.0266990661621094
        }
    ],
    "avg": [
        {
            "acc/test/avg": 0.6025849282741547,
            "normalized_acc/test/avg": 0.772342711687088
        }
    ]
}