{
    "Flowers102": [
        {
            "acc/test/Flowers102_epoch": 0.7545942664146423,
            "loss/test/Flowers102_epoch": 1.073632001876831,
            "acc/test/Flowers102": 0.7545942664146423,
            "normalized_acc/test/Flowers102": 0.8396670818328857
        }
    ],
    "Food101": [
        {
            "acc/test/Food101_epoch": 0.8729109168052673,
            "loss/test/Food101_epoch": 0.44269829988479614,
            "acc/test/Food101": 0.8729109168052673,
            "normalized_acc/test/Food101": 1.014592170715332
        }
    ],
    "avg": [
        {
            "acc/test/avg": 0.8137525916099548,
            "normalized_acc/test/avg": 0.9271296262741089
        }
    ]
}