{
    "Food101": [
        {
            "acc/test/Food101_epoch": 0.8889901041984558,
            "loss/test/Food101_epoch": 0.46110835671424866,
            "acc/test/Food101": 0.8889901041984558,
            "normalized_acc/test/Food101": 0.9779976010322571
        }
    ],
    "KMNIST": [
        {
            "acc/test/KMNIST_epoch": 0.9794999957084656,
            "loss/test/KMNIST_epoch": 0.08217569440603256,
            "acc/test/KMNIST": 0.9794999957084656,
            "normalized_acc/test/KMNIST": 0.9959328770637512
        }
    ],
    "avg": [
        {
            "acc/test/avg": 0.9342450499534607,
            "normalized_acc/test/avg": 0.9869652390480042
        }
    ]
}