{
    "OxfordIIITPet": [
        {
            "acc/test/OxfordIIITPet_epoch": 0.9463068842887878,
            "loss/test/OxfordIIITPet_epoch": 0.2184915393590927,
            "acc/test/OxfordIIITPet": 0.9463068842887878,
            "normalized_acc/test/OxfordIIITPet": 0.9956982731819153
        }
    ],
    "EMNIST": [
        {
            "acc/test/EMNIST_epoch": 0.9970999956130981,
            "loss/test/EMNIST_epoch": 0.02828359045088291,
            "acc/test/EMNIST": 0.9970999956130981,
            "normalized_acc/test/EMNIST": 1.002816081047058
        }
    ],
    "avg": [
        {
            "acc/test/avg": 0.971703439950943,
            "normalized_acc/test/avg": 0.9992571771144867
        }
    ]
}