{
    "DTD": [
        {
            "acc/test/DTD_epoch": 0.8127659559249878,
            "loss/test/DTD_epoch": 0.8392226099967957,
            "acc/test/DTD": 0.8127659559249878,
            "normalized_acc/test/DTD": 0.9807445406913757
        }
    ],
    "Flowers102": [
        {
            "acc/test/Flowers102_epoch": 0.9107171893119812,
            "loss/test/Flowers102_epoch": 0.3420379161834717,
            "acc/test/Flowers102": 0.9107171893119812,
            "normalized_acc/test/Flowers102": 0.9665170311927795
        }
    ],
    "avg": [
        {
            "acc/test/avg": 0.8617415726184845,
            "normalized_acc/test/avg": 0.9736307859420776
        }
    ]
}