{
    "DTD": [
        {
            "acc/test/DTD_epoch": 0.7691489458084106,
            "loss/test/DTD_epoch": 0.9763131141662598,
            "acc/test/DTD": 0.7691489458084106,
            "normalized_acc/test/DTD": 0.9281129240989685
        }
    ],
    "KMNIST": [
        {
            "acc/test/KMNIST_epoch": 0.9797999858856201,
            "loss/test/KMNIST_epoch": 0.08167432248592377,
            "acc/test/KMNIST": 0.9797999858856201,
            "normalized_acc/test/KMNIST": 0.9962379336357117
        }
    ],
    "avg": [
        {
            "acc/test/avg": 0.8744744658470154,
            "normalized_acc/test/avg": 0.9621754288673401
        }
    ]
}