{
    "EuroSAT": [
        {
            "acc/test/EuroSAT_epoch": 0.9833333492279053,
            "loss/test/EuroSAT_epoch": 0.06396859884262085,
            "acc/test/EuroSAT": 0.9833333492279053,
            "normalized_acc/test/EuroSAT": 0.9925234317779541
        }
    ],
    "FashionMNIST": [
        {
            "acc/test/FashionMNIST_epoch": 0.9434999823570251,
            "loss/test/FashionMNIST_epoch": 0.19496096670627594,
            "acc/test/FashionMNIST": 0.9434999823570251,
            "normalized_acc/test/FashionMNIST": 0.9910714030265808
        }
    ],
    "avg": [
        {
            "acc/test/avg": 0.9634166657924652,
            "normalized_acc/test/avg": 0.9917974174022675
        }
    ]
}