{
    "EuroSAT": [
        {
            "acc/test/EuroSAT_epoch": 0.9825925827026367,
            "loss/test/EuroSAT_epoch": 0.059669800102710724,
            "acc/test/EuroSAT": 0.9825925827026367,
            "normalized_acc/test/EuroSAT": 0.9917756915092468
        }
    ],
    "GTSRB": [
        {
            "acc/test/GTSRB_epoch": 0.9835312962532043,
            "loss/test/GTSRB_epoch": 0.06601247191429138,
            "acc/test/GTSRB": 0.9835312962532043,
            "normalized_acc/test/GTSRB": 0.9943168759346008
        }
    ],
    "avg": [
        {
            "acc/test/avg": 0.9830619394779205,
            "normalized_acc/test/avg": 0.9930462837219238
        }
    ]
}