{
    "Flowers102": [
        {
            "acc/test/Flowers102_epoch": 0.9159212708473206,
            "loss/test/Flowers102_epoch": 0.32418733835220337,
            "acc/test/Flowers102": 0.9159212708473206,
            "normalized_acc/test/Flowers102": 0.9720399975776672
        }
    ],
    "FER2013": [
        {
            "acc/test/FER2013_epoch": 0.7442184686660767,
            "loss/test/FER2013_epoch": 1.1582034826278687,
            "acc/test/FER2013": 0.7442184686660767,
            "normalized_acc/test/FER2013": 1.0094482898712158
        }
    ],
    "avg": [
        {
            "acc/test/avg": 0.8300698697566986,
            "normalized_acc/test/avg": 0.9907441437244415
        }
    ]
}