{
    "Flowers102": [
        {
            "acc/test/Flowers102_epoch": 0.883883535861969,
            "loss/test/Flowers102_epoch": 0.43129706382751465,
            "acc/test/Flowers102": 0.883883535861969,
            "normalized_acc/test/Flowers102": 0.9380393028259277
        }
    ],
    "EMNIST": [
        {
            "acc/test/EMNIST_epoch": 0.9965000152587891,
            "loss/test/EMNIST_epoch": 0.0287292692810297,
            "acc/test/EMNIST": 0.9965000152587891,
            "normalized_acc/test/EMNIST": 1.002212643623352
        }
    ],
    "avg": [
        {
            "acc/test/avg": 0.940191775560379,
            "normalized_acc/test/avg": 0.9701259732246399
        }
    ]
}