{
    "EuroSAT": [
        {
            "acc/test/EuroSAT_epoch": 0.9888888597488403,
            "loss/test/EuroSAT_epoch": 0.043421804904937744,
            "acc/test/EuroSAT": 0.9888888597488403,
            "normalized_acc/test/EuroSAT": 0.9981308579444885
        }
    ],
    "OxfordIIITPet": [
        {
            "acc/test/OxfordIIITPet_epoch": 0.9490324258804321,
            "loss/test/OxfordIIITPet_epoch": 0.2086334228515625,
            "acc/test/OxfordIIITPet": 0.9490324258804321,
            "normalized_acc/test/OxfordIIITPet": 0.9985660910606384
        }
    ],
    "avg": [
        {
            "acc/test/avg": 0.9689606428146362,
            "normalized_acc/test/avg": 0.9983484745025635
        }
    ]
}