{
    "PCAM": [
        {
            "acc/test/PCAM_epoch": 0.873077392578125,
            "loss/test/PCAM_epoch": 0.4085874557495117,
            "acc/test/PCAM": 0.873077392578125,
            "normalized_acc/test/PCAM": 0.9840402007102966
        }
    ],
    "KMNIST": [
        {
            "acc/test/KMNIST_epoch": 0.9685999751091003,
            "loss/test/KMNIST_epoch": 0.1370311677455902,
            "acc/test/KMNIST": 0.9685999751091003,
            "normalized_acc/test/KMNIST": 0.9848499894142151
        }
    ],
    "avg": [
        {
            "acc/test/avg": 0.9208386838436127,
            "normalized_acc/test/avg": 0.9844450950622559
        }
    ]
}