{
    "EuroSAT": [
        {
            "acc/test/EuroSAT_epoch": 0.9792592525482178,
            "loss/test/EuroSAT_epoch": 0.07984951883554459,
            "acc/test/EuroSAT": 0.9792592525482178,
            "normalized_acc/test/EuroSAT": 0.9884112477302551
        }
    ],
    "CIFAR10": [
        {
            "acc/test/CIFAR10_epoch": 0.9825000166893005,
            "loss/test/CIFAR10_epoch": 0.07596311718225479,
            "acc/test/CIFAR10": 0.9825000166893005,
            "normalized_acc/test/CIFAR10": 1.0009169578552246
        }
    ],
    "avg": [
        {
            "acc/test/avg": 0.9808796346187592,
            "normalized_acc/test/avg": 0.9946641027927399
        }
    ]
}