{
    "SUN397": [
        {
            "acc/test/SUN397_epoch": 0.7709320187568665,
            "loss/test/SUN397_epoch": 0.9035766124725342,
            "acc/test/SUN397": 0.7709320187568665,
            "normalized_acc/test/SUN397": 0.9777025580406189
        }
    ],
    "GTSRB": [
        {
            "acc/test/GTSRB_epoch": 0.9881235361099243,
            "loss/test/GTSRB_epoch": 0.05014442652463913,
            "acc/test/GTSRB": 0.9881235361099243,
            "normalized_acc/test/GTSRB": 0.998959481716156
        }
    ],
    "avg": [
        {
            "acc/test/avg": 0.8795277774333954,
            "normalized_acc/test/avg": 0.9883310198783875
        }
    ]
}