{
    "DTD": [
        {
            "acc/test/DTD_epoch": 0.7845744490623474,
            "loss/test/DTD_epoch": 0.9184787273406982,
            "acc/test/DTD": 0.7845744490623474,
            "normalized_acc/test/DTD": 0.9467265009880066
        }
    ],
    "EMNIST": [
        {
            "acc/test/EMNIST_epoch": 0.9968000054359436,
            "loss/test/EMNIST_epoch": 0.028461813926696777,
            "acc/test/EMNIST": 0.9968000054359436,
            "normalized_acc/test/EMNIST": 1.002514362335205
        }
    ],
    "avg": [
        {
            "acc/test/avg": 0.8906872272491455,
            "normalized_acc/test/avg": 0.9746204316616058
        }
    ]
}