{
    "SUN397": [
        {
            "acc/test/SUN397_epoch": 0.7738035321235657,
            "loss/test/SUN397_epoch": 0.871108889579773,
            "acc/test/SUN397": 0.7738035321235657,
            "normalized_acc/test/SUN397": 0.9813442826271057
        }
    ],
    "DTD": [
        {
            "acc/test/DTD_epoch": 0.7989361882209778,
            "loss/test/DTD_epoch": 0.866621196269989,
            "acc/test/DTD": 0.7989361882209778,
            "normalized_acc/test/DTD": 0.9640564918518066
        }
    ],
    "avg": [
        {
            "acc/test/avg": 0.7863698601722717,
            "normalized_acc/test/avg": 0.9727003872394562
        }
    ]
}