{
    "SUN397": [
        {
            "acc/test/SUN397_epoch": 0.7728463411331177,
            "loss/test/SUN397_epoch": 0.863466203212738,
            "acc/test/SUN397": 0.7728463411331177,
            "normalized_acc/test/SUN397": 0.9801303744316101
        }
    ],
    "EuroSAT": [
        {
            "acc/test/EuroSAT_epoch": 0.9885185360908508,
            "loss/test/EuroSAT_epoch": 0.03920639306306839,
            "acc/test/EuroSAT": 0.9885185360908508,
            "normalized_acc/test/EuroSAT": 0.997757077217102
        }
    ],
    "avg": [
        {
            "acc/test/avg": 0.8806824386119843,
            "normalized_acc/test/avg": 0.9889437258243561
        }
    ]
}