{
    "Cars": [
        {
            "acc/test/Cars_epoch": 0.772416353225708,
            "loss/test/Cars_epoch": 0.7227262258529663,
            "acc/test/Cars": 0.772416353225708,
            "normalized_acc/test/Cars": 0.9002754092216492
        }
    ],
    "PCAM": [
        {
            "acc/test/PCAM_epoch": 0.877349853515625,
            "loss/test/PCAM_epoch": 0.374003529548645,
            "acc/test/PCAM": 0.877349853515625,
            "normalized_acc/test/PCAM": 0.9888556599617004
        }
    ],
    "avg": [
        {
            "acc/test/avg": 0.8248831033706665,
            "normalized_acc/test/avg": 0.9445655345916748
        }
    ]
}