{
    "GTSRB": [
        {
            "acc/test/GTSRB_epoch": 0.9594615697860718,
            "loss/test/GTSRB_epoch": 0.16689620912075043,
            "acc/test/GTSRB": 0.9594615697860718,
            "normalized_acc/test/GTSRB": 0.9699831604957581
        }
    ],
    "MNIST": [
        {
            "acc/test/MNIST_epoch": 0.9961000084877014,
            "loss/test/MNIST_epoch": 0.029011832550168037,
            "acc/test/MNIST": 0.9961000084877014,
            "normalized_acc/test/MNIST": 0.9995985627174377
        }
    ],
    "avg": [
        {
            "acc/test/avg": 0.9777807891368866,
            "normalized_acc/test/avg": 0.9847908616065979
        }
    ]
}