{
    "STL10": [
        {
            "acc/test/STL10_epoch": 0.9786249995231628,
            "loss/test/STL10_epoch": 0.07020499557256699,
            "acc/test/STL10": 0.9786249995231628,
            "normalized_acc/test/STL10": 0.9906364679336548
        }
    ],
    "KMNIST": [
        {
            "acc/test/KMNIST_epoch": 0.9799000024795532,
            "loss/test/KMNIST_epoch": 0.0815444216132164,
            "acc/test/KMNIST": 0.9799000024795532,
            "normalized_acc/test/KMNIST": 0.9963396191596985
        }
    ],
    "avg": [
        {
            "acc/test/avg": 0.979262501001358,
            "normalized_acc/test/avg": 0.9934880435466766
        }
    ]
}