{
    "SUN397": [
        {
            "acc/test/SUN397_epoch": 0.7589420676231384,
            "loss/test/SUN397_epoch": 0.947537362575531,
            "acc/test/SUN397": 0.7589420676231384,
            "normalized_acc/test/SUN397": 0.962496817111969
        }
    ],
    "MNIST": [
        {
            "acc/test/MNIST_epoch": 0.996399998664856,
            "loss/test/MNIST_epoch": 0.02377452328801155,
            "acc/test/MNIST": 0.996399998664856,
            "normalized_acc/test/MNIST": 0.9998996257781982
        }
    ],
    "avg": [
        {
            "acc/test/avg": 0.8776710331439972,
            "normalized_acc/test/avg": 0.9811982214450836
        }
    ]
}