{
    "FashionMNIST": [
        {
            "acc/test/FashionMNIST_epoch": 0.9348999857902527,
            "loss/test/FashionMNIST_epoch": 0.23845700919628143,
            "acc/test/FashionMNIST": 0.9348999857902527,
            "normalized_acc/test/FashionMNIST": 0.9820377826690674
        }
    ],
    "EMNIST": [
        {
            "acc/test/EMNIST_epoch": 0.9965999722480774,
            "loss/test/EMNIST_epoch": 0.03352018818259239,
            "acc/test/EMNIST": 0.9965999722480774,
            "normalized_acc/test/EMNIST": 1.0023131370544434
        }
    ],
    "avg": [
        {
            "acc/test/avg": 0.965749979019165,
            "normalized_acc/test/avg": 0.9921754598617554
        }
    ]
}