{
    "FER2013": [
        {
            "acc/test/FER2013_epoch": 0.6515742540359497,
            "loss/test/FER2013_epoch": 0.979083776473999,
            "acc/test/FER2013": 0.6515742540359497,
            "normalized_acc/test/FER2013": 0.8837868571281433
        }
    ],
    "FashionMNIST": [
        {
            "acc/test/FashionMNIST_epoch": 0.8980000019073486,
            "loss/test/FashionMNIST_epoch": 0.29151275753974915,
            "acc/test/FashionMNIST": 0.8980000019073486,
            "normalized_acc/test/FashionMNIST": 0.9432772994041443
        }
    ],
    "avg": [
        {
            "acc/test/avg": 0.7747871279716492,
            "normalized_acc/test/avg": 0.9135320782661438
        }
    ]
}