{
    "Cars": [
        {
            "acc/test/Cars_epoch": 0.7884591221809387,
            "loss/test/Cars_epoch": 0.6186527013778687,
            "acc/test/Cars": 0.7884591221809387,
            "normalized_acc/test/Cars": 0.9189737439155579
        }
    ],
    "FER2013": [
        {
            "acc/test/FER2013_epoch": 0.6742825508117676,
            "loss/test/FER2013_epoch": 0.9190880060195923,
            "acc/test/FER2013": 0.6742825508117676,
            "normalized_acc/test/FER2013": 0.9145880937576294
        }
    ],
    "avg": [
        {
            "acc/test/avg": 0.7313708364963531,
            "normalized_acc/test/avg": 0.9167809188365936
        }
    ]
}