{
    "OxfordIIITPet": [
        {
            "acc/test/OxfordIIITPet_epoch": 0.9313164353370667,
            "loss/test/OxfordIIITPet_epoch": 0.19913482666015625,
            "acc/test/OxfordIIITPet": 0.9313164353370667,
            "normalized_acc/test/OxfordIIITPet": 0.9799253940582275
        }
    ],
    "EMNIST": [
        {
            "acc/test/EMNIST_epoch": 0.9902999997138977,
            "loss/test/EMNIST_epoch": 0.12267941981554031,
            "acc/test/EMNIST": 0.9902999997138977,
            "normalized_acc/test/EMNIST": 0.9959770441055298
        }
    ],
    "avg": [
        {
            "acc/test/avg": 0.9608082175254822,
            "normalized_acc/test/avg": 0.9879512190818787
        }
    ]
}