{
    "CIFAR10": [
        {
            "acc/test/CIFAR10_epoch": 0.9735000133514404,
            "loss/test/CIFAR10_epoch": 0.08275946974754333,
            "acc/test/CIFAR10": 0.9735000133514404,
            "normalized_acc/test/CIFAR10": 0.9917482137680054
        }
    ],
    "FashionMNIST": [
        {
            "acc/test/FashionMNIST_epoch": 0.895799994468689,
            "loss/test/FashionMNIST_epoch": 0.29743826389312744,
            "acc/test/FashionMNIST": 0.895799994468689,
            "normalized_acc/test/FashionMNIST": 0.9409663677215576
        }
    ],
    "avg": [
        {
            "acc/test/avg": 0.9346500039100647,
            "normalized_acc/test/avg": 0.9663572907447815
        }
    ]
}