{
    "RESISC45": [
        {
            "acc/test/RESISC45_epoch": 0.9392063617706299,
            "loss/test/RESISC45_epoch": 0.20802776515483856,
            "acc/test/RESISC45": 0.9392063617706299,
            "normalized_acc/test/RESISC45": 0.9715928435325623
        }
    ],
    "CIFAR10": [
        {
            "acc/test/CIFAR10_epoch": 0.9830999970436096,
            "loss/test/CIFAR10_epoch": 0.07130511105060577,
            "acc/test/CIFAR10": 0.9830999970436096,
            "normalized_acc/test/CIFAR10": 1.0015281438827515
        }
    ],
    "avg": [
        {
            "acc/test/avg": 0.9611531794071198,
            "normalized_acc/test/avg": 0.9865604937076569
        }
    ]
}