{
    "MNIST": [
        {
            "acc/test/MNIST_epoch": 0.9958999752998352,
            "loss/test/MNIST_epoch": 0.028204333037137985,
            "acc/test/MNIST": 0.9958999752998352,
            "normalized_acc/test/MNIST": 0.999397873878479
        }
    ],
    "RenderedSST2": [
        {
            "acc/test/RenderedSST2_epoch": 0.7814387679100037,
            "loss/test/RenderedSST2_epoch": 0.6762452125549316,
            "acc/test/RenderedSST2": 0.7814387679100037,
            "normalized_acc/test/RenderedSST2": 1.012811303138733
        }
    ],
    "avg": [
        {
            "acc/test/avg": 0.8886693716049194,
            "normalized_acc/test/avg": 1.006104588508606
        }
    ]
}