{
    "RESISC45": [
        {
            "acc/test/RESISC45_epoch": 0.9601587057113647,
            "loss/test/RESISC45_epoch": 0.14918312430381775,
            "acc/test/RESISC45": 0.9601587057113647,
            "normalized_acc/test/RESISC45": 0.9932676553726196
        }
    ],
    "FER2013": [
        {
            "acc/test/FER2013_epoch": 0.7418500781059265,
            "loss/test/FER2013_epoch": 1.1530221700668335,
            "acc/test/FER2013": 0.7418500781059265,
            "normalized_acc/test/FER2013": 1.0062358379364014
        }
    ],
    "avg": [
        {
            "acc/test/avg": 0.8510043919086456,
            "normalized_acc/test/avg": 0.9997517466545105
        }
    ]
}