{
    "SUN397": [
        {
            "acc/test/SUN397_epoch": 0.7884634733200073,
            "loss/test/SUN397_epoch": 0.8215706944465637,
            "acc/test/SUN397": 0.7884634733200073,
            "normalized_acc/test/SUN397": 0.9999361038208008
        }
    ],
    "Flowers102": [
        {
            "acc/test/Flowers102_epoch": 0.920312225818634,
            "loss/test/Flowers102_epoch": 0.3110682964324951,
            "acc/test/Flowers102": 0.920312225818634,
            "normalized_acc/test/Flowers102": 0.9767000079154968
        }
    ],
    "avg": [
        {
            "acc/test/avg": 0.8543878495693207,
            "normalized_acc/test/avg": 0.9883180558681488
        }
    ]
}