{
    "EuroSAT": [
        {
            "acc/test/EuroSAT_epoch": 0.9822221994400024,
            "loss/test/EuroSAT_epoch": 0.05565035715699196,
            "acc/test/EuroSAT": 0.9822221994400024,
            "normalized_acc/test/EuroSAT": 0.9914018511772156
        }
    ],
    "FashionMNIST": [
        {
            "acc/test/FashionMNIST_epoch": 0.9463000297546387,
            "loss/test/FashionMNIST_epoch": 0.1840556412935257,
            "acc/test/FashionMNIST": 0.9463000297546387,
            "normalized_acc/test/FashionMNIST": 0.9940125942230225
        }
    ],
    "avg": [
        {
            "acc/test/avg": 0.9642611145973206,
            "normalized_acc/test/avg": 0.992707222700119
        }
    ]
}