{
    "Cars": [
        {
            "acc/test/Cars_epoch": 0.7496579885482788,
            "loss/test/Cars_epoch": 0.899232804775238,
            "acc/test/Cars": 0.7496579885482788,
            "normalized_acc/test/Cars": 0.8737497925758362
        }
    ],
    "CIFAR10": [
        {
            "acc/test/CIFAR10_epoch": 0.980400025844574,
            "loss/test/CIFAR10_epoch": 0.08303363621234894,
            "acc/test/CIFAR10": 0.980400025844574,
            "normalized_acc/test/CIFAR10": 0.9987775683403015
        }
    ],
    "avg": [
        {
            "acc/test/avg": 0.8650290071964264,
            "normalized_acc/test/avg": 0.9362636804580688
        }
    ]
}