{
    "RESISC45": [
        {
            "acc/test/RESISC45_epoch": 0.9566666483879089,
            "loss/test/RESISC45_epoch": 0.15392255783081055,
            "acc/test/RESISC45": 0.9566666483879089,
            "normalized_acc/test/RESISC45": 0.9896551966667175
        }
    ],
    "Food101": [
        {
            "acc/test/Food101_epoch": 0.9106534719467163,
            "loss/test/Food101_epoch": 0.3654206693172455,
            "acc/test/Food101": 0.9106534719467163,
            "normalized_acc/test/Food101": 1.001829981803894
        }
    ],
    "avg": [
        {
            "acc/test/avg": 0.9336600601673126,
            "normalized_acc/test/avg": 0.9957425892353058
        }
    ]
}