{
    "EuroSAT": [
        {
            "acc/test/EuroSAT_epoch": 0.9929629564285278,
            "loss/test/EuroSAT_epoch": 0.028575651347637177,
            "acc/test/EuroSAT": 0.9929629564285278,
            "normalized_acc/test/EuroSAT": 1.0022430419921875
        }
    ],
    "RenderedSST2": [
        {
            "acc/test/RenderedSST2_epoch": 0.7902251482009888,
            "loss/test/RenderedSST2_epoch": 0.8550451397895813,
            "acc/test/RenderedSST2": 0.7902251482009888,
            "normalized_acc/test/RenderedSST2": 1.0241992473602295
        }
    ],
    "avg": [
        {
            "acc/test/avg": 0.8915940523147583,
            "normalized_acc/test/avg": 1.0132211446762085
        }
    ]
}