{
    "STL10": [
        {
            "acc/test/STL10_epoch": 0.984375,
            "loss/test/STL10_epoch": 0.05126454681158066,
            "acc/test/STL10": 0.984375,
            "normalized_acc/test/STL10": 0.996457040309906
        }
    ],
    "KMNIST": [
        {
            "acc/test/KMNIST_epoch": 0.9800000190734863,
            "loss/test/KMNIST_epoch": 0.08008793741464615,
            "acc/test/KMNIST": 0.9800000190734863,
            "normalized_acc/test/KMNIST": 0.9964413046836853
        }
    ],
    "avg": [
        {
            "acc/test/avg": 0.9821875095367432,
            "normalized_acc/test/avg": 0.9964491724967957
        }
    ]
}