{
    "MNIST": [
        {
            "acc/test/MNIST_epoch": 0.9959999918937683,
            "loss/test/MNIST_epoch": 0.028665801510214806,
            "acc/test/MNIST": 0.9959999918937683,
            "normalized_acc/test/MNIST": 0.9994982481002808
        }
    ],
    "CIFAR100": [
        {
            "acc/test/CIFAR100_epoch": 0.8434000015258789,
            "loss/test/CIFAR100_epoch": 0.6712945103645325,
            "acc/test/CIFAR100": 0.8434000015258789,
            "normalized_acc/test/CIFAR100": 0.9447742700576782
        }
    ],
    "avg": [
        {
            "acc/test/avg": 0.9196999967098236,
            "normalized_acc/test/avg": 0.9721362590789795
        }
    ]
}