{
    "RESISC45": [
        {
            "acc/test/RESISC45_epoch": 0.9441269636154175,
            "loss/test/RESISC45_epoch": 0.21601556241512299,
            "acc/test/RESISC45": 0.9441269636154175,
            "normalized_acc/test/RESISC45": 0.9766830801963806
        }
    ],
    "MNIST": [
        {
            "acc/test/MNIST_epoch": 0.9962999820709229,
            "loss/test/MNIST_epoch": 0.02711111679673195,
            "acc/test/MNIST": 0.9962999820709229,
            "normalized_acc/test/MNIST": 0.9997992515563965
        }
    ],
    "avg": [
        {
            "acc/test/avg": 0.9702134728431702,
            "normalized_acc/test/avg": 0.9882411658763885
        }
    ]
}