{
    "DTD": [
        {
            "acc/test/DTD_epoch": 0.7739361524581909,
            "loss/test/DTD_epoch": 0.9562227129936218,
            "acc/test/DTD": 0.7739361524581909,
            "normalized_acc/test/DTD": 0.9338895678520203
        }
    ],
    "EMNIST": [
        {
            "acc/test/EMNIST_epoch": 0.9959999918937683,
            "loss/test/EMNIST_epoch": 0.029895901679992676,
            "acc/test/EMNIST": 0.9959999918937683,
            "normalized_acc/test/EMNIST": 1.0017096996307373
        }
    ],
    "avg": [
        {
            "acc/test/avg": 0.8849680721759796,
            "normalized_acc/test/avg": 0.9677996337413788
        }
    ]
}