{
    "DTD": [
        {
            "acc/test/DTD_epoch": 0.6771276593208313,
            "loss/test/DTD_epoch": 1.2272518873214722,
            "acc/test/DTD": 0.6771276593208313,
            "normalized_acc/test/DTD": 0.8170731663703918
        }
    ],
    "CIFAR100": [
        {
            "acc/test/CIFAR100_epoch": 0.8654999732971191,
            "loss/test/CIFAR100_epoch": 0.5765854120254517,
            "acc/test/CIFAR100": 0.8654999732971191,
            "normalized_acc/test/CIFAR100": 0.9695305824279785
        }
    ],
    "avg": [
        {
            "acc/test/avg": 0.7713138163089752,
            "normalized_acc/test/avg": 0.8933018743991852
        }
    ]
}