{
    "PCAM": [
        {
            "acc/test/PCAM_epoch": 0.91119384765625,
            "loss/test/PCAM_epoch": 0.21430693566799164,
            "acc/test/PCAM": 0.91119384765625,
            "normalized_acc/test/PCAM": 1.0270010232925415
        }
    ],
    "EMNIST": [
        {
            "acc/test/EMNIST_epoch": 0.9936000108718872,
            "loss/test/EMNIST_epoch": 0.08382409811019897,
            "acc/test/EMNIST": 0.9936000108718872,
            "normalized_acc/test/EMNIST": 0.9992960095405579
        }
    ],
    "avg": [
        {
            "acc/test/avg": 0.9523969292640686,
            "normalized_acc/test/avg": 1.0131485164165497
        }
    ]
}