{
    "Cars": [
        {
            "acc/test/Cars_epoch": 0.8286283016204834,
            "loss/test/Cars_epoch": 0.5243958830833435,
            "acc/test/Cars": 0.8286283016204834,
            "normalized_acc/test/Cars": 0.965792179107666
        }
    ],
    "FER2013": [
        {
            "acc/test/FER2013_epoch": 0.7102257013320923,
            "loss/test/FER2013_epoch": 0.9480361938476562,
            "acc/test/FER2013": 0.7102257013320923,
            "normalized_acc/test/FER2013": 0.9633409380912781
        }
    ],
    "avg": [
        {
            "acc/test/avg": 0.7694270014762878,
            "normalized_acc/test/avg": 0.964566558599472
        }
    ]
}