{
    "SUN397": [
        {
            "acc/test/SUN397_epoch": 0.749672532081604,
            "loss/test/SUN397_epoch": 0.9305367469787598,
            "acc/test/SUN397": 0.749672532081604,
            "normalized_acc/test/SUN397": 0.9507411122322083
        }
    ],
    "GTSRB": [
        {
            "acc/test/GTSRB_epoch": 0.9778305888175964,
            "loss/test/GTSRB_epoch": 0.10440371185541153,
            "acc/test/GTSRB": 0.9778305888175964,
            "normalized_acc/test/GTSRB": 0.9885536432266235
        }
    ],
    "avg": [
        {
            "acc/test/avg": 0.8637515604496002,
            "normalized_acc/test/avg": 0.9696473777294159
        }
    ]
}