{
    "RESISC45": [
        {
            "acc/test/RESISC45_epoch": 0.939047634601593,
            "loss/test/RESISC45_epoch": 0.20219098031520844,
            "acc/test/RESISC45": 0.939047634601593,
            "normalized_acc/test/RESISC45": 0.971428632736206
        }
    ],
    "FER2013": [
        {
            "acc/test/FER2013_epoch": 0.7141265273094177,
            "loss/test/FER2013_epoch": 0.9304237961769104,
            "acc/test/FER2013": 0.7141265273094177,
            "normalized_acc/test/FER2013": 0.9686319231987
        }
    ],
    "avg": [
        {
            "acc/test/avg": 0.8265870809555054,
            "normalized_acc/test/avg": 0.970030277967453
        }
    ]
}