{
    "FER2013": [
        {
            "acc/test/FER2013_epoch": 0.7074394226074219,
            "loss/test/FER2013_epoch": 0.9286198616027832,
            "acc/test/FER2013": 0.7074394226074219,
            "normalized_acc/test/FER2013": 0.9595616459846497
        }
    ],
    "Food101": [
        {
            "acc/test/Food101_epoch": 0.909227728843689,
            "loss/test/Food101_epoch": 0.34104543924331665,
            "acc/test/Food101": 0.909227728843689,
            "normalized_acc/test/Food101": 1.0002614259719849
        }
    ],
    "avg": [
        {
            "acc/test/avg": 0.8083335757255554,
            "normalized_acc/test/avg": 0.9799115359783173
        }
    ]
}