{
    "Food101": [
        {
            "acc/test/Food101_epoch": 0.8956435918807983,
            "loss/test/Food101_epoch": 0.39761456847190857,
            "acc/test/Food101": 0.8956435918807983,
            "normalized_acc/test/Food101": 0.9853172302246094
        }
    ],
    "KMNIST": [
        {
            "acc/test/KMNIST_epoch": 0.9445000290870667,
            "loss/test/KMNIST_epoch": 0.32384395599365234,
            "acc/test/KMNIST": 0.9445000290870667,
            "normalized_acc/test/KMNIST": 0.9603457450866699
        }
    ],
    "avg": [
        {
            "acc/test/avg": 0.9200718104839325,
            "normalized_acc/test/avg": 0.9728314876556396
        }
    ]
}