{
    "RESISC45": [
        {
            "acc/test/RESISC45_epoch": 0.9069841504096985,
            "loss/test/RESISC45_epoch": 0.30349069833755493,
            "acc/test/RESISC45": 0.9069841504096985,
            "normalized_acc/test/RESISC45": 0.938259482383728
        }
    ],
    "FashionMNIST": [
        {
            "acc/test/FashionMNIST_epoch": 0.9266999959945679,
            "loss/test/FashionMNIST_epoch": 0.218896746635437,
            "acc/test/FashionMNIST": 0.9266999959945679,
            "normalized_acc/test/FashionMNIST": 0.9734243154525757
        }
    ],
    "avg": [
        {
            "acc/test/avg": 0.9168420732021332,
            "normalized_acc/test/avg": 0.9558418989181519
        }
    ]
}