{
    "CIFAR100": [
        {
            "acc/test/CIFAR100_epoch": 0.8361999988555908,
            "loss/test/CIFAR100_epoch": 0.6025110483169556,
            "acc/test/CIFAR100": 0.8361999988555908,
            "normalized_acc/test/CIFAR100": 0.9367088675498962
        }
    ],
    "Food101": [
        {
            "acc/test/Food101_epoch": 0.9060593843460083,
            "loss/test/Food101_epoch": 0.33908841013908386,
            "acc/test/Food101": 0.9060593843460083,
            "normalized_acc/test/Food101": 0.9967758655548096
        }
    ],
    "avg": [
        {
            "acc/test/avg": 0.8711296916007996,
            "normalized_acc/test/avg": 0.9667423665523529
        }
    ]
}