{
    "Flowers102": [
        {
            "acc/test/Flowers102_epoch": 0.7895593047142029,
            "loss/test/Flowers102_epoch": 0.9227762818336487,
            "acc/test/Flowers102": 0.7895593047142029,
            "normalized_acc/test/Flowers102": 0.8379358053207397
        }
    ],
    "CIFAR10": [
        {
            "acc/test/CIFAR10_epoch": 0.9771999716758728,
            "loss/test/CIFAR10_epoch": 0.07327694445848465,
            "acc/test/CIFAR10": 0.9771999716758728,
            "normalized_acc/test/CIFAR10": 0.9955174922943115
        }
    ],
    "avg": [
        {
            "acc/test/avg": 0.8833796381950378,
            "normalized_acc/test/avg": 0.9167266488075256
        }
    ]
}