{
    "DTD": [
        {
            "acc/test/DTD_epoch": 0.6053191423416138,
            "loss/test/DTD_epoch": 1.3880387544631958,
            "acc/test/DTD": 0.6053191423416138,
            "normalized_acc/test/DTD": 0.7304235696792603
        }
    ],
    "CIFAR10": [
        {
            "acc/test/CIFAR10_epoch": 0.9763000011444092,
            "loss/test/CIFAR10_epoch": 0.07308165729045868,
            "acc/test/CIFAR10": 0.9763000011444092,
            "normalized_acc/test/CIFAR10": 0.9946006536483765
        }
    ],
    "avg": [
        {
            "acc/test/avg": 0.7908095717430115,
            "normalized_acc/test/avg": 0.8625121116638184
        }
    ]
}