{
    "GTSRB": [
        {
            "acc/test/GTSRB_epoch": 0.8935075402259827,
            "loss/test/GTSRB_epoch": 0.4729751646518707,
            "acc/test/GTSRB": 0.8935075402259827,
            "normalized_acc/test/GTSRB": 0.9033058881759644
        }
    ],
    "KMNIST": [
        {
            "acc/test/KMNIST_epoch": 0.5648999810218811,
            "loss/test/KMNIST_epoch": 1.5149738788604736,
            "acc/test/KMNIST": 0.5648999810218811,
            "normalized_acc/test/KMNIST": 0.574377179145813
        }
    ],
    "avg": [
        {
            "acc/test/avg": 0.7292037606239319,
            "normalized_acc/test/avg": 0.7388415336608887
        }
    ]
}