{
    "SVHN": [
        {
            "acc/test/SVHN_epoch": 0.9370774626731873,
            "loss/test/SVHN_epoch": 0.3184854984283447,
            "acc/test/SVHN": 0.9370774626731873,
            "normalized_acc/test/SVHN": 0.9612262845039368
        }
    ],
    "OxfordIIITPet": [
        {
            "acc/test/OxfordIIITPet_epoch": 0.9332243204116821,
            "loss/test/OxfordIIITPet_epoch": 0.1997893750667572,
            "acc/test/OxfordIIITPet": 0.9332243204116821,
            "normalized_acc/test/OxfordIIITPet": 0.9819328784942627
        }
    ],
    "avg": [
        {
            "acc/test/avg": 0.9351508915424347,
            "normalized_acc/test/avg": 0.9715795814990997
        }
    ]
}