{
    "RESISC45": [
        {
            "acc/test/RESISC45_epoch": 0.8942857384681702,
            "loss/test/RESISC45_epoch": 0.3356274366378784,
            "acc/test/RESISC45": 0.8942857384681702,
            "normalized_acc/test/RESISC45": 0.9251232147216797
        }
    ],
    "OxfordIIITPet": [
        {
            "acc/test/OxfordIIITPet_epoch": 0.938130259513855,
            "loss/test/OxfordIIITPet_epoch": 0.18483735620975494,
            "acc/test/OxfordIIITPet": 0.938130259513855,
            "normalized_acc/test/OxfordIIITPet": 0.9870948791503906
        }
    ],
    "avg": [
        {
            "acc/test/avg": 0.9162079989910126,
            "normalized_acc/test/avg": 0.9561090469360352
        }
    ]
}