{
    "FER2013": [
        {
            "acc/test/FER2013_epoch": 0.646558940410614,
            "loss/test/FER2013_epoch": 0.9842405319213867,
            "acc/test/FER2013": 0.646558940410614,
            "normalized_acc/test/FER2013": 0.8769841194152832
        }
    ],
    "EMNIST": [
        {
            "acc/test/EMNIST_epoch": 0.9900000095367432,
            "loss/test/EMNIST_epoch": 0.1231132224202156,
            "acc/test/EMNIST": 0.9900000095367432,
            "normalized_acc/test/EMNIST": 0.9956753253936768
        }
    ],
    "avg": [
        {
            "acc/test/avg": 0.8182794749736786,
            "normalized_acc/test/avg": 0.93632972240448
        }
    ]
}