{
    "Flowers102": [
        {
            "acc/test/Flowers102_epoch": 0.796552300453186,
            "loss/test/Flowers102_epoch": 0.8178770542144775,
            "acc/test/Flowers102": 0.796552300453186,
            "normalized_acc/test/Flowers102": 0.8453572392463684
        }
    ],
    "KMNIST": [
        {
            "acc/test/KMNIST_epoch": 0.5303000211715698,
            "loss/test/KMNIST_epoch": 1.5850919485092163,
            "acc/test/KMNIST": 0.5303000211715698,
            "normalized_acc/test/KMNIST": 0.539196789264679
        }
    ],
    "avg": [
        {
            "acc/test/avg": 0.6634261608123779,
            "normalized_acc/test/avg": 0.6922770142555237
        }
    ]
}