{
    "DTD": [
        {
            "acc/test/DTD_epoch": 0.625,
            "loss/test/DTD_epoch": 1.2946460247039795,
            "acc/test/DTD": 0.625,
            "normalized_acc/test/DTD": 0.7541719675064087
        }
    ],
    "FER2013": [
        {
            "acc/test/FER2013_epoch": 0.6777653694152832,
            "loss/test/FER2013_epoch": 0.9157146215438843,
            "acc/test/FER2013": 0.6777653694152832,
            "normalized_acc/test/FER2013": 0.9193121194839478
        }
    ],
    "avg": [
        {
            "acc/test/avg": 0.6513826847076416,
            "normalized_acc/test/avg": 0.8367420434951782
        }
    ]
}