{
    "STL10": [
        {
            "acc/test/STL10_epoch": 0.9827499985694885,
            "loss/test/STL10_epoch": 0.05415201187133789,
            "acc/test/STL10": 0.9827499985694885,
            "normalized_acc/test/STL10": 0.9948121309280396
        }
    ],
    "CIFAR10": [
        {
            "acc/test/CIFAR10_epoch": 0.9746999740600586,
            "loss/test/CIFAR10_epoch": 0.08451008051633835,
            "acc/test/CIFAR10": 0.9746999740600586,
            "normalized_acc/test/CIFAR10": 0.9929706454277039
        }
    ],
    "avg": [
        {
            "acc/test/avg": 0.9787249863147736,
            "normalized_acc/test/avg": 0.9938913881778717
        }
    ]
}