{
    "Cars": [
        {
            "acc/test/Cars_epoch": 0.787215530872345,
            "loss/test/Cars_epoch": 0.6267083287239075,
            "acc/test/Cars": 0.787215530872345,
            "normalized_acc/test/Cars": 0.9175242781639099
        }
    ],
    "OxfordIIITPet": [
        {
            "acc/test/OxfordIIITPet_epoch": 0.9294085502624512,
            "loss/test/OxfordIIITPet_epoch": 0.205894336104393,
            "acc/test/OxfordIIITPet": 0.9294085502624512,
            "normalized_acc/test/OxfordIIITPet": 0.9779179692268372
        }
    ],
    "avg": [
        {
            "acc/test/avg": 0.8583120405673981,
            "normalized_acc/test/avg": 0.9477211236953735
        }
    ]
}