{
    "CIFAR100": [
        {
            "acc/test/CIFAR100_epoch": 0.8391000032424927,
            "loss/test/CIFAR100_epoch": 0.5723882913589478,
            "acc/test/CIFAR100": 0.8391000032424927,
            "normalized_acc/test/CIFAR100": 0.9399574398994446
        }
    ],
    "RenderedSST2": [
        {
            "acc/test/RenderedSST2_epoch": 0.7303679585456848,
            "loss/test/RenderedSST2_epoch": 0.5414906740188599,
            "acc/test/RenderedSST2": 0.7303679585456848,
            "normalized_acc/test/RenderedSST2": 0.9466192126274109
        }
    ],
    "avg": [
        {
            "acc/test/avg": 0.7847339808940887,
            "normalized_acc/test/avg": 0.9432883262634277
        }
    ]
}