{
    "SVHN": [
        {
            "acc/test/SVHN_epoch": 0.9232099056243896,
            "loss/test/SVHN_epoch": 0.38555383682250977,
            "acc/test/SVHN": 0.9232099056243896,
            "normalized_acc/test/SVHN": 0.9470013380050659
        }
    ],
    "FashionMNIST": [
        {
            "acc/test/FashionMNIST_epoch": 0.883899986743927,
            "loss/test/FashionMNIST_epoch": 0.3350602388381958,
            "acc/test/FashionMNIST": 0.883899986743927,
            "normalized_acc/test/FashionMNIST": 0.9284663796424866
        }
    ],
    "avg": [
        {
            "acc/test/avg": 0.9035549461841583,
            "normalized_acc/test/avg": 0.9377338588237762
        }
    ]
}