{
    "Cars": [
        {
            "acc/test/Cars_epoch": 0.7863450050354004,
            "loss/test/Cars_epoch": 0.6215505003929138,
            "acc/test/Cars": 0.7863450050354004,
            "normalized_acc/test/Cars": 0.9165096879005432
        }
    ],
    "FER2013": [
        {
            "acc/test/FER2013_epoch": 0.677068829536438,
            "loss/test/FER2013_epoch": 0.9206832051277161,
            "acc/test/FER2013": 0.677068829536438,
            "normalized_acc/test/FER2013": 0.9183673858642578
        }
    ],
    "avg": [
        {
            "acc/test/avg": 0.7317069172859192,
            "normalized_acc/test/avg": 0.9174385368824005
        }
    ]
}