{
    "Cars": [
        {
            "acc/test/Cars_epoch": 0.7818679213523865,
            "loss/test/Cars_epoch": 0.6262323260307312,
            "acc/test/Cars": 0.7818679213523865,
            "normalized_acc/test/Cars": 0.9112914800643921
        }
    ],
    "EMNIST": [
        {
            "acc/test/EMNIST_epoch": 0.9886999726295471,
            "loss/test/EMNIST_epoch": 0.15018679201602936,
            "acc/test/EMNIST": 0.9886999726295471,
            "normalized_acc/test/EMNIST": 0.9943678379058838
        }
    ],
    "avg": [
        {
            "acc/test/avg": 0.8852839469909668,
            "normalized_acc/test/avg": 0.9528296589851379
        }
    ]
}