{
    "RESISC45": [
        {
            "acc/test/RESISC45_epoch": 0.8823809623718262,
            "loss/test/RESISC45_epoch": 0.36962267756462097,
            "acc/test/RESISC45": 0.8823809623718262,
            "normalized_acc/test/RESISC45": 0.9128079414367676
        }
    ],
    "KMNIST": [
        {
            "acc/test/KMNIST_epoch": 0.40959998965263367,
            "loss/test/KMNIST_epoch": 1.7267595529556274,
            "acc/test/KMNIST": 0.40959998965263367,
            "normalized_acc/test/KMNIST": 0.41647177934646606
        }
    ],
    "avg": [
        {
            "acc/test/avg": 0.6459904760122299,
            "normalized_acc/test/avg": 0.6646398603916168
        }
    ]
}