{
    "Cars": [
        {
            "acc/test/Cars_epoch": 0.7349832057952881,
            "loss/test/Cars_epoch": 0.7907076478004456,
            "acc/test/Cars": 0.7349832057952881,
            "normalized_acc/test/Cars": 0.8566458821296692
        }
    ],
    "CIFAR10": [
        {
            "acc/test/CIFAR10_epoch": 0.9735999703407288,
            "loss/test/CIFAR10_epoch": 0.08090659230947495,
            "acc/test/CIFAR10": 0.9735999703407288,
            "normalized_acc/test/CIFAR10": 0.9918500185012817
        }
    ],
    "avg": [
        {
            "acc/test/avg": 0.8542915880680084,
            "normalized_acc/test/avg": 0.9242479503154755
        }
    ]
}