{
    "EuroSAT": [
        {
            "acc/test/EuroSAT_epoch": 0.9651851654052734,
            "loss/test/EuroSAT_epoch": 0.1344066560268402,
            "acc/test/EuroSAT": 0.9651851654052734,
            "normalized_acc/test/EuroSAT": 0.9742056131362915
        }
    ],
    "Food101": [
        {
            "acc/test/Food101_epoch": 0.9093465209007263,
            "loss/test/Food101_epoch": 0.31754571199417114,
            "acc/test/Food101": 0.9093465209007263,
            "normalized_acc/test/Food101": 1.0003920793533325
        }
    ],
    "avg": [
        {
            "acc/test/avg": 0.9372658431529999,
            "normalized_acc/test/avg": 0.987298846244812
        }
    ]
}