{
    "CIFAR10": [
        {
            "acc/test/CIFAR10_epoch": 0.9732999801635742,
            "loss/test/CIFAR10_epoch": 0.08719547092914581,
            "acc/test/CIFAR10": 0.9732999801635742,
            "normalized_acc/test/CIFAR10": 0.9915444254875183
        }
    ],
    "EMNIST": [
        {
            "acc/test/EMNIST_epoch": 0.9886999726295471,
            "loss/test/EMNIST_epoch": 0.1672714203596115,
            "acc/test/EMNIST": 0.9886999726295471,
            "normalized_acc/test/EMNIST": 0.9943678379058838
        }
    ],
    "avg": [
        {
            "acc/test/avg": 0.9809999763965607,
            "normalized_acc/test/avg": 0.992956131696701
        }
    ]
}