{
    "GTSRB": [
        {
            "acc/test/GTSRB_epoch": 0.8761678338050842,
            "loss/test/GTSRB_epoch": 0.5361042022705078,
            "acc/test/GTSRB": 0.8761678338050842,
            "normalized_acc/test/GTSRB": 0.8857760429382324
        }
    ],
    "RenderedSST2": [
        {
            "acc/test/RenderedSST2_epoch": 0.7440966367721558,
            "loss/test/RenderedSST2_epoch": 0.5202364921569824,
            "acc/test/RenderedSST2": 0.7440966367721558,
            "normalized_acc/test/RenderedSST2": 0.9644127488136292
        }
    ],
    "avg": [
        {
            "acc/test/avg": 0.81013223528862,
            "normalized_acc/test/avg": 0.9250943958759308
        }
    ]
}