{
    "Flowers102": [
        {
            "acc/test/Flowers102_epoch": 0.7968775629997253,
            "loss/test/Flowers102_epoch": 0.831579327583313,
            "acc/test/Flowers102": 0.7968775629997253,
            "normalized_acc/test/Flowers102": 0.8457024693489075
        }
    ],
    "FER2013": [
        {
            "acc/test/FER2013_epoch": 0.6790192127227783,
            "loss/test/FER2013_epoch": 0.9106639623641968,
            "acc/test/FER2013": 0.6790192127227783,
            "normalized_acc/test/FER2013": 0.921012818813324
        }
    ],
    "avg": [
        {
            "acc/test/avg": 0.7379483878612518,
            "normalized_acc/test/avg": 0.8833576440811157
        }
    ]
}