{
    "SUN397": [
        {
            "acc/test/SUN397_epoch": 0.7243325114250183,
            "loss/test/SUN397_epoch": 0.9400805830955505,
            "acc/test/SUN397": 0.7243325114250183,
            "normalized_acc/test/SUN397": 0.9186046719551086
        }
    ],
    "PCAM": [
        {
            "acc/test/PCAM_epoch": 0.87939453125,
            "loss/test/PCAM_epoch": 0.2902565598487854,
            "acc/test/PCAM": 0.87939453125,
            "normalized_acc/test/PCAM": 0.9911601543426514
        }
    ],
    "avg": [
        {
            "acc/test/avg": 0.8018635213375092,
            "normalized_acc/test/avg": 0.95488241314888
        }
    ]
}