{
    "DTD": [
        {
            "acc/test/DTD_epoch": 0.5946808457374573,
            "loss/test/DTD_epoch": 1.4150501489639282,
            "acc/test/DTD": 0.5946808457374573,
            "normalized_acc/test/DTD": 0.7175866365432739
        }
    ],
    "FashionMNIST": [
        {
            "acc/test/FashionMNIST_epoch": 0.9065999984741211,
            "loss/test/FashionMNIST_epoch": 0.2737268805503845,
            "acc/test/FashionMNIST": 0.9065999984741211,
            "normalized_acc/test/FashionMNIST": 0.9523109197616577
        }
    ],
    "avg": [
        {
            "acc/test/avg": 0.7506404221057892,
            "normalized_acc/test/avg": 0.8349487781524658
        }
    ]
}