{
    "EuroSAT": [
        {
            "acc/test/EuroSAT_epoch": 0.9714815020561218,
            "loss/test/EuroSAT_epoch": 0.12047360837459564,
            "acc/test/EuroSAT": 0.9714815020561218,
            "normalized_acc/test/EuroSAT": 0.9805607795715332
        }
    ],
    "RenderedSST2": [
        {
            "acc/test/RenderedSST2_epoch": 0.7204832434654236,
            "loss/test/RenderedSST2_epoch": 0.5423703789710999,
            "acc/test/RenderedSST2": 0.7204832434654236,
            "normalized_acc/test/RenderedSST2": 0.9338077902793884
        }
    ],
    "avg": [
        {
            "acc/test/avg": 0.8459823727607727,
            "normalized_acc/test/avg": 0.9571842849254608
        }
    ]
}