{
    "OxfordIIITPet": [
        {
            "acc/test/OxfordIIITPet_epoch": 0.93349689245224,
            "loss/test/OxfordIIITPet_epoch": 0.1955130398273468,
            "acc/test/OxfordIIITPet": 0.93349689245224,
            "normalized_acc/test/OxfordIIITPet": 0.9822196960449219
        }
    ],
    "RenderedSST2": [
        {
            "acc/test/RenderedSST2_epoch": 0.7336628437042236,
            "loss/test/RenderedSST2_epoch": 0.5254976749420166,
            "acc/test/RenderedSST2": 0.7336628437042236,
            "normalized_acc/test/RenderedSST2": 0.9508897066116333
        }
    ],
    "avg": [
        {
            "acc/test/avg": 0.8335798680782318,
            "normalized_acc/test/avg": 0.9665547013282776
        }
    ]
}