{
    "SUN397": [
        {
            "acc/test/SUN397_epoch": 0.7283123135566711,
            "loss/test/SUN397_epoch": 0.9382854700088501,
            "acc/test/SUN397": 0.7283123135566711,
            "normalized_acc/test/SUN397": 0.923651933670044
        }
    ],
    "SVHN": [
        {
            "acc/test/SVHN_epoch": 0.92881840467453,
            "loss/test/SVHN_epoch": 0.3486161231994629,
            "acc/test/SVHN": 0.92881840467453,
            "normalized_acc/test/SVHN": 0.9527543783187866
        }
    ],
    "avg": [
        {
            "acc/test/avg": 0.8285653591156006,
            "normalized_acc/test/avg": 0.9382031559944153
        }
    ]
}