{
    "OxfordIIITPet": [
        {
            "acc/test/OxfordIIITPet_epoch": 0.9247751235961914,
            "loss/test/OxfordIIITPet_epoch": 0.21901074051856995,
            "acc/test/OxfordIIITPet": 0.9247751235961914,
            "normalized_acc/test/OxfordIIITPet": 0.9730426669120789
        }
    ],
    "KMNIST": [
        {
            "acc/test/KMNIST_epoch": 0.41280001401901245,
            "loss/test/KMNIST_epoch": 1.7420105934143066,
            "acc/test/KMNIST": 0.41280001401901245,
            "normalized_acc/test/KMNIST": 0.4197254776954651
        }
    ],
    "avg": [
        {
            "acc/test/avg": 0.6687875688076019,
            "normalized_acc/test/avg": 0.696384072303772
        }
    ]
}