{
    "RESISC45": [
        {
            "acc/test/RESISC45_epoch": 0.8841269612312317,
            "loss/test/RESISC45_epoch": 0.36433088779449463,
            "acc/test/RESISC45": 0.8841269612312317,
            "normalized_acc/test/RESISC45": 0.9146141409873962
        }
    ],
    "Food101": [
        {
            "acc/test/Food101_epoch": 0.9129505157470703,
            "loss/test/Food101_epoch": 0.3074122369289398,
            "acc/test/Food101": 0.9129505157470703,
            "normalized_acc/test/Food101": 1.0043569803237915
        }
    ],
    "avg": [
        {
            "acc/test/avg": 0.898538738489151,
            "normalized_acc/test/avg": 0.9594855606555939
        }
    ]
}