{
    "MNIST": [
        {
            "acc/test/MNIST_epoch": 0.9883999824523926,
            "loss/test/MNIST_epoch": 0.11733517050743103,
            "acc/test/MNIST": 0.9883999824523926,
            "normalized_acc/test/MNIST": 0.9918715357780457
        }
    ],
    "DTD": [
        {
            "acc/test/DTD_epoch": 0.596276581287384,
            "loss/test/DTD_epoch": 1.391221046447754,
            "acc/test/DTD": 0.596276581287384,
            "normalized_acc/test/DTD": 0.7195121645927429
        }
    ],
    "avg": [
        {
            "acc/test/avg": 0.7923382818698883,
            "normalized_acc/test/avg": 0.8556918501853943
        }
    ]
}