{
    "CIFAR100": [
        {
            "acc/test/CIFAR100_epoch": 0.8205000162124634,
            "loss/test/CIFAR100_epoch": 0.6585374474525452,
            "acc/test/CIFAR100": 0.8205000162124634,
            "normalized_acc/test/CIFAR100": 0.9191217422485352
        }
    ],
    "EMNIST": [
        {
            "acc/test/EMNIST_epoch": 0.9887999892234802,
            "loss/test/EMNIST_epoch": 0.1417817324399948,
            "acc/test/EMNIST": 0.9887999892234802,
            "normalized_acc/test/EMNIST": 0.9944684505462646
        }
    ],
    "avg": [
        {
            "acc/test/avg": 0.9046500027179718,
            "normalized_acc/test/avg": 0.9567950963973999
        }
    ]
}