{
    "RESISC45": [
        {
            "acc/test/RESISC45_epoch": 0.8834920525550842,
            "loss/test/RESISC45_epoch": 0.36145809292793274,
            "acc/test/RESISC45": 0.8834920525550842,
            "normalized_acc/test/RESISC45": 0.9139572978019714
        }
    ],
    "STL10": [
        {
            "acc/test/STL10_epoch": 0.9888749718666077,
            "loss/test/STL10_epoch": 0.03619209676980972,
            "acc/test/STL10": 0.9888749718666077,
            "normalized_acc/test/STL10": 1.0010122060775757
        }
    ],
    "avg": [
        {
            "acc/test/avg": 0.936183512210846,
            "normalized_acc/test/avg": 0.9574847519397736
        }
    ]
}