{
    "Flowers102": [
        {
            "acc/test/Flowers102_epoch": 0.7959017753601074,
            "loss/test/Flowers102_epoch": 0.8356149196624756,
            "acc/test/Flowers102": 0.7959017753601074,
            "normalized_acc/test/Flowers102": 0.8446668982505798
        }
    ],
    "OxfordIIITPet": [
        {
            "acc/test/OxfordIIITPet_epoch": 0.9362223744392395,
            "loss/test/OxfordIIITPet_epoch": 0.19391201436519623,
            "acc/test/OxfordIIITPet": 0.9362223744392395,
            "normalized_acc/test/OxfordIIITPet": 0.9850873947143555
        }
    ],
    "avg": [
        {
            "acc/test/avg": 0.8660620748996735,
            "normalized_acc/test/avg": 0.9148771464824677
        }
    ]
}