{
    "SVHN": [
        {
            "acc/test/SVHN_epoch": 0.9060387015342712,
            "loss/test/SVHN_epoch": 0.523557722568512,
            "acc/test/SVHN": 0.9060387015342712,
            "normalized_acc/test/SVHN": 0.929387629032135
        }
    ],
    "PCAM": [
        {
            "acc/test/PCAM_epoch": 0.864990234375,
            "loss/test/PCAM_epoch": 0.3067950904369354,
            "acc/test/PCAM": 0.864990234375,
            "normalized_acc/test/PCAM": 0.97492516040802
        }
    ],
    "avg": [
        {
            "acc/test/avg": 0.8855144679546356,
            "normalized_acc/test/avg": 0.9521563947200775
        }
    ]
}