{
    "STL10": [
        {
            "acc/test/STL10_epoch": 0.987375020980835,
            "loss/test/STL10_epoch": 0.038091618567705154,
            "acc/test/STL10": 0.987375020980835,
            "normalized_acc/test/STL10": 0.9994938969612122
        }
    ],
    "Food101": [
        {
            "acc/test/Food101_epoch": 0.9128316640853882,
            "loss/test/Food101_epoch": 0.3125624656677246,
            "acc/test/Food101": 0.9128316640853882,
            "normalized_acc/test/Food101": 1.0042262077331543
        }
    ],
    "avg": [
        {
            "acc/test/avg": 0.9501033425331116,
            "normalized_acc/test/avg": 1.0018600523471832
        }
    ]
}