{
    "Flowers102": [
        {
            "acc/test/Flowers102_epoch": 0.8507074117660522,
            "loss/test/Flowers102_epoch": 0.6079569458961487,
            "acc/test/Flowers102": 0.8507074117660522,
            "normalized_acc/test/Flowers102": 0.9028304815292358
        }
    ],
    "STL10": [
        {
            "acc/test/STL10_epoch": 0.9917500019073486,
            "loss/test/STL10_epoch": 0.027492349967360497,
            "acc/test/STL10": 0.9917500019073486,
            "normalized_acc/test/STL10": 1.0039225816726685
        }
    ],
    "avg": [
        {
            "acc/test/avg": 0.9212287068367004,
            "normalized_acc/test/avg": 0.9533765316009521
        }
    ]
}