{
    "Cars": [
        {
            "acc/test/Cars_epoch": 0.8447954058647156,
            "loss/test/Cars_epoch": 0.4938923120498657,
            "acc/test/Cars": 0.8447954058647156,
            "normalized_acc/test/Cars": 0.9846354126930237
        }
    ],
    "RenderedSST2": [
        {
            "acc/test/RenderedSST2_epoch": 0.7786930203437805,
            "loss/test/RenderedSST2_epoch": 0.5506047010421753,
            "acc/test/RenderedSST2": 0.7786930203437805,
            "normalized_acc/test/RenderedSST2": 1.009252667427063
        }
    ],
    "avg": [
        {
            "acc/test/avg": 0.811744213104248,
            "normalized_acc/test/avg": 0.9969440400600433
        }
    ]
}