{
    "SUN397": [
        {
            "acc/test/SUN397_epoch": 0.7533501386642456,
            "loss/test/SUN397_epoch": 0.8913570642471313,
            "acc/test/SUN397": 0.7533501386642456,
            "normalized_acc/test/SUN397": 0.9554051160812378
        }
    ],
    "EMNIST": [
        {
            "acc/test/EMNIST_epoch": 0.9955000281333923,
            "loss/test/EMNIST_epoch": 0.04251769557595253,
            "acc/test/EMNIST": 0.9955000281333923,
            "normalized_acc/test/EMNIST": 1.001206874847412
        }
    ],
    "avg": [
        {
            "acc/test/avg": 0.874425083398819,
            "normalized_acc/test/avg": 0.978305995464325
        }
    ]
}