{
    "OxfordIIITPet": [
        {
            "acc/test/OxfordIIITPet_epoch": 0.9435813426971436,
            "loss/test/OxfordIIITPet_epoch": 0.19181935489177704,
            "acc/test/OxfordIIITPet": 0.9435813426971436,
            "normalized_acc/test/OxfordIIITPet": 0.9928304553031921
        }
    ],
    "EMNIST": [
        {
            "acc/test/EMNIST_epoch": 0.9957000017166138,
            "loss/test/EMNIST_epoch": 0.04242852330207825,
            "acc/test/EMNIST": 0.9957000017166138,
            "normalized_acc/test/EMNIST": 1.0014079809188843
        }
    ],
    "avg": [
        {
            "acc/test/avg": 0.9696406722068787,
            "normalized_acc/test/avg": 0.9971192181110382
        }
    ]
}