{
    "Cars": [
        {
            "acc/test/Cars_epoch": 0.731501042842865,
            "loss/test/Cars_epoch": 0.7565096616744995,
            "acc/test/Cars": 0.731501042842865,
            "normalized_acc/test/Cars": 0.8525872826576233
        }
    ],
    "EMNIST": [
        {
            "acc/test/EMNIST_epoch": 0.9368000030517578,
            "loss/test/EMNIST_epoch": 0.5779603719711304,
            "acc/test/EMNIST": 0.9368000030517578,
            "normalized_acc/test/EMNIST": 0.9421703815460205
        }
    ],
    "avg": [
        {
            "acc/test/avg": 0.8341505229473114,
            "normalized_acc/test/avg": 0.8973788321018219
        }
    ]
}