{
    "Cars": [
        {
            "acc/test/Cars_epoch": 0.7281432747840881,
            "loss/test/Cars_epoch": 0.767676830291748,
            "acc/test/Cars": 0.7281432747840881,
            "normalized_acc/test/Cars": 0.8486737012863159
        }
    ],
    "MNIST": [
        {
            "acc/test/MNIST_epoch": 0.9606000185012817,
            "loss/test/MNIST_epoch": 0.5631993412971497,
            "acc/test/MNIST": 0.9606000185012817,
            "normalized_acc/test/MNIST": 0.9639739394187927
        }
    ],
    "avg": [
        {
            "acc/test/avg": 0.8443716466426849,
            "normalized_acc/test/avg": 0.9063238203525543
        }
    ]
}