{
    "MNIST": [
        {
            "acc/test/MNIST_epoch": 0.965499997138977,
            "loss/test/MNIST_epoch": 0.475479394197464,
            "acc/test/MNIST": 0.965499997138977,
            "normalized_acc/test/MNIST": 0.9688910841941833
        }
    ],
    "RenderedSST2": [
        {
            "acc/test/RenderedSST2_epoch": 0.6913783550262451,
            "loss/test/RenderedSST2_epoch": 0.5871741771697998,
            "acc/test/RenderedSST2": 0.6913783550262451,
            "normalized_acc/test/RenderedSST2": 0.8960853815078735
        }
    ],
    "avg": [
        {
            "acc/test/avg": 0.8284391760826111,
            "normalized_acc/test/avg": 0.9324882328510284
        }
    ]
}