{
    "DTD": [
        {
            "acc/test/DTD_epoch": 0.5164893865585327,
            "loss/test/DTD_epoch": 1.682784080505371,
            "acc/test/DTD": 0.5164893865585327,
            "normalized_acc/test/DTD": 0.6232349276542664
        }
    ],
    "FashionMNIST": [
        {
            "acc/test/FashionMNIST_epoch": 0.8511999845504761,
            "loss/test/FashionMNIST_epoch": 0.43626317381858826,
            "acc/test/FashionMNIST": 0.8511999845504761,
            "normalized_acc/test/FashionMNIST": 0.8941175937652588
        }
    ],
    "avg": [
        {
            "acc/test/avg": 0.6838446855545044,
            "normalized_acc/test/avg": 0.7586762607097626
        }
    ]
}