{
    "CIFAR100": [
        {
            "acc/test/CIFAR100_epoch": 0.7918000221252441,
            "loss/test/CIFAR100_epoch": 0.7569022178649902,
            "acc/test/CIFAR100": 0.7918000221252441,
            "normalized_acc/test/CIFAR100": 0.8869721293449402
        }
    ],
    "KMNIST": [
        {
            "acc/test/KMNIST_epoch": 0.1671999990940094,
            "loss/test/KMNIST_epoch": 2.196096897125244,
            "acc/test/KMNIST": 0.1671999990940094,
            "normalized_acc/test/KMNIST": 0.17000508308410645
        }
    ],
    "avg": [
        {
            "acc/test/avg": 0.47950001060962677,
            "normalized_acc/test/avg": 0.5284886062145233
        }
    ]
}