{
    "RESISC45": [
        {
            "acc/test/RESISC45_epoch": 0.7996825575828552,
            "loss/test/RESISC45_epoch": 0.6257434487342834,
            "acc/test/RESISC45": 0.7996825575828552,
            "normalized_acc/test/RESISC45": 0.8272578716278076
        }
    ],
    "FER2013": [
        {
            "acc/test/FER2013_epoch": 0.6253831386566162,
            "loss/test/FER2013_epoch": 1.0556460618972778,
            "acc/test/FER2013": 0.6253831386566162,
            "normalized_acc/test/FER2013": 0.8482615351676941
        }
    ],
    "avg": [
        {
            "acc/test/avg": 0.7125328481197357,
            "normalized_acc/test/avg": 0.8377597033977509
        }
    ]
}