{
    "SUN397": [
        {
            "acc/test/SUN397_epoch": 0.6991939544677734,
            "loss/test/SUN397_epoch": 1.0237873792648315,
            "acc/test/SUN397": 0.6991939544677734,
            "normalized_acc/test/SUN397": 0.8867237567901611
        }
    ],
    "FashionMNIST": [
        {
            "acc/test/FashionMNIST_epoch": 0.8508999943733215,
            "loss/test/FashionMNIST_epoch": 0.4379473030567169,
            "acc/test/FashionMNIST": 0.8508999943733215,
            "normalized_acc/test/FashionMNIST": 0.8938025236129761
        }
    ],
    "avg": [
        {
            "acc/test/avg": 0.7750469744205475,
            "normalized_acc/test/avg": 0.8902631402015686
        }
    ]
}