{
    "Flowers102": [
        {
            "acc/test/Flowers102_epoch": 0.7412587404251099,
            "loss/test/Flowers102_epoch": 1.191176176071167,
            "acc/test/Flowers102": 0.7412587404251099,
            "normalized_acc/test/Flowers102": 0.7866758704185486
        }
    ],
    "CIFAR100": [
        {
            "acc/test/CIFAR100_epoch": 0.7985000014305115,
            "loss/test/CIFAR100_epoch": 0.7326942682266235,
            "acc/test/CIFAR100": 0.7985000014305115,
            "normalized_acc/test/CIFAR100": 0.8944774270057678
        }
    ],
    "avg": [
        {
            "acc/test/avg": 0.7698793709278107,
            "normalized_acc/test/avg": 0.8405766487121582
        }
    ]
}