{
    "EuroSAT": [
        {
            "acc/test/EuroSAT_epoch": 0.9292592406272888,
            "loss/test/EuroSAT_epoch": 0.3316260278224945,
            "acc/test/EuroSAT": 0.9292592406272888,
            "normalized_acc/test/EuroSAT": 0.9379439353942871
        }
    ],
    "Flowers102": [
        {
            "acc/test/Flowers102_epoch": 0.7544316053390503,
            "loss/test/Flowers102_epoch": 1.0622605085372925,
            "acc/test/Flowers102": 0.7544316053390503,
            "normalized_acc/test/Flowers102": 0.8006558418273926
        }
    ],
    "avg": [
        {
            "acc/test/avg": 0.8418454229831696,
            "normalized_acc/test/avg": 0.8692998886108398
        }
    ]
}