{
    "Flowers102": [
        {
            "acc/test/Flowers102_epoch": 0.7619125247001648,
            "loss/test/Flowers102_epoch": 1.0242419242858887,
            "acc/test/Flowers102": 0.7619125247001648,
            "normalized_acc/test/Flowers102": 0.8085951209068298
        }
    ],
    "STL10": [
        {
            "acc/test/STL10_epoch": 0.9869999885559082,
            "loss/test/STL10_epoch": 0.0480429045855999,
            "acc/test/STL10": 0.9869999885559082,
            "normalized_acc/test/STL10": 0.9991142749786377
        }
    ],
    "avg": [
        {
            "acc/test/avg": 0.8744562566280365,
            "normalized_acc/test/avg": 0.9038546979427338
        }
    ]
}