{
    "EuroSAT": [
        {
            "acc/test/EuroSAT_epoch": 0.8740741014480591,
            "loss/test/EuroSAT_epoch": 0.5922713875770569,
            "acc/test/EuroSAT": 0.8740741014480591,
            "normalized_acc/test/EuroSAT": 0.8822430372238159
        }
    ],
    "PCAM": [
        {
            "acc/test/PCAM_epoch": 0.761474609375,
            "loss/test/PCAM_epoch": 0.46316999197006226,
            "acc/test/PCAM": 0.761474609375,
            "normalized_acc/test/PCAM": 0.8582533597946167
        }
    ],
    "avg": [
        {
            "acc/test/avg": 0.8177743554115295,
            "normalized_acc/test/avg": 0.8702481985092163
        }
    ]
}