{
    "SVHN": [
        {
            "acc/test/SVHN_epoch": 0.8230639100074768,
            "loss/test/SVHN_epoch": 0.8482710123062134,
            "acc/test/SVHN": 0.8230639100074768,
            "normalized_acc/test/SVHN": 0.8442745804786682
        }
    ],
    "Flowers102": [
        {
            "acc/test/Flowers102_epoch": 0.743372917175293,
            "loss/test/Flowers102_epoch": 1.1225039958953857,
            "acc/test/Flowers102": 0.743372917175293,
            "normalized_acc/test/Flowers102": 0.7889195680618286
        }
    ],
    "avg": [
        {
            "acc/test/avg": 0.7832184135913849,
            "normalized_acc/test/avg": 0.8165970742702484
        }
    ]
}