{
    "OxfordIIITPet": [
        {
            "acc/test/OxfordIIITPet_epoch": 0.9236849546432495,
            "loss/test/OxfordIIITPet_epoch": 0.22725506126880646,
            "acc/test/OxfordIIITPet": 0.9236849546432495,
            "normalized_acc/test/OxfordIIITPet": 0.9718956351280212
        }
    ],
    "STL10": [
        {
            "acc/test/STL10_epoch": 0.9860000014305115,
            "loss/test/STL10_epoch": 0.052592791616916656,
            "acc/test/STL10": 0.9860000014305115,
            "normalized_acc/test/STL10": 0.9981020092964172
        }
    ],
    "avg": [
        {
            "acc/test/avg": 0.9548424780368805,
            "normalized_acc/test/avg": 0.9849988222122192
        }
    ]
}