{
    "CIFAR100": [
        {
            "acc/test/CIFAR100_epoch": 0.8123999834060669,
            "loss/test/CIFAR100_epoch": 0.6755743026733398,
            "acc/test/CIFAR100": 0.8123999834060669,
            "normalized_acc/test/CIFAR100": 0.9100481271743774
        }
    ],
    "CIFAR10": [
        {
            "acc/test/CIFAR10_epoch": 0.9696999788284302,
            "loss/test/CIFAR10_epoch": 0.099410779774189,
            "acc/test/CIFAR10": 0.9696999788284302,
            "normalized_acc/test/CIFAR10": 0.9878769516944885
        }
    ],
    "avg": [
        {
            "acc/test/avg": 0.8910499811172485,
            "normalized_acc/test/avg": 0.948962539434433
        }
    ]
}