{
    "FER2013": [
        {
            "acc/test/FER2013_epoch": 0.622178852558136,
            "loss/test/FER2013_epoch": 1.0675855875015259,
            "acc/test/FER2013": 0.622178852558136,
            "normalized_acc/test/FER2013": 0.8439152836799622
        }
    ],
    "STL10": [
        {
            "acc/test/STL10_epoch": 0.9853749871253967,
            "loss/test/STL10_epoch": 0.054459162056446075,
            "acc/test/STL10": 0.9853749871253967,
            "normalized_acc/test/STL10": 0.9974693059921265
        }
    ],
    "avg": [
        {
            "acc/test/avg": 0.8037769198417664,
            "normalized_acc/test/avg": 0.9206922948360443
        }
    ]
}