{
    "RESISC45": [
        {
            "acc/test/RESISC45_epoch": 0.7839682698249817,
            "loss/test/RESISC45_epoch": 0.6842304468154907,
            "acc/test/RESISC45": 0.7839682698249817,
            "normalized_acc/test/RESISC45": 0.8110016584396362
        }
    ],
    "PCAM": [
        {
            "acc/test/PCAM_epoch": 0.7479248046875,
            "loss/test/PCAM_epoch": 0.47870001196861267,
            "acc/test/PCAM": 0.7479248046875,
            "normalized_acc/test/PCAM": 0.8429814577102661
        }
    ],
    "avg": [
        {
            "acc/test/avg": 0.7659465372562408,
            "normalized_acc/test/avg": 0.8269915580749512
        }
    ]
}