{
    "GTSRB": [
        {
            "acc/test/GTSRB_epoch": 0.6996040940284729,
            "loss/test/GTSRB_epoch": 1.0796188116073608,
            "acc/test/GTSRB": 0.6996040940284729,
            "normalized_acc/test/GTSRB": 0.7072760462760925
        }
    ],
    "EMNIST": [
        {
            "acc/test/EMNIST_epoch": 0.9505000114440918,
            "loss/test/EMNIST_epoch": 0.37913310527801514,
            "acc/test/EMNIST": 0.9505000114440918,
            "normalized_acc/test/EMNIST": 0.9559488892555237
        }
    ],
    "avg": [
        {
            "acc/test/avg": 0.8250520527362823,
            "normalized_acc/test/avg": 0.8316124677658081
        }
    ]
}