{
    "STL10": [
        {
            "acc/test/STL10_epoch": 0.9854999780654907,
            "loss/test/STL10_epoch": 0.05775393173098564,
            "acc/test/STL10": 0.9854999780654907,
            "normalized_acc/test/STL10": 0.9975958466529846
        }
    ],
    "EMNIST": [
        {
            "acc/test/EMNIST_epoch": 0.9508000016212463,
            "loss/test/EMNIST_epoch": 0.44012412428855896,
            "acc/test/EMNIST": 0.9508000016212463,
            "normalized_acc/test/EMNIST": 0.9562506079673767
        }
    ],
    "avg": [
        {
            "acc/test/avg": 0.9681499898433685,
            "normalized_acc/test/avg": 0.9769232273101807
        }
    ]
}