{
    "OxfordIIITPet": [
        {
            "acc/test/OxfordIIITPet_epoch": 0.9130553007125854,
            "loss/test/OxfordIIITPet_epoch": 0.2564384639263153,
            "acc/test/OxfordIIITPet": 0.9130553007125854,
            "normalized_acc/test/OxfordIIITPet": 0.9607111811637878
        }
    ],
    "CIFAR100": [
        {
            "acc/test/CIFAR100_epoch": 0.7989000082015991,
            "loss/test/CIFAR100_epoch": 0.7371881604194641,
            "acc/test/CIFAR100": 0.7989000082015991,
            "normalized_acc/test/CIFAR100": 0.8949254751205444
        }
    ],
    "avg": [
        {
            "acc/test/avg": 0.8559776544570923,
            "normalized_acc/test/avg": 0.9278183281421661
        }
    ]
}