{
    "Flowers102": [
        {
            "acc/test/Flowers102_epoch": 0.7500406503677368,
            "loss/test/Flowers102_epoch": 1.0909453630447388,
            "acc/test/Flowers102": 0.7500406503677368,
            "normalized_acc/test/Flowers102": 0.795995831489563
        }
    ],
    "EMNIST": [
        {
            "acc/test/EMNIST_epoch": 0.9534000158309937,
            "loss/test/EMNIST_epoch": 0.46934109926223755,
            "acc/test/EMNIST": 0.9534000158309937,
            "normalized_acc/test/EMNIST": 0.9588655233383179
        }
    ],
    "avg": [
        {
            "acc/test/avg": 0.8517203330993652,
            "normalized_acc/test/avg": 0.8774306774139404
        }
    ]
}