{
    "Food101": [
        {
            "acc/test/Food101_epoch": 0.9045940637588501,
            "loss/test/Food101_epoch": 0.32782936096191406,
            "acc/test/Food101": 0.9045940637588501,
            "normalized_acc/test/Food101": 0.9951638579368591
        }
    ],
    "FashionMNIST": [
        {
            "acc/test/FashionMNIST_epoch": 0.8385999798774719,
            "loss/test/FashionMNIST_epoch": 0.47977715730667114,
            "acc/test/FashionMNIST": 0.8385999798774719,
            "normalized_acc/test/FashionMNIST": 0.8808823227882385
        }
    ],
    "avg": [
        {
            "acc/test/avg": 0.871597021818161,
            "normalized_acc/test/avg": 0.9380230903625488
        }
    ]
}