{
    "RESISC45": [
        {
            "acc/test/RESISC45_epoch": 0.8046031594276428,
            "loss/test/RESISC45_epoch": 0.6281166076660156,
            "acc/test/RESISC45": 0.8046031594276428,
            "normalized_acc/test/RESISC45": 0.832348108291626
        }
    ],
    "CIFAR10": [
        {
            "acc/test/CIFAR10_epoch": 0.9660000205039978,
            "loss/test/CIFAR10_epoch": 0.10716968774795532,
            "acc/test/CIFAR10": 0.9660000205039978,
            "normalized_acc/test/CIFAR10": 0.9841076135635376
        }
    ],
    "avg": [
        {
            "acc/test/avg": 0.8853015899658203,
            "normalized_acc/test/avg": 0.9082278609275818
        }
    ]
}