{
    "RESISC45": [
        {
            "acc/test/RESISC45_epoch": 0.8757143020629883,
            "loss/test/RESISC45_epoch": 0.3997674584388733,
            "acc/test/RESISC45": 0.8757143020629883,
            "normalized_acc/test/RESISC45": 0.905911386013031
        }
    ],
    "FashionMNIST": [
        {
            "acc/test/FashionMNIST_epoch": 0.8942999839782715,
            "loss/test/FashionMNIST_epoch": 0.3069927990436554,
            "acc/test/FashionMNIST": 0.8942999839782715,
            "normalized_acc/test/FashionMNIST": 0.9393907189369202
        }
    ],
    "avg": [
        {
            "acc/test/avg": 0.8850071430206299,
            "normalized_acc/test/avg": 0.9226510524749756
        }
    ]
}