{
    "DTD": [
        {
            "acc/test/DTD_epoch": 0.6372340321540833,
            "loss/test/DTD_epoch": 1.242803692817688,
            "acc/test/DTD": 0.6372340321540833,
            "normalized_acc/test/DTD": 0.7689344882965088
        }
    ],
    "RenderedSST2": [
        {
            "acc/test/RenderedSST2_epoch": 0.7303679585456848,
            "loss/test/RenderedSST2_epoch": 0.5226267576217651,
            "acc/test/RenderedSST2": 0.7303679585456848,
            "normalized_acc/test/RenderedSST2": 0.9466192126274109
        }
    ],
    "avg": [
        {
            "acc/test/avg": 0.683800995349884,
            "normalized_acc/test/avg": 0.8577768504619598
        }
    ]
}