{
    "RESISC45": [
        {
            "acc/test/RESISC45_epoch": 0.8746031522750854,
            "loss/test/RESISC45_epoch": 0.4014829099178314,
            "acc/test/RESISC45": 0.8746031522750854,
            "normalized_acc/test/RESISC45": 0.9047619104385376
        }
    ],
    "MNIST": [
        {
            "acc/test/MNIST_epoch": 0.9889000058174133,
            "loss/test/MNIST_epoch": 0.10032385587692261,
            "acc/test/MNIST": 0.9889000058174133,
            "normalized_acc/test/MNIST": 0.9923732876777649
        }
    ],
    "avg": [
        {
            "acc/test/avg": 0.9317515790462494,
            "normalized_acc/test/avg": 0.9485675990581512
        }
    ]
}