{
    "GTSRB": [
        {
            "acc/test/GTSRB_epoch": 0.8868566751480103,
            "loss/test/GTSRB_epoch": 0.4828869700431824,
            "acc/test/GTSRB": 0.8868566751480103,
            "normalized_acc/test/GTSRB": 0.8965820670127869
        }
    ],
    "RenderedSST2": [
        {
            "acc/test/RenderedSST2_epoch": 0.7413508892059326,
            "loss/test/RenderedSST2_epoch": 0.5170204043388367,
            "acc/test/RenderedSST2": 0.7413508892059326,
            "normalized_acc/test/RenderedSST2": 0.9608540534973145
        }
    ],
    "avg": [
        {
            "acc/test/avg": 0.8141037821769714,
            "normalized_acc/test/avg": 0.9287180602550507
        }
    ]
}