{
    "CIFAR100": [
        {
            "acc/test/CIFAR100_epoch": 0.8438000082969666,
            "loss/test/CIFAR100_epoch": 0.551154375076294,
            "acc/test/CIFAR100": 0.8438000082969666,
            "normalized_acc/test/CIFAR100": 0.9452223777770996
        }
    ],
    "CIFAR10": [
        {
            "acc/test/CIFAR10_epoch": 0.9790999889373779,
            "loss/test/CIFAR10_epoch": 0.07105118036270142,
            "acc/test/CIFAR10": 0.9790999889373779,
            "normalized_acc/test/CIFAR10": 0.9974531531333923
        }
    ],
    "avg": [
        {
            "acc/test/avg": 0.9114499986171722,
            "normalized_acc/test/avg": 0.971337765455246
        }
    ]
}