{
    "FER2013": [
        {
            "acc/test/FER2013_epoch": 0.6485093235969543,
            "loss/test/FER2013_epoch": 0.980682373046875,
            "acc/test/FER2013": 0.6485093235969543,
            "normalized_acc/test/FER2013": 0.8796296119689941
        }
    ],
    "FashionMNIST": [
        {
            "acc/test/FashionMNIST_epoch": 0.8984000086784363,
            "loss/test/FashionMNIST_epoch": 0.2893437445163727,
            "acc/test/FashionMNIST": 0.8984000086784363,
            "normalized_acc/test/FashionMNIST": 0.943697452545166
        }
    ],
    "avg": [
        {
            "acc/test/avg": 0.7734546661376953,
            "normalized_acc/test/avg": 0.9116635322570801
        }
    ]
}