{
    "SUN397": [
        {
            "acc/test/SUN397_epoch": 0.7288665175437927,
            "loss/test/SUN397_epoch": 0.9236863255500793,
            "acc/test/SUN397": 0.7288665175437927,
            "normalized_acc/test/SUN397": 0.9243547320365906
        }
    ],
    "CIFAR10": [
        {
            "acc/test/CIFAR10_epoch": 0.9778000116348267,
            "loss/test/CIFAR10_epoch": 0.07454720884561539,
            "acc/test/CIFAR10": 0.9778000116348267,
            "normalized_acc/test/CIFAR10": 0.9961287975311279
        }
    ],
    "avg": [
        {
            "acc/test/avg": 0.8533332645893097,
            "normalized_acc/test/avg": 0.9602417647838593
        }
    ]
}