{
    "FER2013": [
        {
            "acc/test/FER2013_epoch": 0.6423795223236084,
            "loss/test/FER2013_epoch": 1.0065346956253052,
            "acc/test/FER2013": 0.6423795223236084,
            "normalized_acc/test/FER2013": 0.8713152408599854
        }
    ],
    "EMNIST": [
        {
            "acc/test/EMNIST_epoch": 0.9889000058174133,
            "loss/test/EMNIST_epoch": 0.12129112333059311,
            "acc/test/EMNIST": 0.9889000058174133,
            "normalized_acc/test/EMNIST": 0.9945690631866455
        }
    ],
    "avg": [
        {
            "acc/test/avg": 0.8156397640705109,
            "normalized_acc/test/avg": 0.9329421520233154
        }
    ]
}