{
    "STL10": [
        {
            "acc/test/STL10_epoch": 0.9851250052452087,
            "loss/test/STL10_epoch": 0.04442577064037323,
            "acc/test/STL10": 0.9851250052452087,
            "normalized_acc/test/STL10": 0.9972162842750549
        }
    ],
    "FashionMNIST": [
        {
            "acc/test/FashionMNIST_epoch": 0.8949000239372253,
            "loss/test/FashionMNIST_epoch": 0.28908228874206543,
            "acc/test/FashionMNIST": 0.8949000239372253,
            "normalized_acc/test/FashionMNIST": 0.9400210380554199
        }
    ],
    "avg": [
        {
            "acc/test/avg": 0.940012514591217,
            "normalized_acc/test/avg": 0.9686186611652374
        }
    ]
}