{
    "KMNIST": [
        {
            "acc/test/KMNIST_epoch": 0.4749999940395355,
            "loss/test/KMNIST_epoch": 1.6944226026535034,
            "acc/test/KMNIST": 0.4749999940395355,
            "normalized_acc/test/KMNIST": 0.4829689860343933
        }
    ],
    "RenderedSST2": [
        {
            "acc/test/RenderedSST2_epoch": 0.7451949715614319,
            "loss/test/RenderedSST2_epoch": 0.5194576978683472,
            "acc/test/RenderedSST2": 0.7451949715614319,
            "normalized_acc/test/RenderedSST2": 0.9658362865447998
        }
    ],
    "avg": [
        {
            "acc/test/avg": 0.6100974828004837,
            "normalized_acc/test/avg": 0.7244026362895966
        }
    ]
}