{
    "SUN397": [
        {
            "acc/test/SUN397_epoch": 0.7359697818756104,
            "loss/test/SUN397_epoch": 0.9162796139717102,
            "acc/test/SUN397": 0.7359697818756104,
            "normalized_acc/test/SUN397": 0.9333631992340088
        }
    ],
    "OxfordIIITPet": [
        {
            "acc/test/OxfordIIITPet_epoch": 0.9378577470779419,
            "loss/test/OxfordIIITPet_epoch": 0.18383122980594635,
            "acc/test/OxfordIIITPet": 0.9378577470779419,
            "normalized_acc/test/OxfordIIITPet": 0.9868081212043762
        }
    ],
    "avg": [
        {
            "acc/test/avg": 0.8369137644767761,
            "normalized_acc/test/avg": 0.9600856602191925
        }
    ]
}