{
    "PCAM": [
        {
            "acc/test/PCAM_epoch": 0.88336181640625,
            "loss/test/PCAM_epoch": 0.280378133058548,
            "acc/test/PCAM": 0.88336181640625,
            "normalized_acc/test/PCAM": 0.9956316947937012
        }
    ],
    "OxfordIIITPet": [
        {
            "acc/test/OxfordIIITPet_epoch": 0.929681122303009,
            "loss/test/OxfordIIITPet_epoch": 0.2140083909034729,
            "acc/test/OxfordIIITPet": 0.929681122303009,
            "normalized_acc/test/OxfordIIITPet": 0.9782047271728516
        }
    ],
    "avg": [
        {
            "acc/test/avg": 0.9065214693546295,
            "normalized_acc/test/avg": 0.9869182109832764
        }
    ]
}