{
    "STL10": [
        {
            "acc/test/STL10_epoch": 0.9871249794960022,
            "loss/test/STL10_epoch": 0.04271237552165985,
            "acc/test/STL10": 0.9871249794960022,
            "normalized_acc/test/STL10": 0.9992408156394958
        }
    ],
    "CIFAR100": [
        {
            "acc/test/CIFAR100_epoch": 0.8349999785423279,
            "loss/test/CIFAR100_epoch": 0.5861950516700745,
            "acc/test/CIFAR100": 0.8349999785423279,
            "normalized_acc/test/CIFAR100": 0.9353646039962769
        }
    ],
    "avg": [
        {
            "acc/test/avg": 0.911062479019165,
            "normalized_acc/test/avg": 0.9673027098178864
        }
    ]
}