{
    "RESISC45": [
        {
            "acc/test/RESISC45_epoch": 0.8899999856948853,
            "loss/test/RESISC45_epoch": 0.3570444583892822,
            "acc/test/RESISC45": 0.8899999856948853,
            "normalized_acc/test/RESISC45": 0.9206896424293518
        }
    ],
    "GTSRB": [
        {
            "acc/test/GTSRB_epoch": 0.8886777758598328,
            "loss/test/GTSRB_epoch": 0.4849034547805786,
            "acc/test/GTSRB": 0.8886777758598328,
            "normalized_acc/test/GTSRB": 0.8984231352806091
        }
    ],
    "avg": [
        {
            "acc/test/avg": 0.889338880777359,
            "normalized_acc/test/avg": 0.9095563888549805
        }
    ]
}