{
    "MNIST": [
        {
            "acc/test/MNIST_epoch": 0.9882000088691711,
            "loss/test/MNIST_epoch": 0.0976385772228241,
            "acc/test/MNIST": 0.9882000088691711,
            "normalized_acc/test/MNIST": 0.9916708469390869
        }
    ],
    "DTD": [
        {
            "acc/test/DTD_epoch": 0.6090425252914429,
            "loss/test/DTD_epoch": 1.3416097164154053,
            "acc/test/DTD": 0.6090425252914429,
            "normalized_acc/test/DTD": 0.7349165081977844
        }
    ],
    "avg": [
        {
            "acc/test/avg": 0.798621267080307,
            "normalized_acc/test/avg": 0.8632936775684357
        }
    ]
}