{
    "SUN397": [
        {
            "acc/test/SUN397_epoch": 0.7239798307418823,
            "loss/test/SUN397_epoch": 0.946523904800415,
            "acc/test/SUN397": 0.7239798307418823,
            "normalized_acc/test/SUN397": 0.9181573987007141
        }
    ],
    "PCAM": [
        {
            "acc/test/PCAM_epoch": 0.874969482421875,
            "loss/test/PCAM_epoch": 0.2902901768684387,
            "acc/test/PCAM": 0.874969482421875,
            "normalized_acc/test/PCAM": 0.9861727356910706
        }
    ],
    "avg": [
        {
            "acc/test/avg": 0.7994746565818787,
            "normalized_acc/test/avg": 0.9521650671958923
        }
    ]
}