{
    "DTD": [
        {
            "acc/test/DTD_epoch": 0.6308510899543762,
            "loss/test/DTD_epoch": 1.2870235443115234,
            "acc/test/DTD": 0.6308510899543762,
            "normalized_acc/test/DTD": 0.7612323760986328
        }
    ],
    "KMNIST": [
        {
            "acc/test/KMNIST_epoch": 0.5529000163078308,
            "loss/test/KMNIST_epoch": 1.5448390245437622,
            "acc/test/KMNIST": 0.5529000163078308,
            "normalized_acc/test/KMNIST": 0.5621759295463562
        }
    ],
    "avg": [
        {
            "acc/test/avg": 0.5918755531311035,
            "normalized_acc/test/avg": 0.6617041528224945
        }
    ]
}