{
    "PCAM": [
        {
            "acc/test/PCAM_epoch": 0.87567138671875,
            "loss/test/PCAM_epoch": 0.29306745529174805,
            "acc/test/PCAM": 0.87567138671875,
            "normalized_acc/test/PCAM": 0.9869638681411743
        }
    ],
    "EMNIST": [
        {
            "acc/test/EMNIST_epoch": 0.9887999892234802,
            "loss/test/EMNIST_epoch": 0.18825188279151917,
            "acc/test/EMNIST": 0.9887999892234802,
            "normalized_acc/test/EMNIST": 0.9944684505462646
        }
    ],
    "avg": [
        {
            "acc/test/avg": 0.9322356879711151,
            "normalized_acc/test/avg": 0.9907161593437195
        }
    ]
}