{
    "FER2013": [
        {
            "acc/test/FER2013_epoch": 0.7118974924087524,
            "loss/test/FER2013_epoch": 0.9271904230117798,
            "acc/test/FER2013": 0.7118974924087524,
            "normalized_acc/test/FER2013": 0.965608537197113
        }
    ],
    "OxfordIIITPet": [
        {
            "acc/test/OxfordIIITPet_epoch": 0.93022620677948,
            "loss/test/OxfordIIITPet_epoch": 0.21226628124713898,
            "acc/test/OxfordIIITPet": 0.93022620677948,
            "normalized_acc/test/OxfordIIITPet": 0.9787783026695251
        }
    ],
    "avg": [
        {
            "acc/test/avg": 0.8210618495941162,
            "normalized_acc/test/avg": 0.9721934199333191
        }
    ]
}