{
    "DTD": [
        {
            "acc/test/DTD_epoch": 0.5994681119918823,
            "loss/test/DTD_epoch": 1.4086084365844727,
            "acc/test/DTD": 0.5994681119918823,
            "normalized_acc/test/DTD": 0.7233632802963257
        }
    ],
    "FashionMNIST": [
        {
            "acc/test/FashionMNIST_epoch": 0.9298999905586243,
            "loss/test/FashionMNIST_epoch": 0.19690169394016266,
            "acc/test/FashionMNIST": 0.9298999905586243,
            "normalized_acc/test/FashionMNIST": 0.9767856597900391
        }
    ],
    "avg": [
        {
            "acc/test/avg": 0.7646840512752533,
            "normalized_acc/test/avg": 0.8500744700431824
        }
    ]
}