{
    "SUN397": [
        {
            "acc/test/SUN397_epoch": 0.758790910243988,
            "loss/test/SUN397_epoch": 0.850573718547821,
            "acc/test/SUN397": 0.758790910243988,
            "normalized_acc/test/SUN397": 0.9623051285743713
        }
    ],
    "RenderedSST2": [
        {
            "acc/test/RenderedSST2_epoch": 0.7402526140213013,
            "loss/test/RenderedSST2_epoch": 0.5437094569206238,
            "acc/test/RenderedSST2": 0.7402526140213013,
            "normalized_acc/test/RenderedSST2": 0.9594305753707886
        }
    ],
    "avg": [
        {
            "acc/test/avg": 0.7495217621326447,
            "normalized_acc/test/avg": 0.96086785197258
        }
    ]
}