{
    "FER2013": [
        {
            "acc/test/FER2013_epoch": 0.7113401889801025,
            "loss/test/FER2013_epoch": 0.9376114010810852,
            "acc/test/FER2013": 0.7113401889801025,
            "normalized_acc/test/FER2013": 0.9648525714874268
        }
    ],
    "RenderedSST2": [
        {
            "acc/test/RenderedSST2_epoch": 0.7067545056343079,
            "loss/test/RenderedSST2_epoch": 0.634173572063446,
            "acc/test/RenderedSST2": 0.7067545056343079,
            "normalized_acc/test/RenderedSST2": 0.9160141944885254
        }
    ],
    "avg": [
        {
            "acc/test/avg": 0.7090473473072052,
            "normalized_acc/test/avg": 0.9404333829879761
        }
    ]
}