{
    "Flowers102": [
        {
            "acc/test/Flowers102_epoch": 0.7889087796211243,
            "loss/test/Flowers102_epoch": 0.9182013273239136,
            "acc/test/Flowers102": 0.7889087796211243,
            "normalized_acc/test/Flowers102": 0.8372454047203064
        }
    ],
    "EMNIST": [
        {
            "acc/test/EMNIST_epoch": 0.9945999979972839,
            "loss/test/EMNIST_epoch": 0.06566692143678665,
            "acc/test/EMNIST": 0.9945999979972839,
            "normalized_acc/test/EMNIST": 1.000301718711853
        }
    ],
    "avg": [
        {
            "acc/test/avg": 0.8917543888092041,
            "normalized_acc/test/avg": 0.9187735617160797
        }
    ]
}