{
    "DTD": [
        {
            "acc/test/DTD_epoch": 0.6579787135124207,
            "loss/test/DTD_epoch": 1.254923939704895,
            "acc/test/DTD": 0.6579787135124207,
            "normalized_acc/test/DTD": 0.7939665913581848
        }
    ],
    "OxfordIIITPet": [
        {
            "acc/test/OxfordIIITPet_epoch": 0.9324066638946533,
            "loss/test/OxfordIIITPet_epoch": 0.22051726281642914,
            "acc/test/OxfordIIITPet": 0.9324066638946533,
            "normalized_acc/test/OxfordIIITPet": 0.9810725450515747
        }
    ],
    "avg": [
        {
            "acc/test/avg": 0.795192688703537,
            "normalized_acc/test/avg": 0.8875195682048798
        }
    ]
}