{
    "Flowers102": [
        {
            "acc/test/Flowers102_epoch": 0.8188323378562927,
            "loss/test/Flowers102_epoch": 0.7204334735870361,
            "acc/test/Flowers102": 0.8188323378562927,
            "normalized_acc/test/Flowers102": 0.8690024018287659
        }
    ],
    "RenderedSST2": [
        {
            "acc/test/RenderedSST2_epoch": 0.7408017516136169,
            "loss/test/RenderedSST2_epoch": 0.5418633222579956,
            "acc/test/RenderedSST2": 0.7408017516136169,
            "normalized_acc/test/RenderedSST2": 0.9601423144340515
        }
    ],
    "avg": [
        {
            "acc/test/avg": 0.7798170447349548,
            "normalized_acc/test/avg": 0.9145723581314087
        }
    ]
}