{
    "EuroSAT": [
        {
            "acc/test/EuroSAT_epoch": 0.9792592525482178,
            "loss/test/EuroSAT_epoch": 0.07771430909633636,
            "acc/test/EuroSAT": 0.9792592525482178,
            "normalized_acc/test/EuroSAT": 0.9884112477302551
        }
    ],
    "Food101": [
        {
            "acc/test/Food101_epoch": 0.9095049500465393,
            "loss/test/Food101_epoch": 0.336579293012619,
            "acc/test/Food101": 0.9095049500465393,
            "normalized_acc/test/Food101": 1.0005663633346558
        }
    ],
    "avg": [
        {
            "acc/test/avg": 0.9443821012973785,
            "normalized_acc/test/avg": 0.9944888055324554
        }
    ]
}