{
    "GTSRB": [
        {
            "acc/test/GTSRB_epoch": 0.9034045934677124,
            "loss/test/GTSRB_epoch": 0.396485835313797,
            "acc/test/GTSRB": 0.9034045934677124,
            "normalized_acc/test/GTSRB": 0.9133114814758301
        }
    ],
    "MNIST": [
        {
            "acc/test/MNIST_epoch": 0.9915000200271606,
            "loss/test/MNIST_epoch": 0.06794283539056778,
            "acc/test/MNIST": 0.9915000200271606,
            "normalized_acc/test/MNIST": 0.9949824213981628
        }
    ],
    "avg": [
        {
            "acc/test/avg": 0.9474523067474365,
            "normalized_acc/test/avg": 0.9541469514369965
        }
    ]
}