{
    "RESISC45": [
        {
            "acc/test/RESISC45_epoch": 0.8847619295120239,
            "loss/test/RESISC45_epoch": 0.4005160331726074,
            "acc/test/RESISC45": 0.8847619295120239,
            "normalized_acc/test/RESISC45": 0.915270984172821
        }
    ],
    "EuroSAT": [
        {
            "acc/test/EuroSAT_epoch": 0.9774073958396912,
            "loss/test/EuroSAT_epoch": 0.08321021497249603,
            "acc/test/EuroSAT": 0.9774073958396912,
            "normalized_acc/test/EuroSAT": 0.9865420460700989
        }
    ],
    "avg": [
        {
            "acc/test/avg": 0.9310846626758575,
            "normalized_acc/test/avg": 0.95090651512146
        }
    ]
}