{
    "GTSRB": [
        {
            "acc/test/GTSRB_epoch": 0.9271575808525085,
            "loss/test/GTSRB_epoch": 0.3243175745010376,
            "acc/test/GTSRB": 0.9271575808525085,
            "normalized_acc/test/GTSRB": 0.9373249411582947
        }
    ],
    "FER2013": [
        {
            "acc/test/FER2013_epoch": 0.6911395788192749,
            "loss/test/FER2013_epoch": 1.0044525861740112,
            "acc/test/FER2013": 0.6911395788192749,
            "normalized_acc/test/FER2013": 0.9374527335166931
        }
    ],
    "avg": [
        {
            "acc/test/avg": 0.8091485798358917,
            "normalized_acc/test/avg": 0.9373888373374939
        }
    ]
}