{
    "EuroSAT": [
        {
            "acc/test/EuroSAT_epoch": 0.965925931930542,
            "loss/test/EuroSAT_epoch": 0.11108490079641342,
            "acc/test/EuroSAT": 0.965925931930542,
            "normalized_acc/test/EuroSAT": 0.974953293800354
        }
    ],
    "CIFAR100": [
        {
            "acc/test/CIFAR100_epoch": 0.8476999998092651,
            "loss/test/CIFAR100_epoch": 0.5784456729888916,
            "acc/test/CIFAR100": 0.8476999998092651,
            "normalized_acc/test/CIFAR100": 0.9495911002159119
        }
    ],
    "avg": [
        {
            "acc/test/avg": 0.9068129658699036,
            "normalized_acc/test/avg": 0.9622721970081329
        }
    ]
}