{
    "MNIST": [
        {
            "acc/test/MNIST_epoch": 0.9909999966621399,
            "loss/test/MNIST_epoch": 0.07024823129177094,
            "acc/test/MNIST": 0.9909999966621399,
            "normalized_acc/test/MNIST": 0.9944806694984436
        }
    ],
    "KMNIST": [
        {
            "acc/test/KMNIST_epoch": 0.6940000057220459,
            "loss/test/KMNIST_epoch": 1.1509716510772705,
            "acc/test/KMNIST": 0.6940000057220459,
            "normalized_acc/test/KMNIST": 0.7056431174278259
        }
    ],
    "avg": [
        {
            "acc/test/avg": 0.8425000011920929,
            "normalized_acc/test/avg": 0.8500618934631348
        }
    ]
}