{
    "SUN397": [
        {
            "acc/test/SUN397_epoch": 0.7432745695114136,
            "loss/test/SUN397_epoch": 0.9486252069473267,
            "acc/test/SUN397": 0.7432745695114136,
            "normalized_acc/test/SUN397": 0.9426271915435791
        }
    ],
    "CIFAR100": [
        {
            "acc/test/CIFAR100_epoch": 0.8598999977111816,
            "loss/test/CIFAR100_epoch": 0.57986980676651,
            "acc/test/CIFAR100": 0.8598999977111816,
            "normalized_acc/test/CIFAR100": 0.9632574915885925
        }
    ],
    "avg": [
        {
            "acc/test/avg": 0.8015872836112976,
            "normalized_acc/test/avg": 0.9529423415660858
        }
    ]
}