{
    "RESISC45": [
        {
            "acc/test/RESISC45_epoch": 0.9293650984764099,
            "loss/test/RESISC45_epoch": 0.23651348054409027,
            "acc/test/RESISC45": 0.9293650984764099,
            "normalized_acc/test/RESISC45": 0.9614121913909912
        }
    ],
    "FER2013": [
        {
            "acc/test/FER2013_epoch": 0.7109222412109375,
            "loss/test/FER2013_epoch": 0.9187740087509155,
            "acc/test/FER2013": 0.7109222412109375,
            "normalized_acc/test/FER2013": 0.964285671710968
        }
    ],
    "avg": [
        {
            "acc/test/avg": 0.8201436698436737,
            "normalized_acc/test/avg": 0.9628489315509796
        }
    ]
}