{
    "PCAM": [
        {
            "acc/test/PCAM_epoch": 0.849212646484375,
            "loss/test/PCAM_epoch": 0.3449752926826477,
            "acc/test/PCAM": 0.849212646484375,
            "normalized_acc/test/PCAM": 0.9571423530578613
        }
    ],
    "FashionMNIST": [
        {
            "acc/test/FashionMNIST_epoch": 0.9047999978065491,
            "loss/test/FashionMNIST_epoch": 0.2653142809867859,
            "acc/test/FashionMNIST": 0.9047999978065491,
            "normalized_acc/test/FashionMNIST": 0.9504201412200928
        }
    ],
    "avg": [
        {
            "acc/test/avg": 0.877006322145462,
            "normalized_acc/test/avg": 0.953781247138977
        }
    ]
}