{
    "FER2013": [
        {
            "acc/test/FER2013_epoch": 0.6865422129631042,
            "loss/test/FER2013_epoch": 0.9971209168434143,
            "acc/test/FER2013": 0.6865422129631042,
            "normalized_acc/test/FER2013": 0.9312169551849365
        }
    ],
    "KMNIST": [
        {
            "acc/test/KMNIST_epoch": 0.8779000043869019,
            "loss/test/KMNIST_epoch": 0.7003762125968933,
            "acc/test/KMNIST": 0.8779000043869019,
            "normalized_acc/test/KMNIST": 0.8926283717155457
        }
    ],
    "avg": [
        {
            "acc/test/avg": 0.782221108675003,
            "normalized_acc/test/avg": 0.9119226634502411
        }
    ]
}