{
    "DTD": [
        {
            "acc/test/DTD_epoch": 0.6164893507957458,
            "loss/test/DTD_epoch": 1.3501617908477783,
            "acc/test/DTD": 0.6164893507957458,
            "normalized_acc/test/DTD": 0.7439023852348328
        }
    ],
    "EMNIST": [
        {
            "acc/test/EMNIST_epoch": 0.995199978351593,
            "loss/test/EMNIST_epoch": 0.06007259339094162,
            "acc/test/EMNIST": 0.995199978351593,
            "normalized_acc/test/EMNIST": 1.000905156135559
        }
    ],
    "avg": [
        {
            "acc/test/avg": 0.8058446645736694,
            "normalized_acc/test/avg": 0.8724037706851959
        }
    ]
}