{
    "EuroSAT": [
        {
            "acc/test/EuroSAT_epoch": 0.9566666483879089,
            "loss/test/EuroSAT_epoch": 0.15889957547187805,
            "acc/test/EuroSAT": 0.9566666483879089,
            "normalized_acc/test/EuroSAT": 0.9656074643135071
        }
    ],
    "SVHN": [
        {
            "acc/test/SVHN_epoch": 0.9585509896278381,
            "loss/test/SVHN_epoch": 0.2119765728712082,
            "acc/test/SVHN": 0.9585509896278381,
            "normalized_acc/test/SVHN": 0.9832531809806824
        }
    ],
    "avg": [
        {
            "acc/test/avg": 0.9576088190078735,
            "normalized_acc/test/avg": 0.9744303226470947
        }
    ]
}