{
    "SUN397": [
        {
            "acc/test/SUN397_epoch": 0.7541561722755432,
            "loss/test/SUN397_epoch": 0.8989226818084717,
            "acc/test/SUN397": 0.7541561722755432,
            "normalized_acc/test/SUN397": 0.9564273357391357
        }
    ],
    "RESISC45": [
        {
            "acc/test/RESISC45_epoch": 0.9301587343215942,
            "loss/test/RESISC45_epoch": 0.23837517201900482,
            "acc/test/RESISC45": 0.9301587343215942,
            "normalized_acc/test/RESISC45": 0.9622331857681274
        }
    ],
    "avg": [
        {
            "acc/test/avg": 0.8421574532985687,
            "normalized_acc/test/avg": 0.9593302607536316
        }
    ]
}