{
    "EuroSAT": [
        {
            "acc/test/EuroSAT_epoch": 0.9685184955596924,
            "loss/test/EuroSAT_epoch": 0.11415456980466843,
            "acc/test/EuroSAT": 0.9685184955596924,
            "normalized_acc/test/EuroSAT": 0.977570116519928
        }
    ],
    "CIFAR10": [
        {
            "acc/test/CIFAR10_epoch": 0.9779000282287598,
            "loss/test/CIFAR10_epoch": 0.07464336603879929,
            "acc/test/CIFAR10": 0.9779000282287598,
            "normalized_acc/test/CIFAR10": 0.9962306618690491
        }
    ],
    "avg": [
        {
            "acc/test/avg": 0.9732092618942261,
            "normalized_acc/test/avg": 0.9869003891944885
        }
    ]
}