{
    "MNIST": [
        {
            "acc/test/MNIST_epoch": 0.9905999898910522,
            "loss/test/MNIST_epoch": 0.07639467716217041,
            "acc/test/MNIST": 0.9905999898910522,
            "normalized_acc/test/MNIST": 0.9940792322158813
        }
    ],
    "CIFAR100": [
        {
            "acc/test/CIFAR100_epoch": 0.8309000134468079,
            "loss/test/CIFAR100_epoch": 0.6549379825592041,
            "acc/test/CIFAR100": 0.8309000134468079,
            "normalized_acc/test/CIFAR100": 0.9307718276977539
        }
    ],
    "avg": [
        {
            "acc/test/avg": 0.91075000166893,
            "normalized_acc/test/avg": 0.9624255299568176
        }
    ]
}