{
    "STL10": [
        {
            "acc/test/STL10_epoch": 0.9901250004768372,
            "loss/test/STL10_epoch": 0.03192192688584328,
            "acc/test/STL10": 0.9901250004768372,
            "normalized_acc/test/STL10": 1.0022776126861572
        }
    ],
    "Food101": [
        {
            "acc/test/Food101_epoch": 0.9139009714126587,
            "loss/test/Food101_epoch": 0.3100389540195465,
            "acc/test/Food101": 0.9139009714126587,
            "normalized_acc/test/Food101": 1.0054025650024414
        }
    ],
    "avg": [
        {
            "acc/test/avg": 0.9520129859447479,
            "normalized_acc/test/avg": 1.0038400888442993
        }
    ]
}