{
    "GTSRB": [
        {
            "acc/test/GTSRB_epoch": 0.8775138854980469,
            "loss/test/GTSRB_epoch": 0.6456403732299805,
            "acc/test/GTSRB": 0.8775138854980469,
            "normalized_acc/test/GTSRB": 0.8871368169784546
        }
    ],
    "PCAM": [
        {
            "acc/test/PCAM_epoch": 0.87188720703125,
            "loss/test/PCAM_epoch": 0.30835235118865967,
            "acc/test/PCAM": 0.87188720703125,
            "normalized_acc/test/PCAM": 0.9826987385749817
        }
    ],
    "avg": [
        {
            "acc/test/avg": 0.8747005462646484,
            "normalized_acc/test/avg": 0.9349177777767181
        }
    ]
}