{
    "FER2013": [
        {
            "acc/test/FER2013_epoch": 0.6790192127227783,
            "loss/test/FER2013_epoch": 0.9813109040260315,
            "acc/test/FER2013": 0.6790192127227783,
            "normalized_acc/test/FER2013": 0.921012818813324
        }
    ],
    "EMNIST": [
        {
            "acc/test/EMNIST_epoch": 0.9944999814033508,
            "loss/test/EMNIST_epoch": 0.0666576623916626,
            "acc/test/EMNIST": 0.9944999814033508,
            "normalized_acc/test/EMNIST": 1.0002011060714722
        }
    ],
    "avg": [
        {
            "acc/test/avg": 0.8367595970630646,
            "normalized_acc/test/avg": 0.9606069624423981
        }
    ]
}