{
    "DTD": [
        {
            "acc/test/DTD_epoch": 0.6329787373542786,
            "loss/test/DTD_epoch": 1.2971408367156982,
            "acc/test/DTD": 0.6329787373542786,
            "normalized_acc/test/DTD": 0.7637997269630432
        }
    ],
    "STL10": [
        {
            "acc/test/STL10_epoch": 0.9925000071525574,
            "loss/test/STL10_epoch": 0.024044806137681007,
            "acc/test/STL10": 0.9925000071525574,
            "normalized_acc/test/STL10": 1.0046818256378174
        }
    ],
    "avg": [
        {
            "acc/test/avg": 0.812739372253418,
            "normalized_acc/test/avg": 0.8842407763004303
        }
    ]
}