{
    "GTSRB": [
        {
            "acc/test/GTSRB_epoch": 0.9387965202331543,
            "loss/test/GTSRB_epoch": 0.3155612051486969,
            "acc/test/GTSRB": 0.9387965202331543,
            "normalized_acc/test/GTSRB": 0.9490914940834045
        }
    ],
    "Food101": [
        {
            "acc/test/Food101_epoch": 0.9135445356369019,
            "loss/test/Food101_epoch": 0.323558509349823,
            "acc/test/Food101": 0.9135445356369019,
            "normalized_acc/test/Food101": 1.0050104856491089
        }
    ],
    "avg": [
        {
            "acc/test/avg": 0.9261705279350281,
            "normalized_acc/test/avg": 0.9770509898662567
        }
    ]
}