{
    "Flowers102": [
        {
            "acc/test/Flowers102_epoch": 0.7804521322250366,
            "loss/test/Flowers102_epoch": 0.913239061832428,
            "acc/test/Flowers102": 0.7804521322250366,
            "normalized_acc/test/Flowers102": 0.8282706141471863
        }
    ],
    "FashionMNIST": [
        {
            "acc/test/FashionMNIST_epoch": 0.9276999831199646,
            "loss/test/FashionMNIST_epoch": 0.2022390514612198,
            "acc/test/FashionMNIST": 0.9276999831199646,
            "normalized_acc/test/FashionMNIST": 0.9744747281074524
        }
    ],
    "avg": [
        {
            "acc/test/avg": 0.8540760576725006,
            "normalized_acc/test/avg": 0.9013726711273193
        }
    ]
}