{
    "DTD": [
        {
            "acc/test/DTD_epoch": 0.6526595950126648,
            "loss/test/DTD_epoch": 1.2155404090881348,
            "acc/test/DTD": 0.6526595950126648,
            "normalized_acc/test/DTD": 0.7875481247901917
        }
    ],
    "RenderedSST2": [
        {
            "acc/test/RenderedSST2_epoch": 0.7353102564811707,
            "loss/test/RenderedSST2_epoch": 0.5596565008163452,
            "acc/test/RenderedSST2": 0.7353102564811707,
            "normalized_acc/test/RenderedSST2": 0.9530248641967773
        }
    ],
    "avg": [
        {
            "acc/test/avg": 0.6939849257469177,
            "normalized_acc/test/avg": 0.8702864944934845
        }
    ]
}