{
    "FashionMNIST": [
        {
            "acc/test/FashionMNIST_epoch": 0.9075999855995178,
            "loss/test/FashionMNIST_epoch": 0.2706344425678253,
            "acc/test/FashionMNIST": 0.9075999855995178,
            "normalized_acc/test/FashionMNIST": 0.9533613324165344
        }
    ],
    "EMNIST": [
        {
            "acc/test/EMNIST_epoch": 0.993399977684021,
            "loss/test/EMNIST_epoch": 0.09964252263307571,
            "acc/test/EMNIST": 0.993399977684021,
            "normalized_acc/test/EMNIST": 0.9990947842597961
        }
    ],
    "avg": [
        {
            "acc/test/avg": 0.9504999816417694,
            "normalized_acc/test/avg": 0.9762280583381653
        }
    ]
}