{
    "Cars": [
        {
            "acc/test/Cars_epoch": 0.8250217437744141,
            "loss/test/Cars_epoch": 0.5377331376075745,
            "acc/test/Cars": 0.8250217437744141,
            "normalized_acc/test/Cars": 0.9615886211395264
        }
    ],
    "FER2013": [
        {
            "acc/test/FER2013_epoch": 0.7112008929252625,
            "loss/test/FER2013_epoch": 0.9200806021690369,
            "acc/test/FER2013": 0.7112008929252625,
            "normalized_acc/test/FER2013": 0.9646636247634888
        }
    ],
    "avg": [
        {
            "acc/test/avg": 0.7681113183498383,
            "normalized_acc/test/avg": 0.9631261229515076
        }
    ]
}