{
    "MNIST": [
        {
            "acc/test/MNIST_epoch": 0.9904999732971191,
            "loss/test/MNIST_epoch": 0.12256673723459244,
            "acc/test/MNIST": 0.9904999732971191,
            "normalized_acc/test/MNIST": 0.9939788579940796
        }
    ],
    "FashionMNIST": [
        {
            "acc/test/FashionMNIST_epoch": 0.9103000164031982,
            "loss/test/FashionMNIST_epoch": 0.26370394229888916,
            "acc/test/FashionMNIST": 0.9103000164031982,
            "normalized_acc/test/FashionMNIST": 0.9561975002288818
        }
    ],
    "avg": [
        {
            "acc/test/avg": 0.9503999948501587,
            "normalized_acc/test/avg": 0.9750881791114807
        }
    ]
}