{
    "Flowers102": [
        {
            "acc/test/Flowers102_epoch": 0.7586599588394165,
            "loss/test/Flowers102_epoch": 1.1728774309158325,
            "acc/test/Flowers102": 0.7586599588394165,
            "normalized_acc/test/Flowers102": 0.8051432371139526
        }
    ],
    "CIFAR100": [
        {
            "acc/test/CIFAR100_epoch": 0.8737999796867371,
            "loss/test/CIFAR100_epoch": 0.4897578954696655,
            "acc/test/CIFAR100": 0.8737999796867371,
            "normalized_acc/test/CIFAR100": 0.9788282513618469
        }
    ],
    "avg": [
        {
            "acc/test/avg": 0.8162299692630768,
            "normalized_acc/test/avg": 0.8919857442378998
        }
    ]
}