{
    "GTSRB": [
        {
            "acc/test/GTSRB_epoch": 0.9329374432563782,
            "loss/test/GTSRB_epoch": 0.3711380064487457,
            "acc/test/GTSRB": 0.9329374432563782,
            "normalized_acc/test/GTSRB": 0.9431681632995605
        }
    ],
    "STL10": [
        {
            "acc/test/STL10_epoch": 0.9903749823570251,
            "loss/test/STL10_epoch": 0.03369392454624176,
            "acc/test/STL10": 0.9903749823570251,
            "normalized_acc/test/STL10": 1.0025306940078735
        }
    ],
    "avg": [
        {
            "acc/test/avg": 0.9616562128067017,
            "normalized_acc/test/avg": 0.972849428653717
        }
    ]
}