{
    "Cars": [
        {
            "acc/test/Cars_epoch": 0.8163163661956787,
            "loss/test/Cars_epoch": 0.5526633262634277,
            "acc/test/Cars": 0.8163163661956787,
            "normalized_acc/test/Cars": 0.9514422416687012
        }
    ],
    "KMNIST": [
        {
            "acc/test/KMNIST_epoch": 0.8557000160217285,
            "loss/test/KMNIST_epoch": 0.81725013256073,
            "acc/test/KMNIST": 0.8557000160217285,
            "normalized_acc/test/KMNIST": 0.8700559139251709
        }
    ],
    "avg": [
        {
            "acc/test/avg": 0.8360081911087036,
            "normalized_acc/test/avg": 0.910749077796936
        }
    ]
}