{
    "STL10": [
        {
            "acc/test/STL10_epoch": 0.9856250286102295,
            "loss/test/STL10_epoch": 0.053516093641519547,
            "acc/test/STL10": 0.9856250286102295,
            "normalized_acc/test/STL10": 0.9977224469184875
        }
    ],
    "RenderedSST2": [
        {
            "acc/test/RenderedSST2_epoch": 0.6963207125663757,
            "loss/test/RenderedSST2_epoch": 0.5739376544952393,
            "acc/test/RenderedSST2": 0.6963207125663757,
            "normalized_acc/test/RenderedSST2": 0.9024910926818848
        }
    ],
    "avg": [
        {
            "acc/test/avg": 0.8409728705883026,
            "normalized_acc/test/avg": 0.9501067698001862
        }
    ]
}