{
    "SUN397": [
        {
            "acc/test/SUN397_epoch": 0.7026196718215942,
            "loss/test/SUN397_epoch": 1.0202175378799438,
            "acc/test/SUN397": 0.7026196718215942,
            "normalized_acc/test/SUN397": 0.8910682797431946
        }
    ],
    "GTSRB": [
        {
            "acc/test/GTSRB_epoch": 0.6833729147911072,
            "loss/test/GTSRB_epoch": 1.1604342460632324,
            "acc/test/GTSRB": 0.6833729147911072,
            "normalized_acc/test/GTSRB": 0.6908668875694275
        }
    ],
    "avg": [
        {
            "acc/test/avg": 0.6929962933063507,
            "normalized_acc/test/avg": 0.790967583656311
        }
    ]
}