{
    "SUN397": [
        {
            "acc/test/SUN397_epoch": 0.7036272287368774,
            "loss/test/SUN397_epoch": 1.0124989748001099,
            "acc/test/SUN397": 0.7036272287368774,
            "normalized_acc/test/SUN397": 0.8923460841178894
        }
    ],
    "DTD": [
        {
            "acc/test/DTD_epoch": 0.5223404169082642,
            "loss/test/DTD_epoch": 1.6661326885223389,
            "acc/test/DTD": 0.5223404169082642,
            "normalized_acc/test/DTD": 0.6302952170372009
        }
    ],
    "avg": [
        {
            "acc/test/avg": 0.6129838228225708,
            "normalized_acc/test/avg": 0.7613206505775452
        }
    ]
}