{
    "GTSRB": [
        {
            "acc/test/GTSRB_epoch": 0.6649248003959656,
            "loss/test/GTSRB_epoch": 1.1868613958358765,
            "acc/test/GTSRB": 0.6649248003959656,
            "normalized_acc/test/GTSRB": 0.6722164750099182
        }
    ],
    "MNIST": [
        {
            "acc/test/MNIST_epoch": 0.9686999917030334,
            "loss/test/MNIST_epoch": 0.3741096258163452,
            "acc/test/MNIST": 0.9686999917030334,
            "normalized_acc/test/MNIST": 0.9721023440361023
        }
    ],
    "avg": [
        {
            "acc/test/avg": 0.8168123960494995,
            "normalized_acc/test/avg": 0.8221594095230103
        }
    ]
}