{
    "FashionMNIST": [
        {
            "acc/test/FashionMNIST_epoch": 0.8511000275611877,
            "loss/test/FashionMNIST_epoch": 0.4355173707008362,
            "acc/test/FashionMNIST": 0.8511000275611877,
            "normalized_acc/test/FashionMNIST": 0.8940126299858093
        }
    ],
    "RenderedSST2": [
        {
            "acc/test/RenderedSST2_epoch": 0.6891817450523376,
            "loss/test/RenderedSST2_epoch": 0.5912619233131409,
            "acc/test/RenderedSST2": 0.6891817450523376,
            "normalized_acc/test/RenderedSST2": 0.893238365650177
        }
    ],
    "avg": [
        {
            "acc/test/avg": 0.7701408863067627,
            "normalized_acc/test/avg": 0.8936254978179932
        }
    ]
}