{
    "STL10": [
        {
            "acc/test/STL10_epoch": 0.9860000014305115,
            "loss/test/STL10_epoch": 0.05506096035242081,
            "acc/test/STL10": 0.9860000014305115,
            "normalized_acc/test/STL10": 0.9981020092964172
        }
    ],
    "FashionMNIST": [
        {
            "acc/test/FashionMNIST_epoch": 0.8507999777793884,
            "loss/test/FashionMNIST_epoch": 0.43339115381240845,
            "acc/test/FashionMNIST": 0.8507999777793884,
            "normalized_acc/test/FashionMNIST": 0.8936974406242371
        }
    ],
    "avg": [
        {
            "acc/test/avg": 0.91839998960495,
            "normalized_acc/test/avg": 0.9458997249603271
        }
    ]
}