{
    "CIFAR100": [
        {
            "acc/test/CIFAR100_epoch": 0.7914999723434448,
            "loss/test/CIFAR100_epoch": 0.7580434679985046,
            "acc/test/CIFAR100": 0.7914999723434448,
            "normalized_acc/test/CIFAR100": 0.8866360187530518
        }
    ],
    "KMNIST": [
        {
            "acc/test/KMNIST_epoch": 0.17030000686645508,
            "loss/test/KMNIST_epoch": 2.191103935241699,
            "acc/test/KMNIST": 0.17030000686645508,
            "normalized_acc/test/KMNIST": 0.17315709590911865
        }
    ],
    "avg": [
        {
            "acc/test/avg": 0.48089998960494995,
            "normalized_acc/test/avg": 0.5298965573310852
        }
    ]
}