{
    "OxfordIIITPet": [
        {
            "acc/test/OxfordIIITPet_epoch": 0.9146906733512878,
            "loss/test/OxfordIIITPet_epoch": 0.2443881779909134,
            "acc/test/OxfordIIITPet": 0.9146906733512878,
            "normalized_acc/test/OxfordIIITPet": 0.9624319076538086
        }
    ],
    "RenderedSST2": [
        {
            "acc/test/RenderedSST2_epoch": 0.7084019780158997,
            "loss/test/RenderedSST2_epoch": 0.5699138641357422,
            "acc/test/RenderedSST2": 0.7084019780158997,
            "normalized_acc/test/RenderedSST2": 0.918149471282959
        }
    ],
    "avg": [
        {
            "acc/test/avg": 0.8115463256835938,
            "normalized_acc/test/avg": 0.9402906894683838
        }
    ]
}