{
    "FER2013": [
        {
            "acc/test/FER2013_epoch": 0.6049038767814636,
            "loss/test/FER2013_epoch": 1.097359538078308,
            "acc/test/FER2013": 0.6049038767814636,
            "normalized_acc/test/FER2013": 0.8204837441444397
        }
    ],
    "KMNIST": [
        {
            "acc/test/KMNIST_epoch": 0.1615999937057495,
            "loss/test/KMNIST_epoch": 2.1704721450805664,
            "acc/test/KMNIST": 0.1615999937057495,
            "normalized_acc/test/KMNIST": 0.16431112587451935
        }
    ],
    "avg": [
        {
            "acc/test/avg": 0.38325193524360657,
            "normalized_acc/test/avg": 0.4923974350094795
        }
    ]
}