{
    "CIFAR100": [
        {
            "acc/test/CIFAR100_epoch": 0.7919999957084656,
            "loss/test/CIFAR100_epoch": 0.7589157819747925,
            "acc/test/CIFAR100": 0.7919999957084656,
            "normalized_acc/test/CIFAR100": 0.8871961236000061
        }
    ],
    "Food101": [
        {
            "acc/test/Food101_epoch": 0.9044752717018127,
            "loss/test/Food101_epoch": 0.32896170020103455,
            "acc/test/Food101": 0.9044752717018127,
            "normalized_acc/test/Food101": 0.9950331449508667
        }
    ],
    "avg": [
        {
            "acc/test/avg": 0.8482376337051392,
            "normalized_acc/test/avg": 0.9411146342754364
        }
    ]
}