{
    "EuroSAT": [
        {
            "acc/test/EuroSAT_epoch": 0.8718518614768982,
            "loss/test/EuroSAT_epoch": 0.600925862789154,
            "acc/test/EuroSAT": 0.8718518614768982,
            "normalized_acc/test/EuroSAT": 0.8800000548362732
        }
    ],
    "PCAM": [
        {
            "acc/test/PCAM_epoch": 0.753143310546875,
            "loss/test/PCAM_epoch": 0.46937328577041626,
            "acc/test/PCAM": 0.753143310546875,
            "normalized_acc/test/PCAM": 0.8488631844520569
        }
    ],
    "avg": [
        {
            "acc/test/avg": 0.8124975860118866,
            "normalized_acc/test/avg": 0.864431619644165
        }
    ]
}