{
    "EuroSAT": [
        {
            "acc/test/EuroSAT_epoch": 0.8885185122489929,
            "loss/test/EuroSAT_epoch": 0.48274368047714233,
            "acc/test/EuroSAT": 0.8885185122489929,
            "normalized_acc/test/EuroSAT": 0.896822452545166
        }
    ],
    "Food101": [
        {
            "acc/test/Food101_epoch": 0.9054653644561768,
            "loss/test/Food101_epoch": 0.3212599456310272,
            "acc/test/Food101": 0.9054653644561768,
            "normalized_acc/test/Food101": 0.9961223602294922
        }
    ],
    "avg": [
        {
            "acc/test/avg": 0.8969919383525848,
            "normalized_acc/test/avg": 0.9464724063873291
        }
    ]
}