{
    "EuroSAT": [
        {
            "acc/test/EuroSAT_epoch": 0.8688889145851135,
            "loss/test/EuroSAT_epoch": 0.5578821897506714,
            "acc/test/EuroSAT": 0.8688889145851135,
            "normalized_acc/test/EuroSAT": 0.877009391784668
        }
    ],
    "SVHN": [
        {
            "acc/test/SVHN_epoch": 0.8116933107376099,
            "loss/test/SVHN_epoch": 0.8515320420265198,
            "acc/test/SVHN": 0.8116933107376099,
            "normalized_acc/test/SVHN": 0.8326109647750854
        }
    ],
    "avg": [
        {
            "acc/test/avg": 0.8402911126613617,
            "normalized_acc/test/avg": 0.8548101782798767
        }
    ]
}