{
    "FER2013": [
        {
            "acc/test/FER2013_epoch": 0.5958484411239624,
            "loss/test/FER2013_epoch": 1.094505786895752,
            "acc/test/FER2013": 0.5958484411239624,
            "normalized_acc/test/FER2013": 0.8082010746002197
        }
    ],
    "CIFAR100": [
        {
            "acc/test/CIFAR100_epoch": 0.7991999983787537,
            "loss/test/CIFAR100_epoch": 0.7302079796791077,
            "acc/test/CIFAR100": 0.7991999983787537,
            "normalized_acc/test/CIFAR100": 0.8952615261077881
        }
    ],
    "avg": [
        {
            "acc/test/avg": 0.697524219751358,
            "normalized_acc/test/avg": 0.8517313003540039
        }
    ]
}