{
    "PCAM": [
        {
            "acc/test/PCAM_epoch": 0.759368896484375,
            "loss/test/PCAM_epoch": 0.4616771340370178,
            "acc/test/PCAM": 0.759368896484375,
            "normalized_acc/test/PCAM": 0.8558800220489502
        }
    ],
    "OxfordIIITPet": [
        {
            "acc/test/OxfordIIITPet_epoch": 0.9076042771339417,
            "loss/test/OxfordIIITPet_epoch": 0.26976919174194336,
            "acc/test/OxfordIIITPet": 0.9076042771339417,
            "normalized_acc/test/OxfordIIITPet": 0.9549756050109863
        }
    ],
    "avg": [
        {
            "acc/test/avg": 0.8334865868091583,
            "normalized_acc/test/avg": 0.9054278135299683
        }
    ]
}