{
    "SUN397": [
        {
            "acc/test/SUN397_epoch": 0.6986398100852966,
            "loss/test/SUN397_epoch": 1.0281651020050049,
            "acc/test/SUN397": 0.6986398100852966,
            "normalized_acc/test/SUN397": 0.8860209584236145
        }
    ],
    "CIFAR100": [
        {
            "acc/test/CIFAR100_epoch": 0.794700026512146,
            "loss/test/CIFAR100_epoch": 0.7496414184570312,
            "acc/test/CIFAR100": 0.794700026512146,
            "normalized_acc/test/CIFAR100": 0.8902207016944885
        }
    ],
    "avg": [
        {
            "acc/test/avg": 0.7466699182987213,
            "normalized_acc/test/avg": 0.8881208300590515
        }
    ]
}