{
    "RESISC45": [
        {
            "acc/test/RESISC45_epoch": 0.819523811340332,
            "loss/test/RESISC45_epoch": 0.5672321915626526,
            "acc/test/RESISC45": 0.819523811340332,
            "normalized_acc/test/RESISC45": 0.8477832674980164
        }
    ],
    "STL10": [
        {
            "acc/test/STL10_epoch": 0.9858750104904175,
            "loss/test/STL10_epoch": 0.05195343494415283,
            "acc/test/STL10": 0.9858750104904175,
            "normalized_acc/test/STL10": 0.9979754686355591
        }
    ],
    "avg": [
        {
            "acc/test/avg": 0.9026994109153748,
            "normalized_acc/test/avg": 0.9228793680667877
        }
    ]
}