{
    "SUN397": [
        {
            "acc/test/SUN397_epoch": 0.698740541934967,
            "loss/test/SUN397_epoch": 1.0351362228393555,
            "acc/test/SUN397": 0.698740541934967,
            "normalized_acc/test/SUN397": 0.8861487507820129
        }
    ],
    "Food101": [
        {
            "acc/test/Food101_epoch": 0.9077227711677551,
            "loss/test/Food101_epoch": 0.3165949881076813,
            "acc/test/Food101": 0.9077227711677551,
            "normalized_acc/test/Food101": 0.9986057877540588
        }
    ],
    "avg": [
        {
            "acc/test/avg": 0.8032316565513611,
            "normalized_acc/test/avg": 0.9423772692680359
        }
    ]
}