{
    "STL10": [
        {
            "acc/test/STL10_epoch": 0.9863749742507935,
            "loss/test/STL10_epoch": 0.05576164647936821,
            "acc/test/STL10": 0.9863749742507935,
            "normalized_acc/test/STL10": 0.9984815716743469
        }
    ],
    "Food101": [
        {
            "acc/test/Food101_epoch": 0.9067326784133911,
            "loss/test/Food101_epoch": 0.3193454444408417,
            "acc/test/Food101": 0.9067326784133911,
            "normalized_acc/test/Food101": 0.9975165724754333
        }
    ],
    "avg": [
        {
            "acc/test/avg": 0.9465538263320923,
            "normalized_acc/test/avg": 0.9979990720748901
        }
    ]
}