{
    "RESISC45": [
        {
            "acc/test/RESISC45_epoch": 0.7898412942886353,
            "loss/test/RESISC45_epoch": 0.6720211505889893,
            "acc/test/RESISC45": 0.7898412942886353,
            "normalized_acc/test/RESISC45": 0.8170772194862366
        }
    ],
    "PCAM": [
        {
            "acc/test/PCAM_epoch": 0.725311279296875,
            "loss/test/PCAM_epoch": 0.5047515630722046,
            "acc/test/PCAM": 0.725311279296875,
            "normalized_acc/test/PCAM": 0.8174939155578613
        }
    ],
    "avg": [
        {
            "acc/test/avg": 0.7575762867927551,
            "normalized_acc/test/avg": 0.817285567522049
        }
    ]
}