{
    "GTSRB": [
        {
            "acc/test/GTSRB_epoch": 0.6888360977172852,
            "loss/test/GTSRB_epoch": 1.1437228918075562,
            "acc/test/GTSRB": 0.6888360977172852,
            "normalized_acc/test/GTSRB": 0.6963899731636047
        }
    ],
    "RenderedSST2": [
        {
            "acc/test/RenderedSST2_epoch": 0.6974189877510071,
            "loss/test/RenderedSST2_epoch": 0.5782817006111145,
            "acc/test/RenderedSST2": 0.6974189877510071,
            "normalized_acc/test/RenderedSST2": 0.9039145708084106
        }
    ],
    "avg": [
        {
            "acc/test/avg": 0.6931275427341461,
            "normalized_acc/test/avg": 0.8001522719860077
        }
    ]
}