{
    "SUN397": [
        {
            "acc/test/SUN397_epoch": 0.7013602256774902,
            "loss/test/SUN397_epoch": 1.016582727432251,
            "acc/test/SUN397": 0.7013602256774902,
            "normalized_acc/test/SUN397": 0.8894710540771484
        }
    ],
    "CIFAR10": [
        {
            "acc/test/CIFAR10_epoch": 0.9625999927520752,
            "loss/test/CIFAR10_epoch": 0.11938143521547318,
            "acc/test/CIFAR10": 0.9625999927520752,
            "normalized_acc/test/CIFAR10": 0.9806438684463501
        }
    ],
    "avg": [
        {
            "acc/test/avg": 0.8319801092147827,
            "normalized_acc/test/avg": 0.9350574612617493
        }
    ]
}