{
    "GTSRB": [
        {
            "acc/test/GTSRB_epoch": 0.6559778451919556,
            "loss/test/GTSRB_epoch": 1.242574691772461,
            "acc/test/GTSRB": 0.6559778451919556,
            "normalized_acc/test/GTSRB": 0.6631714105606079
        }
    ],
    "MNIST": [
        {
            "acc/test/MNIST_epoch": 0.9697999954223633,
            "loss/test/MNIST_epoch": 0.3790029287338257,
            "acc/test/MNIST": 0.9697999954223633,
            "normalized_acc/test/MNIST": 0.9732062220573425
        }
    ],
    "avg": [
        {
            "acc/test/avg": 0.8128889203071594,
            "normalized_acc/test/avg": 0.8181888163089752
        }
    ]
}