{
    "Flowers102": [
        {
            "acc/test/Flowers102_epoch": 0.7554073929786682,
            "loss/test/Flowers102_epoch": 1.040490746498108,
            "acc/test/Flowers102": 0.7554073929786682,
            "normalized_acc/test/Flowers102": 0.8016914129257202
        }
    ],
    "RenderedSST2": [
        {
            "acc/test/RenderedSST2_epoch": 0.7012630701065063,
            "loss/test/RenderedSST2_epoch": 0.5705362558364868,
            "acc/test/RenderedSST2": 0.7012630701065063,
            "normalized_acc/test/RenderedSST2": 0.908896803855896
        }
    ],
    "avg": [
        {
            "acc/test/avg": 0.7283352315425873,
            "normalized_acc/test/avg": 0.8552941083908081
        }
    ]
}