{
    "Cars": [
        {
            "acc/test/Cars_epoch": 0.7929362058639526,
            "loss/test/Cars_epoch": 0.6410416960716248,
            "acc/test/Cars": 0.7929362058639526,
            "normalized_acc/test/Cars": 0.9241918921470642
        }
    ],
    "KMNIST": [
        {
            "acc/test/KMNIST_epoch": 0.9294999837875366,
            "loss/test/KMNIST_epoch": 0.36203235387802124,
            "acc/test/KMNIST": 0.9294999837875366,
            "normalized_acc/test/KMNIST": 0.9450940489768982
        }
    ],
    "avg": [
        {
            "acc/test/avg": 0.8612180948257446,
            "normalized_acc/test/avg": 0.9346429705619812
        }
    ]
}