{
    "SUN397": [
        {
            "acc/test/SUN397_epoch": 0.746246874332428,
            "loss/test/SUN397_epoch": 0.8887242078781128,
            "acc/test/SUN397": 0.746246874332428,
            "normalized_acc/test/SUN397": 0.9463966488838196
        }
    ],
    "CIFAR10": [
        {
            "acc/test/CIFAR10_epoch": 0.982699990272522,
            "loss/test/CIFAR10_epoch": 0.06343762576580048,
            "acc/test/CIFAR10": 0.982699990272522,
            "normalized_acc/test/CIFAR10": 1.0011205673217773
        }
    ],
    "avg": [
        {
            "acc/test/avg": 0.864473432302475,
            "normalized_acc/test/avg": 0.9737586081027985
        }
    ]
}