{
    "EuroSAT": [
        {
            "acc/test/EuroSAT_epoch": 0.9862962961196899,
            "loss/test/EuroSAT_epoch": 0.04191224277019501,
            "acc/test/EuroSAT": 0.9862962961196899,
            "normalized_acc/test/EuroSAT": 0.9955140352249146
        }
    ],
    "Flowers102": [
        {
            "acc/test/Flowers102_epoch": 0.8468043804168701,
            "loss/test/Flowers102_epoch": 0.6217649579048157,
            "acc/test/Flowers102": 0.8468043804168701,
            "normalized_acc/test/Flowers102": 0.8986883163452148
        }
    ],
    "avg": [
        {
            "acc/test/avg": 0.91655033826828,
            "normalized_acc/test/avg": 0.9471011757850647
        }
    ]
}