{
    "Flowers102": [
        {
            "acc/test/Flowers102_epoch": 0.8544479012489319,
            "loss/test/Flowers102_epoch": 0.5602448582649231,
            "acc/test/Flowers102": 0.8544479012489319,
            "normalized_acc/test/Flowers102": 0.9068001508712769
        }
    ],
    "FER2013": [
        {
            "acc/test/FER2013_epoch": 0.7234605550765991,
            "loss/test/FER2013_epoch": 0.9190748333930969,
            "acc/test/FER2013": 0.7234605550765991,
            "normalized_acc/test/FER2013": 0.9812924861907959
        }
    ],
    "avg": [
        {
            "acc/test/avg": 0.7889542281627655,
            "normalized_acc/test/avg": 0.9440463185310364
        }
    ]
}