{
    "MNIST": [
        {
            "acc/test/MNIST_epoch": 0.9939000010490417,
            "loss/test/MNIST_epoch": 0.039982669055461884,
            "acc/test/MNIST": 0.9939000010490417,
            "normalized_acc/test/MNIST": 0.997390866279602
        }
    ],
    "RenderedSST2": [
        {
            "acc/test/RenderedSST2_epoch": 0.7726523876190186,
            "loss/test/RenderedSST2_epoch": 0.5097769498825073,
            "acc/test/RenderedSST2": 0.7726523876190186,
            "normalized_acc/test/RenderedSST2": 1.0014234781265259
        }
    ],
    "avg": [
        {
            "acc/test/avg": 0.8832761943340302,
            "normalized_acc/test/avg": 0.999407172203064
        }
    ]
}