{
    "RESISC45": [
        {
            "acc/test/RESISC45_epoch": 0.9055555462837219,
            "loss/test/RESISC45_epoch": 0.30393362045288086,
            "acc/test/RESISC45": 0.9055555462837219,
            "normalized_acc/test/RESISC45": 0.936781644821167
        }
    ],
    "FashionMNIST": [
        {
            "acc/test/FashionMNIST_epoch": 0.9311000108718872,
            "loss/test/FashionMNIST_epoch": 0.20815779268741608,
            "acc/test/FashionMNIST": 0.9311000108718872,
            "normalized_acc/test/FashionMNIST": 0.978046178817749
        }
    ],
    "avg": [
        {
            "acc/test/avg": 0.9183277785778046,
            "normalized_acc/test/avg": 0.957413911819458
        }
    ]
}