{
    "MNIST": [
        {
            "acc/test/MNIST_epoch": 0.993399977684021,
            "loss/test/MNIST_epoch": 0.05110647901892662,
            "acc/test/MNIST": 0.993399977684021,
            "normalized_acc/test/MNIST": 0.996889054775238
        }
    ],
    "CIFAR10": [
        {
            "acc/test/CIFAR10_epoch": 0.9725000262260437,
            "loss/test/CIFAR10_epoch": 0.09761379659175873,
            "acc/test/CIFAR10": 0.9725000262260437,
            "normalized_acc/test/CIFAR10": 0.9907294511795044
        }
    ],
    "avg": [
        {
            "acc/test/avg": 0.9829500019550323,
            "normalized_acc/test/avg": 0.9938092529773712
        }
    ]
}