{
    "GTSRB": [
        {
            "acc/test/GTSRB_epoch": 0.9493269920349121,
            "loss/test/GTSRB_epoch": 0.21355707943439484,
            "acc/test/GTSRB": 0.9493269920349121,
            "normalized_acc/test/GTSRB": 0.9597374796867371
        }
    ],
    "EMNIST": [
        {
            "acc/test/EMNIST_epoch": 0.9940999746322632,
            "loss/test/EMNIST_epoch": 0.05070987716317177,
            "acc/test/EMNIST": 0.9940999746322632,
            "normalized_acc/test/EMNIST": 0.9997988343238831
        }
    ],
    "avg": [
        {
            "acc/test/avg": 0.9717134833335876,
            "normalized_acc/test/avg": 0.9797681570053101
        }
    ]
}