{
    "CIFAR10": [
        {
            "acc/test/CIFAR10_epoch": 0.9675999879837036,
            "loss/test/CIFAR10_epoch": 0.1142847016453743,
            "acc/test/CIFAR10": 0.9675999879837036,
            "normalized_acc/test/CIFAR10": 0.9857375621795654
        }
    ],
    "KMNIST": [
        {
            "acc/test/KMNIST_epoch": 0.8363999724388123,
            "loss/test/KMNIST_epoch": 0.76136714220047,
            "acc/test/KMNIST": 0.8363999724388123,
            "normalized_acc/test/KMNIST": 0.8504320979118347
        }
    ],
    "avg": [
        {
            "acc/test/avg": 0.9019999802112579,
            "normalized_acc/test/avg": 0.9180848300457001
        }
    ]
}