{
    "EMNIST": [
        {
            "acc/test/EMNIST_epoch": 0.9958999752998352,
            "loss/test/EMNIST_epoch": 0.04554548114538193,
            "acc/test/EMNIST": 0.9958999752998352,
            "normalized_acc/test/EMNIST": 1.0016090869903564
        }
    ],
    "RenderedSST2": [
        {
            "acc/test/RenderedSST2_epoch": 0.7666117548942566,
            "loss/test/RenderedSST2_epoch": 0.5592634677886963,
            "acc/test/RenderedSST2": 0.7666117548942566,
            "normalized_acc/test/RenderedSST2": 0.9935942888259888
        }
    ],
    "avg": [
        {
            "acc/test/avg": 0.8812558650970459,
            "normalized_acc/test/avg": 0.9976016879081726
        }
    ]
}