{
    "FER2013": [
        {
            "acc/test/FER2013_epoch": 0.6795764565467834,
            "loss/test/FER2013_epoch": 1.0497902631759644,
            "acc/test/FER2013": 0.6795764565467834,
            "normalized_acc/test/FER2013": 0.9217686653137207
        }
    ],
    "KMNIST": [
        {
            "acc/test/KMNIST_epoch": 0.9391000270843506,
            "loss/test/KMNIST_epoch": 0.3371380567550659,
            "acc/test/KMNIST": 0.9391000270843506,
            "normalized_acc/test/KMNIST": 0.9548551440238953
        }
    ],
    "avg": [
        {
            "acc/test/avg": 0.809338241815567,
            "normalized_acc/test/avg": 0.938311904668808
        }
    ]
}