{
    "CIFAR100": [
        {
            "acc/test/CIFAR100_epoch": 0.8289999961853027,
            "loss/test/CIFAR100_epoch": 0.6860409379005432,
            "acc/test/CIFAR100": 0.8289999961853027,
            "normalized_acc/test/CIFAR100": 0.9286434054374695
        }
    ],
    "EMNIST": [
        {
            "acc/test/EMNIST_epoch": 0.9958999752998352,
            "loss/test/EMNIST_epoch": 0.04943930357694626,
            "acc/test/EMNIST": 0.9958999752998352,
            "normalized_acc/test/EMNIST": 1.0016090869903564
        }
    ],
    "avg": [
        {
            "acc/test/avg": 0.912449985742569,
            "normalized_acc/test/avg": 0.965126246213913
        }
    ]
}