{
    "OxfordIIITPet": [
        {
            "acc/test/OxfordIIITPet_epoch": 0.9422186017036438,
            "loss/test/OxfordIIITPet_epoch": 0.18865536153316498,
            "acc/test/OxfordIIITPet": 0.9422186017036438,
            "normalized_acc/test/OxfordIIITPet": 0.9913966059684753
        }
    ],
    "EMNIST": [
        {
            "acc/test/EMNIST_epoch": 0.9962000250816345,
            "loss/test/EMNIST_epoch": 0.04440157115459442,
            "acc/test/EMNIST": 0.9962000250816345,
            "normalized_acc/test/EMNIST": 1.001910924911499
        }
    ],
    "avg": [
        {
            "acc/test/avg": 0.9692093133926392,
            "normalized_acc/test/avg": 0.9966537654399872
        }
    ]
}