{
    "GTSRB": [
        {
            "acc/test/GTSRB_epoch": 0.976642906665802,
            "loss/test/GTSRB_epoch": 0.11324610561132431,
            "acc/test/GTSRB": 0.976642906665802,
            "normalized_acc/test/GTSRB": 0.9873529076576233
        }
    ],
    "RenderedSST2": [
        {
            "acc/test/RenderedSST2_epoch": 0.7830862402915955,
            "loss/test/RenderedSST2_epoch": 0.5289265513420105,
            "acc/test/RenderedSST2": 0.7830862402915955,
            "normalized_acc/test/RenderedSST2": 1.0149465799331665
        }
    ],
    "avg": [
        {
            "acc/test/avg": 0.8798645734786987,
            "normalized_acc/test/avg": 1.001149743795395
        }
    ]
}