{
    "PCAM": [
        {
            "acc/test/PCAM_epoch": 0.90020751953125,
            "loss/test/PCAM_epoch": 0.23288843035697937,
            "acc/test/PCAM": 0.90020751953125,
            "normalized_acc/test/PCAM": 1.0146183967590332
        }
    ],
    "EMNIST": [
        {
            "acc/test/EMNIST_epoch": 0.9950000047683716,
            "loss/test/EMNIST_epoch": 0.07931103557348251,
            "acc/test/EMNIST": 0.9950000047683716,
            "normalized_acc/test/EMNIST": 1.000704050064087
        }
    ],
    "avg": [
        {
            "acc/test/avg": 0.9476037621498108,
            "normalized_acc/test/avg": 1.00766122341156
        }
    ]
}