{
    "RESISC45": [
        {
            "acc/test/RESISC45_epoch": 0.9344444274902344,
            "loss/test/RESISC45_epoch": 0.2113206833600998,
            "acc/test/RESISC45": 0.9344444274902344,
            "normalized_acc/test/RESISC45": 0.9666666984558105
        }
    ],
    "STL10": [
        {
            "acc/test/STL10_epoch": 0.9887499809265137,
            "loss/test/STL10_epoch": 0.036527521908283234,
            "acc/test/STL10": 0.9887499809265137,
            "normalized_acc/test/STL10": 1.0008857250213623
        }
    ],
    "avg": [
        {
            "acc/test/avg": 0.961597204208374,
            "normalized_acc/test/avg": 0.9837762117385864
        }
    ]
}