{
    "DTD": [
        {
            "acc/test/DTD_epoch": 0.526063859462738,
            "loss/test/DTD_epoch": 1.6593717336654663,
            "acc/test/DTD": 0.526063859462738,
            "normalized_acc/test/DTD": 0.6347882151603699
        }
    ],
    "FER2013": [
        {
            "acc/test/FER2013_epoch": 0.6256617307662964,
            "loss/test/FER2013_epoch": 1.0486485958099365,
            "acc/test/FER2013": 0.6256617307662964,
            "normalized_acc/test/FER2013": 0.8486394286155701
        }
    ],
    "avg": [
        {
            "acc/test/avg": 0.5758627951145172,
            "normalized_acc/test/avg": 0.74171382188797
        }
    ]
}