{
    "DTD": [
        {
            "acc/test/DTD_epoch": 0.5510638356208801,
            "loss/test/DTD_epoch": 1.5616610050201416,
            "acc/test/DTD": 0.5510638356208801,
            "normalized_acc/test/DTD": 0.6649550795555115
        }
    ],
    "Flowers102": [
        {
            "acc/test/Flowers102_epoch": 0.7620751261711121,
            "loss/test/Flowers102_epoch": 1.031103253364563,
            "acc/test/Flowers102": 0.7620751261711121,
            "normalized_acc/test/Flowers102": 0.8087676763534546
        }
    ],
    "avg": [
        {
            "acc/test/avg": 0.6565694808959961,
            "normalized_acc/test/avg": 0.736861377954483
        }
    ]
}