{
    "EMNIST": [
        {
            "acc/test/EMNIST_epoch": 0.9300000071525574,
            "loss/test/EMNIST_epoch": 0.5325301289558411,
            "acc/test/EMNIST": 0.9300000071525574,
            "normalized_acc/test/EMNIST": 0.935331404209137
        }
    ],
    "KMNIST": [
        {
            "acc/test/KMNIST_epoch": 0.18610000610351562,
            "loss/test/KMNIST_epoch": 2.124943494796753,
            "acc/test/KMNIST": 0.18610000610351562,
            "normalized_acc/test/KMNIST": 0.18922217190265656
        }
    ],
    "avg": [
        {
            "acc/test/avg": 0.5580500066280365,
            "normalized_acc/test/avg": 0.5622767880558968
        }
    ]
}