{
    "PCAM": [
        {
            "acc/test/PCAM_epoch": 0.763397216796875,
            "loss/test/PCAM_epoch": 0.45985278487205505,
            "acc/test/PCAM": 0.763397216796875,
            "normalized_acc/test/PCAM": 0.8604203462600708
        }
    ],
    "CIFAR10": [
        {
            "acc/test/CIFAR10_epoch": 0.9624000191688538,
            "loss/test/CIFAR10_epoch": 0.12242548912763596,
            "acc/test/CIFAR10": 0.9624000191688538,
            "normalized_acc/test/CIFAR10": 0.9804401397705078
        }
    ],
    "avg": [
        {
            "acc/test/avg": 0.8628986179828644,
            "normalized_acc/test/avg": 0.9204302430152893
        }
    ]
}