{
    "EuroSAT": [
        {
            "acc/test/EuroSAT_epoch": 0.8633333444595337,
            "loss/test/EuroSAT_epoch": 0.5760758519172668,
            "acc/test/EuroSAT": 0.8633333444595337,
            "normalized_acc/test/EuroSAT": 0.8714019060134888
        }
    ],
    "SVHN": [
        {
            "acc/test/SVHN_epoch": 0.8232175707817078,
            "loss/test/SVHN_epoch": 0.8294981718063354,
            "acc/test/SVHN": 0.8232175707817078,
            "normalized_acc/test/SVHN": 0.8444321751594543
        }
    ],
    "avg": [
        {
            "acc/test/avg": 0.8432754576206207,
            "normalized_acc/test/avg": 0.8579170405864716
        }
    ]
}