{
    "Flowers102": [
        {
            "acc/test/Flowers102_epoch": 0.7438607811927795,
            "loss/test/Flowers102_epoch": 1.0917134284973145,
            "acc/test/Flowers102": 0.7438607811927795,
            "normalized_acc/test/Flowers102": 0.7894372940063477
        }
    ],
    "KMNIST": [
        {
            "acc/test/KMNIST_epoch": 0.1720999926328659,
            "loss/test/KMNIST_epoch": 2.1612496376037598,
            "acc/test/KMNIST": 0.1720999926328659,
            "normalized_acc/test/KMNIST": 0.1749872863292694
        }
    ],
    "avg": [
        {
            "acc/test/avg": 0.4579803869128227,
            "normalized_acc/test/avg": 0.48221229016780853
        }
    ]
}