{
    "Food101": [
        {
            "acc/test/Food101_epoch": 0.904792070388794,
            "loss/test/Food101_epoch": 0.32657626271247864,
            "acc/test/Food101": 0.904792070388794,
            "normalized_acc/test/Food101": 0.9953816533088684
        }
    ],
    "EMNIST": [
        {
            "acc/test/EMNIST_epoch": 0.9282000064849854,
            "loss/test/EMNIST_epoch": 0.6257251501083374,
            "acc/test/EMNIST": 0.9282000064849854,
            "normalized_acc/test/EMNIST": 0.9335210919380188
        }
    ],
    "avg": [
        {
            "acc/test/avg": 0.9164960384368896,
            "normalized_acc/test/avg": 0.9644513726234436
        }
    ]
}