{
    "FashionMNIST": [
        {
            "acc/test/FashionMNIST_epoch": 0.8507999777793884,
            "loss/test/FashionMNIST_epoch": 0.43871235847473145,
            "acc/test/FashionMNIST": 0.8507999777793884,
            "normalized_acc/test/FashionMNIST": 0.8936974406242371
        }
    ],
    "RenderedSST2": [
        {
            "acc/test/RenderedSST2_epoch": 0.6974189877510071,
            "loss/test/RenderedSST2_epoch": 0.5891958475112915,
            "acc/test/RenderedSST2": 0.6974189877510071,
            "normalized_acc/test/RenderedSST2": 0.9039145708084106
        }
    ],
    "avg": [
        {
            "acc/test/avg": 0.7741094827651978,
            "normalized_acc/test/avg": 0.8988060057163239
        }
    ]
}