{
    "SVHN": [
        {
            "acc/test/SVHN_epoch": 0.8118853569030762,
            "loss/test/SVHN_epoch": 0.8675054907798767,
            "acc/test/SVHN": 0.8118853569030762,
            "normalized_acc/test/SVHN": 0.8328079581260681
        }
    ],
    "CIFAR10": [
        {
            "acc/test/CIFAR10_epoch": 0.9635999798774719,
            "loss/test/CIFAR10_epoch": 0.11869712173938751,
            "acc/test/CIFAR10": 0.9635999798774719,
            "normalized_acc/test/CIFAR10": 0.9816625714302063
        }
    ],
    "avg": [
        {
            "acc/test/avg": 0.887742668390274,
            "normalized_acc/test/avg": 0.9072352647781372
        }
    ]
}