{
    "PCAM": [
        {
            "acc/test/PCAM_epoch": 0.74700927734375,
            "loss/test/PCAM_epoch": 0.4755471646785736,
            "acc/test/PCAM": 0.74700927734375,
            "normalized_acc/test/PCAM": 0.8419495820999146
        }
    ],
    "OxfordIIITPet": [
        {
            "acc/test/OxfordIIITPet_epoch": 0.9100572466850281,
            "loss/test/OxfordIIITPet_epoch": 0.26982492208480835,
            "acc/test/OxfordIIITPet": 0.9100572466850281,
            "normalized_acc/test/OxfordIIITPet": 0.9575566053390503
        }
    ],
    "avg": [
        {
            "acc/test/avg": 0.828533262014389,
            "normalized_acc/test/avg": 0.8997530937194824
        }
    ]
}