{
    "CIFAR10": [
        {
            "acc/test/CIFAR10_epoch": 0.9659000039100647,
            "loss/test/CIFAR10_epoch": 0.11173538863658905,
            "acc/test/CIFAR10": 0.9659000039100647,
            "normalized_acc/test/CIFAR10": 0.9840057492256165
        }
    ],
    "EMNIST": [
        {
            "acc/test/EMNIST_epoch": 0.9325000047683716,
            "loss/test/EMNIST_epoch": 0.5213359594345093,
            "acc/test/EMNIST": 0.9325000047683716,
            "normalized_acc/test/EMNIST": 0.9378457069396973
        }
    ],
    "avg": [
        {
            "acc/test/avg": 0.9492000043392181,
            "normalized_acc/test/avg": 0.9609257280826569
        }
    ]
}