{
    "FER2013": [
        {
            "acc/test/FER2013_epoch": 0.6025355458259583,
            "loss/test/FER2013_epoch": 1.104079246520996,
            "acc/test/FER2013": 0.6025355458259583,
            "normalized_acc/test/FER2013": 0.8172714114189148
        }
    ],
    "CIFAR10": [
        {
            "acc/test/CIFAR10_epoch": 0.9631999731063843,
            "loss/test/CIFAR10_epoch": 0.11976988613605499,
            "acc/test/CIFAR10": 0.9631999731063843,
            "normalized_acc/test/CIFAR10": 0.981255054473877
        }
    ],
    "avg": [
        {
            "acc/test/avg": 0.7828677594661713,
            "normalized_acc/test/avg": 0.8992632329463959
        }
    ]
}