{
    "RESISC45": [
        {
            "acc/test/RESISC45_epoch": 0.818412721157074,
            "loss/test/RESISC45_epoch": 0.5664495229721069,
            "acc/test/RESISC45": 0.818412721157074,
            "normalized_acc/test/RESISC45": 0.8466338515281677
        }
    ],
    "STL10": [
        {
            "acc/test/STL10_epoch": 0.9865000247955322,
            "loss/test/STL10_epoch": 0.04959820210933685,
            "acc/test/STL10": 0.9865000247955322,
            "normalized_acc/test/STL10": 0.9986081719398499
        }
    ],
    "avg": [
        {
            "acc/test/avg": 0.9024563729763031,
            "normalized_acc/test/avg": 0.9226210117340088
        }
    ]
}