{
    "Food101": [
        {
            "acc/test/Food101_epoch": 0.9055445790290833,
            "loss/test/Food101_epoch": 0.3241494596004486,
            "acc/test/Food101": 0.9055445790290833,
            "normalized_acc/test/Food101": 0.9962095022201538
        }
    ],
    "FashionMNIST": [
        {
            "acc/test/FashionMNIST_epoch": 0.8400999903678894,
            "loss/test/FashionMNIST_epoch": 0.4710147976875305,
            "acc/test/FashionMNIST": 0.8400999903678894,
            "normalized_acc/test/FashionMNIST": 0.882457971572876
        }
    ],
    "avg": [
        {
            "acc/test/avg": 0.8728222846984863,
            "normalized_acc/test/avg": 0.9393337368965149
        }
    ]
}