{
    "SVHN": [
        {
            "acc/test/SVHN_epoch": 0.8460356593132019,
            "loss/test/SVHN_epoch": 0.6344295740127563,
            "acc/test/SVHN": 0.8460356593132019,
            "normalized_acc/test/SVHN": 0.8678383231163025
        }
    ],
    "MNIST": [
        {
            "acc/test/MNIST_epoch": 0.9708999991416931,
            "loss/test/MNIST_epoch": 0.31153416633605957,
            "acc/test/MNIST": 0.9708999991416931,
            "normalized_acc/test/MNIST": 0.974310040473938
        }
    ],
    "avg": [
        {
            "acc/test/avg": 0.9084678292274475,
            "normalized_acc/test/avg": 0.9210741817951202
        }
    ]
}