{
    "SUN397": [
        {
            "acc/test/SUN397_epoch": 0.6960705518722534,
            "loss/test/SUN397_epoch": 1.0393344163894653,
            "acc/test/SUN397": 0.6960705518722534,
            "normalized_acc/test/SUN397": 0.882762610912323
        }
    ],
    "KMNIST": [
        {
            "acc/test/KMNIST_epoch": 0.17409999668598175,
            "loss/test/KMNIST_epoch": 2.168224334716797,
            "acc/test/KMNIST": 0.17409999668598175,
            "normalized_acc/test/KMNIST": 0.1770208328962326
        }
    ],
    "avg": [
        {
            "acc/test/avg": 0.4350852742791176,
            "normalized_acc/test/avg": 0.5298917219042778
        }
    ]
}