{
    "GTSRB": [
        {
            "acc/test/GTSRB_epoch": 0.6543943285942078,
            "loss/test/GTSRB_epoch": 1.246840000152588,
            "acc/test/GTSRB": 0.6543943285942078,
            "normalized_acc/test/GTSRB": 0.6615705490112305
        }
    ],
    "FashionMNIST": [
        {
            "acc/test/FashionMNIST_epoch": 0.8499000072479248,
            "loss/test/FashionMNIST_epoch": 0.4364860951900482,
            "acc/test/FashionMNIST": 0.8499000072479248,
            "normalized_acc/test/FashionMNIST": 0.8927521109580994
        }
    ],
    "avg": [
        {
            "acc/test/avg": 0.7521471679210663,
            "normalized_acc/test/avg": 0.7771613299846649
        }
    ]
}