{
    "Flowers102": [
        {
            "acc/test/Flowers102_epoch": 0.7461375594139099,
            "loss/test/Flowers102_epoch": 1.1103932857513428,
            "acc/test/Flowers102": 0.7461375594139099,
            "normalized_acc/test/Flowers102": 0.7918536067008972
        }
    ],
    "CIFAR10": [
        {
            "acc/test/CIFAR10_epoch": 0.9678999781608582,
            "loss/test/CIFAR10_epoch": 0.10874394327402115,
            "acc/test/CIFAR10": 0.9678999781608582,
            "normalized_acc/test/CIFAR10": 0.9860432147979736
        }
    ],
    "avg": [
        {
            "acc/test/avg": 0.857018768787384,
            "normalized_acc/test/avg": 0.8889484107494354
        }
    ]
}