{
    "Cars": [
        {
            "acc/test/Cars_epoch": 0.7261534929275513,
            "loss/test/Cars_epoch": 0.7691164612770081,
            "acc/test/Cars": 0.7261534929275513,
            "normalized_acc/test/Cars": 0.846354603767395
        }
    ],
    "KMNIST": [
        {
            "acc/test/KMNIST_epoch": 0.1662999987602234,
            "loss/test/KMNIST_epoch": 2.1848936080932617,
            "acc/test/KMNIST": 0.1662999987602234,
            "normalized_acc/test/KMNIST": 0.16908998787403107
        }
    ],
    "avg": [
        {
            "acc/test/avg": 0.44622674584388733,
            "normalized_acc/test/avg": 0.507722295820713
        }
    ]
}