{
    "STL10": [
        {
            "acc/test/STL10_epoch": 0.9860000014305115,
            "loss/test/STL10_epoch": 0.05649930611252785,
            "acc/test/STL10": 0.9860000014305115,
            "normalized_acc/test/STL10": 0.9981020092964172
        }
    ],
    "KMNIST": [
        {
            "acc/test/KMNIST_epoch": 0.17249999940395355,
            "loss/test/KMNIST_epoch": 2.1695480346679688,
            "acc/test/KMNIST": 0.17249999940395355,
            "normalized_acc/test/KMNIST": 0.1753939986228943
        }
    ],
    "avg": [
        {
            "acc/test/avg": 0.5792500004172325,
            "normalized_acc/test/avg": 0.5867480039596558
        }
    ]
}