{
    "SVHN": [
        {
            "acc/test/SVHN_epoch": 0.8185310363769531,
            "loss/test/SVHN_epoch": 0.8218032121658325,
            "acc/test/SVHN": 0.8185310363769531,
            "normalized_acc/test/SVHN": 0.8396248817443848
        }
    ],
    "KMNIST": [
        {
            "acc/test/KMNIST_epoch": 0.1550000011920929,
            "loss/test/KMNIST_epoch": 2.194951057434082,
            "acc/test/KMNIST": 0.1550000011920929,
            "normalized_acc/test/KMNIST": 0.15760040283203125
        }
    ],
    "avg": [
        {
            "acc/test/avg": 0.486765518784523,
            "normalized_acc/test/avg": 0.498612642288208
        }
    ]
}