{
    "FER2013": [
        {
            "acc/test/FER2013_epoch": 0.6054611206054688,
            "loss/test/FER2013_epoch": 1.0887161493301392,
            "acc/test/FER2013": 0.6054611206054688,
            "normalized_acc/test/FER2013": 0.8212395906448364
        }
    ],
    "EMNIST": [
        {
            "acc/test/EMNIST_epoch": 0.9358999729156494,
            "loss/test/EMNIST_epoch": 0.48113760352134705,
            "acc/test/EMNIST": 0.9358999729156494,
            "normalized_acc/test/EMNIST": 0.9412651658058167
        }
    ],
    "avg": [
        {
            "acc/test/avg": 0.7706805467605591,
            "normalized_acc/test/avg": 0.8812523782253265
        }
    ]
}