{
    "PCAM": [
        {
            "acc/test/PCAM_epoch": 0.75799560546875,
            "loss/test/PCAM_epoch": 0.4655550718307495,
            "acc/test/PCAM": 0.75799560546875,
            "normalized_acc/test/PCAM": 0.8543322086334229
        }
    ],
    "RenderedSST2": [
        {
            "acc/test/RenderedSST2_epoch": 0.6935749650001526,
            "loss/test/RenderedSST2_epoch": 0.5906121730804443,
            "acc/test/RenderedSST2": 0.6935749650001526,
            "normalized_acc/test/RenderedSST2": 0.8989323973655701
        }
    ],
    "avg": [
        {
            "acc/test/avg": 0.7257852852344513,
            "normalized_acc/test/avg": 0.8766323029994965
        }
    ]
}