{
    "GTSRB": [
        {
            "acc/test/GTSRB_epoch": 0.7107679843902588,
            "loss/test/GTSRB_epoch": 1.0831941366195679,
            "acc/test/GTSRB": 0.7107679843902588,
            "normalized_acc/test/GTSRB": 0.7185623645782471
        }
    ],
    "STL10": [
        {
            "acc/test/STL10_epoch": 0.984624981880188,
            "loss/test/STL10_epoch": 0.056993674486875534,
            "acc/test/STL10": 0.984624981880188,
            "normalized_acc/test/STL10": 0.9967101216316223
        }
    ],
    "avg": [
        {
            "acc/test/avg": 0.8476964831352234,
            "normalized_acc/test/avg": 0.8576362431049347
        }
    ]
}