{
    "CIFAR100": [
        {
            "acc/test/CIFAR100_epoch": 0.7954999804496765,
            "loss/test/CIFAR100_epoch": 0.7419472932815552,
            "acc/test/CIFAR100": 0.7954999804496765,
            "normalized_acc/test/CIFAR100": 0.8911167979240417
        }
    ],
    "EMNIST": [
        {
            "acc/test/EMNIST_epoch": 0.9298999905586243,
            "loss/test/EMNIST_epoch": 0.49157407879829407,
            "acc/test/EMNIST": 0.9298999905586243,
            "normalized_acc/test/EMNIST": 0.9352307915687561
        }
    ],
    "avg": [
        {
            "acc/test/avg": 0.8626999855041504,
            "normalized_acc/test/avg": 0.9131737947463989
        }
    ]
}