{
    "SUN397": [
        {
            "acc/test/SUN397_epoch": 0.7009068131446838,
            "loss/test/SUN397_epoch": 1.016066312789917,
            "acc/test/SUN397": 0.7009068131446838,
            "normalized_acc/test/SUN397": 0.8888960480690002
        }
    ],
    "RenderedSST2": [
        {
            "acc/test/RenderedSST2_epoch": 0.6974189877510071,
            "loss/test/RenderedSST2_epoch": 0.5830513834953308,
            "acc/test/RenderedSST2": 0.6974189877510071,
            "normalized_acc/test/RenderedSST2": 0.9039145708084106
        }
    ],
    "avg": [
        {
            "acc/test/avg": 0.6991629004478455,
            "normalized_acc/test/avg": 0.8964053094387054
        }
    ]
}