{
    "CIFAR10": [
        {
            "acc/test/CIFAR10_epoch": 0.9656000137329102,
            "loss/test/CIFAR10_epoch": 0.11705908179283142,
            "acc/test/CIFAR10": 0.9656000137329102,
            "normalized_acc/test/CIFAR10": 0.9837000966072083
        }
    ],
    "EMNIST": [
        {
            "acc/test/EMNIST_epoch": 0.9390000104904175,
            "loss/test/EMNIST_epoch": 0.519827663898468,
            "acc/test/EMNIST": 0.9390000104904175,
            "normalized_acc/test/EMNIST": 0.9443829655647278
        }
    ],
    "avg": [
        {
            "acc/test/avg": 0.9523000121116638,
            "normalized_acc/test/avg": 0.964041531085968
        }
    ]
}