{
    "DTD": [
        {
            "acc/test/DTD_epoch": 0.5547872185707092,
            "loss/test/DTD_epoch": 1.5611422061920166,
            "acc/test/DTD": 0.5547872185707092,
            "normalized_acc/test/DTD": 0.6694479584693909
        }
    ],
    "Flowers102": [
        {
            "acc/test/Flowers102_epoch": 0.7609367370605469,
            "loss/test/Flowers102_epoch": 1.0333179235458374,
            "acc/test/Flowers102": 0.7609367370605469,
            "normalized_acc/test/Flowers102": 0.8075595498085022
        }
    ],
    "avg": [
        {
            "acc/test/avg": 0.657861977815628,
            "normalized_acc/test/avg": 0.7385037541389465
        }
    ]
}