{
    "Food101": [
        {
            "acc/test/Food101_epoch": 0.9039207696914673,
            "loss/test/Food101_epoch": 0.32832416892051697,
            "acc/test/Food101": 0.9039207696914673,
            "normalized_acc/test/Food101": 0.9944231510162354
        }
    ],
    "KMNIST": [
        {
            "acc/test/KMNIST_epoch": 0.14339999854564667,
            "loss/test/KMNIST_epoch": 2.224944829940796,
            "acc/test/KMNIST": 0.14339999854564667,
            "normalized_acc/test/KMNIST": 0.14580579102039337
        }
    ],
    "avg": [
        {
            "acc/test/avg": 0.523660384118557,
            "normalized_acc/test/avg": 0.5701144710183144
        }
    ]
}