{
    "OxfordIIITPet": [
        {
            "acc/test/OxfordIIITPet_epoch": 0.9114199876785278,
            "loss/test/OxfordIIITPet_epoch": 0.2552340626716614,
            "acc/test/OxfordIIITPet": 0.9114199876785278,
            "normalized_acc/test/OxfordIIITPet": 0.9589905142784119
        }
    ],
    "Food101": [
        {
            "acc/test/Food101_epoch": 0.9072871208190918,
            "loss/test/Food101_epoch": 0.3177098035812378,
            "acc/test/Food101": 0.9072871208190918,
            "normalized_acc/test/Food101": 0.9981265068054199
        }
    ],
    "avg": [
        {
            "acc/test/avg": 0.9093535542488098,
            "normalized_acc/test/avg": 0.9785585105419159
        }
    ]
}