{
    "Cars": [
        {
            "acc/test/Cars_epoch": 0.729138195514679,
            "loss/test/Cars_epoch": 0.7696177363395691,
            "acc/test/Cars": 0.729138195514679,
            "normalized_acc/test/Cars": 0.8498333096504211
        }
    ],
    "RESISC45": [
        {
            "acc/test/RESISC45_epoch": 0.8006349205970764,
            "loss/test/RESISC45_epoch": 0.6246991753578186,
            "acc/test/RESISC45": 0.8006349205970764,
            "normalized_acc/test/RESISC45": 0.8282430171966553
        }
    ],
    "avg": [
        {
            "acc/test/avg": 0.7648865580558777,
            "normalized_acc/test/avg": 0.8390381634235382
        }
    ]
}