{
    "EuroSAT": [
        {
            "acc/test/EuroSAT_epoch": 0.8933333158493042,
            "loss/test/EuroSAT_epoch": 0.4399442970752716,
            "acc/test/EuroSAT": 0.8933333158493042,
            "normalized_acc/test/EuroSAT": 0.9016822576522827
        }
    ],
    "CIFAR100": [
        {
            "acc/test/CIFAR100_epoch": 0.8012999892234802,
            "loss/test/CIFAR100_epoch": 0.7204678654670715,
            "acc/test/CIFAR100": 0.8012999892234802,
            "normalized_acc/test/CIFAR100": 0.8976139426231384
        }
    ],
    "avg": [
        {
            "acc/test/avg": 0.8473166525363922,
            "normalized_acc/test/avg": 0.8996481001377106
        }
    ]
}