{
    "MNIST": [
        {
            "acc/test/MNIST_epoch": 0.9599999785423279,
            "loss/test/MNIST_epoch": 0.569602906703949,
            "acc/test/MNIST": 0.9599999785423279,
            "normalized_acc/test/MNIST": 0.963371753692627
        }
    ],
    "Food101": [
        {
            "acc/test/Food101_epoch": 0.9039604067802429,
            "loss/test/Food101_epoch": 0.3302593231201172,
            "acc/test/Food101": 0.9039604067802429,
            "normalized_acc/test/Food101": 0.9944667220115662
        }
    ],
    "avg": [
        {
            "acc/test/avg": 0.9319801926612854,
            "normalized_acc/test/avg": 0.9789192378520966
        }
    ]
}