{
    "Cars": [
        {
            "acc/test/Cars_epoch": 0.7200596928596497,
            "loss/test/Cars_epoch": 0.7966235876083374,
            "acc/test/Cars": 0.7200596928596497,
            "normalized_acc/test/Cars": 0.8392520546913147
        }
    ],
    "PCAM": [
        {
            "acc/test/PCAM_epoch": 0.760162353515625,
            "loss/test/PCAM_epoch": 0.4656221866607666,
            "acc/test/PCAM": 0.760162353515625,
            "normalized_acc/test/PCAM": 0.8567743301391602
        }
    ],
    "avg": [
        {
            "acc/test/avg": 0.7401110231876373,
            "normalized_acc/test/avg": 0.8480131924152374
        }
    ]
}