{
    "MNIST": [
        {
            "acc/test/MNIST_epoch": 0.9955000281333923,
            "loss/test/MNIST_epoch": 0.036451324820518494,
            "acc/test/MNIST": 0.9955000281333923,
            "normalized_acc/test/MNIST": 0.9989964962005615
        }
    ],
    "EMNIST": [
        {
            "acc/test/EMNIST_epoch": 0.9973999857902527,
            "loss/test/EMNIST_epoch": 0.04279458895325661,
            "acc/test/EMNIST": 0.9973999857902527,
            "normalized_acc/test/EMNIST": 1.0031177997589111
        }
    ],
    "avg": [
        {
            "acc/test/avg": 0.9964500069618225,
            "normalized_acc/test/avg": 1.0010571479797363
        }
    ]
}