{
    "RESISC45": [
        {
            "acc/test/RESISC45_epoch": 0.9020634889602661,
            "loss/test/RESISC45_epoch": 0.31777557730674744,
            "acc/test/RESISC45": 0.9020634889602661,
            "normalized_acc/test/RESISC45": 0.9331691265106201
        }
    ],
    "DTD": [
        {
            "acc/test/DTD_epoch": 0.6202127933502197,
            "loss/test/DTD_epoch": 1.3277263641357422,
            "acc/test/DTD": 0.6202127933502197,
            "normalized_acc/test/DTD": 0.7483953833580017
        }
    ],
    "avg": [
        {
            "acc/test/avg": 0.7611381411552429,
            "normalized_acc/test/avg": 0.8407822549343109
        }
    ]
}