{
    "Cars": [
        {
            "acc/test/Cars_epoch": 0.7729138135910034,
            "loss/test/Cars_epoch": 0.6624898314476013,
            "acc/test/Cars": 0.7729138135910034,
            "normalized_acc/test/Cars": 0.9008551836013794
        }
    ],
    "STL10": [
        {
            "acc/test/STL10_epoch": 0.9882500171661377,
            "loss/test/STL10_epoch": 0.039831336587667465,
            "acc/test/STL10": 0.9882500171661377,
            "normalized_acc/test/STL10": 1.0003796815872192
        }
    ],
    "avg": [
        {
            "acc/test/avg": 0.8805819153785706,
            "normalized_acc/test/avg": 0.9506174325942993
        }
    ]
}