{
    "EMNIST": [
        {
            "acc/test/EMNIST_epoch": 0.9902999997138977,
            "loss/test/EMNIST_epoch": 0.11917848885059357,
            "acc/test/EMNIST": 0.9902999997138977,
            "normalized_acc/test/EMNIST": 0.9959770441055298
        }
    ],
    "RenderedSST2": [
        {
            "acc/test/RenderedSST2_epoch": 0.7331136465072632,
            "loss/test/RenderedSST2_epoch": 0.5248050689697266,
            "acc/test/RenderedSST2": 0.7331136465072632,
            "normalized_acc/test/RenderedSST2": 0.9501778483390808
        }
    ],
    "avg": [
        {
            "acc/test/avg": 0.8617068231105804,
            "normalized_acc/test/avg": 0.9730774462223053
        }
    ]
}