{
    "GTSRB": [
        {
            "acc/test/GTSRB_epoch": 0.8942201137542725,
            "loss/test/GTSRB_epoch": 0.4968002438545227,
            "acc/test/GTSRB": 0.8942201137542725,
            "normalized_acc/test/GTSRB": 0.9040262699127197
        }
    ],
    "STL10": [
        {
            "acc/test/STL10_epoch": 0.9862499833106995,
            "loss/test/STL10_epoch": 0.047900035977363586,
            "acc/test/STL10": 0.9862499833106995,
            "normalized_acc/test/STL10": 0.9983550310134888
        }
    ],
    "avg": [
        {
            "acc/test/avg": 0.940235048532486,
            "normalized_acc/test/avg": 0.9511906504631042
        }
    ]
}