{
    "PCAM": [
        {
            "acc/test/PCAM_epoch": 0.882232666015625,
            "loss/test/PCAM_epoch": 0.2861575484275818,
            "acc/test/PCAM": 0.882232666015625,
            "normalized_acc/test/PCAM": 0.994359016418457
        }
    ],
    "KMNIST": [
        {
            "acc/test/KMNIST_epoch": 0.35109999775886536,
            "loss/test/KMNIST_epoch": 1.8916386365890503,
            "acc/test/KMNIST": 0.35109999775886536,
            "normalized_acc/test/KMNIST": 0.35699033737182617
        }
    ],
    "avg": [
        {
            "acc/test/avg": 0.6166663318872452,
            "normalized_acc/test/avg": 0.6756746768951416
        }
    ]
}