{
    "Cars": [
        {
            "acc/test/Cars_epoch": 0.7766447067260742,
            "loss/test/Cars_epoch": 0.6472830176353455,
            "acc/test/Cars": 0.7766447067260742,
            "normalized_acc/test/Cars": 0.905203640460968
        }
    ],
    "FashionMNIST": [
        {
            "acc/test/FashionMNIST_epoch": 0.9010999798774719,
            "loss/test/FashionMNIST_epoch": 0.28162115812301636,
            "acc/test/FashionMNIST": 0.9010999798774719,
            "normalized_acc/test/FashionMNIST": 0.9465335607528687
        }
    ],
    "avg": [
        {
            "acc/test/avg": 0.8388723433017731,
            "normalized_acc/test/avg": 0.9258686006069183
        }
    ]
}