{
    "FashionMNIST": [
        {
            "acc/test/FashionMNIST_epoch": 0.8978000283241272,
            "loss/test/FashionMNIST_epoch": 0.29169657826423645,
            "acc/test/FashionMNIST": 0.8978000283241272,
            "normalized_acc/test/FashionMNIST": 0.9430672526359558
        }
    ],
    "RenderedSST2": [
        {
            "acc/test/RenderedSST2_epoch": 0.7446457743644714,
            "loss/test/RenderedSST2_epoch": 0.5225754380226135,
            "acc/test/RenderedSST2": 0.7446457743644714,
            "normalized_acc/test/RenderedSST2": 0.9651244878768921
        }
    ],
    "avg": [
        {
            "acc/test/avg": 0.8212229013442993,
            "normalized_acc/test/avg": 0.954095870256424
        }
    ]
}