{
    "FER2013": [
        {
            "acc/test/FER2013_epoch": 0.6802730560302734,
            "loss/test/FER2013_epoch": 0.9051743149757385,
            "acc/test/FER2013": 0.6802730560302734,
            "normalized_acc/test/FER2013": 0.9227135181427002
        }
    ],
    "OxfordIIITPet": [
        {
            "acc/test/OxfordIIITPet_epoch": 0.9384028315544128,
            "loss/test/OxfordIIITPet_epoch": 0.1840021312236786,
            "acc/test/OxfordIIITPet": 0.9384028315544128,
            "normalized_acc/test/OxfordIIITPet": 0.9873816967010498
        }
    ],
    "avg": [
        {
            "acc/test/avg": 0.8093379437923431,
            "normalized_acc/test/avg": 0.955047607421875
        }
    ]
}