{
    "Cars": [
        {
            "acc/test/Cars_epoch": 0.7666956782341003,
            "loss/test/Cars_epoch": 0.6754357218742371,
            "acc/test/Cars": 0.7666956782341003,
            "normalized_acc/test/Cars": 0.8936077356338501
        }
    ],
    "PCAM": [
        {
            "acc/test/PCAM_epoch": 0.893951416015625,
            "loss/test/PCAM_epoch": 0.2740895450115204,
            "acc/test/PCAM": 0.893951416015625,
            "normalized_acc/test/PCAM": 1.0075671672821045
        }
    ],
    "avg": [
        {
            "acc/test/avg": 0.8303235471248627,
            "normalized_acc/test/avg": 0.9505874514579773
        }
    ]
}