{
    "EuroSAT": [
        {
            "acc/test/EuroSAT_epoch": 0.9718518257141113,
            "loss/test/EuroSAT_epoch": 0.1214015930891037,
            "acc/test/EuroSAT": 0.9718518257141113,
            "normalized_acc/test/EuroSAT": 0.9809345602989197
        }
    ],
    "OxfordIIITPet": [
        {
            "acc/test/OxfordIIITPet_epoch": 0.9354047179222107,
            "loss/test/OxfordIIITPet_epoch": 0.19359079003334045,
            "acc/test/OxfordIIITPet": 0.9354047179222107,
            "normalized_acc/test/OxfordIIITPet": 0.9842270612716675
        }
    ],
    "avg": [
        {
            "acc/test/avg": 0.953628271818161,
            "normalized_acc/test/avg": 0.9825808107852936
        }
    ]
}