{
    "GTSRB": [
        {
            "acc/test/GTSRB_epoch": 0.9102137684822083,
            "loss/test/GTSRB_epoch": 0.4101589620113373,
            "acc/test/GTSRB": 0.9102137684822083,
            "normalized_acc/test/GTSRB": 0.9201953411102295
        }
    ],
    "DTD": [
        {
            "acc/test/DTD_epoch": 0.6303191781044006,
            "loss/test/DTD_epoch": 1.3001168966293335,
            "acc/test/DTD": 0.6303191781044006,
            "normalized_acc/test/DTD": 0.7605904936790466
        }
    ],
    "avg": [
        {
            "acc/test/avg": 0.7702664732933044,
            "normalized_acc/test/avg": 0.8403929173946381
        }
    ]
}