{
    "EuroSAT": [
        {
            "acc/test/EuroSAT_epoch": 0.9688888788223267,
            "loss/test/EuroSAT_epoch": 0.1368686556816101,
            "acc/test/EuroSAT": 0.9688888788223267,
            "normalized_acc/test/EuroSAT": 0.9779439568519592
        }
    ],
    "FER2013": [
        {
            "acc/test/FER2013_epoch": 0.6692671775817871,
            "loss/test/FER2013_epoch": 0.9301248788833618,
            "acc/test/FER2013": 0.6692671775817871,
            "normalized_acc/test/FER2013": 0.9077852964401245
        }
    ],
    "avg": [
        {
            "acc/test/avg": 0.8190780282020569,
            "normalized_acc/test/avg": 0.9428646266460419
        }
    ]
}