{
    "RESISC45": [
        {
            "acc/test/RESISC45_epoch": 0.8798412680625916,
            "loss/test/RESISC45_epoch": 0.3865801692008972,
            "acc/test/RESISC45": 0.8798412680625916,
            "normalized_acc/test/RESISC45": 0.9101806282997131
        }
    ],
    "EuroSAT": [
        {
            "acc/test/EuroSAT_epoch": 0.9666666388511658,
            "loss/test/EuroSAT_epoch": 0.1258128434419632,
            "acc/test/EuroSAT": 0.9666666388511658,
            "normalized_acc/test/EuroSAT": 0.9757009148597717
        }
    ],
    "avg": [
        {
            "acc/test/avg": 0.9232539534568787,
            "normalized_acc/test/avg": 0.9429407715797424
        }
    ]
}