{
    "SUN397": [
        {
            "acc/test/SUN397_epoch": 0.7309823632240295,
            "loss/test/SUN397_epoch": 0.9247798919677734,
            "acc/test/SUN397": 0.7309823632240295,
            "normalized_acc/test/SUN397": 0.9270380735397339
        }
    ],
    "CIFAR10": [
        {
            "acc/test/CIFAR10_epoch": 0.9775999784469604,
            "loss/test/CIFAR10_epoch": 0.07430282235145569,
            "acc/test/CIFAR10": 0.9775999784469604,
            "normalized_acc/test/CIFAR10": 0.9959250092506409
        }
    ],
    "avg": [
        {
            "acc/test/avg": 0.854291170835495,
            "normalized_acc/test/avg": 0.9614815413951874
        }
    ]
}