{
    "SVHN": [
        {
            "acc/test/SVHN_epoch": 0.9215964674949646,
            "loss/test/SVHN_epoch": 0.3442539572715759,
            "acc/test/SVHN": 0.9215964674949646,
            "normalized_acc/test/SVHN": 0.9453463554382324
        }
    ],
    "KMNIST": [
        {
            "acc/test/KMNIST_epoch": 0.4936999976634979,
            "loss/test/KMNIST_epoch": 1.6425117254257202,
            "acc/test/KMNIST": 0.4936999976634979,
            "normalized_acc/test/KMNIST": 0.5019826889038086
        }
    ],
    "avg": [
        {
            "acc/test/avg": 0.7076482325792313,
            "normalized_acc/test/avg": 0.7236645221710205
        }
    ]
}