{
    "STL10": [
        {
            "acc/test/STL10_epoch": 0.9869999885559082,
            "loss/test/STL10_epoch": 0.04275218024849892,
            "acc/test/STL10": 0.9869999885559082,
            "normalized_acc/test/STL10": 0.9991142749786377
        }
    ],
    "CIFAR100": [
        {
            "acc/test/CIFAR100_epoch": 0.8357999920845032,
            "loss/test/CIFAR100_epoch": 0.5949589014053345,
            "acc/test/CIFAR100": 0.8357999920845032,
            "normalized_acc/test/CIFAR100": 0.9362607598304749
        }
    ],
    "avg": [
        {
            "acc/test/avg": 0.9113999903202057,
            "normalized_acc/test/avg": 0.9676875174045563
        }
    ]
}