{
    "MNIST": [
        {
            "acc/test/MNIST_epoch": 0.9872999787330627,
            "loss/test/MNIST_epoch": 0.13764336705207825,
            "acc/test/MNIST": 0.9872999787330627,
            "normalized_acc/test/MNIST": 0.9907676577568054
        }
    ],
    "FashionMNIST": [
        {
            "acc/test/FashionMNIST_epoch": 0.8766999840736389,
            "loss/test/FashionMNIST_epoch": 0.3631124496459961,
            "acc/test/FashionMNIST": 0.8766999840736389,
            "normalized_acc/test/FashionMNIST": 0.9209033250808716
        }
    ],
    "avg": [
        {
            "acc/test/avg": 0.9319999814033508,
            "normalized_acc/test/avg": 0.9558354914188385
        }
    ]
}