{
    "PCAM": [
        {
            "acc/test/PCAM_epoch": 0.728363037109375,
            "loss/test/PCAM_epoch": 0.5032913088798523,
            "acc/test/PCAM": 0.728363037109375,
            "normalized_acc/test/PCAM": 0.8209335207939148
        }
    ],
    "FER2013": [
        {
            "acc/test/FER2013_epoch": 0.6118695735931396,
            "loss/test/FER2013_epoch": 1.1227694749832153,
            "acc/test/FER2013": 0.6118695735931396,
            "normalized_acc/test/FER2013": 0.829931914806366
        }
    ],
    "avg": [
        {
            "acc/test/avg": 0.6701163053512573,
            "normalized_acc/test/avg": 0.8254327178001404
        }
    ]
}