{
    "EuroSAT": [
        {
            "acc/test/EuroSAT_epoch": 0.9274073839187622,
            "loss/test/EuroSAT_epoch": 0.35244861245155334,
            "acc/test/EuroSAT": 0.9274073839187622,
            "normalized_acc/test/EuroSAT": 0.9360747933387756
        }
    ],
    "OxfordIIITPet": [
        {
            "acc/test/OxfordIIITPet_epoch": 0.9111474752426147,
            "loss/test/OxfordIIITPet_epoch": 0.25177663564682007,
            "acc/test/OxfordIIITPet": 0.9111474752426147,
            "normalized_acc/test/OxfordIIITPet": 0.9587037563323975
        }
    ],
    "avg": [
        {
            "acc/test/avg": 0.9192774295806885,
            "normalized_acc/test/avg": 0.9473892748355865
        }
    ]
}