{
    "EuroSAT": [
        {
            "acc/test/EuroSAT_epoch": 0.885185182094574,
            "loss/test/EuroSAT_epoch": 0.5141180157661438,
            "acc/test/EuroSAT": 0.885185182094574,
            "normalized_acc/test/EuroSAT": 0.8934579491615295
        }
    ],
    "FashionMNIST": [
        {
            "acc/test/FashionMNIST_epoch": 0.8464000225067139,
            "loss/test/FashionMNIST_epoch": 0.4450450539588928,
            "acc/test/FashionMNIST": 0.8464000225067139,
            "normalized_acc/test/FashionMNIST": 0.8890756368637085
        }
    ],
    "avg": [
        {
            "acc/test/avg": 0.8657926023006439,
            "normalized_acc/test/avg": 0.891266793012619
        }
    ]
}