{
    "MNIST": [
        {
            "acc/test/MNIST_epoch": 0.9517999887466431,
            "loss/test/MNIST_epoch": 0.5550640225410461,
            "acc/test/MNIST": 0.9517999887466431,
            "normalized_acc/test/MNIST": 0.9551429748535156
        }
    ],
    "FashionMNIST": [
        {
            "acc/test/FashionMNIST_epoch": 0.8393999934196472,
            "loss/test/FashionMNIST_epoch": 0.4670918881893158,
            "acc/test/FashionMNIST": 0.8393999934196472,
            "normalized_acc/test/FashionMNIST": 0.8817226886749268
        }
    ],
    "avg": [
        {
            "acc/test/avg": 0.8955999910831451,
            "normalized_acc/test/avg": 0.9184328317642212
        }
    ]
}