{
    "CIFAR10": [
        {
            "acc/test/CIFAR10_epoch": 0.9643999934196472,
            "loss/test/CIFAR10_epoch": 0.1143713891506195,
            "acc/test/CIFAR10": 0.9643999934196472,
            "normalized_acc/test/CIFAR10": 0.982477605342865
        }
    ],
    "EMNIST": [
        {
            "acc/test/EMNIST_epoch": 0.9265000224113464,
            "loss/test/EMNIST_epoch": 0.5414378046989441,
            "acc/test/EMNIST": 0.9265000224113464,
            "normalized_acc/test/EMNIST": 0.9318113327026367
        }
    ],
    "avg": [
        {
            "acc/test/avg": 0.9454500079154968,
            "normalized_acc/test/avg": 0.9571444690227509
        }
    ]
}