{
    "SUN397": [
        {
            "acc/test/SUN397_epoch": 0.694962203502655,
            "loss/test/SUN397_epoch": 1.0431419610977173,
            "acc/test/SUN397": 0.694962203502655,
            "normalized_acc/test/SUN397": 0.8813570141792297
        }
    ],
    "SVHN": [
        {
            "acc/test/SVHN_epoch": 0.8255608677864075,
            "loss/test/SVHN_epoch": 0.8041843771934509,
            "acc/test/SVHN": 0.8255608677864075,
            "normalized_acc/test/SVHN": 0.8468358516693115
        }
    ],
    "avg": [
        {
            "acc/test/avg": 0.7602615356445312,
            "normalized_acc/test/avg": 0.8640964329242706
        }
    ]
}