{
    "DTD": [
        {
            "acc/test/DTD_epoch": 0.5255318880081177,
            "loss/test/DTD_epoch": 1.6723377704620361,
            "acc/test/DTD": 0.5255318880081177,
            "normalized_acc/test/DTD": 0.6341462731361389
        }
    ],
    "KMNIST": [
        {
            "acc/test/KMNIST_epoch": 0.16850000619888306,
            "loss/test/KMNIST_epoch": 2.1632795333862305,
            "acc/test/KMNIST": 0.16850000619888306,
            "normalized_acc/test/KMNIST": 0.1713269054889679
        }
    ],
    "avg": [
        {
            "acc/test/avg": 0.34701594710350037,
            "normalized_acc/test/avg": 0.4027365893125534
        }
    ]
}