{
    "SUN397": [
        {
            "acc/test/SUN397_epoch": 0.7027204036712646,
            "loss/test/SUN397_epoch": 1.0112351179122925,
            "acc/test/SUN397": 0.7027204036712646,
            "normalized_acc/test/SUN397": 0.8911960124969482
        }
    ],
    "Flowers102": [
        {
            "acc/test/Flowers102_epoch": 0.7539437413215637,
            "loss/test/Flowers102_epoch": 1.0704213380813599,
            "acc/test/Flowers102": 0.7539437413215637,
            "normalized_acc/test/Flowers102": 0.8001380562782288
        }
    ],
    "avg": [
        {
            "acc/test/avg": 0.7283320724964142,
            "normalized_acc/test/avg": 0.8456670343875885
        }
    ]
}