{
    "RESISC45": [
        {
            "acc/test/RESISC45_epoch": 0.7895237803459167,
            "loss/test/RESISC45_epoch": 0.6604613661766052,
            "acc/test/RESISC45": 0.7895237803459167,
            "normalized_acc/test/RESISC45": 0.8167487382888794
        }
    ],
    "SVHN": [
        {
            "acc/test/SVHN_epoch": 0.8187615275382996,
            "loss/test/SVHN_epoch": 0.8288455605506897,
            "acc/test/SVHN": 0.8187615275382996,
            "normalized_acc/test/SVHN": 0.8398613333702087
        }
    ],
    "avg": [
        {
            "acc/test/avg": 0.8041426539421082,
            "normalized_acc/test/avg": 0.8283050358295441
        }
    ]
}