{
    "EuroSAT": [
        {
            "acc/test/EuroSAT_epoch": 0.9074074029922485,
            "loss/test/EuroSAT_epoch": 0.42622554302215576,
            "acc/test/EuroSAT": 0.9074074029922485,
            "normalized_acc/test/EuroSAT": 0.9158878922462463
        }
    ],
    "EMNIST": [
        {
            "acc/test/EMNIST_epoch": 0.9368000030517578,
            "loss/test/EMNIST_epoch": 0.4270981550216675,
            "acc/test/EMNIST": 0.9368000030517578,
            "normalized_acc/test/EMNIST": 0.9421703815460205
        }
    ],
    "avg": [
        {
            "acc/test/avg": 0.9221037030220032,
            "normalized_acc/test/avg": 0.9290291368961334
        }
    ]
}