{
    "MNIST": [
        {
            "acc/test/MNIST_epoch": 0.9681000113487244,
            "loss/test/MNIST_epoch": 0.4319472312927246,
            "acc/test/MNIST": 0.9681000113487244,
            "normalized_acc/test/MNIST": 0.9715002179145813
        }
    ],
    "DTD": [
        {
            "acc/test/DTD_epoch": 0.5191489458084106,
            "loss/test/DTD_epoch": 1.6885199546813965,
            "acc/test/DTD": 0.5191489458084106,
            "normalized_acc/test/DTD": 0.6264441609382629
        }
    ],
    "avg": [
        {
            "acc/test/avg": 0.7436244785785675,
            "normalized_acc/test/avg": 0.7989721894264221
        }
    ]
}