{
    "STL10": [
        {
            "acc/test/STL10_epoch": 0.9865000247955322,
            "loss/test/STL10_epoch": 0.05235119163990021,
            "acc/test/STL10": 0.9865000247955322,
            "normalized_acc/test/STL10": 0.9986081719398499
        }
    ],
    "RenderedSST2": [
        {
            "acc/test/RenderedSST2_epoch": 0.7001647353172302,
            "loss/test/RenderedSST2_epoch": 0.5740343332290649,
            "acc/test/RenderedSST2": 0.7001647353172302,
            "normalized_acc/test/RenderedSST2": 0.9074732661247253
        }
    ],
    "avg": [
        {
            "acc/test/avg": 0.8433323800563812,
            "normalized_acc/test/avg": 0.9530407190322876
        }
    ]
}