{
    "MNIST": [
        {
            "acc/test/MNIST_epoch": 0.9656999707221985,
            "loss/test/MNIST_epoch": 0.4802326560020447,
            "acc/test/MNIST": 0.9656999707221985,
            "normalized_acc/test/MNIST": 0.9690917730331421
        }
    ],
    "Flowers102": [
        {
            "acc/test/Flowers102_epoch": 0.7440234422683716,
            "loss/test/Flowers102_epoch": 1.1364943981170654,
            "acc/test/Flowers102": 0.7440234422683716,
            "normalized_acc/test/Flowers102": 0.789609968662262
        }
    ],
    "avg": [
        {
            "acc/test/avg": 0.854861706495285,
            "normalized_acc/test/avg": 0.879350870847702
        }
    ]
}