{
    "MNIST": [
        {
            "acc/test/MNIST_epoch": 0.9842000007629395,
            "loss/test/MNIST_epoch": 0.20080016553401947,
            "acc/test/MNIST": 0.9842000007629395,
            "normalized_acc/test/MNIST": 0.9876567721366882
        }
    ],
    "EMNIST": [
        {
            "acc/test/EMNIST_epoch": 0.9858999848365784,
            "loss/test/EMNIST_epoch": 0.18213029205799103,
            "acc/test/EMNIST": 0.9858999848365784,
            "normalized_acc/test/EMNIST": 0.9915518164634705
        }
    ],
    "avg": [
        {
            "acc/test/avg": 0.9850499927997589,
            "normalized_acc/test/avg": 0.9896042943000793
        }
    ]
}