{
    "EuroSAT": [
        {
            "acc/test/EuroSAT_epoch": 0.8892592787742615,
            "loss/test/EuroSAT_epoch": 0.500541090965271,
            "acc/test/EuroSAT": 0.8892592787742615,
            "normalized_acc/test/EuroSAT": 0.8975701332092285
        }
    ],
    "KMNIST": [
        {
            "acc/test/KMNIST_epoch": 0.17030000686645508,
            "loss/test/KMNIST_epoch": 2.180392026901245,
            "acc/test/KMNIST": 0.17030000686645508,
            "normalized_acc/test/KMNIST": 0.17315709590911865
        }
    ],
    "avg": [
        {
            "acc/test/avg": 0.5297796428203583,
            "normalized_acc/test/avg": 0.5353636145591736
        }
    ]
}