{
    "Cars": [
        {
            "acc/test/Cars_epoch": 0.7140902876853943,
            "loss/test/Cars_epoch": 0.8104880452156067,
            "acc/test/Cars": 0.7140902876853943,
            "normalized_acc/test/Cars": 0.8322945237159729
        }
    ],
    "RenderedSST2": [
        {
            "acc/test/RenderedSST2_epoch": 0.7056562304496765,
            "loss/test/RenderedSST2_epoch": 0.5771753191947937,
            "acc/test/RenderedSST2": 0.7056562304496765,
            "normalized_acc/test/RenderedSST2": 0.9145907163619995
        }
    ],
    "avg": [
        {
            "acc/test/avg": 0.7098732590675354,
            "normalized_acc/test/avg": 0.8734426200389862
        }
    ]
}