{
    "DTD": [
        {
            "acc/test/DTD_epoch": 0.5207446813583374,
            "loss/test/DTD_epoch": 1.687796950340271,
            "acc/test/DTD": 0.5207446813583374,
            "normalized_acc/test/DTD": 0.6283696889877319
        }
    ],
    "CIFAR10": [
        {
            "acc/test/CIFAR10_epoch": 0.9653000235557556,
            "loss/test/CIFAR10_epoch": 0.11136463284492493,
            "acc/test/CIFAR10": 0.9653000235557556,
            "normalized_acc/test/CIFAR10": 0.9833945035934448
        }
    ],
    "avg": [
        {
            "acc/test/avg": 0.7430223524570465,
            "normalized_acc/test/avg": 0.8058820962905884
        }
    ]
}