{
    "EuroSAT": [
        {
            "acc/test/EuroSAT_epoch": 0.898888885974884,
            "loss/test/EuroSAT_epoch": 0.4663844704627991,
            "acc/test/EuroSAT": 0.898888885974884,
            "normalized_acc/test/EuroSAT": 0.9072897434234619
        }
    ],
    "FER2013": [
        {
            "acc/test/FER2013_epoch": 0.6143772602081299,
            "loss/test/FER2013_epoch": 1.0831387042999268,
            "acc/test/FER2013": 0.6143772602081299,
            "normalized_acc/test/FER2013": 0.8333333134651184
        }
    ],
    "avg": [
        {
            "acc/test/avg": 0.756633073091507,
            "normalized_acc/test/avg": 0.8703115284442902
        }
    ]
}