{
    "SVHN": [
        {
            "acc/test/SVHN_epoch": 0.8761524558067322,
            "loss/test/SVHN_epoch": 0.5887979865074158,
            "acc/test/SVHN": 0.8761524558067322,
            "normalized_acc/test/SVHN": 0.8987312316894531
        }
    ],
    "CIFAR10": [
        {
            "acc/test/CIFAR10_epoch": 0.9706000089645386,
            "loss/test/CIFAR10_epoch": 0.0887252539396286,
            "acc/test/CIFAR10": 0.9706000089645386,
            "normalized_acc/test/CIFAR10": 0.9887938499450684
        }
    ],
    "avg": [
        {
            "acc/test/avg": 0.9233762323856354,
            "normalized_acc/test/avg": 0.9437625408172607
        }
    ]
}