{
    "GTSRB": [
        {
            "acc/test/GTSRB_epoch": 0.7629453539848328,
            "loss/test/GTSRB_epoch": 0.8351066708564758,
            "acc/test/GTSRB": 0.7629453539848328,
            "normalized_acc/test/GTSRB": 0.7713119387626648
        }
    ],
    "CIFAR100": [
        {
            "acc/test/CIFAR100_epoch": 0.8185999989509583,
            "loss/test/CIFAR100_epoch": 0.6645777225494385,
            "acc/test/CIFAR100": 0.8185999989509583,
            "normalized_acc/test/CIFAR100": 0.9169933795928955
        }
    ],
    "avg": [
        {
            "acc/test/avg": 0.7907726764678955,
            "normalized_acc/test/avg": 0.8441526591777802
        }
    ]
}