{
    "CIFAR10": [
        {
            "acc/test/CIFAR10_epoch": 0.9696000218391418,
            "loss/test/CIFAR10_epoch": 0.09565453231334686,
            "acc/test/CIFAR10": 0.9696000218391418,
            "normalized_acc/test/CIFAR10": 0.9877750873565674
        }
    ],
    "FashionMNIST": [
        {
            "acc/test/FashionMNIST_epoch": 0.8784999847412109,
            "loss/test/FashionMNIST_epoch": 0.346720814704895,
            "acc/test/FashionMNIST": 0.8784999847412109,
            "normalized_acc/test/FashionMNIST": 0.9227941036224365
        }
    ],
    "avg": [
        {
            "acc/test/avg": 0.9240500032901764,
            "normalized_acc/test/avg": 0.955284595489502
        }
    ]
}