{
    "EuroSAT": [
        {
            "acc/test/EuroSAT_epoch": 0.9640740752220154,
            "loss/test/EuroSAT_epoch": 0.1552652269601822,
            "acc/test/EuroSAT": 0.9640740752220154,
            "normalized_acc/test/EuroSAT": 0.9730841517448425
        }
    ],
    "DTD": [
        {
            "acc/test/DTD_epoch": 0.5590425729751587,
            "loss/test/DTD_epoch": 1.5668745040893555,
            "acc/test/DTD": 0.5590425729751587,
            "normalized_acc/test/DTD": 0.6745827794075012
        }
    ],
    "avg": [
        {
            "acc/test/avg": 0.761558324098587,
            "normalized_acc/test/avg": 0.8238334655761719
        }
    ]
}