{
    "FER2013": [
        {
            "acc/test/FER2013_epoch": 0.661744236946106,
            "loss/test/FER2013_epoch": 0.940700113773346,
            "acc/test/FER2013": 0.661744236946106,
            "normalized_acc/test/FER2013": 0.8975812792778015
        }
    ],
    "Food101": [
        {
            "acc/test/Food101_epoch": 0.91136634349823,
            "loss/test/Food101_epoch": 0.308978796005249,
            "acc/test/Food101": 0.91136634349823,
            "normalized_acc/test/Food101": 1.002614140510559
        }
    ],
    "avg": [
        {
            "acc/test/avg": 0.786555290222168,
            "normalized_acc/test/avg": 0.9500977098941803
        }
    ]
}