{
    "EuroSAT": [
        {
            "acc/test/EuroSAT_epoch": 0.9537037014961243,
            "loss/test/EuroSAT_epoch": 0.1849568635225296,
            "acc/test/EuroSAT": 0.9537037014961243,
            "normalized_acc/test/EuroSAT": 0.9626168608665466
        }
    ],
    "GTSRB": [
        {
            "acc/test/GTSRB_epoch": 0.7427553534507751,
            "loss/test/GTSRB_epoch": 0.9139397740364075,
            "acc/test/GTSRB": 0.7427553534507751,
            "normalized_acc/test/GTSRB": 0.7509005069732666
        }
    ],
    "avg": [
        {
            "acc/test/avg": 0.8482295274734497,
            "normalized_acc/test/avg": 0.8567586839199066
        }
    ]
}