{
    "Cars": [
        {
            "acc/test/Cars_epoch": 0.7761472463607788,
            "loss/test/Cars_epoch": 0.6473882794380188,
            "acc/test/Cars": 0.7761472463607788,
            "normalized_acc/test/Cars": 0.9046238660812378
        }
    ],
    "OxfordIIITPet": [
        {
            "acc/test/OxfordIIITPet_epoch": 0.9152357578277588,
            "loss/test/OxfordIIITPet_epoch": 0.23901230096817017,
            "acc/test/OxfordIIITPet": 0.9152357578277588,
            "normalized_acc/test/OxfordIIITPet": 0.9630054235458374
        }
    ],
    "avg": [
        {
            "acc/test/avg": 0.8456915020942688,
            "normalized_acc/test/avg": 0.9338146448135376
        }
    ]
}