{
    "SUN397": [
        {
            "acc/test/SUN397_epoch": 0.7214609384536743,
            "loss/test/SUN397_epoch": 0.949047327041626,
            "acc/test/SUN397": 0.7214609384536743,
            "normalized_acc/test/SUN397": 0.9149629473686218
        }
    ],
    "CIFAR10": [
        {
            "acc/test/CIFAR10_epoch": 0.9740999937057495,
            "loss/test/CIFAR10_epoch": 0.0883605033159256,
            "acc/test/CIFAR10": 0.9740999937057495,
            "normalized_acc/test/CIFAR10": 0.9923593997955322
        }
    ],
    "avg": [
        {
            "acc/test/avg": 0.8477804660797119,
            "normalized_acc/test/avg": 0.953661173582077
        }
    ]
}