{
    "Cars": [
        {
            "acc/test/Cars_epoch": 0.771421492099762,
            "loss/test/Cars_epoch": 0.653327226638794,
            "acc/test/Cars": 0.771421492099762,
            "normalized_acc/test/Cars": 0.8991158604621887
        }
    ],
    "EMNIST": [
        {
            "acc/test/EMNIST_epoch": 0.9829000234603882,
            "loss/test/EMNIST_epoch": 0.2300194799900055,
            "acc/test/EMNIST": 0.9829000234603882,
            "normalized_acc/test/EMNIST": 0.988534688949585
        }
    ],
    "avg": [
        {
            "acc/test/avg": 0.8771607577800751,
            "normalized_acc/test/avg": 0.9438252747058868
        }
    ]
}