{
    "SVHN": [
        {
            "acc/test/SVHN_epoch": 0.9078441858291626,
            "loss/test/SVHN_epoch": 0.49089041352272034,
            "acc/test/SVHN": 0.9078441858291626,
            "normalized_acc/test/SVHN": 0.931239664554596
        }
    ],
    "OxfordIIITPet": [
        {
            "acc/test/OxfordIIITPet_epoch": 0.9201417565345764,
            "loss/test/OxfordIIITPet_epoch": 0.23916903138160706,
            "acc/test/OxfordIIITPet": 0.9201417565345764,
            "normalized_acc/test/OxfordIIITPet": 0.9681674838066101
        }
    ],
    "avg": [
        {
            "acc/test/avg": 0.9139929711818695,
            "normalized_acc/test/avg": 0.949703574180603
        }
    ]
}