{
    "RESISC45": [
        {
            "acc/test/RESISC45_epoch": 0.8268253803253174,
            "loss/test/RESISC45_epoch": 0.5521104335784912,
            "acc/test/RESISC45": 0.8268253803253174,
            "normalized_acc/test/RESISC45": 0.855336606502533
        }
    ],
    "PCAM": [
        {
            "acc/test/PCAM_epoch": 0.87060546875,
            "loss/test/PCAM_epoch": 0.3113504946231842,
            "acc/test/PCAM": 0.87060546875,
            "normalized_acc/test/PCAM": 0.9812541007995605
        }
    ],
    "avg": [
        {
            "acc/test/avg": 0.8487154245376587,
            "normalized_acc/test/avg": 0.9182953536510468
        }
    ]
}