{
    "Flowers102": [
        {
            "acc/test/Flowers102_epoch": 0.7713449597358704,
            "loss/test/Flowers102_epoch": 0.9947723150253296,
            "acc/test/Flowers102": 0.7713449597358704,
            "normalized_acc/test/Flowers102": 0.8186054825782776
        }
    ],
    "STL10": [
        {
            "acc/test/STL10_epoch": 0.9909999966621399,
            "loss/test/STL10_epoch": 0.03363591805100441,
            "acc/test/STL10": 0.9909999966621399,
            "normalized_acc/test/STL10": 1.0031633377075195
        }
    ],
    "avg": [
        {
            "acc/test/avg": 0.8811724781990051,
            "normalized_acc/test/avg": 0.9108844101428986
        }
    ]
}