{
    "SUN397": [
        {
            "acc/test/SUN397_epoch": 0.7229722738265991,
            "loss/test/SUN397_epoch": 0.9638092517852783,
            "acc/test/SUN397": 0.7229722738265991,
            "normalized_acc/test/SUN397": 0.9168796539306641
        }
    ],
    "CIFAR100": [
        {
            "acc/test/CIFAR100_epoch": 0.8260999917984009,
            "loss/test/CIFAR100_epoch": 0.6666019558906555,
            "acc/test/CIFAR100": 0.8260999917984009,
            "normalized_acc/test/CIFAR100": 0.9253948330879211
        }
    ],
    "avg": [
        {
            "acc/test/avg": 0.7745361328125,
            "normalized_acc/test/avg": 0.9211372435092926
        }
    ]
}