{
    "DTD": [
        {
            "acc/test/DTD_epoch": 0.556382954120636,
            "loss/test/DTD_epoch": 1.5573142766952515,
            "acc/test/DTD": 0.556382954120636,
            "normalized_acc/test/DTD": 0.6713734865188599
        }
    ],
    "EMNIST": [
        {
            "acc/test/EMNIST_epoch": 0.986299991607666,
            "loss/test/EMNIST_epoch": 0.20377187430858612,
            "acc/test/EMNIST": 0.986299991607666,
            "normalized_acc/test/EMNIST": 0.9919541478157043
        }
    ],
    "avg": [
        {
            "acc/test/avg": 0.771341472864151,
            "normalized_acc/test/avg": 0.8316638171672821
        }
    ]
}