{
    "EMNIST": [
        {
            "acc/test/EMNIST_epoch": 0.9842000007629395,
            "loss/test/EMNIST_epoch": 0.21939828991889954,
            "acc/test/EMNIST": 0.9842000007629395,
            "normalized_acc/test/EMNIST": 0.9898421168327332
        }
    ],
    "RenderedSST2": [
        {
            "acc/test/RenderedSST2_epoch": 0.7298187613487244,
            "loss/test/RenderedSST2_epoch": 0.5331521034240723,
            "acc/test/RenderedSST2": 0.7298187613487244,
            "normalized_acc/test/RenderedSST2": 0.9459074139595032
        }
    ],
    "avg": [
        {
            "acc/test/avg": 0.8570093810558319,
            "normalized_acc/test/avg": 0.9678747653961182
        }
    ]
}