{
    "SUN397": [
        {
            "acc/test/SUN397_epoch": 0.7205541729927063,
            "loss/test/SUN397_epoch": 0.9629666805267334,
            "acc/test/SUN397": 0.7205541729927063,
            "normalized_acc/test/SUN397": 0.9138129949569702
        }
    ],
    "SVHN": [
        {
            "acc/test/SVHN_epoch": 0.9032344818115234,
            "loss/test/SVHN_epoch": 0.47563087940216064,
            "acc/test/SVHN": 0.9032344818115234,
            "normalized_acc/test/SVHN": 0.9265111684799194
        }
    ],
    "avg": [
        {
            "acc/test/avg": 0.8118943274021149,
            "normalized_acc/test/avg": 0.9201620817184448
        }
    ]
}