{
    "Cars": [
        {
            "acc/test/Cars_epoch": 0.7777639627456665,
            "loss/test/Cars_epoch": 0.6447818279266357,
            "acc/test/Cars": 0.7777639627456665,
            "normalized_acc/test/Cars": 0.906508207321167
        }
    ],
    "FER2013": [
        {
            "acc/test/FER2013_epoch": 0.6724714636802673,
            "loss/test/FER2013_epoch": 0.927802562713623,
            "acc/test/FER2013": 0.6724714636802673,
            "normalized_acc/test/FER2013": 0.9121315479278564
        }
    ],
    "avg": [
        {
            "acc/test/avg": 0.7251177132129669,
            "normalized_acc/test/avg": 0.9093198776245117
        }
    ]
}