{
    "GTSRB": [
        {
            "acc/test/GTSRB_epoch": 0.7687252759933472,
            "loss/test/GTSRB_epoch": 0.8749185800552368,
            "acc/test/GTSRB": 0.7687252759933472,
            "normalized_acc/test/GTSRB": 0.7771552205085754
        }
    ],
    "Food101": [
        {
            "acc/test/Food101_epoch": 0.912198007106781,
            "loss/test/Food101_epoch": 0.30326902866363525,
            "acc/test/Food101": 0.912198007106781,
            "normalized_acc/test/Food101": 1.0035290718078613
        }
    ],
    "avg": [
        {
            "acc/test/avg": 0.8404616415500641,
            "normalized_acc/test/avg": 0.8903421461582184
        }
    ]
}