{
    "GTSRB": [
        {
            "acc/test/GTSRB_epoch": 0.7756136059761047,
            "loss/test/GTSRB_epoch": 0.8788723349571228,
            "acc/test/GTSRB": 0.7756136059761047,
            "normalized_acc/test/GTSRB": 0.7841191291809082
        }
    ],
    "OxfordIIITPet": [
        {
            "acc/test/OxfordIIITPet_epoch": 0.9193240404129028,
            "loss/test/OxfordIIITPet_epoch": 0.234214648604393,
            "acc/test/OxfordIIITPet": 0.9193240404129028,
            "normalized_acc/test/OxfordIIITPet": 0.9673070907592773
        }
    ],
    "avg": [
        {
            "acc/test/avg": 0.8474688231945038,
            "normalized_acc/test/avg": 0.8757131099700928
        }
    ]
}