{
    "Cars": [
        {
            "acc/test/Cars_epoch": 0.7567466497421265,
            "loss/test/Cars_epoch": 0.6861763000488281,
            "acc/test/Cars": 0.7567466497421265,
            "normalized_acc/test/Cars": 0.8820118308067322
        }
    ],
    "PCAM": [
        {
            "acc/test/PCAM_epoch": 0.87591552734375,
            "loss/test/PCAM_epoch": 0.3132398724555969,
            "acc/test/PCAM": 0.87591552734375,
            "normalized_acc/test/PCAM": 0.9872390031814575
        }
    ],
    "avg": [
        {
            "acc/test/avg": 0.8163310885429382,
            "normalized_acc/test/avg": 0.9346254169940948
        }
    ]
}