{
  "ViT-B-16": {
    "Cars": 0.8760104179382324,
    "GTSRB": 0.9913697838783264,
    "CIFAR10": 0.9807999730110168,
    "KMNIST": 0.9778000116348267,
    "MNIST": 0.9954000115394592,
    "CIFAR100": 0.8942000269889832,
    "DTD": 0.8313829898834229,
    "OxfordIIITPet": 0.9528481960296631,
    "EMNIST": 0.9962000250816345,
    "PCAM": 0.8697509765625,
    "EuroSAT": 0.9903703927993774,
    "RenderedSST2": 0.7770456075668335,
    "FashionMNIST": 0.9520999789237976,
    "RESISC45": 0.9644444584846497,
    "FER2013": 0.7398996949195862,
    "SUN397": 0.7883123159408569,
    "Flowers102": 0.948772132396698,
    "STL10": 0.9883750081062317,
    "Food101": 0.9055841565132141,
    "SVHN": 0.9707667231559753
  }
}