{
    "RESISC45": [
        {
            "acc/test/RESISC45_epoch": 0.8952381014823914,
            "loss/test/RESISC45_epoch": 0.33586248755455017,
            "acc/test/RESISC45": 0.8952381014823914,
            "normalized_acc/test/RESISC45": 0.9261084198951721
        }
    ],
    "DTD": [
        {
            "acc/test/DTD_epoch": 0.6297872066497803,
            "loss/test/DTD_epoch": 1.3060787916183472,
            "acc/test/DTD": 0.6297872066497803,
            "normalized_acc/test/DTD": 0.7599486112594604
        }
    ],
    "avg": [
        {
            "acc/test/avg": 0.7625126540660858,
            "normalized_acc/test/avg": 0.8430285155773163
        }
    ]
}