{
    "KMNIST": [
        {
            "acc/test/KMNIST_epoch": 0.5098999738693237,
            "loss/test/KMNIST_epoch": 1.709540843963623,
            "acc/test/KMNIST": 0.5098999738693237,
            "normalized_acc/test/KMNIST": 0.5184544920921326
        }
    ],
    "RenderedSST2": [
        {
            "acc/test/RenderedSST2_epoch": 0.7243272662162781,
            "loss/test/RenderedSST2_epoch": 0.5336064696311951,
            "acc/test/RenderedSST2": 0.7243272662162781,
            "normalized_acc/test/RenderedSST2": 0.938789963722229
        }
    ],
    "avg": [
        {
            "acc/test/avg": 0.6171136200428009,
            "normalized_acc/test/avg": 0.7286222279071808
        }
    ]
}