{
    "OxfordIIITPet": [
        {
            "acc/test/OxfordIIITPet_epoch": 0.9351322054862976,
            "loss/test/OxfordIIITPet_epoch": 0.19088581204414368,
            "acc/test/OxfordIIITPet": 0.9351322054862976,
            "normalized_acc/test/OxfordIIITPet": 0.9839403629302979
        }
    ],
    "EMNIST": [
        {
            "acc/test/EMNIST_epoch": 0.9914000034332275,
            "loss/test/EMNIST_epoch": 0.11712422966957092,
            "acc/test/EMNIST": 0.9914000034332275,
            "normalized_acc/test/EMNIST": 0.9970833659172058
        }
    ],
    "avg": [
        {
            "acc/test/avg": 0.9632661044597626,
            "normalized_acc/test/avg": 0.9905118644237518
        }
    ]
}