{
    "GTSRB": [
        {
            "acc/test/GTSRB_epoch": 0.8881235122680664,
            "loss/test/GTSRB_epoch": 0.5018406510353088,
            "acc/test/GTSRB": 0.8881235122680664,
            "normalized_acc/test/GTSRB": 0.8978627920150757
        }
    ],
    "OxfordIIITPet": [
        {
            "acc/test/OxfordIIITPet_epoch": 0.9324066638946533,
            "loss/test/OxfordIIITPet_epoch": 0.19242717325687408,
            "acc/test/OxfordIIITPet": 0.9324066638946533,
            "normalized_acc/test/OxfordIIITPet": 0.9810725450515747
        }
    ],
    "avg": [
        {
            "acc/test/avg": 0.9102650880813599,
            "normalized_acc/test/avg": 0.9394676685333252
        }
    ]
}