{
    "SUN397": [
        {
            "acc/test/SUN397_epoch": 0.7254408001899719,
            "loss/test/SUN397_epoch": 0.9429254531860352,
            "acc/test/SUN397": 0.7254408001899719,
            "normalized_acc/test/SUN397": 0.9200102090835571
        }
    ],
    "MNIST": [
        {
            "acc/test/MNIST_epoch": 0.9886000156402588,
            "loss/test/MNIST_epoch": 0.10140097141265869,
            "acc/test/MNIST": 0.9886000156402588,
            "normalized_acc/test/MNIST": 0.9920722246170044
        }
    ],
    "avg": [
        {
            "acc/test/avg": 0.8570204079151154,
            "normalized_acc/test/avg": 0.9560412168502808
        }
    ]
}