{
    "RESISC45": [
        {
            "acc/test/RESISC45_epoch": 0.8844444155693054,
            "loss/test/RESISC45_epoch": 0.37018412351608276,
            "acc/test/RESISC45": 0.8844444155693054,
            "normalized_acc/test/RESISC45": 0.9149425029754639
        }
    ],
    "Food101": [
        {
            "acc/test/Food101_epoch": 0.9154455661773682,
            "loss/test/Food101_epoch": 0.30030587315559387,
            "acc/test/Food101": 0.9154455661773682,
            "normalized_acc/test/Food101": 1.0071017742156982
        }
    ],
    "avg": [
        {
            "acc/test/avg": 0.8999449908733368,
            "normalized_acc/test/avg": 0.961022138595581
        }
    ]
}