{
    "SVHN": [
        {
            "acc/test/SVHN_epoch": 0.933696985244751,
            "loss/test/SVHN_epoch": 0.32111144065856934,
            "acc/test/SVHN": 0.933696985244751,
            "normalized_acc/test/SVHN": 0.9577587246894836
        }
    ],
    "OxfordIIITPet": [
        {
            "acc/test/OxfordIIITPet_epoch": 0.93022620677948,
            "loss/test/OxfordIIITPet_epoch": 0.20560801029205322,
            "acc/test/OxfordIIITPet": 0.93022620677948,
            "normalized_acc/test/OxfordIIITPet": 0.9787783026695251
        }
    ],
    "avg": [
        {
            "acc/test/avg": 0.9319615960121155,
            "normalized_acc/test/avg": 0.9682685136795044
        }
    ]
}