{
    "Flowers102": [
        {
            "acc/test/Flowers102_epoch": 0.7859814763069153,
            "loss/test/Flowers102_epoch": 0.9307616353034973,
            "acc/test/Flowers102": 0.7859814763069153,
            "normalized_acc/test/Flowers102": 0.8341387510299683
        }
    ],
    "CIFAR10": [
        {
            "acc/test/CIFAR10_epoch": 0.9771000146865845,
            "loss/test/CIFAR10_epoch": 0.07164628058671951,
            "acc/test/CIFAR10": 0.9771000146865845,
            "normalized_acc/test/CIFAR10": 0.9954156875610352
        }
    ],
    "avg": [
        {
            "acc/test/avg": 0.8815407454967499,
            "normalized_acc/test/avg": 0.9147772192955017
        }
    ]
}