{
    "GTSRB": [
        {
            "acc/test/GTSRB_epoch": 0.8664291501045227,
            "loss/test/GTSRB_epoch": 0.5151058435440063,
            "acc/test/GTSRB": 0.8664291501045227,
            "normalized_acc/test/GTSRB": 0.8759305477142334
        }
    ],
    "CIFAR100": [
        {
            "acc/test/CIFAR100_epoch": 0.8299000263214111,
            "loss/test/CIFAR100_epoch": 0.6314316987991333,
            "acc/test/CIFAR100": 0.8299000263214111,
            "normalized_acc/test/CIFAR100": 0.9296516180038452
        }
    ],
    "avg": [
        {
            "acc/test/avg": 0.8481645882129669,
            "normalized_acc/test/avg": 0.9027910828590393
        }
    ]
}