{
    "RESISC45": [
        {
            "acc/test/RESISC45_epoch": 0.8574603199958801,
            "loss/test/RESISC45_epoch": 0.43837422132492065,
            "acc/test/RESISC45": 0.8574603199958801,
            "normalized_acc/test/RESISC45": 0.88702791929245
        }
    ],
    "SVHN": [
        {
            "acc/test/SVHN_epoch": 0.9280116558074951,
            "loss/test/SVHN_epoch": 0.32479581236839294,
            "acc/test/SVHN": 0.9280116558074951,
            "normalized_acc/test/SVHN": 0.9519268870353699
        }
    ],
    "avg": [
        {
            "acc/test/avg": 0.8927359879016876,
            "normalized_acc/test/avg": 0.9194774031639099
        }
    ]
}