{
    "RESISC45": [
        {
            "acc/test/RESISC45_epoch": 0.8873015642166138,
            "loss/test/RESISC45_epoch": 0.3600611090660095,
            "acc/test/RESISC45": 0.8873015642166138,
            "normalized_acc/test/RESISC45": 0.9178981781005859
        }
    ],
    "STL10": [
        {
            "acc/test/STL10_epoch": 0.9877499938011169,
            "loss/test/STL10_epoch": 0.041706591844558716,
            "acc/test/STL10": 0.9877499938011169,
            "normalized_acc/test/STL10": 0.9998734593391418
        }
    ],
    "avg": [
        {
            "acc/test/avg": 0.9375257790088654,
            "normalized_acc/test/avg": 0.9588858187198639
        }
    ]
}