{
    "Flowers102": [
        {
            "acc/test/Flowers102_epoch": 0.7981785535812378,
            "loss/test/Flowers102_epoch": 0.8517068028450012,
            "acc/test/Flowers102": 0.7981785535812378,
            "normalized_acc/test/Flowers102": 0.8470831513404846
        }
    ],
    "STL10": [
        {
            "acc/test/STL10_epoch": 0.9890000224113464,
            "loss/test/STL10_epoch": 0.03692271560430527,
            "acc/test/STL10": 0.9890000224113464,
            "normalized_acc/test/STL10": 1.0011388063430786
        }
    ],
    "avg": [
        {
            "acc/test/avg": 0.8935892879962921,
            "normalized_acc/test/avg": 0.9241109788417816
        }
    ]
}