{
    "MNIST": [
        {
            "acc/test/MNIST_epoch": 0.987500011920929,
            "loss/test/MNIST_epoch": 0.1380184441804886,
            "acc/test/MNIST": 0.987500011920929,
            "normalized_acc/test/MNIST": 0.9909684062004089
        }
    ],
    "FashionMNIST": [
        {
            "acc/test/FashionMNIST_epoch": 0.8754000067710876,
            "loss/test/FashionMNIST_epoch": 0.3593233525753021,
            "acc/test/FashionMNIST": 0.8754000067710876,
            "normalized_acc/test/FashionMNIST": 0.9195377826690674
        }
    ],
    "avg": [
        {
            "acc/test/avg": 0.9314500093460083,
            "normalized_acc/test/avg": 0.9552530944347382
        }
    ]
}