{
    "PCAM": [
        {
            "acc/test/PCAM_epoch": 0.800018310546875,
            "loss/test/PCAM_epoch": 0.41718077659606934,
            "acc/test/PCAM": 0.800018310546875,
            "normalized_acc/test/PCAM": 0.901695728302002
        }
    ],
    "STL10": [
        {
            "acc/test/STL10_epoch": 0.984749972820282,
            "loss/test/STL10_epoch": 0.0498860664665699,
            "acc/test/STL10": 0.984749972820282,
            "normalized_acc/test/STL10": 0.9968366026878357
        }
    ],
    "avg": [
        {
            "acc/test/avg": 0.8923841416835785,
            "normalized_acc/test/avg": 0.9492661654949188
        }
    ]
}