{
    "PCAM": [
        {
            "acc/test/PCAM_epoch": 0.78387451171875,
            "loss/test/PCAM_epoch": 0.4387868046760559,
            "acc/test/PCAM": 0.78387451171875,
            "normalized_acc/test/PCAM": 0.8835001587867737
        }
    ],
    "FashionMNIST": [
        {
            "acc/test/FashionMNIST_epoch": 0.8845000267028809,
            "loss/test/FashionMNIST_epoch": 0.3282942473888397,
            "acc/test/FashionMNIST": 0.8845000267028809,
            "normalized_acc/test/FashionMNIST": 0.9290966391563416
        }
    ],
    "avg": [
        {
            "acc/test/avg": 0.8341872692108154,
            "normalized_acc/test/avg": 0.9062983989715576
        }
    ]
}