{
    "Food101": [
        {
            "acc/test/Food101_epoch": 0.9080396294593811,
            "loss/test/Food101_epoch": 0.32447361946105957,
            "acc/test/Food101": 0.9080396294593811,
            "normalized_acc/test/Food101": 0.9989543557167053
        }
    ],
    "FashionMNIST": [
        {
            "acc/test/FashionMNIST_epoch": 0.8950999975204468,
            "loss/test/FashionMNIST_epoch": 0.29643335938453674,
            "acc/test/FashionMNIST": 0.8950999975204468,
            "normalized_acc/test/FashionMNIST": 0.9402310848236084
        }
    ],
    "avg": [
        {
            "acc/test/avg": 0.9015698134899139,
            "normalized_acc/test/avg": 0.9695927202701569
        }
    ]
}