{
    "SVHN": [
        {
            "acc/test/SVHN_epoch": 0.9240934252738953,
            "loss/test/SVHN_epoch": 0.3421907424926758,
            "acc/test/SVHN": 0.9240934252738953,
            "normalized_acc/test/SVHN": 0.9479076266288757
        }
    ],
    "Food101": [
        {
            "acc/test/Food101_epoch": 0.9066138863563538,
            "loss/test/Food101_epoch": 0.33186885714530945,
            "acc/test/Food101": 0.9066138863563538,
            "normalized_acc/test/Food101": 0.9973859190940857
        }
    ],
    "avg": [
        {
            "acc/test/avg": 0.9153536558151245,
            "normalized_acc/test/avg": 0.9726467728614807
        }
    ]
}