{
    "DTD": [
        {
            "acc/test/DTD_epoch": 0.7595744729042053,
            "loss/test/DTD_epoch": 1.029223084449768,
            "acc/test/DTD": 0.7595744729042053,
            "normalized_acc/test/DTD": 0.9165596961975098
        }
    ],
    "CIFAR100": [
        {
            "acc/test/CIFAR100_epoch": 0.8859999775886536,
            "loss/test/CIFAR100_epoch": 0.5342224836349487,
            "acc/test/CIFAR100": 0.8859999775886536,
            "normalized_acc/test/CIFAR100": 0.9924946427345276
        }
    ],
    "avg": [
        {
            "acc/test/avg": 0.8227872252464294,
            "normalized_acc/test/avg": 0.9545271694660187
        }
    ]
}