{
    "GTSRB": [
        {
            "acc/test/GTSRB_epoch": 0.9881235361099243,
            "loss/test/GTSRB_epoch": 0.046876613050699234,
            "acc/test/GTSRB": 0.9881235361099243,
            "normalized_acc/test/GTSRB": 0.998959481716156
        }
    ],
    "STL10": [
        {
            "acc/test/STL10_epoch": 0.9837499856948853,
            "loss/test/STL10_epoch": 0.052853774279356,
            "acc/test/STL10": 0.9837499856948853,
            "normalized_acc/test/STL10": 0.99582439661026
        }
    ],
    "avg": [
        {
            "acc/test/avg": 0.9859367609024048,
            "normalized_acc/test/avg": 0.997391939163208
        }
    ]
}