{
    "EuroSAT": [
        {
            "acc/test/EuroSAT_epoch": 0.978518545627594,
            "loss/test/EuroSAT_epoch": 0.0763334184885025,
            "acc/test/EuroSAT": 0.978518545627594,
            "normalized_acc/test/EuroSAT": 0.9876636266708374
        }
    ],
    "CIFAR100": [
        {
            "acc/test/CIFAR100_epoch": 0.8690000176429749,
            "loss/test/CIFAR100_epoch": 0.5405615568161011,
            "acc/test/CIFAR100": 0.8690000176429749,
            "normalized_acc/test/CIFAR100": 0.9734513163566589
        }
    ],
    "avg": [
        {
            "acc/test/avg": 0.9237592816352844,
            "normalized_acc/test/avg": 0.9805574715137482
        }
    ]
}