{
    "SUN397": [
        {
            "acc/test/SUN397_epoch": 0.7609068155288696,
            "loss/test/SUN397_epoch": 0.9349307417869568,
            "acc/test/SUN397": 0.7609068155288696,
            "normalized_acc/test/SUN397": 0.9649885296821594
        }
    ],
    "MNIST": [
        {
            "acc/test/MNIST_epoch": 0.9959999918937683,
            "loss/test/MNIST_epoch": 0.026911059394478798,
            "acc/test/MNIST": 0.9959999918937683,
            "normalized_acc/test/MNIST": 0.9994982481002808
        }
    ],
    "avg": [
        {
            "acc/test/avg": 0.878453403711319,
            "normalized_acc/test/avg": 0.9822433888912201
        }
    ]
}