{
    "Cars": [
        {
            "acc/test/Cars_epoch": 0.8496455550193787,
            "loss/test/Cars_epoch": 0.4996136724948883,
            "acc/test/Cars": 0.8496455550193787,
            "normalized_acc/test/Cars": 0.9902884364128113
        }
    ],
    "FashionMNIST": [
        {
            "acc/test/FashionMNIST_epoch": 0.9470000267028809,
            "loss/test/FashionMNIST_epoch": 0.1851271241903305,
            "acc/test/FashionMNIST": 0.9470000267028809,
            "normalized_acc/test/FashionMNIST": 0.9947478771209717
        }
    ],
    "avg": [
        {
            "acc/test/avg": 0.8983227908611298,
            "normalized_acc/test/avg": 0.9925181567668915
        }
    ]
}