{
    "DTD": [
        {
            "acc/test/DTD_epoch": 0.8148936033248901,
            "loss/test/DTD_epoch": 0.8375115394592285,
            "acc/test/DTD": 0.8148936033248901,
            "normalized_acc/test/DTD": 0.9833118915557861
        }
    ],
    "Flowers102": [
        {
            "acc/test/Flowers102_epoch": 0.9063262343406677,
            "loss/test/Flowers102_epoch": 0.35051780939102173,
            "acc/test/Flowers102": 0.9063262343406677,
            "normalized_acc/test/Flowers102": 0.9618570804595947
        }
    ],
    "avg": [
        {
            "acc/test/avg": 0.8606099188327789,
            "normalized_acc/test/avg": 0.9725844860076904
        }
    ]
}