{
    "CIFAR10": [
        {
            "acc/test/CIFAR10_epoch": 0.9846000075340271,
            "loss/test/CIFAR10_epoch": 0.06486763060092926,
            "acc/test/CIFAR10": 0.9846000075340271,
            "normalized_acc/test/CIFAR10": 1.003056287765503
        }
    ],
    "RenderedSST2": [
        {
            "acc/test/RenderedSST2_epoch": 0.7880285382270813,
            "loss/test/RenderedSST2_epoch": 0.716579020023346,
            "acc/test/RenderedSST2": 0.7880285382270813,
            "normalized_acc/test/RenderedSST2": 1.0213522911071777
        }
    ],
    "avg": [
        {
            "acc/test/avg": 0.8863142728805542,
            "normalized_acc/test/avg": 1.0122042894363403
        }
    ]
}