{
    "RESISC45": [
        {
            "acc/test/RESISC45_epoch": 0.9493650794029236,
            "loss/test/RESISC45_epoch": 0.17794159054756165,
            "acc/test/RESISC45": 0.9493650794029236,
            "normalized_acc/test/RESISC45": 0.9821018576622009
        }
    ],
    "FashionMNIST": [
        {
            "acc/test/FashionMNIST_epoch": 0.9480999708175659,
            "loss/test/FashionMNIST_epoch": 0.1843537837266922,
            "acc/test/FashionMNIST": 0.9480999708175659,
            "normalized_acc/test/FashionMNIST": 0.9959033131599426
        }
    ],
    "avg": [
        {
            "acc/test/avg": 0.9487325251102448,
            "normalized_acc/test/avg": 0.9890025854110718
        }
    ]
}