{
    "PCAM": [
        {
            "acc/test/PCAM_epoch": 0.91009521484375,
            "loss/test/PCAM_epoch": 0.27167847752571106,
            "acc/test/PCAM": 0.91009521484375,
            "normalized_acc/test/PCAM": 1.025762677192688
        }
    ],
    "RenderedSST2": [
        {
            "acc/test/RenderedSST2_epoch": 0.7924217581748962,
            "loss/test/RenderedSST2_epoch": 0.5733621716499329,
            "acc/test/RenderedSST2": 0.7924217581748962,
            "normalized_acc/test/RenderedSST2": 1.0270462036132812
        }
    ],
    "avg": [
        {
            "acc/test/avg": 0.8512584865093231,
            "normalized_acc/test/avg": 1.0264044404029846
        }
    ]
}