{
    "FashionMNIST": [
        {
            "acc/test/FashionMNIST_epoch": 0.9114999771118164,
            "loss/test/FashionMNIST_epoch": 0.28258922696113586,
            "acc/test/FashionMNIST": 0.9114999771118164,
            "normalized_acc/test/FashionMNIST": 0.957457959651947
        }
    ],
    "EMNIST": [
        {
            "acc/test/EMNIST_epoch": 0.9934999942779541,
            "loss/test/EMNIST_epoch": 0.0688297227025032,
            "acc/test/EMNIST": 0.9934999942779541,
            "normalized_acc/test/EMNIST": 0.999195396900177
        }
    ],
    "avg": [
        {
            "acc/test/avg": 0.9524999856948853,
            "normalized_acc/test/avg": 0.978326678276062
        }
    ]
}