{
    "Cars": [
        {
            "acc/test/Cars_epoch": 0.8359656929969788,
            "loss/test/Cars_epoch": 0.5111547708511353,
            "acc/test/Cars": 0.8359656929969788,
            "normalized_acc/test/Cars": 0.9743441343307495
        }
    ],
    "RESISC45": [
        {
            "acc/test/RESISC45_epoch": 0.9385714530944824,
            "loss/test/RESISC45_epoch": 0.197360098361969,
            "acc/test/RESISC45": 0.9385714530944824,
            "normalized_acc/test/RESISC45": 0.9709360003471375
        }
    ],
    "avg": [
        {
            "acc/test/avg": 0.8872685730457306,
            "normalized_acc/test/avg": 0.9726400673389435
        }
    ]
}