{
    "CIFAR100": [
        {
            "acc/test/CIFAR100_epoch": 0.829200029373169,
            "loss/test/CIFAR100_epoch": 0.6388884782791138,
            "acc/test/CIFAR100": 0.829200029373169,
            "normalized_acc/test/CIFAR100": 0.928867518901825
        }
    ],
    "FashionMNIST": [
        {
            "acc/test/FashionMNIST_epoch": 0.932699978351593,
            "loss/test/FashionMNIST_epoch": 0.2116689682006836,
            "acc/test/FashionMNIST": 0.932699978351593,
            "normalized_acc/test/FashionMNIST": 0.9797268509864807
        }
    ],
    "avg": [
        {
            "acc/test/avg": 0.880950003862381,
            "normalized_acc/test/avg": 0.9542971849441528
        }
    ]
}