{
    "EMNIST": [
        {
            "acc/test/EMNIST_epoch": 0.9952999949455261,
            "loss/test/EMNIST_epoch": 0.04546728357672691,
            "acc/test/EMNIST": 0.9952999949455261,
            "normalized_acc/test/EMNIST": 1.00100576877594
        }
    ],
    "RenderedSST2": [
        {
            "acc/test/RenderedSST2_epoch": 0.7660626173019409,
            "loss/test/RenderedSST2_epoch": 0.5426521897315979,
            "acc/test/RenderedSST2": 0.7660626173019409,
            "normalized_acc/test/RenderedSST2": 0.9928825497627258
        }
    ],
    "avg": [
        {
            "acc/test/avg": 0.8806813061237335,
            "normalized_acc/test/avg": 0.9969441592693329
        }
    ]
}