{
    "EuroSAT": [
        {
            "acc/test/EuroSAT_epoch": 0.982962965965271,
            "loss/test/EuroSAT_epoch": 0.05017665773630142,
            "acc/test/EuroSAT": 0.982962965965271,
            "normalized_acc/test/EuroSAT": 0.9921495318412781
        }
    ],
    "STL10": [
        {
            "acc/test/STL10_epoch": 0.9851250052452087,
            "loss/test/STL10_epoch": 0.042216602712869644,
            "acc/test/STL10": 0.9851250052452087,
            "normalized_acc/test/STL10": 0.9972162842750549
        }
    ],
    "avg": [
        {
            "acc/test/avg": 0.9840439856052399,
            "normalized_acc/test/avg": 0.9946829080581665
        }
    ]
}