{
    "MNIST": [
        {
            "acc/test/MNIST_epoch": 0.9944000244140625,
            "loss/test/MNIST_epoch": 0.043697189539670944,
            "acc/test/MNIST": 0.9944000244140625,
            "normalized_acc/test/MNIST": 0.9978926181793213
        }
    ],
    "STL10": [
        {
            "acc/test/STL10_epoch": 0.9808750152587891,
            "loss/test/STL10_epoch": 0.06125783920288086,
            "acc/test/STL10": 0.9808750152587891,
            "normalized_acc/test/STL10": 0.9929141402244568
        }
    ],
    "avg": [
        {
            "acc/test/avg": 0.9876375198364258,
            "normalized_acc/test/avg": 0.995403379201889
        }
    ]
}