{
    "EuroSAT": [
        {
            "acc/test/EuroSAT_epoch": 0.9870370626449585,
            "loss/test/EuroSAT_epoch": 0.0395834743976593,
            "acc/test/EuroSAT": 0.9870370626449585,
            "normalized_acc/test/EuroSAT": 0.996261715888977
        }
    ],
    "Flowers102": [
        {
            "acc/test/Flowers102_epoch": 0.8429012894630432,
            "loss/test/Flowers102_epoch": 0.6118842363357544,
            "acc/test/Flowers102": 0.8429012894630432,
            "normalized_acc/test/Flowers102": 0.8945460915565491
        }
    ],
    "avg": [
        {
            "acc/test/avg": 0.9149691760540009,
            "normalized_acc/test/avg": 0.9454039037227631
        }
    ]
}