{
    "DTD": [
        {
            "acc/test/DTD_epoch": 0.6436170339584351,
            "loss/test/DTD_epoch": 1.2338265180587769,
            "acc/test/DTD": 0.6436170339584351,
            "normalized_acc/test/DTD": 0.7766367197036743
        }
    ],
    "PCAM": [
        {
            "acc/test/PCAM_epoch": 0.898590087890625,
            "loss/test/PCAM_epoch": 0.24091573059558868,
            "acc/test/PCAM": 0.898590087890625,
            "normalized_acc/test/PCAM": 1.012795329093933
        }
    ],
    "avg": [
        {
            "acc/test/avg": 0.77110356092453,
            "normalized_acc/test/avg": 0.8947160243988037
        }
    ]
}