{
    "Cars": [
        {
            "acc/test/Cars_epoch": 0.8472826480865479,
            "loss/test/Cars_epoch": 0.49292460083961487,
            "acc/test/Cars": 0.8472826480865479,
            "normalized_acc/test/Cars": 0.9875344038009644
        }
    ],
    "RenderedSST2": [
        {
            "acc/test/RenderedSST2_epoch": 0.7710049152374268,
            "loss/test/RenderedSST2_epoch": 0.5646927356719971,
            "acc/test/RenderedSST2": 0.7710049152374268,
            "normalized_acc/test/RenderedSST2": 0.9992882013320923
        }
    ],
    "avg": [
        {
            "acc/test/avg": 0.8091437816619873,
            "normalized_acc/test/avg": 0.9934113025665283
        }
    ]
}