{
    "SUN397": [
        {
            "acc/test/SUN397_epoch": 0.7362216711044312,
            "loss/test/SUN397_epoch": 0.9069772362709045,
            "acc/test/SUN397": 0.7362216711044312,
            "normalized_acc/test/SUN397": 0.9336826205253601
        }
    ],
    "PCAM": [
        {
            "acc/test/PCAM_epoch": 0.902435302734375,
            "loss/test/PCAM_epoch": 0.22825023531913757,
            "acc/test/PCAM": 0.902435302734375,
            "normalized_acc/test/PCAM": 1.0171293020248413
        }
    ],
    "avg": [
        {
            "acc/test/avg": 0.8193284869194031,
            "normalized_acc/test/avg": 0.9754059612751007
        }
    ]
}