{
    "RESISC45": [
        {
            "acc/test/RESISC45_epoch": 0.9439682364463806,
            "loss/test/RESISC45_epoch": 0.1781677007675171,
            "acc/test/RESISC45": 0.9439682364463806,
            "normalized_acc/test/RESISC45": 0.9765188694000244
        }
    ],
    "RenderedSST2": [
        {
            "acc/test/RenderedSST2_epoch": 0.7666117548942566,
            "loss/test/RenderedSST2_epoch": 0.5676349401473999,
            "acc/test/RenderedSST2": 0.7666117548942566,
            "normalized_acc/test/RenderedSST2": 0.9935942888259888
        }
    ],
    "avg": [
        {
            "acc/test/avg": 0.8552899956703186,
            "normalized_acc/test/avg": 0.9850565791130066
        }
    ]
}