{
    "PCAM": [
        {
            "acc/test/PCAM_epoch": 0.86773681640625,
            "loss/test/PCAM_epoch": 0.30731427669525146,
            "acc/test/PCAM": 0.86773681640625,
            "normalized_acc/test/PCAM": 0.9780208468437195
        }
    ],
    "CIFAR10": [
        {
            "acc/test/CIFAR10_epoch": 0.9677000045776367,
            "loss/test/CIFAR10_epoch": 0.10539429634809494,
            "acc/test/CIFAR10": 0.9677000045776367,
            "normalized_acc/test/CIFAR10": 0.9858394861221313
        }
    ],
    "avg": [
        {
            "acc/test/avg": 0.9177184104919434,
            "normalized_acc/test/avg": 0.9819301664829254
        }
    ]
}