{
    "EuroSAT": [
        {
            "acc/test/EuroSAT_epoch": 0.9585185050964355,
            "loss/test/EuroSAT_epoch": 0.13035322725772858,
            "acc/test/EuroSAT": 0.9585185050964355,
            "normalized_acc/test/EuroSAT": 0.9674766659736633
        }
    ],
    "CIFAR10": [
        {
            "acc/test/CIFAR10_epoch": 0.9747999906539917,
            "loss/test/CIFAR10_epoch": 0.08269049227237701,
            "acc/test/CIFAR10": 0.9747999906539917,
            "normalized_acc/test/CIFAR10": 0.993072509765625
        }
    ],
    "avg": [
        {
            "acc/test/avg": 0.9666592478752136,
            "normalized_acc/test/avg": 0.9802745878696442
        }
    ]
}