{
    "DTD": [
        {
            "acc/test/DTD_epoch": 0.7372340559959412,
            "loss/test/DTD_epoch": 0.9679040908813477,
            "acc/test/DTD": 0.7372340559959412,
            "normalized_acc/test/DTD": 0.8896020650863647
        }
    ],
    "STL10": [
        {
            "acc/test/STL10_epoch": 0.9904999732971191,
            "loss/test/STL10_epoch": 0.0330243781208992,
            "acc/test/STL10": 0.9904999732971191,
            "normalized_acc/test/STL10": 1.002657175064087
        }
    ],
    "avg": [
        {
            "acc/test/avg": 0.8638670146465302,
            "normalized_acc/test/avg": 0.9461296200752258
        }
    ]
}