{
    "Flowers102": [
        {
            "acc/test/Flowers102_epoch": 0.7080826163291931,
            "loss/test/Flowers102_epoch": 1.05002760887146,
            "acc/test/Flowers102": 0.7080826163291931,
            "normalized_acc/test/Flowers102": 0.7514669895172119
        }
    ],
    "PCAM": [
        {
            "acc/test/PCAM_epoch": 0.8924560546875,
            "loss/test/PCAM_epoch": 0.25127145648002625,
            "acc/test/PCAM": 0.8924560546875,
            "normalized_acc/test/PCAM": 1.0058817863464355
        }
    ],
    "avg": [
        {
            "acc/test/avg": 0.8002693355083466,
            "normalized_acc/test/avg": 0.8786743879318237
        }
    ]
}