{
    "MNIST": [
        {
            "acc/test/MNIST_epoch": 0.994700014591217,
            "loss/test/MNIST_epoch": 0.04115745425224304,
            "acc/test/MNIST": 0.994700014591217,
            "normalized_acc/test/MNIST": 0.9981936812400818
        }
    ],
    "FER2013": [
        {
            "acc/test/FER2013_epoch": 0.6762329339981079,
            "loss/test/FER2013_epoch": 1.1255664825439453,
            "acc/test/FER2013": 0.6762329339981079,
            "normalized_acc/test/FER2013": 0.9172335863113403
        }
    ],
    "avg": [
        {
            "acc/test/avg": 0.8354664742946625,
            "normalized_acc/test/avg": 0.9577136337757111
        }
    ]
}