{
    "SUN397": [
        {
            "acc/test/SUN397_epoch": 0.7477077841758728,
            "loss/test/SUN397_epoch": 0.9043413400650024,
            "acc/test/SUN397": 0.7477077841758728,
            "normalized_acc/test/SUN397": 0.9482493996620178
        }
    ],
    "KMNIST": [
        {
            "acc/test/KMNIST_epoch": 0.9406999945640564,
            "loss/test/KMNIST_epoch": 0.30605101585388184,
            "acc/test/KMNIST": 0.9406999945640564,
            "normalized_acc/test/KMNIST": 0.95648193359375
        }
    ],
    "avg": [
        {
            "acc/test/avg": 0.8442038893699646,
            "normalized_acc/test/avg": 0.9523656666278839
        }
    ]
}