{
    "EuroSAT": [
        {
            "acc/test/EuroSAT_epoch": 0.9496296048164368,
            "loss/test/EuroSAT_epoch": 0.1586623340845108,
            "acc/test/EuroSAT": 0.9496296048164368,
            "normalized_acc/test/EuroSAT": 0.9585046768188477
        }
    ],
    "SVHN": [
        {
            "acc/test/SVHN_epoch": 0.9655424356460571,
            "loss/test/SVHN_epoch": 0.1618313193321228,
            "acc/test/SVHN": 0.9655424356460571,
            "normalized_acc/test/SVHN": 0.9904248118400574
        }
    ],
    "avg": [
        {
            "acc/test/avg": 0.957586020231247,
            "normalized_acc/test/avg": 0.9744647443294525
        }
    ]
}