{
    "KMNIST": [
        {
            "acc/test/KMNIST_epoch": 0.9352999925613403,
            "loss/test/KMNIST_epoch": 0.3857131898403168,
            "acc/test/KMNIST": 0.9352999925613403,
            "normalized_acc/test/KMNIST": 0.9509913325309753
        }
    ],
    "RenderedSST2": [
        {
            "acc/test/RenderedSST2_epoch": 0.7682592272758484,
            "loss/test/RenderedSST2_epoch": 0.5347175002098083,
            "acc/test/RenderedSST2": 0.7682592272758484,
            "normalized_acc/test/RenderedSST2": 0.9957295656204224
        }
    ],
    "avg": [
        {
            "acc/test/avg": 0.8517796099185944,
            "normalized_acc/test/avg": 0.9733604490756989
        }
    ]
}