{
    "OxfordIIITPet": [
        {
            "acc/test/OxfordIIITPet_epoch": 0.9345870614051819,
            "loss/test/OxfordIIITPet_epoch": 0.23811431229114532,
            "acc/test/OxfordIIITPet": 0.9345870614051819,
            "normalized_acc/test/OxfordIIITPet": 0.9833667278289795
        }
    ],
    "CIFAR100": [
        {
            "acc/test/CIFAR100_epoch": 0.8745999932289124,
            "loss/test/CIFAR100_epoch": 0.5018371939659119,
            "acc/test/CIFAR100": 0.8745999932289124,
            "normalized_acc/test/CIFAR100": 0.9797244071960449
        }
    ],
    "avg": [
        {
            "acc/test/avg": 0.9045935273170471,
            "normalized_acc/test/avg": 0.9815455675125122
        }
    ]
}