{
    "PCAM": [
        {
            "acc/test/PCAM_epoch": 0.89404296875,
            "loss/test/PCAM_epoch": 0.24525463581085205,
            "acc/test/PCAM": 0.89404296875,
            "normalized_acc/test/PCAM": 1.0076704025268555
        }
    ],
    "FER2013": [
        {
            "acc/test/FER2013_epoch": 0.6898857355117798,
            "loss/test/FER2013_epoch": 0.877500057220459,
            "acc/test/FER2013": 0.6898857355117798,
            "normalized_acc/test/FER2013": 0.9357520341873169
        }
    ],
    "avg": [
        {
            "acc/test/avg": 0.7919643521308899,
            "normalized_acc/test/avg": 0.9717112183570862
        }
    ]
}