{
    "RESISC45": [
        {
            "acc/test/RESISC45_epoch": 0.9133333563804626,
            "loss/test/RESISC45_epoch": 0.2822752296924591,
            "acc/test/RESISC45": 0.9133333563804626,
            "normalized_acc/test/RESISC45": 0.9448276162147522
        }
    ],
    "FashionMNIST": [
        {
            "acc/test/FashionMNIST_epoch": 0.9266999959945679,
            "loss/test/FashionMNIST_epoch": 0.2176274210214615,
            "acc/test/FashionMNIST": 0.9266999959945679,
            "normalized_acc/test/FashionMNIST": 0.9734243154525757
        }
    ],
    "avg": [
        {
            "acc/test/avg": 0.9200166761875153,
            "normalized_acc/test/avg": 0.9591259658336639
        }
    ]
}