{
    "SVHN": [
        {
            "acc/test/SVHN_epoch": 0.9702673554420471,
            "loss/test/SVHN_epoch": 0.13784955441951752,
            "acc/test/SVHN": 0.9702673554420471,
            "normalized_acc/test/SVHN": 0.9952715039253235
        }
    ],
    "DTD": [
        {
            "acc/test/DTD_epoch": 0.6824468374252319,
            "loss/test/DTD_epoch": 1.2052123546600342,
            "acc/test/DTD": 0.6824468374252319,
            "normalized_acc/test/DTD": 0.8234916925430298
        }
    ],
    "avg": [
        {
            "acc/test/avg": 0.8263570964336395,
            "normalized_acc/test/avg": 0.9093815982341766
        }
    ]
}