{
    "SVHN": [
        {
            "acc/test/SVHN_epoch": 0.9602412581443787,
            "loss/test/SVHN_epoch": 0.18191681802272797,
            "acc/test/SVHN": 0.9602412581443787,
            "normalized_acc/test/SVHN": 0.9849870204925537
        }
    ],
    "FashionMNIST": [
        {
            "acc/test/FashionMNIST_epoch": 0.9233999848365784,
            "loss/test/FashionMNIST_epoch": 0.23291072249412537,
            "acc/test/FashionMNIST": 0.9233999848365784,
            "normalized_acc/test/FashionMNIST": 0.9699579477310181
        }
    ],
    "avg": [
        {
            "acc/test/avg": 0.9418206214904785,
            "normalized_acc/test/avg": 0.9774724841117859
        }
    ]
}