{
    "Flowers102": [
        {
            "acc/test/Flowers102_epoch": 0.82989102602005,
            "loss/test/Flowers102_epoch": 0.6577438116073608,
            "acc/test/Flowers102": 0.82989102602005,
            "normalized_acc/test/Flowers102": 0.8807386755943298
        }
    ],
    "KMNIST": [
        {
            "acc/test/KMNIST_epoch": 0.9388999938964844,
            "loss/test/KMNIST_epoch": 0.3168424665927887,
            "acc/test/KMNIST": 0.9388999938964844,
            "normalized_acc/test/KMNIST": 0.9546517729759216
        }
    ],
    "avg": [
        {
            "acc/test/avg": 0.8843955099582672,
            "normalized_acc/test/avg": 0.9176952242851257
        }
    ]
}