{
    "PCAM": [
        {
            "acc/test/PCAM_epoch": 0.88653564453125,
            "loss/test/PCAM_epoch": 0.26620757579803467,
            "acc/test/PCAM": 0.88653564453125,
            "normalized_acc/test/PCAM": 0.9992088675498962
        }
    ],
    "OxfordIIITPet": [
        {
            "acc/test/OxfordIIITPet_epoch": 0.921777069568634,
            "loss/test/OxfordIIITPet_epoch": 0.22922492027282715,
            "acc/test/OxfordIIITPet": 0.921777069568634,
            "normalized_acc/test/OxfordIIITPet": 0.9698881506919861
        }
    ],
    "avg": [
        {
            "acc/test/avg": 0.904156357049942,
            "normalized_acc/test/avg": 0.9845485091209412
        }
    ]
}