{
    "RESISC45": [
        {
            "acc/test/RESISC45_epoch": 0.920634925365448,
            "loss/test/RESISC45_epoch": 0.26650330424308777,
            "acc/test/RESISC45": 0.920634925365448,
            "normalized_acc/test/RESISC45": 0.9523809552192688
        }
    ],
    "KMNIST": [
        {
            "acc/test/KMNIST_epoch": 0.9330000281333923,
            "loss/test/KMNIST_epoch": 0.34888172149658203,
            "acc/test/KMNIST": 0.9330000281333923,
            "normalized_acc/test/KMNIST": 0.9486528038978577
        }
    ],
    "avg": [
        {
            "acc/test/avg": 0.9268174767494202,
            "normalized_acc/test/avg": 0.9505168795585632
        }
    ]
}