{
    "CIFAR100": [
        {
            "acc/test/CIFAR100_epoch": 0.8278999924659729,
            "loss/test/CIFAR100_epoch": 0.7331506609916687,
            "acc/test/CIFAR100": 0.8278999924659729,
            "normalized_acc/test/CIFAR100": 0.9274111986160278
        }
    ],
    "KMNIST": [
        {
            "acc/test/KMNIST_epoch": 0.9668999910354614,
            "loss/test/KMNIST_epoch": 0.1450165957212448,
            "acc/test/KMNIST": 0.9668999910354614,
            "normalized_acc/test/KMNIST": 0.9831215143203735
        }
    ],
    "avg": [
        {
            "acc/test/avg": 0.8973999917507172,
            "normalized_acc/test/avg": 0.9552663564682007
        }
    ]
}