{
    "RESISC45": [
        {
            "acc/test/RESISC45_epoch": 0.9484127163887024,
            "loss/test/RESISC45_epoch": 0.1829628050327301,
            "acc/test/RESISC45": 0.9484127163887024,
            "normalized_acc/test/RESISC45": 0.9811166524887085
        }
    ],
    "FashionMNIST": [
        {
            "acc/test/FashionMNIST_epoch": 0.9465000033378601,
            "loss/test/FashionMNIST_epoch": 0.17760491371154785,
            "acc/test/FashionMNIST": 0.9465000033378601,
            "normalized_acc/test/FashionMNIST": 0.9942226409912109
        }
    ],
    "avg": [
        {
            "acc/test/avg": 0.9474563598632812,
            "normalized_acc/test/avg": 0.9876696467399597
        }
    ]
}