{
    "SUN397": [
        {
            "acc/test/SUN397_epoch": 0.7827203869819641,
            "loss/test/SUN397_epoch": 0.8279818296432495,
            "acc/test/SUN397": 0.7827203869819641,
            "normalized_acc/test/SUN397": 0.9926527142524719
        }
    ],
    "OxfordIIITPet": [
        {
            "acc/test/OxfordIIITPet_epoch": 0.9435813426971436,
            "loss/test/OxfordIIITPet_epoch": 0.22088411450386047,
            "acc/test/OxfordIIITPet": 0.9435813426971436,
            "normalized_acc/test/OxfordIIITPet": 0.9928304553031921
        }
    ],
    "avg": [
        {
            "acc/test/avg": 0.8631508648395538,
            "normalized_acc/test/avg": 0.992741584777832
        }
    ]
}