{
    "CIFAR10": [
        {
            "acc/test/CIFAR10_epoch": 0.9789999723434448,
            "loss/test/CIFAR10_epoch": 0.08412725478410721,
            "acc/test/CIFAR10": 0.9789999723434448,
            "normalized_acc/test/CIFAR10": 0.9973512291908264
        }
    ],
    "EMNIST": [
        {
            "acc/test/EMNIST_epoch": 0.9957000017166138,
            "loss/test/EMNIST_epoch": 0.0385061539709568,
            "acc/test/EMNIST": 0.9957000017166138,
            "normalized_acc/test/EMNIST": 1.0014079809188843
        }
    ],
    "avg": [
        {
            "acc/test/avg": 0.9873499870300293,
            "normalized_acc/test/avg": 0.9993796050548553
        }
    ]
}