{
    "RESISC45": [
        {
            "acc/test/RESISC45_epoch": 0.9566666483879089,
            "loss/test/RESISC45_epoch": 0.14869315922260284,
            "acc/test/RESISC45": 0.9566666483879089,
            "normalized_acc/test/RESISC45": 0.9896551966667175
        }
    ],
    "STL10": [
        {
            "acc/test/STL10_epoch": 0.9896249771118164,
            "loss/test/STL10_epoch": 0.032729294151067734,
            "acc/test/STL10": 0.9896249771118164,
            "normalized_acc/test/STL10": 1.0017714500427246
        }
    ],
    "avg": [
        {
            "acc/test/avg": 0.9731458127498627,
            "normalized_acc/test/avg": 0.9957133233547211
        }
    ]
}