{
    "CIFAR100": [
        {
            "acc/test/CIFAR100_epoch": 0.8604999780654907,
            "loss/test/CIFAR100_epoch": 0.6073058843612671,
            "acc/test/CIFAR100": 0.8604999780654907,
            "normalized_acc/test/CIFAR100": 0.9639295935630798
        }
    ],
    "EMNIST": [
        {
            "acc/test/EMNIST_epoch": 0.9958999752998352,
            "loss/test/EMNIST_epoch": 0.03497409075498581,
            "acc/test/EMNIST": 0.9958999752998352,
            "normalized_acc/test/EMNIST": 1.0016090869903564
        }
    ],
    "avg": [
        {
            "acc/test/avg": 0.928199976682663,
            "normalized_acc/test/avg": 0.9827693402767181
        }
    ]
}