{
    "Cars": [
        {
            "acc/test/Cars_epoch": 0.867678165435791,
            "loss/test/Cars_epoch": 0.4377007782459259,
            "acc/test/Cars": 0.867678165435791,
            "normalized_acc/test/Cars": 1.0113060474395752
        }
    ],
    "EuroSAT": [
        {
            "acc/test/EuroSAT_epoch": 0.9900000095367432,
            "loss/test/EuroSAT_epoch": 0.03591952472925186,
            "acc/test/EuroSAT": 0.9900000095367432,
            "normalized_acc/test/EuroSAT": 0.9992523789405823
        }
    ],
    "avg": [
        {
            "acc/test/avg": 0.9288390874862671,
            "normalized_acc/test/avg": 1.0052792131900787
        }
    ]
}