{
    "SUN397": [
        {
            "acc/test/SUN397_epoch": 0.7852392792701721,
            "loss/test/SUN397_epoch": 0.8335150480270386,
            "acc/test/SUN397": 0.7852392792701721,
            "normalized_acc/test/SUN397": 0.9958471655845642
        }
    ],
    "RenderedSST2": [
        {
            "acc/test/RenderedSST2_epoch": 0.782537043094635,
            "loss/test/RenderedSST2_epoch": 0.896992027759552,
            "acc/test/RenderedSST2": 0.782537043094635,
            "normalized_acc/test/RenderedSST2": 1.0142347812652588
        }
    ],
    "avg": [
        {
            "acc/test/avg": 0.7838881611824036,
            "normalized_acc/test/avg": 1.0050409734249115
        }
    ]
}