{
    "EuroSAT": [
        {
            "acc/test/EuroSAT_epoch": 0.9851852059364319,
            "loss/test/EuroSAT_epoch": 0.05423993244767189,
            "acc/test/EuroSAT": 0.9851852059364319,
            "normalized_acc/test/EuroSAT": 0.9943925738334656
        }
    ],
    "EMNIST": [
        {
            "acc/test/EMNIST_epoch": 0.9962000250816345,
            "loss/test/EMNIST_epoch": 0.0319865345954895,
            "acc/test/EMNIST": 0.9962000250816345,
            "normalized_acc/test/EMNIST": 1.001910924911499
        }
    ],
    "avg": [
        {
            "acc/test/avg": 0.9906926155090332,
            "normalized_acc/test/avg": 0.9981517493724823
        }
    ]
}