{
    "MNIST": [
        {
            "acc/test/MNIST_epoch": 0.9958000183105469,
            "loss/test/MNIST_epoch": 0.027074793353676796,
            "acc/test/MNIST": 0.9958000183105469,
            "normalized_acc/test/MNIST": 0.999297559261322
        }
    ],
    "STL10": [
        {
            "acc/test/STL10_epoch": 0.9764999747276306,
            "loss/test/STL10_epoch": 0.07638290524482727,
            "acc/test/STL10": 0.9764999747276306,
            "normalized_acc/test/STL10": 0.9884853959083557
        }
    ],
    "avg": [
        {
            "acc/test/avg": 0.9861499965190887,
            "normalized_acc/test/avg": 0.9938914775848389
        }
    ]
}