{
    "Cars": [
        {
            "acc/test/Cars_epoch": 0.8767566084861755,
            "loss/test/Cars_epoch": 0.43343910574913025,
            "acc/test/Cars": 0.8767566084861755,
            "normalized_acc/test/Cars": 1.021887183189392
        }
    ],
    "DTD": [
        {
            "acc/test/DTD_epoch": 0.8159574270248413,
            "loss/test/DTD_epoch": 0.8411140441894531,
            "acc/test/DTD": 0.8159574270248413,
            "normalized_acc/test/DTD": 0.9845955967903137
        }
    ],
    "avg": [
        {
            "acc/test/avg": 0.8463570177555084,
            "normalized_acc/test/avg": 1.003241389989853
        }
    ]
}