{
    "CIFAR100": [
        {
            "acc/test/CIFAR100_epoch": 0.8306000232696533,
            "loss/test/CIFAR100_epoch": 0.7379904985427856,
            "acc/test/CIFAR100": 0.8306000232696533,
            "normalized_acc/test/CIFAR100": 0.9304357767105103
        }
    ],
    "KMNIST": [
        {
            "acc/test/KMNIST_epoch": 0.9764999747276306,
            "loss/test/KMNIST_epoch": 0.09217116236686707,
            "acc/test/KMNIST": 0.9764999747276306,
            "normalized_acc/test/KMNIST": 0.9928825497627258
        }
    ],
    "avg": [
        {
            "acc/test/avg": 0.903549998998642,
            "normalized_acc/test/avg": 0.961659163236618
        }
    ]
}