{
    "DTD": [
        {
            "acc/test/DTD_epoch": 0.7675532102584839,
            "loss/test/DTD_epoch": 0.91655433177948,
            "acc/test/DTD": 0.7675532102584839,
            "normalized_acc/test/DTD": 0.9261873960494995
        }
    ],
    "CIFAR10": [
        {
            "acc/test/CIFAR10_epoch": 0.9833999872207642,
            "loss/test/CIFAR10_epoch": 0.0803186222910881,
            "acc/test/CIFAR10": 0.9833999872207642,
            "normalized_acc/test/CIFAR10": 1.0018337965011597
        }
    ],
    "avg": [
        {
            "acc/test/avg": 0.875476598739624,
            "normalized_acc/test/avg": 0.9640105962753296
        }
    ]
}