{
    "OxfordIIITPet": [
        {
            "acc/test/OxfordIIITPet_epoch": 0.9389479160308838,
            "loss/test/OxfordIIITPet_epoch": 0.22238369286060333,
            "acc/test/OxfordIIITPet": 0.9389479160308838,
            "normalized_acc/test/OxfordIIITPet": 0.9879552125930786
        }
    ],
    "FashionMNIST": [
        {
            "acc/test/FashionMNIST_epoch": 0.9470000267028809,
            "loss/test/FashionMNIST_epoch": 0.1868603676557541,
            "acc/test/FashionMNIST": 0.9470000267028809,
            "normalized_acc/test/FashionMNIST": 0.9947478771209717
        }
    ],
    "avg": [
        {
            "acc/test/avg": 0.9429739713668823,
            "normalized_acc/test/avg": 0.9913515448570251
        }
    ]
}