{
    "Food101": [
        {
            "acc/test/Food101_epoch": 0.9032475352287292,
            "loss/test/Food101_epoch": 0.39878520369529724,
            "acc/test/Food101": 0.9032475352287292,
            "normalized_acc/test/Food101": 0.9936825037002563
        }
    ],
    "EMNIST": [
        {
            "acc/test/EMNIST_epoch": 0.9962000250816345,
            "loss/test/EMNIST_epoch": 0.03236791118979454,
            "acc/test/EMNIST": 0.9962000250816345,
            "normalized_acc/test/EMNIST": 1.001910924911499
        }
    ],
    "avg": [
        {
            "acc/test/avg": 0.9497237801551819,
            "normalized_acc/test/avg": 0.9977967143058777
        }
    ]
}