{
    "GTSRB": [
        {
            "acc/test/GTSRB_epoch": 0.9811559915542603,
            "loss/test/GTSRB_epoch": 0.07323308289051056,
            "acc/test/GTSRB": 0.9811559915542603,
            "normalized_acc/test/GTSRB": 0.9919155240058899
        }
    ],
    "FashionMNIST": [
        {
            "acc/test/FashionMNIST_epoch": 0.9473000168800354,
            "loss/test/FashionMNIST_epoch": 0.18660743534564972,
            "acc/test/FashionMNIST": 0.9473000168800354,
            "normalized_acc/test/FashionMNIST": 0.9950630068778992
        }
    ],
    "avg": [
        {
            "acc/test/avg": 0.9642280042171478,
            "normalized_acc/test/avg": 0.9934892654418945
        }
    ]
}