{
    "RESISC45": [
        {
            "acc/test/RESISC45_epoch": 0.9493650794029236,
            "loss/test/RESISC45_epoch": 0.17396576702594757,
            "acc/test/RESISC45": 0.9493650794029236,
            "normalized_acc/test/RESISC45": 0.9821018576622009
        }
    ],
    "FashionMNIST": [
        {
            "acc/test/FashionMNIST_epoch": 0.9455999732017517,
            "loss/test/FashionMNIST_epoch": 0.1919316053390503,
            "acc/test/FashionMNIST": 0.9455999732017517,
            "normalized_acc/test/FashionMNIST": 0.9932772517204285
        }
    ],
    "avg": [
        {
            "acc/test/avg": 0.9474825263023376,
            "normalized_acc/test/avg": 0.9876895546913147
        }
    ]
}