{
    "MNIST": [
        {
            "acc/test/MNIST_epoch": 0.995199978351593,
            "loss/test/MNIST_epoch": 0.03157759830355644,
            "acc/test/MNIST": 0.995199978351593,
            "normalized_acc/test/MNIST": 0.9986953735351562
        }
    ],
    "FashionMNIST": [
        {
            "acc/test/FashionMNIST_epoch": 0.9347000122070312,
            "loss/test/FashionMNIST_epoch": 0.23224690556526184,
            "acc/test/FashionMNIST": 0.9347000122070312,
            "normalized_acc/test/FashionMNIST": 0.9818277359008789
        }
    ],
    "avg": [
        {
            "acc/test/avg": 0.9649499952793121,
            "normalized_acc/test/avg": 0.9902615547180176
        }
    ]
}