{
    "SUN397": [
        {
            "acc/test/SUN397_epoch": 0.7887153625488281,
            "loss/test/SUN397_epoch": 0.8180571794509888,
            "acc/test/SUN397": 0.7887153625488281,
            "normalized_acc/test/SUN397": 1.0002555847167969
        }
    ],
    "OxfordIIITPet": [
        {
            "acc/test/OxfordIIITPet_epoch": 0.9509403109550476,
            "loss/test/OxfordIIITPet_epoch": 0.2137945145368576,
            "acc/test/OxfordIIITPet": 0.9509403109550476,
            "normalized_acc/test/OxfordIIITPet": 1.0005735158920288
        }
    ],
    "avg": [
        {
            "acc/test/avg": 0.8698278367519379,
            "normalized_acc/test/avg": 1.0004145503044128
        }
    ]
}