{
    "SUN397": [
        {
            "acc/test/SUN397_epoch": 0.7798488736152649,
            "loss/test/SUN397_epoch": 0.8634215593338013,
            "acc/test/SUN397": 0.7798488736152649,
            "normalized_acc/test/SUN397": 0.9890109896659851
        }
    ],
    "FER2013": [
        {
            "acc/test/FER2013_epoch": 0.7442184686660767,
            "loss/test/FER2013_epoch": 1.1577754020690918,
            "acc/test/FER2013": 0.7442184686660767,
            "normalized_acc/test/FER2013": 1.0094482898712158
        }
    ],
    "avg": [
        {
            "acc/test/avg": 0.7620336711406708,
            "normalized_acc/test/avg": 0.9992296397686005
        }
    ]
}