{
    "SUN397": [
        {
            "acc/test/SUN397_epoch": 0.7717884182929993,
            "loss/test/SUN397_epoch": 0.9006655216217041,
            "acc/test/SUN397": 0.7717884182929993,
            "normalized_acc/test/SUN397": 0.9787886738777161
        }
    ],
    "GTSRB": [
        {
            "acc/test/GTSRB_epoch": 0.9889152646064758,
            "loss/test/GTSRB_epoch": 0.04478881508111954,
            "acc/test/GTSRB": 0.9889152646064758,
            "normalized_acc/test/GTSRB": 0.9997598528862
        }
    ],
    "avg": [
        {
            "acc/test/avg": 0.8803518414497375,
            "normalized_acc/test/avg": 0.989274263381958
        }
    ]
}