{
    "STL10": [
        {
            "acc/test/STL10_epoch": 0.9894999861717224,
            "loss/test/STL10_epoch": 0.03441813215613365,
            "acc/test/STL10": 0.9894999861717224,
            "normalized_acc/test/STL10": 1.0016449689865112
        }
    ],
    "Food101": [
        {
            "acc/test/Food101_epoch": 0.9159603714942932,
            "loss/test/Food101_epoch": 0.3415417969226837,
            "acc/test/Food101": 0.9159603714942932,
            "normalized_acc/test/Food101": 1.007668137550354
        }
    ],
    "avg": [
        {
            "acc/test/avg": 0.9527301788330078,
            "normalized_acc/test/avg": 1.0046565532684326
        }
    ]
}