{
    "Cars": [
        {
            "acc/test/Cars_epoch": 0.8442979454994202,
            "loss/test/Cars_epoch": 0.5533865094184875,
            "acc/test/Cars": 0.8442979454994202,
            "normalized_acc/test/Cars": 0.9840556383132935
        }
    ],
    "MNIST": [
        {
            "acc/test/MNIST_epoch": 0.9961000084877014,
            "loss/test/MNIST_epoch": 0.0280713252723217,
            "acc/test/MNIST": 0.9961000084877014,
            "normalized_acc/test/MNIST": 0.9995985627174377
        }
    ],
    "avg": [
        {
            "acc/test/avg": 0.9201989769935608,
            "normalized_acc/test/avg": 0.9918271005153656
        }
    ]
}