{
    "Cars": [
        {
            "acc/test/Cars_epoch": 0.8588483929634094,
            "loss/test/Cars_epoch": 0.48900675773620605,
            "acc/test/Cars": 0.8588483929634094,
            "normalized_acc/test/Cars": 1.0010145902633667
        }
    ],
    "CIFAR100": [
        {
            "acc/test/CIFAR100_epoch": 0.8859999775886536,
            "loss/test/CIFAR100_epoch": 0.508247435092926,
            "acc/test/CIFAR100": 0.8859999775886536,
            "normalized_acc/test/CIFAR100": 0.9924946427345276
        }
    ],
    "avg": [
        {
            "acc/test/avg": 0.8724241852760315,
            "normalized_acc/test/avg": 0.9967546164989471
        }
    ]
}