{
    "Flowers102": [
        {
            "acc/test/Flowers102_epoch": 0.5953813791275024,
            "loss/test/Flowers102_epoch": 1.4961684942245483,
            "acc/test/Flowers102": 0.5953813791275024,
            "normalized_acc/test/Flowers102": 0.6318605542182922
        }
    ],
    "PCAM": [
        {
            "acc/test/PCAM_epoch": 0.877899169921875,
            "loss/test/PCAM_epoch": 0.3692106008529663,
            "acc/test/PCAM": 0.877899169921875,
            "normalized_acc/test/PCAM": 0.9894747734069824
        }
    ],
    "avg": [
        {
            "acc/test/avg": 0.7366402745246887,
            "normalized_acc/test/avg": 0.8106676638126373
        }
    ]
}