{
    "FER2013": [
        {
            "acc/test/FER2013_epoch": 0.7418500781059265,
            "loss/test/FER2013_epoch": 1.0606993436813354,
            "acc/test/FER2013": 0.7418500781059265,
            "normalized_acc/test/FER2013": 1.0062358379364014
        }
    ],
    "STL10": [
        {
            "acc/test/STL10_epoch": 0.9890000224113464,
            "loss/test/STL10_epoch": 0.036963481456041336,
            "acc/test/STL10": 0.9890000224113464,
            "normalized_acc/test/STL10": 1.0011388063430786
        }
    ],
    "avg": [
        {
            "acc/test/avg": 0.8654250502586365,
            "normalized_acc/test/avg": 1.00368732213974
        }
    ]
}