{
    "RESISC45": [
        {
            "acc/test/RESISC45_epoch": 0.9580952525138855,
            "loss/test/RESISC45_epoch": 0.14813648164272308,
            "acc/test/RESISC45": 0.9580952525138855,
            "normalized_acc/test/RESISC45": 0.9911330342292786
        }
    ],
    "DTD": [
        {
            "acc/test/DTD_epoch": 0.7888298034667969,
            "loss/test/DTD_epoch": 0.8765934705734253,
            "acc/test/DTD": 0.7888298034667969,
            "normalized_acc/test/DTD": 0.9518613219261169
        }
    ],
    "avg": [
        {
            "acc/test/avg": 0.8734625279903412,
            "normalized_acc/test/avg": 0.9714971780776978
        }
    ]
}