{
    "OxfordIIITPet": [
        {
            "acc/test/OxfordIIITPet_epoch": 0.9509403109550476,
            "loss/test/OxfordIIITPet_epoch": 0.18635119497776031,
            "acc/test/OxfordIIITPet": 0.9509403109550476,
            "normalized_acc/test/OxfordIIITPet": 1.0005735158920288
        }
    ],
    "STL10": [
        {
            "acc/test/STL10_epoch": 0.9886249899864197,
            "loss/test/STL10_epoch": 0.038731012493371964,
            "acc/test/STL10": 0.9886249899864197,
            "normalized_acc/test/STL10": 1.000759243965149
        }
    ],
    "avg": [
        {
            "acc/test/avg": 0.9697826504707336,
            "normalized_acc/test/avg": 1.0006663799285889
        }
    ]
}