{
    "FER2013": [
        {
            "acc/test/FER2013_epoch": 0.7326553463935852,
            "loss/test/FER2013_epoch": 1.1131186485290527,
            "acc/test/FER2013": 0.7326553463935852,
            "normalized_acc/test/FER2013": 0.9937642216682434
        }
    ],
    "Food101": [
        {
            "acc/test/Food101_epoch": 0.9096237421035767,
            "loss/test/Food101_epoch": 0.3755579888820648,
            "acc/test/Food101": 0.9096237421035767,
            "normalized_acc/test/Food101": 1.000697135925293
        }
    ],
    "avg": [
        {
            "acc/test/avg": 0.8211395442485809,
            "normalized_acc/test/avg": 0.9972306787967682
        }
    ]
}