{
    "GTSRB": [
        {
            "acc/test/GTSRB_epoch": 0.9456056952476501,
            "loss/test/GTSRB_epoch": 0.21560776233673096,
            "acc/test/GTSRB": 0.9456056952476501,
            "normalized_acc/test/GTSRB": 0.955975353717804
        }
    ],
    "CIFAR10": [
        {
            "acc/test/CIFAR10_epoch": 0.9708999991416931,
            "loss/test/CIFAR10_epoch": 0.10174775868654251,
            "acc/test/CIFAR10": 0.9708999991416931,
            "normalized_acc/test/CIFAR10": 0.9890994429588318
        }
    ],
    "avg": [
        {
            "acc/test/avg": 0.9582528471946716,
            "normalized_acc/test/avg": 0.9725373983383179
        }
    ]
}