{
    "CIFAR10": [
        {
            "acc/test/CIFAR10_epoch": 0.9815000295639038,
            "loss/test/CIFAR10_epoch": 0.06369005143642426,
            "acc/test/CIFAR10": 0.9815000295639038,
            "normalized_acc/test/CIFAR10": 0.9998981952667236
        }
    ],
    "RenderedSST2": [
        {
            "acc/test/RenderedSST2_epoch": 0.7737506628036499,
            "loss/test/RenderedSST2_epoch": 0.49221915006637573,
            "acc/test/RenderedSST2": 0.7737506628036499,
            "normalized_acc/test/RenderedSST2": 1.0028469562530518
        }
    ],
    "avg": [
        {
            "acc/test/avg": 0.8776253461837769,
            "normalized_acc/test/avg": 1.0013725757598877
        }
    ]
}