{
    "FashionMNIST": [
        {
            "acc/test/FashionMNIST_epoch": 0.9053000211715698,
            "loss/test/FashionMNIST_epoch": 0.2952382266521454,
            "acc/test/FashionMNIST": 0.9053000211715698,
            "normalized_acc/test/FashionMNIST": 0.9509453773498535
        }
    ],
    "KMNIST": [
        {
            "acc/test/KMNIST_epoch": 0.8079000115394592,
            "loss/test/KMNIST_epoch": 0.8618959188461304,
            "acc/test/KMNIST": 0.8079000115394592,
            "normalized_acc/test/KMNIST": 0.8214539885520935
        }
    ],
    "avg": [
        {
            "acc/test/avg": 0.8566000163555145,
            "normalized_acc/test/avg": 0.8861996829509735
        }
    ]
}