{
    "KMNIST": [
        {
            "acc/test/KMNIST_epoch": 0.9254000186920166,
            "loss/test/KMNIST_epoch": 0.4205299913883209,
            "acc/test/KMNIST": 0.9254000186920166,
            "normalized_acc/test/KMNIST": 0.9409253001213074
        }
    ],
    "RenderedSST2": [
        {
            "acc/test/RenderedSST2_epoch": 0.7715541124343872,
            "loss/test/RenderedSST2_epoch": 0.5222465395927429,
            "acc/test/RenderedSST2": 0.7715541124343872,
            "normalized_acc/test/RenderedSST2": 1.0
        }
    ],
    "avg": [
        {
            "acc/test/avg": 0.8484770655632019,
            "normalized_acc/test/avg": 0.9704626500606537
        }
    ]
}