{
    "SUN397": [
        {
            "acc/test/SUN397_epoch": 0.7294710278511047,
            "loss/test/SUN397_epoch": 0.9335082173347473,
            "acc/test/SUN397": 0.7294710278511047,
            "normalized_acc/test/SUN397": 0.9251214265823364
        }
    ],
    "GTSRB": [
        {
            "acc/test/GTSRB_epoch": 0.8973871469497681,
            "loss/test/GTSRB_epoch": 0.4480956196784973,
            "acc/test/GTSRB": 0.8973871469497681,
            "normalized_acc/test/GTSRB": 0.9072280526161194
        }
    ],
    "avg": [
        {
            "acc/test/avg": 0.8134290874004364,
            "normalized_acc/test/avg": 0.9161747395992279
        }
    ]
}