{
    "GTSRB": [
        {
            "acc/test/GTSRB_epoch": 0.9003958702087402,
            "loss/test/GTSRB_epoch": 0.438079297542572,
            "acc/test/GTSRB": 0.9003958702087402,
            "normalized_acc/test/GTSRB": 0.9102697372436523
        }
    ],
    "DTD": [
        {
            "acc/test/DTD_epoch": 0.6319149136543274,
            "loss/test/DTD_epoch": 1.2945594787597656,
            "acc/test/DTD": 0.6319149136543274,
            "normalized_acc/test/DTD": 0.7625160217285156
        }
    ],
    "avg": [
        {
            "acc/test/avg": 0.7661553919315338,
            "normalized_acc/test/avg": 0.836392879486084
        }
    ]
}