{
    "RESISC45": [
        {
            "acc/test/RESISC45_epoch": 0.8787301778793335,
            "loss/test/RESISC45_epoch": 0.37875425815582275,
            "acc/test/RESISC45": 0.8787301778793335,
            "normalized_acc/test/RESISC45": 0.9090312719345093
        }
    ],
    "KMNIST": [
        {
            "acc/test/KMNIST_epoch": 0.4722000062465668,
            "loss/test/KMNIST_epoch": 1.6568832397460938,
            "acc/test/KMNIST": 0.4722000062465668,
            "normalized_acc/test/KMNIST": 0.48012202978134155
        }
    ],
    "avg": [
        {
            "acc/test/avg": 0.6754650920629501,
            "normalized_acc/test/avg": 0.6945766508579254
        }
    ]
}