{
    "GTSRB": [
        {
            "acc/test/GTSRB_epoch": 0.8842438459396362,
            "loss/test/GTSRB_epoch": 0.48968860507011414,
            "acc/test/GTSRB": 0.8842438459396362,
            "normalized_acc/test/GTSRB": 0.8939406275749207
        }
    ],
    "FER2013": [
        {
            "acc/test/FER2013_epoch": 0.6581220626831055,
            "loss/test/FER2013_epoch": 0.9766407012939453,
            "acc/test/FER2013": 0.6581220626831055,
            "normalized_acc/test/FER2013": 0.8926681876182556
        }
    ],
    "avg": [
        {
            "acc/test/avg": 0.7711829543113708,
            "normalized_acc/test/avg": 0.8933044075965881
        }
    ]
}