{
    "GTSRB": [
        {
            "acc/test/GTSRB_epoch": 0.8433887362480164,
            "loss/test/GTSRB_epoch": 0.5973436832427979,
            "acc/test/GTSRB": 0.8433887362480164,
            "normalized_acc/test/GTSRB": 0.8526374697685242
        }
    ],
    "CIFAR10": [
        {
            "acc/test/CIFAR10_epoch": 0.975600004196167,
            "loss/test/CIFAR10_epoch": 0.07947103679180145,
            "acc/test/CIFAR10": 0.975600004196167,
            "normalized_acc/test/CIFAR10": 0.9938875436782837
        }
    ],
    "avg": [
        {
            "acc/test/avg": 0.9094943702220917,
            "normalized_acc/test/avg": 0.9232625067234039
        }
    ]
}