{
    "PCAM": [
        {
            "acc/test/PCAM_epoch": 0.858917236328125,
            "loss/test/PCAM_epoch": 0.44818007946014404,
            "acc/test/PCAM": 0.858917236328125,
            "normalized_acc/test/PCAM": 0.9680803418159485
        }
    ],
    "OxfordIIITPet": [
        {
            "acc/test/OxfordIIITPet_epoch": 0.9160534143447876,
            "loss/test/OxfordIIITPet_epoch": 0.2754458785057068,
            "acc/test/OxfordIIITPet": 0.9160534143447876,
            "normalized_acc/test/OxfordIIITPet": 0.9638657569885254
        }
    ],
    "avg": [
        {
            "acc/test/avg": 0.8874853253364563,
            "normalized_acc/test/avg": 0.9659730494022369
        }
    ]
}