{
    "OxfordIIITPet": [
        {
            "acc/test/OxfordIIITPet_epoch": 0.9509403109550476,
            "loss/test/OxfordIIITPet_epoch": 0.20956094563007355,
            "acc/test/OxfordIIITPet": 0.9509403109550476,
            "normalized_acc/test/OxfordIIITPet": 1.0005735158920288
        }
    ],
    "Food101": [
        {
            "acc/test/Food101_epoch": 0.9203168153762817,
            "loss/test/Food101_epoch": 0.3370482921600342,
            "acc/test/Food101": 0.9203168153762817,
            "normalized_acc/test/Food101": 1.0124608278274536
        }
    ],
    "avg": [
        {
            "acc/test/avg": 0.9356285631656647,
            "normalized_acc/test/avg": 1.0065171718597412
        }
    ]
}