{
    "CIFAR10": [
        {
            "acc/test/CIFAR10_epoch": 0.9781000018119812,
            "loss/test/CIFAR10_epoch": 0.08804289251565933,
            "acc/test/CIFAR10": 0.9781000018119812,
            "normalized_acc/test/CIFAR10": 0.9964343905448914
        }
    ],
    "FashionMNIST": [
        {
            "acc/test/FashionMNIST_epoch": 0.942799985408783,
            "loss/test/FashionMNIST_epoch": 0.19197919964790344,
            "acc/test/FashionMNIST": 0.942799985408783,
            "normalized_acc/test/FashionMNIST": 0.9903361201286316
        }
    ],
    "avg": [
        {
            "acc/test/avg": 0.9604499936103821,
            "normalized_acc/test/avg": 0.9933852553367615
        }
    ]
}