{
    "DTD": [
        {
            "acc/test/DTD_epoch": 0.7680851221084595,
            "loss/test/DTD_epoch": 0.9346765279769897,
            "acc/test/DTD": 0.7680851221084595,
            "normalized_acc/test/DTD": 0.9268292784690857
        }
    ],
    "CIFAR10": [
        {
            "acc/test/CIFAR10_epoch": 0.9837999939918518,
            "loss/test/CIFAR10_epoch": 0.0726887583732605,
            "acc/test/CIFAR10": 0.9837999939918518,
            "normalized_acc/test/CIFAR10": 1.0022412538528442
        }
    ],
    "avg": [
        {
            "acc/test/avg": 0.8759425580501556,
            "normalized_acc/test/avg": 0.964535266160965
        }
    ]
}