{
    "STL10": [
        {
            "acc/test/STL10_epoch": 0.9902499914169312,
            "loss/test/STL10_epoch": 0.03360266983509064,
            "acc/test/STL10": 0.9902499914169312,
            "normalized_acc/test/STL10": 1.0024042129516602
        }
    ],
    "Food101": [
        {
            "acc/test/Food101_epoch": 0.9140990376472473,
            "loss/test/Food101_epoch": 0.3516058921813965,
            "acc/test/Food101": 0.9140990376472473,
            "normalized_acc/test/Food101": 1.0056204795837402
        }
    ],
    "avg": [
        {
            "acc/test/avg": 0.9521745145320892,
            "normalized_acc/test/avg": 1.0040123462677002
        }
    ]
}