{
    "MNIST": [
        {
            "acc/test/MNIST_epoch": 0.9965000152587891,
            "loss/test/MNIST_epoch": 0.026734936982393265,
            "acc/test/MNIST": 0.9965000152587891,
            "normalized_acc/test/MNIST": 1.0
        }
    ],
    "RenderedSST2": [
        {
            "acc/test/RenderedSST2_epoch": 0.7946183681488037,
            "loss/test/RenderedSST2_epoch": 0.6723934412002563,
            "acc/test/RenderedSST2": 0.7946183681488037,
            "normalized_acc/test/RenderedSST2": 1.0298932790756226
        }
    ],
    "avg": [
        {
            "acc/test/avg": 0.8955591917037964,
            "normalized_acc/test/avg": 1.0149466395378113
        }
    ]
}