{
    "RESISC45": [
        {
            "acc/test/RESISC45_epoch": 0.9617460370063782,
            "loss/test/RESISC45_epoch": 0.13124309480190277,
            "acc/test/RESISC45": 0.9617460370063782,
            "normalized_acc/test/RESISC45": 0.9949097037315369
        }
    ],
    "RenderedSST2": [
        {
            "acc/test/RenderedSST2_epoch": 0.7924217581748962,
            "loss/test/RenderedSST2_epoch": 0.8813390135765076,
            "acc/test/RenderedSST2": 0.7924217581748962,
            "normalized_acc/test/RenderedSST2": 1.0270462036132812
        }
    ],
    "avg": [
        {
            "acc/test/avg": 0.8770838975906372,
            "normalized_acc/test/avg": 1.010977953672409
        }
    ]
}