{
    "SUN397": [
        {
            "acc/test/SUN397_epoch": 0.7594962120056152,
            "loss/test/SUN397_epoch": 0.8907861709594727,
            "acc/test/SUN397": 0.7594962120056152,
            "normalized_acc/test/SUN397": 0.9631996154785156
        }
    ],
    "CIFAR10": [
        {
            "acc/test/CIFAR10_epoch": 0.9839000105857849,
            "loss/test/CIFAR10_epoch": 0.07619277387857437,
            "acc/test/CIFAR10": 0.9839000105857849,
            "normalized_acc/test/CIFAR10": 1.0023431777954102
        }
    ],
    "avg": [
        {
            "acc/test/avg": 0.8716981112957001,
            "normalized_acc/test/avg": 0.9827713966369629
        }
    ]
}