{
    "Cars": [
        {
            "acc/test/Cars_epoch": 0.8446710705757141,
            "loss/test/Cars_epoch": 0.5096344351768494,
            "acc/test/Cars": 0.8446710705757141,
            "normalized_acc/test/Cars": 0.9844905138015747
        }
    ],
    "FashionMNIST": [
        {
            "acc/test/FashionMNIST_epoch": 0.9455000162124634,
            "loss/test/FashionMNIST_epoch": 0.1873461902141571,
            "acc/test/FashionMNIST": 0.9455000162124634,
            "normalized_acc/test/FashionMNIST": 0.993172287940979
        }
    ],
    "avg": [
        {
            "acc/test/avg": 0.8950855433940887,
            "normalized_acc/test/avg": 0.9888314008712769
        }
    ]
}