{
    "SVHN": [
        {
            "acc/test/SVHN_epoch": 0.9718807339668274,
            "loss/test/SVHN_epoch": 0.11932765692472458,
            "acc/test/SVHN": 0.9718807339668274,
            "normalized_acc/test/SVHN": 0.996926486492157
        }
    ],
    "CIFAR10": [
        {
            "acc/test/CIFAR10_epoch": 0.9664999842643738,
            "loss/test/CIFAR10_epoch": 0.13887318968772888,
            "acc/test/CIFAR10": 0.9664999842643738,
            "normalized_acc/test/CIFAR10": 0.9846169352531433
        }
    ],
    "avg": [
        {
            "acc/test/avg": 0.9691903591156006,
            "normalized_acc/test/avg": 0.9907717108726501
        }
    ]
}