{
    "FER2013": [
        {
            "acc/test/FER2013_epoch": 0.7467260956764221,
            "loss/test/FER2013_epoch": 1.1001516580581665,
            "acc/test/FER2013": 0.7467260956764221,
            "normalized_acc/test/FER2013": 1.0128495693206787
        }
    ],
    "OxfordIIITPet": [
        {
            "acc/test/OxfordIIITPet_epoch": 0.9484873414039612,
            "loss/test/OxfordIIITPet_epoch": 0.22352002561092377,
            "acc/test/OxfordIIITPet": 0.9484873414039612,
            "normalized_acc/test/OxfordIIITPet": 0.9979925155639648
        }
    ],
    "avg": [
        {
            "acc/test/avg": 0.8476067185401917,
            "normalized_acc/test/avg": 1.0054210424423218
        }
    ]
}