{
    "SUN397": [
        {
            "acc/test/SUN397_epoch": 0.7216120958328247,
            "loss/test/SUN397_epoch": 0.9828060865402222,
            "acc/test/SUN397": 0.7216120958328247,
            "normalized_acc/test/SUN397": 0.9151546359062195
        }
    ],
    "PCAM": [
        {
            "acc/test/PCAM_epoch": 0.881256103515625,
            "loss/test/PCAM_epoch": 0.3680593967437744,
            "acc/test/PCAM": 0.881256103515625,
            "normalized_acc/test/PCAM": 0.9932583570480347
        }
    ],
    "avg": [
        {
            "acc/test/avg": 0.8014340996742249,
            "normalized_acc/test/avg": 0.9542064964771271
        }
    ]
}