{
    "SVHN": [
        {
            "acc/test/SVHN_epoch": 0.9620466828346252,
            "loss/test/SVHN_epoch": 0.1499931961297989,
            "acc/test/SVHN": 0.9620466828346252,
            "normalized_acc/test/SVHN": 0.9868389964103699
        }
    ],
    "EMNIST": [
        {
            "acc/test/EMNIST_epoch": 0.9955000281333923,
            "loss/test/EMNIST_epoch": 0.036124471575021744,
            "acc/test/EMNIST": 0.9955000281333923,
            "normalized_acc/test/EMNIST": 1.001206874847412
        }
    ],
    "avg": [
        {
            "acc/test/avg": 0.9787733554840088,
            "normalized_acc/test/avg": 0.994022935628891
        }
    ]
}