{
    "GTSRB": [
        {
            "acc/test/GTSRB_epoch": 0.957878053188324,
            "loss/test/GTSRB_epoch": 0.1668202131986618,
            "acc/test/GTSRB": 0.957878053188324,
            "normalized_acc/test/GTSRB": 0.9683822989463806
        }
    ],
    "MNIST": [
        {
            "acc/test/MNIST_epoch": 0.9955000281333923,
            "loss/test/MNIST_epoch": 0.030910568311810493,
            "acc/test/MNIST": 0.9955000281333923,
            "normalized_acc/test/MNIST": 0.9989964962005615
        }
    ],
    "avg": [
        {
            "acc/test/avg": 0.9766890406608582,
            "normalized_acc/test/avg": 0.9836893975734711
        }
    ]
}