{
    "RESISC45": [
        {
            "acc/test/RESISC45_epoch": 0.9563491940498352,
            "loss/test/RESISC45_epoch": 0.14624643325805664,
            "acc/test/RESISC45": 0.9563491940498352,
            "normalized_acc/test/RESISC45": 0.9893267750740051
        }
    ],
    "Food101": [
        {
            "acc/test/Food101_epoch": 0.9101782441139221,
            "loss/test/Food101_epoch": 0.36651161313056946,
            "acc/test/Food101": 0.9101782441139221,
            "normalized_acc/test/Food101": 1.0013071298599243
        }
    ],
    "avg": [
        {
            "acc/test/avg": 0.9332637190818787,
            "normalized_acc/test/avg": 0.9953169524669647
        }
    ]
}