{
    "Cars": [
        {
            "acc/test/Cars_epoch": 0.8719064593315125,
            "loss/test/Cars_epoch": 0.44207367300987244,
            "acc/test/Cars": 0.8719064593315125,
            "normalized_acc/test/Cars": 1.0162341594696045
        }
    ],
    "OxfordIIITPet": [
        {
            "acc/test/OxfordIIITPet_epoch": 0.953393280506134,
            "loss/test/OxfordIIITPet_epoch": 0.21074369549751282,
            "acc/test/OxfordIIITPet": 0.953393280506134,
            "normalized_acc/test/OxfordIIITPet": 1.0031545162200928
        }
    ],
    "avg": [
        {
            "acc/test/avg": 0.9126498699188232,
            "normalized_acc/test/avg": 1.0096943378448486
        }
    ]
}