{
    "SVHN": [
        {
            "acc/test/SVHN_epoch": 0.9752612113952637,
            "loss/test/SVHN_epoch": 0.10884305089712143,
            "acc/test/SVHN": 0.9752612113952637,
            "normalized_acc/test/SVHN": 1.0003941059112549
        }
    ],
    "STL10": [
        {
            "acc/test/STL10_epoch": 0.9804999828338623,
            "loss/test/STL10_epoch": 0.06355633586645126,
            "acc/test/STL10": 0.9804999828338623,
            "normalized_acc/test/STL10": 0.9925344586372375
        }
    ],
    "avg": [
        {
            "acc/test/avg": 0.977880597114563,
            "normalized_acc/test/avg": 0.9964642822742462
        }
    ]
}