{
    "OxfordIIITPet": [
        {
            "acc/test/OxfordIIITPet_epoch": 0.9416734576225281,
            "loss/test/OxfordIIITPet_epoch": 0.23443783819675446,
            "acc/test/OxfordIIITPet": 0.9416734576225281,
            "normalized_acc/test/OxfordIIITPet": 0.9908230304718018
        }
    ],
    "KMNIST": [
        {
            "acc/test/KMNIST_epoch": 0.9800999760627747,
            "loss/test/KMNIST_epoch": 0.07990727573633194,
            "acc/test/KMNIST": 0.9800999760627747,
            "normalized_acc/test/KMNIST": 0.9965429306030273
        }
    ],
    "avg": [
        {
            "acc/test/avg": 0.9608867168426514,
            "normalized_acc/test/avg": 0.9936829805374146
        }
    ]
}