{
    "FER2013": [
        {
            "acc/test/FER2013_epoch": 0.7180272936820984,
            "loss/test/FER2013_epoch": 1.0360138416290283,
            "acc/test/FER2013": 0.7180272936820984,
            "normalized_acc/test/FER2013": 0.9739229083061218
        }
    ],
    "CIFAR10": [
        {
            "acc/test/CIFAR10_epoch": 0.983299970626831,
            "loss/test/CIFAR10_epoch": 0.0777716413140297,
            "acc/test/CIFAR10": 0.983299970626831,
            "normalized_acc/test/CIFAR10": 1.0017318725585938
        }
    ],
    "avg": [
        {
            "acc/test/avg": 0.8506636321544647,
            "normalized_acc/test/avg": 0.9878273904323578
        }
    ]
}