{
    "PCAM": [
        {
            "acc/test/PCAM_epoch": 0.88372802734375,
            "loss/test/PCAM_epoch": 0.28471308946609497,
            "acc/test/PCAM": 0.88372802734375,
            "normalized_acc/test/PCAM": 0.9960444569587708
        }
    ],
    "FashionMNIST": [
        {
            "acc/test/FashionMNIST_epoch": 0.8774999976158142,
            "loss/test/FashionMNIST_epoch": 0.3466442823410034,
            "acc/test/FashionMNIST": 0.8774999976158142,
            "normalized_acc/test/FashionMNIST": 0.9217436909675598
        }
    ],
    "avg": [
        {
            "acc/test/avg": 0.8806140124797821,
            "normalized_acc/test/avg": 0.9588940739631653
        }
    ]
}