{
    "SUN397": [
        {
            "acc/test/SUN397_epoch": 0.7351133227348328,
            "loss/test/SUN397_epoch": 0.9136813282966614,
            "acc/test/SUN397": 0.7351133227348328,
            "normalized_acc/test/SUN397": 0.9322770237922668
        }
    ],
    "Flowers102": [
        {
            "acc/test/Flowers102_epoch": 0.8064725995063782,
            "loss/test/Flowers102_epoch": 0.8055980801582336,
            "acc/test/Flowers102": 0.8064725995063782,
            "normalized_acc/test/Flowers102": 0.85588538646698
        }
    ],
    "avg": [
        {
            "acc/test/avg": 0.7707929611206055,
            "normalized_acc/test/avg": 0.8940812051296234
        }
    ]
}