{
    "RESISC45": [
        {
            "acc/test/RESISC45_epoch": 0.8917460441589355,
            "loss/test/RESISC45_epoch": 0.3507450222969055,
            "acc/test/RESISC45": 0.8917460441589355,
            "normalized_acc/test/RESISC45": 0.92249596118927
        }
    ],
    "STL10": [
        {
            "acc/test/STL10_epoch": 0.9890000224113464,
            "loss/test/STL10_epoch": 0.03795694187283516,
            "acc/test/STL10": 0.9890000224113464,
            "normalized_acc/test/STL10": 1.0011388063430786
        }
    ],
    "avg": [
        {
            "acc/test/avg": 0.940373033285141,
            "normalized_acc/test/avg": 0.9618173837661743
        }
    ]
}