{
    "SUN397": [
        {
            "acc/test/SUN397_epoch": 0.7293702960014343,
            "loss/test/SUN397_epoch": 0.9232948422431946,
            "acc/test/SUN397": 0.7293702960014343,
            "normalized_acc/test/SUN397": 0.924993634223938
        }
    ],
    "EuroSAT": [
        {
            "acc/test/EuroSAT_epoch": 0.9722222089767456,
            "loss/test/EuroSAT_epoch": 0.10899055004119873,
            "acc/test/EuroSAT": 0.9722222089767456,
            "normalized_acc/test/EuroSAT": 0.9813084006309509
        }
    ],
    "avg": [
        {
            "acc/test/avg": 0.85079625248909,
            "normalized_acc/test/avg": 0.9531510174274445
        }
    ]
}