{
    "CIFAR10": [
        {
            "acc/test/CIFAR10_epoch": 0.9729999899864197,
            "loss/test/CIFAR10_epoch": 0.0821460708975792,
            "acc/test/CIFAR10": 0.9729999899864197,
            "normalized_acc/test/CIFAR10": 0.9912387728691101
        }
    ],
    "FashionMNIST": [
        {
            "acc/test/FashionMNIST_epoch": 0.8946999907493591,
            "loss/test/FashionMNIST_epoch": 0.30534473061561584,
            "acc/test/FashionMNIST": 0.8946999907493591,
            "normalized_acc/test/FashionMNIST": 0.9398108720779419
        }
    ],
    "avg": [
        {
            "acc/test/avg": 0.9338499903678894,
            "normalized_acc/test/avg": 0.965524822473526
        }
    ]
}