{
    "Food101": [
        {
            "acc/test/Food101_epoch": 0.9100990295410156,
            "loss/test/Food101_epoch": 0.3131290376186371,
            "acc/test/Food101": 0.9100990295410156,
            "normalized_acc/test/Food101": 1.0012199878692627
        }
    ],
    "EMNIST": [
        {
            "acc/test/EMNIST_epoch": 0.9894999861717224,
            "loss/test/EMNIST_epoch": 0.12722790241241455,
            "acc/test/EMNIST": 0.9894999861717224,
            "normalized_acc/test/EMNIST": 0.9951724410057068
        }
    ],
    "avg": [
        {
            "acc/test/avg": 0.949799507856369,
            "normalized_acc/test/avg": 0.9981962144374847
        }
    ]
}