{
    "RESISC45": [
        {
            "acc/test/RESISC45_epoch": 0.8771428465843201,
            "loss/test/RESISC45_epoch": 0.3839760720729828,
            "acc/test/RESISC45": 0.8771428465843201,
            "normalized_acc/test/RESISC45": 0.9073891639709473
        }
    ],
    "EMNIST": [
        {
            "acc/test/EMNIST_epoch": 0.9897000193595886,
            "loss/test/EMNIST_epoch": 0.12364278733730316,
            "acc/test/EMNIST": 0.9897000193595886,
            "normalized_acc/test/EMNIST": 0.9953736662864685
        }
    ],
    "avg": [
        {
            "acc/test/avg": 0.9334214329719543,
            "normalized_acc/test/avg": 0.9513814151287079
        }
    ]
}