{
    "CIFAR10": [
        {
            "acc/test/CIFAR10_epoch": 0.9733999967575073,
            "loss/test/CIFAR10_epoch": 0.08606824278831482,
            "acc/test/CIFAR10": 0.9733999967575073,
            "normalized_acc/test/CIFAR10": 0.9916462898254395
        }
    ],
    "EMNIST": [
        {
            "acc/test/EMNIST_epoch": 0.9896000027656555,
            "loss/test/EMNIST_epoch": 0.1495458483695984,
            "acc/test/EMNIST": 0.9896000027656555,
            "normalized_acc/test/EMNIST": 0.9952730536460876
        }
    ],
    "avg": [
        {
            "acc/test/avg": 0.9814999997615814,
            "normalized_acc/test/avg": 0.9934596717357635
        }
    ]
}