{
    "SVHN": [
        {
            "acc/test/SVHN_epoch": 0.9285879135131836,
            "loss/test/SVHN_epoch": 0.3457479476928711,
            "acc/test/SVHN": 0.9285879135131836,
            "normalized_acc/test/SVHN": 0.9525179862976074
        }
    ],
    "Flowers102": [
        {
            "acc/test/Flowers102_epoch": 0.7882582545280457,
            "loss/test/Flowers102_epoch": 0.8672116994857788,
            "acc/test/Flowers102": 0.7882582545280457,
            "normalized_acc/test/Flowers102": 0.8365550637245178
        }
    ],
    "avg": [
        {
            "acc/test/avg": 0.8584230840206146,
            "normalized_acc/test/avg": 0.8945365250110626
        }
    ]
}