{
    "CIFAR100": [
        {
            "acc/test/CIFAR100_epoch": 0.8464000225067139,
            "loss/test/CIFAR100_epoch": 0.5409923195838928,
            "acc/test/CIFAR100": 0.8464000225067139,
            "normalized_acc/test/CIFAR100": 0.9481348991394043
        }
    ],
    "CIFAR10": [
        {
            "acc/test/CIFAR10_epoch": 0.9799000024795532,
            "loss/test/CIFAR10_epoch": 0.06447743624448776,
            "acc/test/CIFAR10": 0.9799000024795532,
            "normalized_acc/test/CIFAR10": 0.9982681274414062
        }
    ],
    "avg": [
        {
            "acc/test/avg": 0.9131500124931335,
            "normalized_acc/test/avg": 0.9732015132904053
        }
    ]
}