{
    "Flowers102": [
        {
            "acc/test/Flowers102_epoch": 0.7534558176994324,
            "loss/test/Flowers102_epoch": 0.9706629514694214,
            "acc/test/Flowers102": 0.7534558176994324,
            "normalized_acc/test/Flowers102": 0.7996202707290649
        }
    ],
    "PCAM": [
        {
            "acc/test/PCAM_epoch": 0.888916015625,
            "loss/test/PCAM_epoch": 0.2706620991230011,
            "acc/test/PCAM": 0.888916015625,
            "normalized_acc/test/PCAM": 1.0018917322158813
        }
    ],
    "avg": [
        {
            "acc/test/avg": 0.8211859166622162,
            "normalized_acc/test/avg": 0.9007560014724731
        }
    ]
}