{
    "CIFAR10": [
        {
            "acc/test/CIFAR10_epoch": 0.9787999987602234,
            "loss/test/CIFAR10_epoch": 0.06677651405334473,
            "acc/test/CIFAR10": 0.9787999987602234,
            "normalized_acc/test/CIFAR10": 0.9971475005149841
        }
    ],
    "RenderedSST2": [
        {
            "acc/test/RenderedSST2_epoch": 0.7435474991798401,
            "loss/test/RenderedSST2_epoch": 0.5181930065155029,
            "acc/test/RenderedSST2": 0.7435474991798401,
            "normalized_acc/test/RenderedSST2": 0.9637010097503662
        }
    ],
    "avg": [
        {
            "acc/test/avg": 0.8611737489700317,
            "normalized_acc/test/avg": 0.9804242551326752
        }
    ]
}