{
    "SVHN": [
        {
            "acc/test/SVHN_epoch": 0.9142977595329285,
            "loss/test/SVHN_epoch": 0.404636949300766,
            "acc/test/SVHN": 0.9142977595329285,
            "normalized_acc/test/SVHN": 0.9378595352172852
        }
    ],
    "FashionMNIST": [
        {
            "acc/test/FashionMNIST_epoch": 0.8891000151634216,
            "loss/test/FashionMNIST_epoch": 0.3180824816226959,
            "acc/test/FashionMNIST": 0.8891000151634216,
            "normalized_acc/test/FashionMNIST": 0.9339285492897034
        }
    ],
    "avg": [
        {
            "acc/test/avg": 0.901698887348175,
            "normalized_acc/test/avg": 0.9358940422534943
        }
    ]
}