{
    "Cars": [
        {
            "acc/test/Cars_epoch": 0.7795050144195557,
            "loss/test/Cars_epoch": 0.6402437686920166,
            "acc/test/Cars": 0.7795050144195557,
            "normalized_acc/test/Cars": 0.9085374474525452
        }
    ],
    "FashionMNIST": [
        {
            "acc/test/FashionMNIST_epoch": 0.8945000171661377,
            "loss/test/FashionMNIST_epoch": 0.3033880293369293,
            "acc/test/FashionMNIST": 0.8945000171661377,
            "normalized_acc/test/FashionMNIST": 0.9396008253097534
        }
    ],
    "avg": [
        {
            "acc/test/avg": 0.8370025157928467,
            "normalized_acc/test/avg": 0.9240691363811493
        }
    ]
}