{
    "DTD": [
        {
            "acc/test/DTD_epoch": 0.6287233829498291,
            "loss/test/DTD_epoch": 1.3021973371505737,
            "acc/test/DTD": 0.6287233829498291,
            "normalized_acc/test/DTD": 0.7586649060249329
        }
    ],
    "Food101": [
        {
            "acc/test/Food101_epoch": 0.915802001953125,
            "loss/test/Food101_epoch": 0.30153408646583557,
            "acc/test/Food101": 0.915802001953125,
            "normalized_acc/test/Food101": 1.0074939727783203
        }
    ],
    "avg": [
        {
            "acc/test/avg": 0.772262692451477,
            "normalized_acc/test/avg": 0.8830794394016266
        }
    ]
}