{
    "EuroSAT": [
        {
            "acc/test/EuroSAT_epoch": 0.9562963247299194,
            "loss/test/EuroSAT_epoch": 0.16205903887748718,
            "acc/test/EuroSAT": 0.9562963247299194,
            "normalized_acc/test/EuroSAT": 0.9652336835861206
        }
    ],
    "MNIST": [
        {
            "acc/test/MNIST_epoch": 0.9876000285148621,
            "loss/test/MNIST_epoch": 0.112083800137043,
            "acc/test/MNIST": 0.9876000285148621,
            "normalized_acc/test/MNIST": 0.9910687804222107
        }
    ],
    "avg": [
        {
            "acc/test/avg": 0.9719481766223907,
            "normalized_acc/test/avg": 0.9781512320041656
        }
    ]
}