{
    "GTSRB": [
        {
            "acc/test/GTSRB_epoch": 0.8933491706848145,
            "loss/test/GTSRB_epoch": 0.47461703419685364,
            "acc/test/GTSRB": 0.8933491706848145,
            "normalized_acc/test/GTSRB": 0.9031457901000977
        }
    ],
    "Food101": [
        {
            "acc/test/Food101_epoch": 0.9129108786582947,
            "loss/test/Food101_epoch": 0.3085591793060303,
            "acc/test/Food101": 0.9129108786582947,
            "normalized_acc/test/Food101": 1.004313349723816
        }
    ],
    "avg": [
        {
            "acc/test/avg": 0.9031300246715546,
            "normalized_acc/test/avg": 0.9537295699119568
        }
    ]
}