{
    "SUN397": [
        {
            "acc/test/SUN397_epoch": 0.7310327291488647,
            "loss/test/SUN397_epoch": 0.9300564527511597,
            "acc/test/SUN397": 0.7310327291488647,
            "normalized_acc/test/SUN397": 0.9271019697189331
        }
    ],
    "GTSRB": [
        {
            "acc/test/GTSRB_epoch": 0.8989707231521606,
            "loss/test/GTSRB_epoch": 0.4444449543952942,
            "acc/test/GTSRB": 0.8989707231521606,
            "normalized_acc/test/GTSRB": 0.9088289737701416
        }
    ],
    "avg": [
        {
            "acc/test/avg": 0.8150017261505127,
            "normalized_acc/test/avg": 0.9179654717445374
        }
    ]
}