{
    "PCAM": [
        {
            "acc/test/PCAM_epoch": 0.890655517578125,
            "loss/test/PCAM_epoch": 0.2686534821987152,
            "acc/test/PCAM": 0.890655517578125,
            "normalized_acc/test/PCAM": 1.003852367401123
        }
    ],
    "OxfordIIITPet": [
        {
            "acc/test/OxfordIIITPet_epoch": 0.9313164353370667,
            "loss/test/OxfordIIITPet_epoch": 0.21016153693199158,
            "acc/test/OxfordIIITPet": 0.9313164353370667,
            "normalized_acc/test/OxfordIIITPet": 0.9799253940582275
        }
    ],
    "avg": [
        {
            "acc/test/avg": 0.9109859764575958,
            "normalized_acc/test/avg": 0.9918888807296753
        }
    ]
}