{
    "FER2013": [
        {
            "acc/test/FER2013_epoch": 0.653106689453125,
            "loss/test/FER2013_epoch": 0.9706510901451111,
            "acc/test/FER2013": 0.653106689453125,
            "normalized_acc/test/FER2013": 0.8858654499053955
        }
    ],
    "FashionMNIST": [
        {
            "acc/test/FashionMNIST_epoch": 0.8988999724388123,
            "loss/test/FashionMNIST_epoch": 0.2919633984565735,
            "acc/test/FashionMNIST": 0.8988999724388123,
            "normalized_acc/test/FashionMNIST": 0.944222629070282
        }
    ],
    "avg": [
        {
            "acc/test/avg": 0.7760033309459686,
            "normalized_acc/test/avg": 0.9150440394878387
        }
    ]
}