{
    "CIFAR10": [
        {
            "acc/test/CIFAR10": 0.9674999713897705,
            "loss/test/CIFAR10": 0.15290866792201996,
            "normalized_acc/test/CIFAR10": 0.9920024275779724
        }
    ],
    "EMNIST": [
        {
            "acc/test/EMNIST": 0.9926999807357788,
            "loss/test/EMNIST": 0.03382585570216179,
            "normalized_acc/test/EMNIST": 0.9981900453567505
        }
    ],
    "avg": [
        {
            "acc/test/avg": 0.9800999760627747,
            "normalized_acc/test/avg": 0.9950962364673615
        }
    ]
}