{
    "OxfordIIITPet": [
        {
            "acc/test/OxfordIIITPet": 0.8988825082778931,
            "loss/test/OxfordIIITPet": 0.4086856245994568,
            "normalized_acc/test/OxfordIIITPet": 0.9697147607803345
        }
    ],
    "CIFAR100": [
        {
            "acc/test/CIFAR100": 0.8690000176429749,
            "loss/test/CIFAR100": 0.556193470954895,
            "normalized_acc/test/CIFAR100": 0.9993100762367249
        }
    ],
    "avg": [
        {
            "acc/test/avg": 0.883941262960434,
            "normalized_acc/test/avg": 0.9845124185085297
        }
    ]
}