{
    "PCAM": [
        {
            "acc/test/PCAM": 0.8692626953125,
            "loss/test/PCAM": 0.37680694460868835,
            "normalized_acc/test/PCAM": 1.007712483406067
        }
    ],
    "RenderedSST2": [
        {
            "acc/test/RenderedSST2": 0.6996155977249146,
            "loss/test/RenderedSST2": 0.6794707179069519,
            "normalized_acc/test/RenderedSST2": 1.0307443141937256
        }
    ],
    "avg": [
        {
            "acc/test/avg": 0.7844391465187073,
            "normalized_acc/test/avg": 1.0192283987998962
        }
    ]
}