{
    "STL10": [
        {
            "acc/test/STL10": 0.9810000061988831,
            "loss/test/STL10": 0.07085362821817398,
            "normalized_acc/test/STL10": 1.0056381225585938
        }
    ],
    "RenderedSST2": [
        {
            "acc/test/RenderedSST2": 0.7001647353172302,
            "loss/test/RenderedSST2": 1.2430593967437744,
            "normalized_acc/test/RenderedSST2": 1.0315533876419067
        }
    ],
    "avg": [
        {
            "acc/test/avg": 0.8405823707580566,
            "normalized_acc/test/avg": 1.0185957551002502
        }
    ]
}