{
    "Cars": [
        {
            "acc/test/Cars_epoch": 0.7623429894447327,
            "loss/test/Cars_epoch": 0.8198465704917908,
            "acc/test/Cars": 0.7623429894447327,
            "normalized_acc/test/Cars": 0.9551262259483337
        }
    ],
    "CIFAR100": [
        {
            "acc/test/CIFAR100_epoch": 0.861299991607666,
            "loss/test/CIFAR100_epoch": 0.5951653122901917,
            "acc/test/CIFAR100": 0.861299991607666,
            "normalized_acc/test/CIFAR100": 0.9904553890228271
        }
    ],
    "avg": [
        {
            "acc/test/avg": 0.8118214905261993,
            "normalized_acc/test/avg": 0.9727908074855804
        }
    ]
}