{
    "Cars": [
        {
            "acc/test/Cars_epoch": 0.7908220291137695,
            "loss/test/Cars_epoch": 0.7246900200843811,
            "acc/test/Cars": 0.7908220291137695,
            "normalized_acc/test/Cars": 0.9908071160316467
        }
    ],
    "RESISC45": [
        {
            "acc/test/RESISC45_epoch": 0.9465079307556152,
            "loss/test/RESISC45_epoch": 0.2076171636581421,
            "acc/test/RESISC45": 0.9465079307556152,
            "normalized_acc/test/RESISC45": 0.993171215057373
        }
    ],
    "avg": [
        {
            "acc/test/avg": 0.8686649799346924,
            "normalized_acc/test/avg": 0.9919891655445099
        }
    ]
}