{
    "FER2013": [
        {
            "acc/test/FER2013": 0.6968514919281006,
            "loss/test/FER2013": 1.1720407009124756,
            "normalized_acc/test/FER2013": 0.9775258898735046
        }
    ],
    "CIFAR100": [
        {
            "acc/test/CIFAR100": 0.8579000234603882,
            "loss/test/CIFAR100": 0.6062883734703064,
            "normalized_acc/test/CIFAR100": 0.9865455627441406
        }
    ],
    "avg": [
        {
            "acc/test/avg": 0.7773757576942444,
            "normalized_acc/test/avg": 0.9820357263088226
        }
    ]
}