{
    "OxfordIIITPet": [
        {
            "acc/test/OxfordIIITPet": 0.9212319254875183,
            "loss/test/OxfordIIITPet": 0.28006985783576965,
            "normalized_acc/test/OxfordIIITPet": 0.9938253164291382
        }
    ],
    "STL10": [
        {
            "acc/test/STL10": 0.981124997138977,
            "loss/test/STL10": 0.06798851490020752,
            "normalized_acc/test/STL10": 1.0057662725448608
        }
    ],
    "avg": [
        {
            "acc/test/avg": 0.9511784613132477,
            "normalized_acc/test/avg": 0.9997957944869995
        }
    ]
}