{
    "Cars": [
        {
            "acc/test/Cars_epoch": 0.7966670989990234,
            "loss/test/Cars_epoch": 0.7124358415603638,
            "acc/test/Cars": 0.7966670989990234,
            "normalized_acc/test/Cars": 0.9981303215026855
        }
    ],
    "RenderedSST2": [
        {
            "acc/test/RenderedSST2_epoch": 0.7007138729095459,
            "loss/test/RenderedSST2_epoch": 1.2467854022979736,
            "acc/test/RenderedSST2": 0.7007138729095459,
            "normalized_acc/test/RenderedSST2": 1.032362461090088
        }
    ],
    "avg": [
        {
            "acc/test/avg": 0.7486904859542847,
            "normalized_acc/test/avg": 1.0152463912963867
        }
    ]
}