{
    "EuroSAT": [
        {
            "acc/test/EuroSAT": 0.0962962955236435,
            "loss/test/EuroSAT": 3.255096673965454,
            "normalized_acc/test/EuroSAT": 0.09701492637395859
        }
    ],
    "SVHN": [
        {
            "acc/test/SVHN": 0.09684234857559204,
            "loss/test/SVHN": 2.601846694946289,
            "normalized_acc/test/SVHN": 0.10018280148506165
        }
    ],
    "avg": [
        {
            "acc/test/avg": 0.09656932204961777,
            "normalized_acc/test/avg": 0.09859886392951012
        }
    ]
}