{
    "Flowers102": [
        {
            "acc/test/Flowers102_epoch": 0.8555862903594971,
            "loss/test/Flowers102_epoch": 0.6028628349304199,
            "acc/test/Flowers102": 0.8555862903594971,
            "normalized_acc/test/Flowers102": 0.9520449042320251
        }
    ],
    "STL10": [
        {
            "acc/test/STL10_epoch": 0.9838749766349792,
            "loss/test/STL10_epoch": 0.05944688245654106,
            "acc/test/STL10": 0.9838749766349792,
            "normalized_acc/test/STL10": 1.0085853338241577
        }
    ],
    "avg": [
        {
            "acc/test/avg": 0.9197306334972382,
            "normalized_acc/test/avg": 0.9803151190280914
        }
    ]
}