{
    "CIFAR100": [
        {
            "acc/test/CIFAR100": 0.8151000142097473,
            "loss/test/CIFAR100": 0.7382206916809082,
            "normalized_acc/test/CIFAR100": 0.93732750415802
        }
    ],
    "FashionMNIST": [
        {
            "acc/test/FashionMNIST": 0.9406999945640564,
            "loss/test/FashionMNIST": 0.20818696916103363,
            "normalized_acc/test/FashionMNIST": 0.9990441203117371
        }
    ],
    "avg": [
        {
            "acc/test/avg": 0.8779000043869019,
            "normalized_acc/test/avg": 0.9681858122348785
        }
    ]
}