{
    "FER2013": [
        {
            "acc/test/FER2013": 0.7144051194190979,
            "loss/test/FER2013": 1.2005294561386108,
            "normalized_acc/test/FER2013": 1.0021497011184692
        }
    ],
    "OxfordIIITPet": [
        {
            "acc/test/OxfordIIITPet": 0.9245026111602783,
            "loss/test/OxfordIIITPet": 0.3161233067512512,
            "normalized_acc/test/OxfordIIITPet": 0.997353732585907
        }
    ],
    "avg": [
        {
            "acc/test/avg": 0.8194538652896881,
            "normalized_acc/test/avg": 0.9997517168521881
        }
    ]
}