{
    "RESISC45": [
        {
            "acc/test/RESISC45_epoch": 0.9504761695861816,
            "loss/test/RESISC45_epoch": 0.186813086271286,
            "acc/test/RESISC45": 0.9504761695861816,
            "normalized_acc/test/RESISC45": 0.9973350763320923
        }
    ],
    "Flowers102": [
        {
            "acc/test/Flowers102_epoch": 0.8594893217086792,
            "loss/test/Flowers102_epoch": 0.5729665756225586,
            "acc/test/Flowers102": 0.8594893217086792,
            "normalized_acc/test/Flowers102": 0.9563879370689392
        }
    ],
    "avg": [
        {
            "acc/test/avg": 0.9049827456474304,
            "normalized_acc/test/avg": 0.9768615067005157
        }
    ]
}