{
    "SUN397": [
        {
            "acc/test/SUN397": 0.003476070472970605,
            "loss/test/SUN397": 8.219306945800781,
            "normalized_acc/test/SUN397": 0.004642400424927473
        }
    ],
    "EuroSAT": [
        {
            "acc/test/EuroSAT": 0.09148148447275162,
            "loss/test/EuroSAT": 3.555384874343872,
            "normalized_acc/test/EuroSAT": 0.09216418117284775
        }
    ],
    "avg": [
        {
            "acc/test/avg": 0.04747877747286111,
            "normalized_acc/test/avg": 0.04840329079888761
        }
    ]
}