{
    "GTSRB": [
        {
            "acc/test/GTSRB_epoch": 0.9777513742446899,
            "loss/test/GTSRB_epoch": 0.0871184691786766,
            "acc/test/GTSRB": 0.9777513742446899,
            "normalized_acc/test/GTSRB": 0.9883153438568115
        }
    ],
    "FashionMNIST": [
        {
            "acc/test/FashionMNIST_epoch": 0.9363999962806702,
            "loss/test/FashionMNIST_epoch": 0.21716271340847015,
            "acc/test/FashionMNIST": 0.9363999962806702,
            "normalized_acc/test/FashionMNIST": 0.9944774508476257
        }
    ],
    "avg": [
        {
            "acc/test/avg": 0.95707568526268,
            "normalized_acc/test/avg": 0.9913963973522186
        }
    ]
}