{
    "Cars": [
        {
            "acc/test/Cars_epoch": 0.7906976938247681,
            "loss/test/Cars_epoch": 0.7103366851806641,
            "acc/test/Cars": 0.7906976938247681,
            "normalized_acc/test/Cars": 0.9906513094902039
        }
    ],
    "OxfordIIITPet": [
        {
            "acc/test/OxfordIIITPet_epoch": 0.9198691844940186,
            "loss/test/OxfordIIITPet_epoch": 0.3313042223453522,
            "acc/test/OxfordIIITPet": 0.9198691844940186,
            "normalized_acc/test/OxfordIIITPet": 0.9923551678657532
        }
    ],
    "avg": [
        {
            "acc/test/avg": 0.8552834391593933,
            "normalized_acc/test/avg": 0.9915032386779785
        }
    ]
}