{
    "FER2013": [
        {
            "acc/test/FER2013": 0.6903036832809448,
            "loss/test/FER2013": 1.125119686126709,
            "normalized_acc/test/FER2013": 0.9683407545089722
        }
    ],
    "CIFAR10": [
        {
            "acc/test/CIFAR10": 0.974399983882904,
            "loss/test/CIFAR10": 0.1131245568394661,
            "normalized_acc/test/CIFAR10": 0.9990772008895874
        }
    ],
    "avg": [
        {
            "acc/test/avg": 0.8323518335819244,
            "normalized_acc/test/avg": 0.9837089776992798
        }
    ]
}