{
    "Flowers102": [
        {
            "acc/test/Flowers102_epoch": 0.8619287610054016,
            "loss/test/Flowers102_epoch": 0.5354909300804138,
            "acc/test/Flowers102": 0.8619287610054016,
            "normalized_acc/test/Flowers102": 0.9591023921966553
        }
    ],
    "FER2013": [
        {
            "acc/test/FER2013_epoch": 0.7102257013320923,
            "loss/test/FER2013_epoch": 1.2578095197677612,
            "acc/test/FER2013": 0.7102257013320923,
            "normalized_acc/test/FER2013": 0.9962868690490723
        }
    ],
    "avg": [
        {
            "acc/test/avg": 0.786077231168747,
            "normalized_acc/test/avg": 0.9776946306228638
        }
    ]
}