{
    "Cars": [
        {
            "acc/test/Cars": 0.005098868161439896,
            "loss/test/Cars": 8.509919166564941,
            "normalized_acc/test/Cars": 0.006388282869011164
        }
    ],
    "SVHN": [
        {
            "acc/test/SVHN": 0.11566533148288727,
            "loss/test/SVHN": 2.3329994678497314,
            "normalized_acc/test/SVHN": 0.1196550577878952
        }
    ],
    "avg": [
        {
            "acc/test/avg": 0.06038209982216358,
            "normalized_acc/test/avg": 0.06302167032845318
        }
    ]
}