{
    "PCAM": [
        {
            "acc/test/PCAM_epoch": 0.892608642578125,
            "loss/test/PCAM_epoch": 0.28918328881263733,
            "acc/test/PCAM": 0.892608642578125,
            "normalized_acc/test/PCAM": 1.0060536861419678
        }
    ],
    "Food101": [
        {
            "acc/test/Food101_epoch": 0.8377029895782471,
            "loss/test/Food101_epoch": 0.6205337643623352,
            "acc/test/Food101": 0.8377029895782471,
            "normalized_acc/test/Food101": 0.9215754866600037
        }
    ],
    "avg": [
        {
            "acc/test/avg": 0.865155816078186,
            "normalized_acc/test/avg": 0.9638145864009857
        }
    ]
}