{
    "Food101": [
        {
            "acc/test/Food101_epoch": 0.8832079172134399,
            "loss/test/Food101_epoch": 0.46336278319358826,
            "acc/test/Food101": 0.8832079172134399,
            "normalized_acc/test/Food101": 0.9716364741325378
        }
    ],
    "FashionMNIST": [
        {
            "acc/test/FashionMNIST_epoch": 0.9431999921798706,
            "loss/test/FashionMNIST_epoch": 0.19002346694469452,
            "acc/test/FashionMNIST": 0.9431999921798706,
            "normalized_acc/test/FashionMNIST": 0.9907562732696533
        }
    ],
    "avg": [
        {
            "acc/test/avg": 0.9132039546966553,
            "normalized_acc/test/avg": 0.9811963737010956
        }
    ]
}