{
    "GTSRB": [
        {
            "acc/test/GTSRB_epoch": 0.9800475239753723,
            "loss/test/GTSRB_epoch": 0.07134631276130676,
            "acc/test/GTSRB": 0.9800475239753723,
            "normalized_acc/test/GTSRB": 0.9907948970794678
        }
    ],
    "FashionMNIST": [
        {
            "acc/test/FashionMNIST_epoch": 0.9419000148773193,
            "loss/test/FashionMNIST_epoch": 0.19676390290260315,
            "acc/test/FashionMNIST": 0.9419000148773193,
            "normalized_acc/test/FashionMNIST": 0.9893907308578491
        }
    ],
    "avg": [
        {
            "acc/test/avg": 0.9609737694263458,
            "normalized_acc/test/avg": 0.9900928139686584
        }
    ]
}