{
    "CIFAR100": [
        {
            "acc/test/CIFAR100_epoch": 0.8619999885559082,
            "loss/test/CIFAR100_epoch": 0.587631106376648,
            "acc/test/CIFAR100": 0.8619999885559082,
            "normalized_acc/test/CIFAR100": 0.9656099081039429
        }
    ],
    "EMNIST": [
        {
            "acc/test/EMNIST_epoch": 0.996999979019165,
            "loss/test/EMNIST_epoch": 0.028507648035883904,
            "acc/test/EMNIST": 0.996999979019165,
            "normalized_acc/test/EMNIST": 1.0027154684066772
        }
    ],
    "avg": [
        {
            "acc/test/avg": 0.9294999837875366,
            "normalized_acc/test/avg": 0.9841626882553101
        }
    ]
}