{
    "CIFAR100": [
        {
            "acc/test/CIFAR100_epoch": 0.8429999947547913,
            "loss/test/CIFAR100_epoch": 0.6809034943580627,
            "acc/test/CIFAR100": 0.8429999947547913,
            "normalized_acc/test/CIFAR100": 0.9443261623382568
        }
    ],
    "KMNIST": [
        {
            "acc/test/KMNIST_epoch": 0.9750999808311462,
            "loss/test/KMNIST_epoch": 0.0960015058517456,
            "acc/test/KMNIST": 0.9750999808311462,
            "normalized_acc/test/KMNIST": 0.9914590716362
        }
    ],
    "avg": [
        {
            "acc/test/avg": 0.9090499877929688,
            "normalized_acc/test/avg": 0.9678926169872284
        }
    ]
}