{
    "FER2013": [
        {
            "acc/test/FER2013_epoch": 0.7404569387435913,
            "loss/test/FER2013_epoch": 1.1881171464920044,
            "acc/test/FER2013": 0.7404569387435913,
            "normalized_acc/test/FER2013": 1.0043461322784424
        }
    ],
    "RenderedSST2": [
        {
            "acc/test/RenderedSST2_epoch": 0.7693575024604797,
            "loss/test/RenderedSST2_epoch": 0.9498962163925171,
            "acc/test/RenderedSST2": 0.7693575024604797,
            "normalized_acc/test/RenderedSST2": 0.9971529841423035
        }
    ],
    "avg": [
        {
            "acc/test/avg": 0.7549072206020355,
            "normalized_acc/test/avg": 1.000749558210373
        }
    ]
}