{
    "EuroSAT": [
        {
            "acc/test/EuroSAT_epoch": 0.987407386302948,
            "loss/test/EuroSAT_epoch": 0.03762885928153992,
            "acc/test/EuroSAT": 0.987407386302948,
            "normalized_acc/test/EuroSAT": 0.9966354966163635
        }
    ],
    "STL10": [
        {
            "acc/test/STL10_epoch": 0.9869999885559082,
            "loss/test/STL10_epoch": 0.043068356812000275,
            "acc/test/STL10": 0.9869999885559082,
            "normalized_acc/test/STL10": 0.9991142749786377
        }
    ],
    "avg": [
        {
            "acc/test/avg": 0.9872036874294281,
            "normalized_acc/test/avg": 0.9978748857975006
        }
    ]
}