{
    "RESISC45": [
        {
            "acc/test/RESISC45_epoch": 0.9590476155281067,
            "loss/test/RESISC45_epoch": 0.14520658552646637,
            "acc/test/RESISC45": 0.9590476155281067,
            "normalized_acc/test/RESISC45": 0.992118239402771
        }
    ],
    "OxfordIIITPet": [
        {
            "acc/test/OxfordIIITPet_epoch": 0.953393280506134,
            "loss/test/OxfordIIITPet_epoch": 0.20426705479621887,
            "acc/test/OxfordIIITPet": 0.953393280506134,
            "normalized_acc/test/OxfordIIITPet": 1.0031545162200928
        }
    ],
    "avg": [
        {
            "acc/test/avg": 0.9562204480171204,
            "normalized_acc/test/avg": 0.9976363778114319
        }
    ]
}