{
    "RESISC45": [
        {
            "acc/test/RESISC45_epoch": 0.9415873289108276,
            "loss/test/RESISC45_epoch": 0.2061983048915863,
            "acc/test/RESISC45": 0.9415873289108276,
            "normalized_acc/test/RESISC45": 0.9740558862686157
        }
    ],
    "CIFAR100": [
        {
            "acc/test/CIFAR100_epoch": 0.8873000144958496,
            "loss/test/CIFAR100_epoch": 0.48965156078338623,
            "acc/test/CIFAR100": 0.8873000144958496,
            "normalized_acc/test/CIFAR100": 0.9939509630203247
        }
    ],
    "avg": [
        {
            "acc/test/avg": 0.9144436717033386,
            "normalized_acc/test/avg": 0.9840034246444702
        }
    ]
}