{
    "RESISC45": [
        {
            "acc/test/RESISC45_epoch": 0.9477777481079102,
            "loss/test/RESISC45_epoch": 0.18162299692630768,
            "acc/test/RESISC45": 0.9477777481079102,
            "normalized_acc/test/RESISC45": 0.9804597496986389
        }
    ],
    "FashionMNIST": [
        {
            "acc/test/FashionMNIST_epoch": 0.9452999830245972,
            "loss/test/FashionMNIST_epoch": 0.18739086389541626,
            "acc/test/FashionMNIST": 0.9452999830245972,
            "normalized_acc/test/FashionMNIST": 0.992962121963501
        }
    ],
    "avg": [
        {
            "acc/test/avg": 0.9465388655662537,
            "normalized_acc/test/avg": 0.98671093583107
        }
    ]
}