{
    "SUN397": [
        {
            "acc/test/SUN397_epoch": 0.7606549263000488,
            "loss/test/SUN397_epoch": 0.8937004208564758,
            "acc/test/SUN397": 0.7606549263000488,
            "normalized_acc/test/SUN397": 0.9646691083908081
        }
    ],
    "CIFAR10": [
        {
            "acc/test/CIFAR10_epoch": 0.9815000295639038,
            "loss/test/CIFAR10_epoch": 0.08761601150035858,
            "acc/test/CIFAR10": 0.9815000295639038,
            "normalized_acc/test/CIFAR10": 0.9998981952667236
        }
    ],
    "avg": [
        {
            "acc/test/avg": 0.8710774779319763,
            "normalized_acc/test/avg": 0.9822836518287659
        }
    ]
}