{
    "Flowers102": [
        {
            "acc/test/Flowers102_epoch": 0.9126687049865723,
            "loss/test/Flowers102_epoch": 0.3358917534351349,
            "acc/test/Flowers102": 0.9126687049865723,
            "normalized_acc/test/Flowers102": 0.9685881733894348
        }
    ],
    "FER2013": [
        {
            "acc/test/FER2013_epoch": 0.745890200138092,
            "loss/test/FER2013_epoch": 1.1480127573013306,
            "acc/test/FER2013": 0.745890200138092,
            "normalized_acc/test/FER2013": 1.0117157697677612
        }
    ],
    "avg": [
        {
            "acc/test/avg": 0.8292794525623322,
            "normalized_acc/test/avg": 0.990151971578598
        }
    ]
}