{
    "EuroSAT": [
        {
            "acc/test/EuroSAT_epoch": 0.9866666793823242,
            "loss/test/EuroSAT_epoch": 0.03989851474761963,
            "acc/test/EuroSAT": 0.9866666793823242,
            "normalized_acc/test/EuroSAT": 0.9958878755569458
        }
    ],
    "OxfordIIITPet": [
        {
            "acc/test/OxfordIIITPet_epoch": 0.9501226544380188,
            "loss/test/OxfordIIITPet_epoch": 0.2063220888376236,
            "acc/test/OxfordIIITPet": 0.9501226544380188,
            "normalized_acc/test/OxfordIIITPet": 0.9997131824493408
        }
    ],
    "avg": [
        {
            "acc/test/avg": 0.9683946669101715,
            "normalized_acc/test/avg": 0.9978005290031433
        }
    ]
}