{
    "Cars": [
        {
            "acc/test/Cars_epoch": 0.8272603154182434,
            "loss/test/Cars_epoch": 0.5451399087905884,
            "acc/test/Cars": 0.8272603154182434,
            "normalized_acc/test/Cars": 0.9641977548599243
        }
    ],
    "PCAM": [
        {
            "acc/test/PCAM_epoch": 0.88018798828125,
            "loss/test/PCAM_epoch": 0.3387492299079895,
            "acc/test/PCAM": 0.88018798828125,
            "normalized_acc/test/PCAM": 0.9920544624328613
        }
    ],
    "avg": [
        {
            "acc/test/avg": 0.8537241518497467,
            "normalized_acc/test/avg": 0.9781261086463928
        }
    ]
}