{
    "RESISC45": [
        {
            "acc/test/RESISC45_epoch": 0.9485714435577393,
            "loss/test/RESISC45_epoch": 0.17879408597946167,
            "acc/test/RESISC45": 0.9485714435577393,
            "normalized_acc/test/RESISC45": 0.9812808036804199
        }
    ],
    "KMNIST": [
        {
            "acc/test/KMNIST_epoch": 0.9797000288963318,
            "loss/test/KMNIST_epoch": 0.07974191009998322,
            "acc/test/KMNIST": 0.9797000288963318,
            "normalized_acc/test/KMNIST": 0.9961362481117249
        }
    ],
    "avg": [
        {
            "acc/test/avg": 0.9641357362270355,
            "normalized_acc/test/avg": 0.9887085258960724
        }
    ]
}