{
    "SVHN": [
        {
            "acc/test/SVHN_epoch": 0.9757605791091919,
            "loss/test/SVHN_epoch": 0.10607575625181198,
            "acc/test/SVHN": 0.9757605791091919,
            "normalized_acc/test/SVHN": 1.000906229019165
        }
    ],
    "Flowers102": [
        {
            "acc/test/Flowers102_epoch": 0.8669702410697937,
            "loss/test/Flowers102_epoch": 0.5005109906196594,
            "acc/test/Flowers102": 0.8669702410697937,
            "normalized_acc/test/Flowers102": 0.9200897216796875
        }
    ],
    "avg": [
        {
            "acc/test/avg": 0.9213654100894928,
            "normalized_acc/test/avg": 0.9604979753494263
        }
    ]
}