{
    "EuroSAT": [
        {
            "acc/test/EuroSAT_epoch": 0.9851852059364319,
            "loss/test/EuroSAT_epoch": 0.04966503009200096,
            "acc/test/EuroSAT": 0.9851852059364319,
            "normalized_acc/test/EuroSAT": 0.9943925738334656
        }
    ],
    "FashionMNIST": [
        {
            "acc/test/FashionMNIST_epoch": 0.9409000277519226,
            "loss/test/FashionMNIST_epoch": 0.19605283439159393,
            "acc/test/FashionMNIST": 0.9409000277519226,
            "normalized_acc/test/FashionMNIST": 0.9883403182029724
        }
    ],
    "avg": [
        {
            "acc/test/avg": 0.9630426168441772,
            "normalized_acc/test/avg": 0.991366446018219
        }
    ]
}