{
    "PCAM": [
        {
            "acc/test/PCAM_epoch": 0.87060546875,
            "loss/test/PCAM_epoch": 0.3980312943458557,
            "acc/test/PCAM": 0.87060546875,
            "normalized_acc/test/PCAM": 0.9812541007995605
        }
    ],
    "OxfordIIITPet": [
        {
            "acc/test/OxfordIIITPet_epoch": 0.9152357578277588,
            "loss/test/OxfordIIITPet_epoch": 0.2616080343723297,
            "acc/test/OxfordIIITPet": 0.9152357578277588,
            "normalized_acc/test/OxfordIIITPet": 0.9630054235458374
        }
    ],
    "avg": [
        {
            "acc/test/avg": 0.8929206132888794,
            "normalized_acc/test/avg": 0.972129762172699
        }
    ]
}