{
    "RESISC45": [
        {
            "acc/test/RESISC45_epoch": 0.9409523606300354,
            "loss/test/RESISC45_epoch": 0.20246611535549164,
            "acc/test/RESISC45": 0.9409523606300354,
            "normalized_acc/test/RESISC45": 0.9733990430831909
        }
    ],
    "CIFAR10": [
        {
            "acc/test/CIFAR10_epoch": 0.9812999963760376,
            "loss/test/CIFAR10_epoch": 0.0799684226512909,
            "acc/test/CIFAR10": 0.9812999963760376,
            "normalized_acc/test/CIFAR10": 0.9996944069862366
        }
    ],
    "avg": [
        {
            "acc/test/avg": 0.9611261785030365,
            "normalized_acc/test/avg": 0.9865467250347137
        }
    ]
}