{
    "SUN397": [
        {
            "acc/test/SUN397_epoch": 0.7611083388328552,
            "loss/test/SUN397_epoch": 0.9369644522666931,
            "acc/test/SUN397": 0.7611083388328552,
            "normalized_acc/test/SUN397": 0.9652441143989563
        }
    ],
    "MNIST": [
        {
            "acc/test/MNIST_epoch": 0.9966999888420105,
            "loss/test/MNIST_epoch": 0.025630056858062744,
            "acc/test/MNIST": 0.9966999888420105,
            "normalized_acc/test/MNIST": 1.000200629234314
        }
    ],
    "avg": [
        {
            "acc/test/avg": 0.8789041638374329,
            "normalized_acc/test/avg": 0.9827223718166351
        }
    ]
}