{
    "Flowers102": [
        {
            "acc/test/Flowers102_epoch": 0.6527890563011169,
            "loss/test/Flowers102_epoch": 1.2909996509552002,
            "acc/test/Flowers102": 0.6527890563011169,
            "normalized_acc/test/Flowers102": 0.6927856206893921
        }
    ],
    "PCAM": [
        {
            "acc/test/PCAM_epoch": 0.881134033203125,
            "loss/test/PCAM_epoch": 0.34113824367523193,
            "acc/test/PCAM": 0.881134033203125,
            "normalized_acc/test/PCAM": 0.9931207895278931
        }
    ],
    "avg": [
        {
            "acc/test/avg": 0.766961544752121,
            "normalized_acc/test/avg": 0.8429532051086426
        }
    ]
}