{
    "RESISC45": [
        {
            "acc/test/RESISC45_epoch": 0.8141269683837891,
            "loss/test/RESISC45_epoch": 0.5749908685684204,
            "acc/test/RESISC45": 0.8141269683837891,
            "normalized_acc/test/RESISC45": 0.8422003388404846
        }
    ],
    "RenderedSST2": [
        {
            "acc/test/RenderedSST2_epoch": 0.6913783550262451,
            "loss/test/RenderedSST2_epoch": 0.5860110521316528,
            "acc/test/RenderedSST2": 0.6913783550262451,
            "normalized_acc/test/RenderedSST2": 0.8960853815078735
        }
    ],
    "avg": [
        {
            "acc/test/avg": 0.7527526617050171,
            "normalized_acc/test/avg": 0.8691428601741791
        }
    ]
}