{
    "MNIST": [
        {
            "acc/test/MNIST_epoch": 0.983299970626831,
            "loss/test/MNIST_epoch": 0.1959974318742752,
            "acc/test/MNIST": 0.983299970626831,
            "normalized_acc/test/MNIST": 0.9867535829544067
        }
    ],
    "EMNIST": [
        {
            "acc/test/EMNIST_epoch": 0.9860000014305115,
            "loss/test/EMNIST_epoch": 0.17883753776550293,
            "acc/test/EMNIST": 0.9860000014305115,
            "normalized_acc/test/EMNIST": 0.9916524291038513
        }
    ],
    "avg": [
        {
            "acc/test/avg": 0.9846499860286713,
            "normalized_acc/test/avg": 0.989203006029129
        }
    ]
}