{
    "PCAM": [
        {
            "acc/test/PCAM_epoch": 0.75299072265625,
            "loss/test/PCAM_epoch": 0.47336477041244507,
            "acc/test/PCAM": 0.75299072265625,
            "normalized_acc/test/PCAM": 0.8486912250518799
        }
    ],
    "Food101": [
        {
            "acc/test/Food101_epoch": 0.9021782279014587,
            "loss/test/Food101_epoch": 0.33590230345726013,
            "acc/test/Food101": 0.9021782279014587,
            "normalized_acc/test/Food101": 0.9925061464309692
        }
    ],
    "avg": [
        {
            "acc/test/avg": 0.8275844752788544,
            "normalized_acc/test/avg": 0.9205986857414246
        }
    ]
}