{
    "DTD": [
        {
            "acc/test/DTD_epoch": 0.5207446813583374,
            "loss/test/DTD_epoch": 1.6834955215454102,
            "acc/test/DTD": 0.5207446813583374,
            "normalized_acc/test/DTD": 0.6283696889877319
        }
    ],
    "FashionMNIST": [
        {
            "acc/test/FashionMNIST_epoch": 0.8522999882698059,
            "loss/test/FashionMNIST_epoch": 0.43176767230033875,
            "acc/test/FashionMNIST": 0.8522999882698059,
            "normalized_acc/test/FashionMNIST": 0.8952730894088745
        }
    ],
    "avg": [
        {
            "acc/test/avg": 0.6865223348140717,
            "normalized_acc/test/avg": 0.7618213891983032
        }
    ]
}