{
    "SVHN": [
        {
            "acc/test/SVHN_epoch": 0.824062705039978,
            "loss/test/SVHN_epoch": 0.8460370898246765,
            "acc/test/SVHN": 0.824062705039978,
            "normalized_acc/test/SVHN": 0.8452991247177124
        }
    ],
    "STL10": [
        {
            "acc/test/STL10_epoch": 0.9857500195503235,
            "loss/test/STL10_epoch": 0.057505518198013306,
            "acc/test/STL10": 0.9857500195503235,
            "normalized_acc/test/STL10": 0.9978489279747009
        }
    ],
    "avg": [
        {
            "acc/test/avg": 0.9049063622951508,
            "normalized_acc/test/avg": 0.9215740263462067
        }
    ]
}