{
    "CIFAR10": [
        {
            "acc/test/CIFAR10_epoch": 0.9692999720573425,
            "loss/test/CIFAR10_epoch": 0.10642653703689575,
            "acc/test/CIFAR10": 0.9692999720573425,
            "normalized_acc/test/CIFAR10": 0.9874694347381592
        }
    ],
    "RenderedSST2": [
        {
            "acc/test/RenderedSST2_epoch": 0.6968698501586914,
            "loss/test/RenderedSST2_epoch": 0.5861831903457642,
            "acc/test/RenderedSST2": 0.6968698501586914,
            "normalized_acc/test/RenderedSST2": 0.9032028317451477
        }
    ],
    "avg": [
        {
            "acc/test/avg": 0.833084911108017,
            "normalized_acc/test/avg": 0.9453361332416534
        }
    ]
}