{
    "SUN397": [
        {
            "acc/test/SUN397_epoch": 0.6963224411010742,
            "loss/test/SUN397_epoch": 1.039513349533081,
            "acc/test/SUN397": 0.6963224411010742,
            "normalized_acc/test/SUN397": 0.8830820918083191
        }
    ],
    "PCAM": [
        {
            "acc/test/PCAM_epoch": 0.730377197265625,
            "loss/test/PCAM_epoch": 0.4974988102912903,
            "acc/test/PCAM": 0.730377197265625,
            "normalized_acc/test/PCAM": 0.8232036828994751
        }
    ],
    "avg": [
        {
            "acc/test/avg": 0.7133498191833496,
            "normalized_acc/test/avg": 0.8531428873538971
        }
    ]
}