{
    "CIFAR10": [
        {
            "acc/test/CIFAR10_epoch": 0.9629999995231628,
            "loss/test/CIFAR10_epoch": 0.11918504536151886,
            "acc/test/CIFAR10": 0.9629999995231628,
            "normalized_acc/test/CIFAR10": 0.9810513854026794
        }
    ],
    "FashionMNIST": [
        {
            "acc/test/FashionMNIST_epoch": 0.8428000211715698,
            "loss/test/FashionMNIST_epoch": 0.46125444769859314,
            "acc/test/FashionMNIST": 0.8428000211715698,
            "normalized_acc/test/FashionMNIST": 0.8852941393852234
        }
    ],
    "avg": [
        {
            "acc/test/avg": 0.9029000103473663,
            "normalized_acc/test/avg": 0.9331727623939514
        }
    ]
}