{
    "EuroSAT": [
        {
            "acc/test/EuroSAT_epoch": 0.8803703784942627,
            "loss/test/EuroSAT_epoch": 0.5173858404159546,
            "acc/test/EuroSAT": 0.8803703784942627,
            "normalized_acc/test/EuroSAT": 0.8885981440544128
        }
    ],
    "Food101": [
        {
            "acc/test/Food101_epoch": 0.9055841565132141,
            "loss/test/Food101_epoch": 0.3240109384059906,
            "acc/test/Food101": 0.9055841565132141,
            "normalized_acc/test/Food101": 0.9962530732154846
        }
    ],
    "avg": [
        {
            "acc/test/avg": 0.8929772675037384,
            "normalized_acc/test/avg": 0.9424256086349487
        }
    ]
}