{
    "SUN397": [
        {
            "acc/test/SUN397_epoch": 0.6988916993141174,
            "loss/test/SUN397_epoch": 1.0286707878112793,
            "acc/test/SUN397": 0.6988916993141174,
            "normalized_acc/test/SUN397": 0.8863404393196106
        }
    ],
    "CIFAR100": [
        {
            "acc/test/CIFAR100_epoch": 0.798799991607666,
            "loss/test/CIFAR100_epoch": 0.7407930493354797,
            "acc/test/CIFAR100": 0.798799991607666,
            "normalized_acc/test/CIFAR100": 0.8948134779930115
        }
    ],
    "avg": [
        {
            "acc/test/avg": 0.7488458454608917,
            "normalized_acc/test/avg": 0.890576958656311
        }
    ]
}