{
    "PCAM": [
        {
            "acc/test/PCAM_epoch": 0.76336669921875,
            "loss/test/PCAM_epoch": 0.4598503112792969,
            "acc/test/PCAM": 0.76336669921875,
            "normalized_acc/test/PCAM": 0.8603859543800354
        }
    ],
    "FashionMNIST": [
        {
            "acc/test/FashionMNIST_epoch": 0.8334000110626221,
            "loss/test/FashionMNIST_epoch": 0.49487534165382385,
            "acc/test/FashionMNIST": 0.8334000110626221,
            "normalized_acc/test/FashionMNIST": 0.8754201531410217
        }
    ],
    "avg": [
        {
            "acc/test/avg": 0.798383355140686,
            "normalized_acc/test/avg": 0.8679030537605286
        }
    ]
}