{
    "Cars": [
        {
            "acc/test/Cars_epoch": 0.7140902876853943,
            "loss/test/Cars_epoch": 0.8122320175170898,
            "acc/test/Cars": 0.7140902876853943,
            "normalized_acc/test/Cars": 0.8322945237159729
        }
    ],
    "GTSRB": [
        {
            "acc/test/GTSRB_epoch": 0.708076000213623,
            "loss/test/GTSRB_epoch": 1.102586030960083,
            "acc/test/GTSRB": 0.708076000213623,
            "normalized_acc/test/GTSRB": 0.7158408761024475
        }
    ],
    "avg": [
        {
            "acc/test/avg": 0.7110831439495087,
            "normalized_acc/test/avg": 0.7740676999092102
        }
    ]
}