{
    "STL10": [
        {
            "acc/test/STL10_epoch": 0.9857500195503235,
            "loss/test/STL10_epoch": 0.05592288449406624,
            "acc/test/STL10": 0.9857500195503235,
            "normalized_acc/test/STL10": 0.9978489279747009
        }
    ],
    "FashionMNIST": [
        {
            "acc/test/FashionMNIST_epoch": 0.8461999893188477,
            "loss/test/FashionMNIST_epoch": 0.4425778388977051,
            "acc/test/FashionMNIST": 0.8461999893188477,
            "normalized_acc/test/FashionMNIST": 0.8888655304908752
        }
    ],
    "avg": [
        {
            "acc/test/avg": 0.9159750044345856,
            "normalized_acc/test/avg": 0.9433572292327881
        }
    ]
}