{
    "MNIST": [
        {
            "acc/test/MNIST_epoch": 0.9646999835968018,
            "loss/test/MNIST_epoch": 0.4827044904232025,
            "acc/test/MNIST": 0.9646999835968018,
            "normalized_acc/test/MNIST": 0.9680882692337036
        }
    ],
    "OxfordIIITPet": [
        {
            "acc/test/OxfordIIITPet_epoch": 0.9059689044952393,
            "loss/test/OxfordIIITPet_epoch": 0.26183614134788513,
            "acc/test/OxfordIIITPet": 0.9059689044952393,
            "normalized_acc/test/OxfordIIITPet": 0.9532548785209656
        }
    ],
    "avg": [
        {
            "acc/test/avg": 0.9353344440460205,
            "normalized_acc/test/avg": 0.9606715738773346
        }
    ]
}