{
    "Flowers102": [
        {
            "acc/test/Flowers102_epoch": 0.7516669631004333,
            "loss/test/Flowers102_epoch": 1.0777628421783447,
            "acc/test/Flowers102": 0.7516669631004333,
            "normalized_acc/test/Flowers102": 0.797721803188324
        }
    ],
    "FER2013": [
        {
            "acc/test/FER2013_epoch": 0.6239899396896362,
            "loss/test/FER2013_epoch": 1.059727430343628,
            "acc/test/FER2013": 0.6239899396896362,
            "normalized_acc/test/FER2013": 0.8463718295097351
        }
    ],
    "avg": [
        {
            "acc/test/avg": 0.6878284513950348,
            "normalized_acc/test/avg": 0.8220468163490295
        }
    ]
}