{
    "DTD": [
        {
            "acc/test/DTD_epoch": 0.5239361524581909,
            "loss/test/DTD_epoch": 1.6595278978347778,
            "acc/test/DTD": 0.5239361524581909,
            "normalized_acc/test/DTD": 0.6322207450866699
        }
    ],
    "FER2013": [
        {
            "acc/test/FER2013_epoch": 0.6273335218429565,
            "loss/test/FER2013_epoch": 1.0514689683914185,
            "acc/test/FER2013": 0.6273335218429565,
            "normalized_acc/test/FER2013": 0.850907027721405
        }
    ],
    "avg": [
        {
            "acc/test/avg": 0.5756348371505737,
            "normalized_acc/test/avg": 0.7415638864040375
        }
    ]
}