{
    "EuroSAT": [
        {
            "acc/test/EuroSAT_epoch": 0.9274073839187622,
            "loss/test/EuroSAT_epoch": 0.3730829656124115,
            "acc/test/EuroSAT": 0.9274073839187622,
            "normalized_acc/test/EuroSAT": 0.9360747933387756
        }
    ],
    "RenderedSST2": [
        {
            "acc/test/RenderedSST2_epoch": 0.6919274926185608,
            "loss/test/RenderedSST2_epoch": 0.583471953868866,
            "acc/test/RenderedSST2": 0.6919274926185608,
            "normalized_acc/test/RenderedSST2": 0.8967971205711365
        }
    ],
    "avg": [
        {
            "acc/test/avg": 0.8096674382686615,
            "normalized_acc/test/avg": 0.916435956954956
        }
    ]
}