{
    "Flowers102": [
        {
            "acc/test/Flowers102_epoch": 0.751341700553894,
            "loss/test/Flowers102_epoch": 1.0886385440826416,
            "acc/test/Flowers102": 0.751341700553894,
            "normalized_acc/test/Flowers102": 0.7973765730857849
        }
    ],
    "FashionMNIST": [
        {
            "acc/test/FashionMNIST_epoch": 0.8483999967575073,
            "loss/test/FashionMNIST_epoch": 0.4413025379180908,
            "acc/test/FashionMNIST": 0.8483999967575073,
            "normalized_acc/test/FashionMNIST": 0.8911764621734619
        }
    ],
    "avg": [
        {
            "acc/test/avg": 0.7998708486557007,
            "normalized_acc/test/avg": 0.8442765176296234
        }
    ]
}