{
    "SUN397": [
        {
            "acc/test/SUN397_epoch": 0.6997984647750854,
            "loss/test/SUN397_epoch": 1.0242758989334106,
            "acc/test/SUN397": 0.6997984647750854,
            "normalized_acc/test/SUN397": 0.8874903917312622
        }
    ],
    "FashionMNIST": [
        {
            "acc/test/FashionMNIST_epoch": 0.8511999845504761,
            "loss/test/FashionMNIST_epoch": 0.43501073122024536,
            "acc/test/FashionMNIST": 0.8511999845504761,
            "normalized_acc/test/FashionMNIST": 0.8941175937652588
        }
    ],
    "avg": [
        {
            "acc/test/avg": 0.7754992246627808,
            "normalized_acc/test/avg": 0.8908039927482605
        }
    ]
}