{
    "PCAM": [
        {
            "acc/test/PCAM_epoch": 0.763519287109375,
            "loss/test/PCAM_epoch": 0.45910030603408813,
            "acc/test/PCAM": 0.763519287109375,
            "normalized_acc/test/PCAM": 0.8605579137802124
        }
    ],
    "RenderedSST2": [
        {
            "acc/test/RenderedSST2_epoch": 0.6924766898155212,
            "loss/test/RenderedSST2_epoch": 0.5906005501747131,
            "acc/test/RenderedSST2": 0.6924766898155212,
            "normalized_acc/test/RenderedSST2": 0.8975089192390442
        }
    ],
    "avg": [
        {
            "acc/test/avg": 0.7279979884624481,
            "normalized_acc/test/avg": 0.8790334165096283
        }
    ]
}