{
  "RESISC45": [
    {
      "acc/test/RESISC45_epoch": 0.7790476083755493,
      "loss/test/RESISC45_epoch": 0.6700010895729065,
      "acc/test/RESISC45": 0.7790476083755493,
      "normalized_acc/test/RESISC45": 0.8059113621711731
    }
  ],
  "EuroSAT": [
    {
      "acc/test/EuroSAT_epoch": 0.877407431602478,
      "loss/test/EuroSAT_epoch": 0.4763268530368805,
      "acc/test/EuroSAT": 0.877407431602478,
      "normalized_acc/test/EuroSAT": 0.8856075406074524
    }
  ],
  "MNIST": [
    {
      "acc/test/MNIST_epoch": 0.9570000171661377,
      "loss/test/MNIST_epoch": 0.4836113154888153,
      "acc/test/MNIST": 0.9570000171661377,
      "normalized_acc/test/MNIST": 0.9603612422943115
    }
  ],
  "DTD": [
    {
      "acc/test/DTD_epoch": 0.49148935079574585,
      "loss/test/DTD_epoch": 1.8041266202926636,
      "acc/test/DTD": 0.49148935079574585,
      "normalized_acc/test/DTD": 0.59306800365448
    }
  ],
  "STL10": [
    {
      "acc/test/STL10_epoch": 0.9819999933242798,
      "loss/test/STL10_epoch": 0.06844773143529892,
      "acc/test/STL10": 0.9819999933242798,
      "normalized_acc/test/STL10": 0.9940528869628906
    }
  ],
  "avg": [
    {
      "acc/test/avg": 0.8173888802528382,
      "normalized_acc/test/avg": 0.8478002071380615
    }
  ]
}