{
  "EuroSAT": [
    {
      "acc/test/EuroSAT_epoch": 0.8114814758300781,
      "loss/test/EuroSAT_epoch": 0.6884510517120361,
      "acc/test/EuroSAT": 0.8114814758300781,
      "normalized_acc/test/EuroSAT": 0.8190654516220093
    }
  ],
  "MNIST": [
    {
      "acc/test/MNIST_epoch": 0.9466999769210815,
      "loss/test/MNIST_epoch": 0.5917873382568359,
      "acc/test/MNIST": 0.9466999769210815,
      "normalized_acc/test/MNIST": 0.9500250220298767
    }
  ],
  "DTD": [
    {
      "acc/test/DTD_epoch": 0.4835106432437897,
      "loss/test/DTD_epoch": 1.7991594076156616,
      "acc/test/DTD": 0.4835106432437897,
      "normalized_acc/test/DTD": 0.5834403038024902
    }
  ],
  "PCAM": [
    {
      "acc/test/PCAM_epoch": 0.79754638671875,
      "loss/test/PCAM_epoch": 0.4488934874534607,
      "acc/test/PCAM": 0.79754638671875,
      "normalized_acc/test/PCAM": 0.8989096283912659
    }
  ],
  "OxfordIIITPet": [
    {
      "acc/test/OxfordIIITPet_epoch": 0.8866176009178162,
      "loss/test/OxfordIIITPet_epoch": 0.32070019841194153,
      "acc/test/OxfordIIITPet": 0.8866176009178162,
      "normalized_acc/test/OxfordIIITPet": 0.9328935742378235
    }
  ],
  "avg": [
    {
      "acc/test/avg": 0.7851712167263031,
      "normalized_acc/test/avg": 0.8368667960166931
    }
  ]
}