{
  "Cars": [
    {
      "acc/test/Cars_epoch": 0.6832483410835266,
      "loss/test/Cars_epoch": 0.8980756402015686,
      "acc/test/Cars": 0.6832483410835266,
      "normalized_acc/test/Cars": 0.7963472604751587
    }
  ],
  "MNIST": [
    {
      "acc/test/MNIST_epoch": 0.9359999895095825,
      "loss/test/MNIST_epoch": 0.7020753622055054,
      "acc/test/MNIST": 0.9359999895095825,
      "normalized_acc/test/MNIST": 0.9392874836921692
    }
  ],
  "OxfordIIITPet": [
    {
      "acc/test/OxfordIIITPet_epoch": 0.883619487285614,
      "loss/test/OxfordIIITPet_epoch": 0.3253457248210907,
      "acc/test/OxfordIIITPet": 0.883619487285614,
      "normalized_acc/test/OxfordIIITPet": 0.9297389984130859
    }
  ],
  "Food101": [
    {
      "acc/test/Food101_epoch": 0.8992079496383667,
      "loss/test/Food101_epoch": 0.3476646840572357,
      "acc/test/Food101": 0.8992079496383667,
      "normalized_acc/test/Food101": 0.989238440990448
    }
  ],
  "FashionMNIST": [
    {
      "acc/test/FashionMNIST_epoch": 0.8205000162124634,
      "loss/test/FashionMNIST_epoch": 0.534401535987854,
      "acc/test/FashionMNIST": 0.8205000162124634,
      "normalized_acc/test/FashionMNIST": 0.861869752407074
    }
  ],
  "avg": [
    {
      "acc/test/avg": 0.8445151567459106,
      "normalized_acc/test/avg": 0.9032963871955871
    }
  ]
}