{
  "Cars": [
    {
      "acc/test/Cars_epoch": 0.6708120703697205,
      "loss/test/Cars_epoch": 0.9652820229530334,
      "acc/test/Cars": 0.6708120703697205,
      "normalized_acc/test/Cars": 0.7818524241447449
    }
  ],
  "EuroSAT": [
    {
      "acc/test/EuroSAT_epoch": 0.8366666436195374,
      "loss/test/EuroSAT_epoch": 0.6249038577079773,
      "acc/test/EuroSAT": 0.8366666436195374,
      "normalized_acc/test/EuroSAT": 0.8444859981536865
    }
  ],
  "STL10": [
    {
      "acc/test/STL10_epoch": 0.9833750128746033,
      "loss/test/STL10_epoch": 0.06432788819074631,
      "acc/test/STL10": 0.9833750128746033,
      "normalized_acc/test/STL10": 0.9954447746276855
    }
  ],
  "CIFAR10": [
    {
      "acc/test/CIFAR10_epoch": 0.9563999772071838,
      "loss/test/CIFAR10_epoch": 0.13984668254852295,
      "acc/test/CIFAR10": 0.9563999772071838,
      "normalized_acc/test/CIFAR10": 0.9743276238441467
    }
  ],
  "KMNIST": [
    {
      "acc/test/KMNIST_epoch": 0.1462000012397766,
      "loss/test/KMNIST_epoch": 2.279940366744995,
      "acc/test/KMNIST": 0.1462000012397766,
      "normalized_acc/test/KMNIST": 0.14865277707576752
    }
  ],
  "avg": [
    {
      "acc/test/avg": 0.7186907410621644,
      "normalized_acc/test/avg": 0.7489527195692063
    }
  ]
}