{
  "SVHN": [
    {
      "acc/test/SVHN_epoch": 0.7750844955444336,
      "loss/test/SVHN_epoch": 0.8544641137123108,
      "acc/test/SVHN": 0.7750844955444336,
      "normalized_acc/test/SVHN": 0.7950587272644043
    }
  ],
  "GTSRB": [
    {
      "acc/test/GTSRB_epoch": 0.5927949547767639,
      "loss/test/GTSRB_epoch": 1.4028592109680176,
      "acc/test/GTSRB": 0.5927949547767639,
      "normalized_acc/test/GTSRB": 0.5992956161499023
    }
  ],
  "CIFAR100": [
    {
      "acc/test/CIFAR100_epoch": 0.7821999788284302,
      "loss/test/CIFAR100_epoch": 0.7931806445121765,
      "acc/test/CIFAR100": 0.7821999788284302,
      "normalized_acc/test/CIFAR100": 0.8762181997299194
    }
  ],
  "CIFAR10": [
    {
      "acc/test/CIFAR10_epoch": 0.9584000110626221,
      "loss/test/CIFAR10_epoch": 0.12987899780273438,
      "acc/test/CIFAR10": 0.9584000110626221,
      "normalized_acc/test/CIFAR10": 0.9763651490211487
    }
  ],
  "EMNIST": [
    {
      "acc/test/EMNIST_epoch": 0.921999990940094,
      "loss/test/EMNIST_epoch": 0.4491187036037445,
      "acc/test/EMNIST": 0.921999990940094,
      "normalized_acc/test/EMNIST": 0.9272854924201965
    }
  ],
  "avg": [
    {
      "acc/test/avg": 0.8060958862304688,
      "normalized_acc/test/avg": 0.8348446369171143
    }
  ]
}