{
  "EuroSAT": [
    {
      "acc/test/EuroSAT_epoch": 0.7688888907432556,
      "loss/test/EuroSAT_epoch": 0.7199251651763916,
      "acc/test/EuroSAT": 0.7688888907432556,
      "normalized_acc/test/EuroSAT": 0.7760747671127319
    }
  ],
  "MNIST": [
    {
      "acc/test/MNIST_epoch": 0.9415000081062317,
      "loss/test/MNIST_epoch": 0.5923463106155396,
      "acc/test/MNIST": 0.9415000081062317,
      "normalized_acc/test/MNIST": 0.9448068141937256
    }
  ],
  "DTD": [
    {
      "acc/test/DTD_epoch": 0.4819149076938629,
      "loss/test/DTD_epoch": 1.914539098739624,
      "acc/test/DTD": 0.4819149076938629,
      "normalized_acc/test/DTD": 0.5815147757530212
    }
  ],
  "CIFAR100": [
    {
      "acc/test/CIFAR100_epoch": 0.7818999886512756,
      "loss/test/CIFAR100_epoch": 0.824262797832489,
      "acc/test/CIFAR100": 0.7818999886512756,
      "normalized_acc/test/CIFAR100": 0.8758821487426758
    }
  ],
  "Food101": [
    {
      "acc/test/Food101_epoch": 0.8964752554893494,
      "loss/test/Food101_epoch": 0.3564241826534271,
      "acc/test/Food101": 0.8964752554893494,
      "normalized_acc/test/Food101": 0.9862321615219116
    }
  ],
  "avg": [
    {
      "acc/test/avg": 0.774135810136795,
      "normalized_acc/test/avg": 0.8329021334648132
    }
  ]
}