{
  "PCAM": [
    {
      "acc/test/PCAM_epoch": 0.797027587890625,
      "loss/test/PCAM_epoch": 0.45917052030563354,
      "acc/test/PCAM": 0.797027587890625,
      "normalized_acc/test/PCAM": 0.8983249068260193
    }
  ],
  "CIFAR100": [
    {
      "acc/test/CIFAR100_epoch": 0.7926999926567078,
      "loss/test/CIFAR100_epoch": 0.7599873542785645,
      "acc/test/CIFAR100": 0.7926999926567078,
      "normalized_acc/test/CIFAR100": 0.8879802823066711
    }
  ],
  "CIFAR10": [
    {
      "acc/test/CIFAR10_epoch": 0.9606000185012817,
      "loss/test/CIFAR10_epoch": 0.12627021968364716,
      "acc/test/CIFAR10": 0.9606000185012817,
      "normalized_acc/test/CIFAR10": 0.9786064028739929
    }
  ],
  "EMNIST": [
    {
      "acc/test/EMNIST_epoch": 0.9004999995231628,
      "loss/test/EMNIST_epoch": 0.726121723651886,
      "acc/test/EMNIST": 0.9004999995231628,
      "normalized_acc/test/EMNIST": 0.9056622385978699
    }
  ],
  "RenderedSST2": [
    {
      "acc/test/RenderedSST2_epoch": 0.6282262206077576,
      "loss/test/RenderedSST2_epoch": 0.6359895467758179,
      "acc/test/RenderedSST2": 0.6282262206077576,
      "normalized_acc/test/RenderedSST2": 0.8142347931861877
    }
  ],
  "avg": [
    {
      "acc/test/avg": 0.815810763835907,
      "normalized_acc/test/avg": 0.8969617247581482
    }
  ]
}