{
  "SUN397": [
    {
      "acc/test/SUN397_epoch": 0.6928967237472534,
      "loss/test/SUN397_epoch": 1.0568759441375732,
      "acc/test/SUN397": 0.6928967237472534,
      "normalized_acc/test/SUN397": 0.8787375688552856
    }
  ],
  "EuroSAT": [
    {
      "acc/test/EuroSAT_epoch": 0.7470370531082153,
      "loss/test/EuroSAT_epoch": 0.811703085899353,
      "acc/test/EuroSAT": 0.7470370531082153,
      "normalized_acc/test/EuroSAT": 0.7540187239646912
    }
  ],
  "PCAM": [
    {
      "acc/test/PCAM_epoch": 0.789306640625,
      "loss/test/PCAM_epoch": 0.465665727853775,
      "acc/test/PCAM": 0.789306640625,
      "normalized_acc/test/PCAM": 0.889622688293457
    }
  ],
  "CIFAR10": [
    {
      "acc/test/CIFAR10_epoch": 0.9510999917984009,
      "loss/test/CIFAR10_epoch": 0.1573314666748047,
      "acc/test/CIFAR10": 0.9510999917984009,
      "normalized_acc/test/CIFAR10": 0.9689282774925232
    }
  ],
  "Food101": [
    {
      "acc/test/Food101_epoch": 0.8964752554893494,
      "loss/test/Food101_epoch": 0.35662129521369934,
      "acc/test/Food101": 0.8964752554893494,
      "normalized_acc/test/Food101": 0.9862321615219116
    }
  ],
  "avg": [
    {
      "acc/test/avg": 0.8153631329536438,
      "normalized_acc/test/avg": 0.8955078840255737
    }
  ]
}