{
  "SVHN": [
    {
      "acc/test/SVHN_epoch": 0.7721266150474548,
      "loss/test/SVHN_epoch": 0.9114003777503967,
      "acc/test/SVHN": 0.7721266150474548,
      "normalized_acc/test/SVHN": 0.7920246124267578
    }
  ],
  "DTD": [
    {
      "acc/test/DTD_epoch": 0.4962765872478485,
      "loss/test/DTD_epoch": 1.8381378650665283,
      "acc/test/DTD": 0.4962765872478485,
      "normalized_acc/test/DTD": 0.5988446474075317
    }
  ],
  "OxfordIIITPet": [
    {
      "acc/test/OxfordIIITPet_epoch": 0.8937039971351624,
      "loss/test/OxfordIIITPet_epoch": 0.30451762676239014,
      "acc/test/OxfordIIITPet": 0.8937039971351624,
      "normalized_acc/test/OxfordIIITPet": 0.940349817276001
    }
  ],
  "CIFAR100": [
    {
      "acc/test/CIFAR100_epoch": 0.7748000025749207,
      "loss/test/CIFAR100_epoch": 0.8214420080184937,
      "acc/test/CIFAR100": 0.7748000025749207,
      "normalized_acc/test/CIFAR100": 0.8679287433624268
    }
  ],
  "RenderedSST2": [
    {
      "acc/test/RenderedSST2_epoch": 0.6501922011375427,
      "loss/test/RenderedSST2_epoch": 0.619559109210968,
      "acc/test/RenderedSST2": 0.6501922011375427,
      "normalized_acc/test/RenderedSST2": 0.8427045941352844
    }
  ],
  "avg": [
    {
      "acc/test/avg": 0.7174198806285859,
      "normalized_acc/test/avg": 0.8083704829216003
    }
  ]
}