{
  "RESISC45": [
    {
      "acc/test/RESISC45_epoch": 0.7955555319786072,
      "loss/test/RESISC45_epoch": 0.6194045543670654,
      "acc/test/RESISC45": 0.7955555319786072,
      "normalized_acc/test/RESISC45": 0.8229885101318359
    }
  ],
  "EuroSAT": [
    {
      "acc/test/EuroSAT_epoch": 0.898888885974884,
      "loss/test/EuroSAT_epoch": 0.4111459255218506,
      "acc/test/EuroSAT": 0.898888885974884,
      "normalized_acc/test/EuroSAT": 0.9072897434234619
    }
  ],
  "DTD": [
    {
      "acc/test/DTD_epoch": 0.5106382966041565,
      "loss/test/DTD_epoch": 1.7501392364501953,
      "acc/test/DTD": 0.5106382966041565,
      "normalized_acc/test/DTD": 0.616174578666687
    }
  ],
  "STL10": [
    {
      "acc/test/STL10_epoch": 0.9838749766349792,
      "loss/test/STL10_epoch": 0.06293455511331558,
      "acc/test/STL10": 0.9838749766349792,
      "normalized_acc/test/STL10": 0.9959508776664734
    }
  ],
  "RenderedSST2": [
    {
      "acc/test/RenderedSST2_epoch": 0.6622734665870667,
      "loss/test/RenderedSST2_epoch": 0.6110574007034302,
      "acc/test/RenderedSST2": 0.6622734665870667,
      "normalized_acc/test/RenderedSST2": 0.8583629727363586
    }
  ],
  "avg": [
    {
      "acc/test/avg": 0.7702462315559387,
      "normalized_acc/test/avg": 0.8401533365249634
    }
  ]
}