{
  "SUN397": [
    {
      "acc/test/SUN397_epoch": 0.694005012512207,
      "loss/test/SUN397_epoch": 1.0521636009216309,
      "acc/test/SUN397": 0.694005012512207,
      "normalized_acc/test/SUN397": 0.8801431059837341
    }
  ],
  "RESISC45": [
    {
      "acc/test/RESISC45_epoch": 0.7433333396911621,
      "loss/test/RESISC45_epoch": 0.7949231266975403,
      "acc/test/RESISC45": 0.7433333396911621,
      "normalized_acc/test/RESISC45": 0.7689655423164368
    }
  ],
  "GTSRB": [
    {
      "acc/test/GTSRB_epoch": 0.5911322236061096,
      "loss/test/GTSRB_epoch": 1.3973549604415894,
      "acc/test/GTSRB": 0.5911322236061096,
      "normalized_acc/test/GTSRB": 0.5976147055625916
    }
  ],
  "CIFAR100": [
    {
      "acc/test/CIFAR100_epoch": 0.788100004196167,
      "loss/test/CIFAR100_epoch": 0.8023402094841003,
      "acc/test/CIFAR100": 0.788100004196167,
      "normalized_acc/test/CIFAR100": 0.8828273415565491
    }
  ],
  "EMNIST": [
    {
      "acc/test/EMNIST_epoch": 0.9142000079154968,
      "loss/test/EMNIST_epoch": 0.562857449054718,
      "acc/test/EMNIST": 0.9142000079154968,
      "normalized_acc/test/EMNIST": 0.9194408059120178
    }
  ],
  "avg": [
    {
      "acc/test/avg": 0.7461541175842286,
      "normalized_acc/test/avg": 0.8097983002662659
    }
  ]
}