{
  "SUN397": [
    {
      "acc/test/SUN397_epoch": 0.6929470896720886,
      "loss/test/SUN397_epoch": 1.0549689531326294,
      "acc/test/SUN397": 0.6929470896720886,
      "normalized_acc/test/SUN397": 0.8788014054298401
    }
  ],
  "DTD": [
    {
      "acc/test/DTD_epoch": 0.48776596784591675,
      "loss/test/DTD_epoch": 1.8766498565673828,
      "acc/test/DTD": 0.48776596784591675,
      "normalized_acc/test/DTD": 0.5885750651359558
    }
  ],
  "Flowers102": [
    {
      "acc/test/Flowers102_epoch": 0.722719132900238,
      "loss/test/Flowers102_epoch": 1.3394423723220825,
      "acc/test/Flowers102": 0.722719132900238,
      "normalized_acc/test/Flowers102": 0.7670003175735474
    }
  ],
  "CIFAR100": [
    {
      "acc/test/CIFAR100_epoch": 0.7738000154495239,
      "loss/test/CIFAR100_epoch": 0.8339430689811707,
      "acc/test/CIFAR100": 0.7738000154495239,
      "normalized_acc/test/CIFAR100": 0.8668085336685181
    }
  ],
  "Food101": [
    {
      "acc/test/Food101_epoch": 0.9022178053855896,
      "loss/test/Food101_epoch": 0.3367173671722412,
      "acc/test/Food101": 0.9022178053855896,
      "normalized_acc/test/Food101": 0.9925496578216553
    }
  ],
  "avg": [
    {
      "acc/test/avg": 0.7158900022506713,
      "normalized_acc/test/avg": 0.8187469959259033
    }
  ]
}