{
  "Cars": [
    {
      "acc/test/Cars_epoch": 0.6709364652633667,
      "loss/test/Cars_epoch": 0.9597143530845642,
      "acc/test/Cars": 0.6709364652633667,
      "normalized_acc/test/Cars": 0.7819973826408386
    }
  ],
  "GTSRB": [
    {
      "acc/test/GTSRB_epoch": 0.5702295899391174,
      "loss/test/GTSRB_epoch": 1.4755078554153442,
      "acc/test/GTSRB": 0.5702295899391174,
      "normalized_acc/test/GTSRB": 0.5764828324317932
    }
  ],
  "CIFAR10": [
    {
      "acc/test/CIFAR10_epoch": 0.9517999887466431,
      "loss/test/CIFAR10_epoch": 0.15239819884300232,
      "acc/test/CIFAR10": 0.9517999887466431,
      "normalized_acc/test/CIFAR10": 0.969641387462616
    }
  ],
  "Food101": [
    {
      "acc/test/Food101_epoch": 0.8985346555709839,
      "loss/test/Food101_epoch": 0.3467329442501068,
      "acc/test/Food101": 0.8985346555709839,
      "normalized_acc/test/Food101": 0.9884977340698242
    }
  ],
  "KMNIST": [
    {
      "acc/test/KMNIST_epoch": 0.14139999449253082,
      "loss/test/KMNIST_epoch": 2.2851288318634033,
      "acc/test/KMNIST": 0.14139999449253082,
      "normalized_acc/test/KMNIST": 0.14377222955226898
    }
  ],
  "avg": [
    {
      "acc/test/avg": 0.6465801388025284,
      "normalized_acc/test/avg": 0.6920783132314682
    }
  ]
}