{
  "GTSRB": [
    {
      "acc/test/GTSRB_epoch": 0.6323832273483276,
      "loss/test/GTSRB_epoch": 1.29538094997406,
      "acc/test/GTSRB": 0.6323832273483276,
      "normalized_acc/test/GTSRB": 0.63931804895401
    }
  ],
  "Flowers102": [
    {
      "acc/test/Flowers102_epoch": 0.7337778210639954,
      "loss/test/Flowers102_epoch": 1.2492283582687378,
      "acc/test/Flowers102": 0.7337778210639954,
      "normalized_acc/test/Flowers102": 0.7787365913391113
    }
  ],
  "OxfordIIITPet": [
    {
      "acc/test/OxfordIIITPet_epoch": 0.8999727368354797,
      "loss/test/OxfordIIITPet_epoch": 0.27840280532836914,
      "acc/test/OxfordIIITPet": 0.8999727368354797,
      "normalized_acc/test/OxfordIIITPet": 0.9469457864761353
    }
  ],
  "STL10": [
    {
      "acc/test/STL10_epoch": 0.9836249947547913,
      "loss/test/STL10_epoch": 0.05973484739661217,
      "acc/test/STL10": 0.9836249947547913,
      "normalized_acc/test/STL10": 0.9956978559494019
    }
  ],
  "CIFAR10": [
    {
      "acc/test/CIFAR10_epoch": 0.9620000123977661,
      "loss/test/CIFAR10_epoch": 0.12703216075897217,
      "acc/test/CIFAR10": 0.9620000123977661,
      "normalized_acc/test/CIFAR10": 0.9800326228141785
    }
  ],
  "avg": [
    {
      "acc/test/avg": 0.842351758480072,
      "normalized_acc/test/avg": 0.8681461811065674
    }
  ]
}