{
  "RESISC45": [
    {
      "acc/test/RESISC45_epoch": 0.7790476083755493,
      "loss/test/RESISC45_epoch": 0.7064905166625977,
      "acc/test/RESISC45": 0.7790476083755493,
      "normalized_acc/test/RESISC45": 0.8059113621711731
    }
  ],
  "DTD": [
    {
      "acc/test/DTD_epoch": 0.48829787969589233,
      "loss/test/DTD_epoch": 1.8272075653076172,
      "acc/test/DTD": 0.48829787969589233,
      "normalized_acc/test/DTD": 0.589216947555542
    }
  ],
  "Flowers102": [
    {
      "acc/test/Flowers102_epoch": 0.7196292281150818,
      "loss/test/Flowers102_epoch": 1.2851829528808594,
      "acc/test/Flowers102": 0.7196292281150818,
      "normalized_acc/test/Flowers102": 0.7637211084365845
    }
  ],
  "CIFAR10": [
    {
      "acc/test/CIFAR10_epoch": 0.9578999876976013,
      "loss/test/CIFAR10_epoch": 0.13656887412071228,
      "acc/test/CIFAR10": 0.9578999876976013,
      "normalized_acc/test/CIFAR10": 0.9758557677268982
    }
  ],
  "KMNIST": [
    {
      "acc/test/KMNIST_epoch": 0.14550000429153442,
      "loss/test/KMNIST_epoch": 2.268303632736206,
      "acc/test/KMNIST": 0.14550000429153442,
      "normalized_acc/test/KMNIST": 0.14794103801250458
    }
  ],
  "avg": [
    {
      "acc/test/avg": 0.6180749416351319,
      "normalized_acc/test/avg": 0.6565292447805404
    }
  ]
}