{
  "RESISC45": [
    {
      "acc/test/RESISC45_epoch": 0.7353968024253845,
      "loss/test/RESISC45_epoch": 0.8408041000366211,
      "acc/test/RESISC45": 0.7353968024253845,
      "normalized_acc/test/RESISC45": 0.7607553601264954
    }
  ],
  "SVHN": [
    {
      "acc/test/SVHN_epoch": 0.7578365206718445,
      "loss/test/SVHN_epoch": 0.9447051286697388,
      "acc/test/SVHN": 0.7578365206718445,
      "normalized_acc/test/SVHN": 0.7773662209510803
    }
  ],
  "GTSRB": [
    {
      "acc/test/GTSRB_epoch": 0.5900237560272217,
      "loss/test/GTSRB_epoch": 1.4078717231750488,
      "acc/test/GTSRB": 0.5900237560272217,
      "normalized_acc/test/GTSRB": 0.5964940786361694
    }
  ],
  "CIFAR100": [
    {
      "acc/test/CIFAR100_epoch": 0.786899983882904,
      "loss/test/CIFAR100_epoch": 0.7781188488006592,
      "acc/test/CIFAR100": 0.786899983882904,
      "normalized_acc/test/CIFAR100": 0.8814830780029297
    }
  ],
  "CIFAR10": [
    {
      "acc/test/CIFAR10_epoch": 0.9603999853134155,
      "loss/test/CIFAR10_epoch": 0.12636218965053558,
      "acc/test/CIFAR10": 0.9603999853134155,
      "normalized_acc/test/CIFAR10": 0.9784026145935059
    }
  ],
  "avg": [
    {
      "acc/test/avg": 0.766111409664154,
      "normalized_acc/test/avg": 0.7989002704620362
    }
  ]
}