{
  "SUN397": [
    {
      "acc/test/SUN397_epoch": 0.6942569017410278,
      "loss/test/SUN397_epoch": 1.0548957586288452,
      "acc/test/SUN397": 0.6942569017410278,
      "normalized_acc/test/SUN397": 0.8804625272750854
    }
  ],
  "GTSRB": [
    {
      "acc/test/GTSRB_epoch": 0.5874900817871094,
      "loss/test/GTSRB_epoch": 1.4237052202224731,
      "acc/test/GTSRB": 0.5874900817871094,
      "normalized_acc/test/GTSRB": 0.593932569026947
    }
  ],
  "FER2013": [
    {
      "acc/test/FER2013_epoch": 0.5838673710823059,
      "loss/test/FER2013_epoch": 1.1344751119613647,
      "acc/test/FER2013": 0.5838673710823059,
      "normalized_acc/test/FER2013": 0.7919501066207886
    }
  ],
  "CIFAR100": [
    {
      "acc/test/CIFAR100_epoch": 0.7903000116348267,
      "loss/test/CIFAR100_epoch": 0.7846899628639221,
      "acc/test/CIFAR100": 0.7903000116348267,
      "normalized_acc/test/CIFAR100": 0.8852918148040771
    }
  ],
  "RenderedSST2": [
    {
      "acc/test/RenderedSST2_epoch": 0.6419549584388733,
      "loss/test/RenderedSST2_epoch": 0.6249613761901855,
      "acc/test/RenderedSST2": 0.6419549584388733,
      "normalized_acc/test/RenderedSST2": 0.8320284485816956
    }
  ],
  "avg": [
    {
      "acc/test/avg": 0.6595738649368286,
      "normalized_acc/test/avg": 0.7967330932617187
    }
  ]
}