{
  "SUN397": [
    {
      "acc/test/SUN397_epoch": 0.6909823417663574,
      "loss/test/SUN397_epoch": 1.060127854347229,
      "acc/test/SUN397": 0.6909823417663574,
      "normalized_acc/test/SUN397": 0.8763096928596497
    }
  ],
  "GTSRB": [
    {
      "acc/test/GTSRB_epoch": 0.5822644233703613,
      "loss/test/GTSRB_epoch": 1.4507551193237305,
      "acc/test/GTSRB": 0.5822644233703613,
      "normalized_acc/test/GTSRB": 0.5886496305465698
    }
  ],
  "FER2013": [
    {
      "acc/test/FER2013_epoch": 0.5651991963386536,
      "loss/test/FER2013_epoch": 1.190280556678772,
      "acc/test/FER2013": 0.5651991963386536,
      "normalized_acc/test/FER2013": 0.7666288614273071
    }
  ],
  "FashionMNIST": [
    {
      "acc/test/FashionMNIST_epoch": 0.8357999920845032,
      "loss/test/FashionMNIST_epoch": 0.4808710515499115,
      "acc/test/FashionMNIST": 0.8357999920845032,
      "normalized_acc/test/FashionMNIST": 0.8779411315917969
    }
  ],
  "EMNIST": [
    {
      "acc/test/EMNIST_epoch": 0.9014000296592712,
      "loss/test/EMNIST_epoch": 0.620719850063324,
      "acc/test/EMNIST": 0.9014000296592712,
      "normalized_acc/test/EMNIST": 0.9065674543380737
    }
  ],
  "avg": [
    {
      "acc/test/avg": 0.7151291966438293,
      "normalized_acc/test/avg": 0.8032193541526794
    }
  ]
}