{
  "EuroSAT": [
    {
      "acc/test/EuroSAT_epoch": 0.7707407474517822,
      "loss/test/EuroSAT_epoch": 0.739954948425293,
      "acc/test/EuroSAT": 0.7707407474517822,
      "normalized_acc/test/EuroSAT": 0.7779439687728882
    }
  ],
  "MNIST": [
    {
      "acc/test/MNIST_epoch": 0.9437000155448914,
      "loss/test/MNIST_epoch": 0.547707200050354,
      "acc/test/MNIST": 0.9437000155448914,
      "normalized_acc/test/MNIST": 0.947014570236206
    }
  ],
  "DTD": [
    {
      "acc/test/DTD_epoch": 0.4819149076938629,
      "loss/test/DTD_epoch": 1.8627405166625977,
      "acc/test/DTD": 0.4819149076938629,
      "normalized_acc/test/DTD": 0.5815147757530212
    }
  ],
  "FER2013": [
    {
      "acc/test/FER2013_epoch": 0.5674282312393188,
      "loss/test/FER2013_epoch": 1.1958626508712769,
      "acc/test/FER2013": 0.5674282312393188,
      "normalized_acc/test/FER2013": 0.7696523070335388
    }
  ],
  "FashionMNIST": [
    {
      "acc/test/FashionMNIST_epoch": 0.8219000101089478,
      "loss/test/FashionMNIST_epoch": 0.5207242965698242,
      "acc/test/FashionMNIST": 0.8219000101089478,
      "normalized_acc/test/FashionMNIST": 0.8633403182029724
    }
  ],
  "avg": [
    {
      "acc/test/avg": 0.7171367824077606,
      "normalized_acc/test/avg": 0.7878931879997253
    }
  ]
}