{
  "EuroSAT": [
    {
      "acc/test/EuroSAT_epoch": 0.7185184955596924,
      "loss/test/EuroSAT_epoch": 0.8837836980819702,
      "acc/test/EuroSAT": 0.7185184955596924,
      "normalized_acc/test/EuroSAT": 0.7252336144447327
    }
  ],
  "PCAM": [
    {
      "acc/test/PCAM_epoch": 0.803619384765625,
      "loss/test/PCAM_epoch": 0.4504711627960205,
      "acc/test/PCAM": 0.803619384765625,
      "normalized_acc/test/PCAM": 0.9057545065879822
    }
  ],
  "CIFAR100": [
    {
      "acc/test/CIFAR100_epoch": 0.7670000195503235,
      "loss/test/CIFAR100_epoch": 0.8461487293243408,
      "acc/test/CIFAR100": 0.7670000195503235,
      "normalized_acc/test/CIFAR100": 0.8591912388801575
    }
  ],
  "FashionMNIST": [
    {
      "acc/test/FashionMNIST_epoch": 0.8105000257492065,
      "loss/test/FashionMNIST_epoch": 0.5690473318099976,
      "acc/test/FashionMNIST": 0.8105000257492065,
      "normalized_acc/test/FashionMNIST": 0.8513655662536621
    }
  ],
  "KMNIST": [
    {
      "acc/test/KMNIST_epoch": 0.15489999949932098,
      "loss/test/KMNIST_epoch": 2.30184268951416,
      "acc/test/KMNIST": 0.15489999949932098,
      "normalized_acc/test/KMNIST": 0.15749873220920563
    }
  ],
  "avg": [
    {
      "acc/test/avg": 0.6509075850248337,
      "normalized_acc/test/avg": 0.699808731675148
    }
  ]
}