{
  "Cars": [
    {
      "acc/test/Cars_epoch": 0.6883472204208374,
      "loss/test/Cars_epoch": 0.8777792453765869,
      "acc/test/Cars": 0.6883472204208374,
      "normalized_acc/test/Cars": 0.8022902011871338
    }
  ],
  "GTSRB": [
    {
      "acc/test/GTSRB_epoch": 0.5998416543006897,
      "loss/test/GTSRB_epoch": 1.3605022430419922,
      "acc/test/GTSRB": 0.5998416543006897,
      "normalized_acc/test/GTSRB": 0.6064196228981018
    }
  ],
  "MNIST": [
    {
      "acc/test/MNIST_epoch": 0.9488000273704529,
      "loss/test/MNIST_epoch": 0.5707015991210938,
      "acc/test/MNIST": 0.9488000273704529,
      "normalized_acc/test/MNIST": 0.9521324634552002
    }
  ],
  "STL10": [
    {
      "acc/test/STL10_epoch": 0.9804999828338623,
      "loss/test/STL10_epoch": 0.0770241767168045,
      "acc/test/STL10": 0.9804999828338623,
      "normalized_acc/test/STL10": 0.9925344586372375
    }
  ],
  "KMNIST": [
    {
      "acc/test/KMNIST_epoch": 0.1704999953508377,
      "loss/test/KMNIST_epoch": 2.2080471515655518,
      "acc/test/KMNIST": 0.1704999953508377,
      "normalized_acc/test/KMNIST": 0.1733604371547699
    }
  ],
  "avg": [
    {
      "acc/test/avg": 0.677597776055336,
      "normalized_acc/test/avg": 0.7053474366664887
    }
  ]
}