{
  "Cars": [
    {
      "acc/test/Cars_epoch": 0.6930729746818542,
      "loss/test/Cars_epoch": 0.8732774257659912,
      "acc/test/Cars": 0.6930729746818542,
      "normalized_acc/test/Cars": 0.8077982068061829
    }
  ],
  "RESISC45": [
    {
      "acc/test/RESISC45_epoch": 0.7653968334197998,
      "loss/test/RESISC45_epoch": 0.7126657962799072,
      "acc/test/RESISC45": 0.7653968334197998,
      "normalized_acc/test/RESISC45": 0.7917898297309875
    }
  ],
  "EuroSAT": [
    {
      "acc/test/EuroSAT_epoch": 0.8411111235618591,
      "loss/test/EuroSAT_epoch": 0.5762431025505066,
      "acc/test/EuroSAT": 0.8411111235618591,
      "normalized_acc/test/EuroSAT": 0.8489720225334167
    }
  ],
  "SVHN": [
    {
      "acc/test/SVHN_epoch": 0.7846112251281738,
      "loss/test/SVHN_epoch": 0.8978725671768188,
      "acc/test/SVHN": 0.7846112251281738,
      "normalized_acc/test/SVHN": 0.8048309683799744
    }
  ],
  "OxfordIIITPet": [
    {
      "acc/test/OxfordIIITPet_epoch": 0.8882529139518738,
      "loss/test/OxfordIIITPet_epoch": 0.3129120171070099,
      "acc/test/OxfordIIITPet": 0.8882529139518738,
      "normalized_acc/test/OxfordIIITPet": 0.9346142411231995
    }
  ],
  "avg": [
    {
      "acc/test/avg": 0.7944890141487122,
      "normalized_acc/test/avg": 0.8376010537147522
    }
  ]
}