{
  "SUN397": [
    {
      "acc/test/SUN397_epoch": 0.6947606801986694,
      "loss/test/SUN397_epoch": 1.0447582006454468,
      "acc/test/SUN397": 0.6947606801986694,
      "normalized_acc/test/SUN397": 0.8811014294624329
    }
  ],
  "EuroSAT": [
    {
      "acc/test/EuroSAT_epoch": 0.8585185408592224,
      "loss/test/EuroSAT_epoch": 0.5484103560447693,
      "acc/test/EuroSAT": 0.8585185408592224,
      "normalized_acc/test/EuroSAT": 0.8665421009063721
    }
  ],
  "GTSRB": [
    {
      "acc/test/GTSRB_epoch": 0.6148852109909058,
      "loss/test/GTSRB_epoch": 1.3197221755981445,
      "acc/test/GTSRB": 0.6148852109909058,
      "normalized_acc/test/GTSRB": 0.6216281652450562
    }
  ],
  "Flowers102": [
    {
      "acc/test/Flowers102_epoch": 0.7193039655685425,
      "loss/test/Flowers102_epoch": 1.2699414491653442,
      "acc/test/Flowers102": 0.7193039655685425,
      "normalized_acc/test/Flowers102": 0.7633758783340454
    }
  ],
  "EMNIST": [
    {
      "acc/test/EMNIST_epoch": 0.9196000099182129,
      "loss/test/EMNIST_epoch": 0.5153314471244812,
      "acc/test/EMNIST": 0.9196000099182129,
      "normalized_acc/test/EMNIST": 0.9248717427253723
    }
  ],
  "avg": [
    {
      "acc/test/avg": 0.7614136815071106,
      "normalized_acc/test/avg": 0.8115038633346557
    }
  ]
}