{
  "Flowers102": [
    {
      "acc/test/Flowers102_epoch": 0.7305253148078918,
      "loss/test/Flowers102_epoch": 1.2305465936660767,
      "acc/test/Flowers102": 0.7305253148078918,
      "normalized_acc/test/Flowers102": 0.7752847671508789
    }
  ],
  "FER2013": [
    {
      "acc/test/FER2013_epoch": 0.593062162399292,
      "loss/test/FER2013_epoch": 1.1206796169281006,
      "acc/test/FER2013": 0.593062162399292,
      "normalized_acc/test/FER2013": 0.8044217824935913
    }
  ],
  "OxfordIIITPet": [
    {
      "acc/test/OxfordIIITPet_epoch": 0.9029708504676819,
      "loss/test/OxfordIIITPet_epoch": 0.2859874963760376,
      "acc/test/OxfordIIITPet": 0.9029708504676819,
      "normalized_acc/test/OxfordIIITPet": 0.9501003623008728
    }
  ],
  "STL10": [
    {
      "acc/test/STL10_epoch": 0.9831249713897705,
      "loss/test/STL10_epoch": 0.06516992300748825,
      "acc/test/STL10": 0.9831249713897705,
      "normalized_acc/test/STL10": 0.9951916933059692
    }
  ],
  "FashionMNIST": [
    {
      "acc/test/FashionMNIST_epoch": 0.8349000215530396,
      "loss/test/FashionMNIST_epoch": 0.48474204540252686,
      "acc/test/FashionMNIST": 0.8349000215530396,
      "normalized_acc/test/FashionMNIST": 0.8769958019256592
    }
  ],
  "avg": [
    {
      "acc/test/avg": 0.8089166641235351,
      "normalized_acc/test/avg": 0.8803988814353942
    }
  ]
}