{
  "GTSRB": [
    {
      "acc/test/GTSRB_epoch": 0.6058590412139893,
      "loss/test/GTSRB_epoch": 1.3320869207382202,
      "acc/test/GTSRB": 0.6058590412139893,
      "normalized_acc/test/GTSRB": 0.6125029921531677
    }
  ],
  "DTD": [
    {
      "acc/test/DTD_epoch": 0.4968084990978241,
      "loss/test/DTD_epoch": 1.8097869157791138,
      "acc/test/DTD": 0.4968084990978241,
      "normalized_acc/test/DTD": 0.5994864702224731
    }
  ],
  "EMNIST": [
    {
      "acc/test/EMNIST_epoch": 0.9319000244140625,
      "loss/test/EMNIST_epoch": 0.5616635084152222,
      "acc/test/EMNIST": 0.9319000244140625,
      "normalized_acc/test/EMNIST": 0.9372422695159912
    }
  ],
  "KMNIST": [
    {
      "acc/test/KMNIST_epoch": 0.1784999966621399,
      "loss/test/KMNIST_epoch": 2.2037854194641113,
      "acc/test/KMNIST": 0.1784999966621399,
      "normalized_acc/test/KMNIST": 0.18149465322494507
    }
  ],
  "RenderedSST2": [
    {
      "acc/test/RenderedSST2_epoch": 0.6254805326461792,
      "loss/test/RenderedSST2_epoch": 0.639176607131958,
      "acc/test/RenderedSST2": 0.6254805326461792,
      "normalized_acc/test/RenderedSST2": 0.8106761574745178
    }
  ],
  "avg": [
    {
      "acc/test/avg": 0.567709618806839,
      "normalized_acc/test/avg": 0.628280508518219
    }
  ]
}