{
  "GTSRB": [
    {
      "acc/test/GTSRB_epoch": 0.588836133480072,
      "loss/test/GTSRB_epoch": 1.465575098991394,
      "acc/test/GTSRB": 0.588836133480072,
      "normalized_acc/test/GTSRB": 0.595293402671814
    }
  ],
  "CIFAR100": [
    {
      "acc/test/CIFAR100_epoch": 0.7976999878883362,
      "loss/test/CIFAR100_epoch": 0.7361043691635132,
      "acc/test/CIFAR100": 0.7976999878883362,
      "normalized_acc/test/CIFAR100": 0.893581211566925
    }
  ],
  "CIFAR10": [
    {
      "acc/test/CIFAR10_epoch": 0.9620000123977661,
      "loss/test/CIFAR10_epoch": 0.12186066806316376,
      "acc/test/CIFAR10": 0.9620000123977661,
      "normalized_acc/test/CIFAR10": 0.9800326228141785
    }
  ],
  "FashionMNIST": [
    {
      "acc/test/FashionMNIST_epoch": 0.826200008392334,
      "loss/test/FashionMNIST_epoch": 0.5224300026893616,
      "acc/test/FashionMNIST": 0.826200008392334,
      "normalized_acc/test/FashionMNIST": 0.8678571581840515
    }
  ],
  "RenderedSST2": [
    {
      "acc/test/RenderedSST2_epoch": 0.6403075456619263,
      "loss/test/RenderedSST2_epoch": 0.629875659942627,
      "acc/test/RenderedSST2": 0.6403075456619263,
      "normalized_acc/test/RenderedSST2": 0.8298932313919067
    }
  ],
  "avg": [
    {
      "acc/test/avg": 0.7630087375640869,
      "normalized_acc/test/avg": 0.8333315253257751
    }
  ]
}