{
  "MNIST": [
    {
      "acc/test/MNIST_epoch": 0.9204000234603882,
      "loss/test/MNIST_epoch": 0.7755038738250732,
      "acc/test/MNIST": 0.9204000234603882,
      "normalized_acc/test/MNIST": 0.9236327409744263
    }
  ],
  "Flowers102": [
    {
      "acc/test/Flowers102_epoch": 0.7056431770324707,
      "loss/test/Flowers102_epoch": 1.3542439937591553,
      "acc/test/Flowers102": 0.7056431770324707,
      "normalized_acc/test/Flowers102": 0.7488781213760376
    }
  ],
  "PCAM": [
    {
      "acc/test/PCAM_epoch": 0.792999267578125,
      "loss/test/PCAM_epoch": 0.4694998264312744,
      "acc/test/PCAM": 0.792999267578125,
      "normalized_acc/test/PCAM": 0.8937845826148987
    }
  ],
  "Food101": [
    {
      "acc/test/Food101_epoch": 0.894217848777771,
      "loss/test/Food101_epoch": 0.3642074465751648,
      "acc/test/Food101": 0.894217848777771,
      "normalized_acc/test/Food101": 0.983748733997345
    }
  ],
  "FashionMNIST": [
    {
      "acc/test/FashionMNIST_epoch": 0.8116999864578247,
      "loss/test/FashionMNIST_epoch": 0.5613547563552856,
      "acc/test/FashionMNIST": 0.8116999864578247,
      "normalized_acc/test/FashionMNIST": 0.8526260256767273
    }
  ],
  "avg": [
    {
      "acc/test/avg": 0.8249920606613159,
      "normalized_acc/test/avg": 0.880534040927887
    }
  ]
}