{
    "FER2013": [
        {
            "acc/test/FER2013_epoch": 0.7135692238807678,
            "loss/test/FER2013_epoch": 0.9796268939971924,
            "acc/test/FER2013": 0.7135692238807678,
            "normalized_acc/test/FER2013": 0.9678760170936584
        }
    ],
    "RenderedSST2": [
        {
            "acc/test/RenderedSST2_epoch": 0.7468423843383789,
            "loss/test/RenderedSST2_epoch": 0.6525726318359375,
            "acc/test/RenderedSST2": 0.7468423843383789,
            "normalized_acc/test/RenderedSST2": 0.9679715037345886
        }
    ],
    "avg": [
        {
            "acc/test/avg": 0.7302058041095734,
            "normalized_acc/test/avg": 0.9679237604141235
        }
    ]
}