{
    "EuroSAT": [
        {
            "acc/test/EuroSAT_epoch": 0.9851852059364319,
            "loss/test/EuroSAT_epoch": 0.043324775993824005,
            "acc/test/EuroSAT": 0.9851852059364319,
            "normalized_acc/test/EuroSAT": 0.9943925738334656
        }
    ],
    "RenderedSST2": [
        {
            "acc/test/RenderedSST2_epoch": 0.7803404927253723,
            "loss/test/RenderedSST2_epoch": 0.513552725315094,
            "acc/test/RenderedSST2": 0.7803404927253723,
            "normalized_acc/test/RenderedSST2": 1.0113879442214966
        }
    ],
    "avg": [
        {
            "acc/test/avg": 0.8827628493309021,
            "normalized_acc/test/avg": 1.002890259027481
        }
    ]
}