{
    "Flowers102": [
        {
            "acc/test/Flowers102_epoch": 0.7872824668884277,
            "loss/test/Flowers102_epoch": 0.9876613616943359,
            "acc/test/Flowers102": 0.7872824668884277,
            "normalized_acc/test/Flowers102": 0.8355194330215454
        }
    ],
    "CIFAR100": [
        {
            "acc/test/CIFAR100_epoch": 0.8748999834060669,
            "loss/test/CIFAR100_epoch": 0.49312835931777954,
            "acc/test/CIFAR100": 0.8748999834060669,
            "normalized_acc/test/CIFAR100": 0.9800604581832886
        }
    ],
    "avg": [
        {
            "acc/test/avg": 0.8310912251472473,
            "normalized_acc/test/avg": 0.907789945602417
        }
    ]
}