{
    "MNIST": [
        {
            "acc/test/MNIST_epoch": 0.9933000206947327,
            "loss/test/MNIST_epoch": 0.04702065512537956,
            "acc/test/MNIST": 0.9933000206947327,
            "normalized_acc/test/MNIST": 0.996788740158081
        }
    ],
    "KMNIST": [
        {
            "acc/test/KMNIST_epoch": 0.7688000202178955,
            "loss/test/KMNIST_epoch": 0.9261302947998047,
            "acc/test/KMNIST": 0.7688000202178955,
            "normalized_acc/test/KMNIST": 0.7816980481147766
        }
    ],
    "avg": [
        {
            "acc/test/avg": 0.8810500204563141,
            "normalized_acc/test/avg": 0.8892433941364288
        }
    ]
}