{
    "MNIST": [
        {
            "acc/test/MNIST_epoch": 0.9950000047683716,
            "loss/test/MNIST_epoch": 0.040204163640737534,
            "acc/test/MNIST": 0.9950000047683716,
            "normalized_acc/test/MNIST": 0.9984947443008423
        }
    ],
    "RenderedSST2": [
        {
            "acc/test/RenderedSST2_epoch": 0.774848997592926,
            "loss/test/RenderedSST2_epoch": 0.5088126063346863,
            "acc/test/RenderedSST2": 0.774848997592926,
            "normalized_acc/test/RenderedSST2": 1.0042704343795776
        }
    ],
    "avg": [
        {
            "acc/test/avg": 0.8849245011806488,
            "normalized_acc/test/avg": 1.00138258934021
        }
    ]
}