{
    "SUN397": [
        {
            "acc/test/SUN397_epoch": 0.7473551630973816,
            "loss/test/SUN397_epoch": 0.9322783946990967,
            "acc/test/SUN397": 0.7473551630973816,
            "normalized_acc/test/SUN397": 0.9478021860122681
        }
    ],
    "MNIST": [
        {
            "acc/test/MNIST_epoch": 0.9947999715805054,
            "loss/test/MNIST_epoch": 0.038051072508096695,
            "acc/test/MNIST": 0.9947999715805054,
            "normalized_acc/test/MNIST": 0.9982939958572388
        }
    ],
    "avg": [
        {
            "acc/test/avg": 0.8710775673389435,
            "normalized_acc/test/avg": 0.9730480909347534
        }
    ]
}