{
    "DTD": [
        {
            "acc/test/DTD_epoch": 0.7462766170501709,
            "loss/test/DTD_epoch": 0.8948207497596741,
            "acc/test/DTD": 0.7462766170501709,
            "normalized_acc/test/DTD": 0.9005134701728821
        }
    ],
    "RenderedSST2": [
        {
            "acc/test/RenderedSST2_epoch": 0.7814387679100037,
            "loss/test/RenderedSST2_epoch": 0.5561156868934631,
            "acc/test/RenderedSST2": 0.7814387679100037,
            "normalized_acc/test/RenderedSST2": 1.012811303138733
        }
    ],
    "avg": [
        {
            "acc/test/avg": 0.7638576924800873,
            "normalized_acc/test/avg": 0.9566623866558075
        }
    ]
}