{
    "FER2013": [
        {
            "acc/test/FER2013_epoch": 0.6749790906906128,
            "loss/test/FER2013_epoch": 1.0366714000701904,
            "acc/test/FER2013": 0.6749790906906128,
            "normalized_acc/test/FER2013": 0.9155328869819641
        }
    ],
    "KMNIST": [
        {
            "acc/test/KMNIST_epoch": 0.9226999878883362,
            "loss/test/KMNIST_epoch": 0.39538705348968506,
            "acc/test/KMNIST": 0.9226999878883362,
            "normalized_acc/test/KMNIST": 0.9381799697875977
        }
    ],
    "avg": [
        {
            "acc/test/avg": 0.7988395392894745,
            "normalized_acc/test/avg": 0.9268564283847809
        }
    ]
}