{
    "Cars": [
        {
            "acc/test/Cars_epoch": 0.8186792731285095,
            "loss/test/Cars_epoch": 0.5732808113098145,
            "acc/test/Cars": 0.8186792731285095,
            "normalized_acc/test/Cars": 0.9541962742805481
        }
    ],
    "MNIST": [
        {
            "acc/test/MNIST_epoch": 0.9944999814033508,
            "loss/test/MNIST_epoch": 0.04030812904238701,
            "acc/test/MNIST": 0.9944999814033508,
            "normalized_acc/test/MNIST": 0.9979929327964783
        }
    ],
    "avg": [
        {
            "acc/test/avg": 0.9065896272659302,
            "normalized_acc/test/avg": 0.9760946035385132
        }
    ]
}