{
    "Flowers102": [
        {
            "acc/test/Flowers102_epoch": 0.8448528051376343,
            "loss/test/Flowers102_epoch": 0.6042791604995728,
            "acc/test/Flowers102": 0.8448528051376343,
            "normalized_acc/test/Flowers102": 0.8966171741485596
        }
    ],
    "FER2013": [
        {
            "acc/test/FER2013_epoch": 0.7180272936820984,
            "loss/test/FER2013_epoch": 0.9247337579727173,
            "acc/test/FER2013": 0.7180272936820984,
            "normalized_acc/test/FER2013": 0.9739229083061218
        }
    ],
    "avg": [
        {
            "acc/test/avg": 0.7814400494098663,
            "normalized_acc/test/avg": 0.9352700412273407
        }
    ]
}