{
    "PCAM": [
        {
            "acc/test/PCAM_epoch": 0.842071533203125,
            "loss/test/PCAM_epoch": 0.3535177707672119,
            "acc/test/PCAM": 0.842071533203125,
            "normalized_acc/test/PCAM": 0.9490936398506165
        }
    ],
    "CIFAR10": [
        {
            "acc/test/CIFAR10_epoch": 0.9652000069618225,
            "loss/test/CIFAR10_epoch": 0.11628470569849014,
            "acc/test/CIFAR10": 0.9652000069618225,
            "normalized_acc/test/CIFAR10": 0.9832925796508789
        }
    ],
    "avg": [
        {
            "acc/test/avg": 0.9036357700824738,
            "normalized_acc/test/avg": 0.9661931097507477
        }
    ]
}