{
    "RESISC45": [
        {
            "acc/test/RESISC45_epoch": 0.9158729910850525,
            "loss/test/RESISC45_epoch": 0.27954763174057007,
            "acc/test/RESISC45": 0.9158729910850525,
            "normalized_acc/test/RESISC45": 0.9474548697471619
        }
    ],
    "KMNIST": [
        {
            "acc/test/KMNIST_epoch": 0.921999990940094,
            "loss/test/KMNIST_epoch": 0.3905332684516907,
            "acc/test/KMNIST": 0.921999990940094,
            "normalized_acc/test/KMNIST": 0.9374682307243347
        }
    ],
    "avg": [
        {
            "acc/test/avg": 0.9189364910125732,
            "normalized_acc/test/avg": 0.9424615502357483
        }
    ]
}