{
    "SUN397": [
        {
            "acc/test/SUN397_epoch": 0.755062997341156,
            "loss/test/SUN397_epoch": 0.8837757706642151,
            "acc/test/SUN397": 0.755062997341156,
            "normalized_acc/test/SUN397": 0.9575773477554321
        }
    ],
    "Food101": [
        {
            "acc/test/Food101_epoch": 0.9193267226219177,
            "loss/test/Food101_epoch": 0.31843695044517517,
            "acc/test/Food101": 0.9193267226219177,
            "normalized_acc/test/Food101": 1.0113716125488281
        }
    ],
    "avg": [
        {
            "acc/test/avg": 0.8371948599815369,
            "normalized_acc/test/avg": 0.9844744801521301
        }
    ]
}