{
    "STL10": [
        {
            "acc/test/STL10_epoch": 0.9794999957084656,
            "loss/test/STL10_epoch": 0.07330051064491272,
            "acc/test/STL10": 0.9794999957084656,
            "normalized_acc/test/STL10": 0.9915221929550171
        }
    ],
    "KMNIST": [
        {
            "acc/test/KMNIST_epoch": 0.9821000099182129,
            "loss/test/KMNIST_epoch": 0.0753164142370224,
            "acc/test/KMNIST": 0.9821000099182129,
            "normalized_acc/test/KMNIST": 0.9985765218734741
        }
    ],
    "avg": [
        {
            "acc/test/avg": 0.9808000028133392,
            "normalized_acc/test/avg": 0.9950493574142456
        }
    ]
}