{
    "FashionMNIST": [
        {
            "acc/test/FashionMNIST_epoch": 0.9318000078201294,
            "loss/test/FashionMNIST_epoch": 0.24336211383342743,
            "acc/test/FashionMNIST": 0.9318000078201294,
            "normalized_acc/test/FashionMNIST": 0.978781521320343
        }
    ],
    "KMNIST": [
        {
            "acc/test/KMNIST_epoch": 0.9670000076293945,
            "loss/test/KMNIST_epoch": 0.13863888382911682,
            "acc/test/KMNIST": 0.9670000076293945,
            "normalized_acc/test/KMNIST": 0.9832231998443604
        }
    ],
    "avg": [
        {
            "acc/test/avg": 0.949400007724762,
            "normalized_acc/test/avg": 0.9810023605823517
        }
    ]
}