{
    "Cars": [
        {
            "acc/test/Cars_epoch": 0.8702897429466248,
            "loss/test/Cars_epoch": 0.43357551097869873,
            "acc/test/Cars": 0.8702897429466248,
            "normalized_acc/test/Cars": 1.0143498182296753
        }
    ],
    "OxfordIIITPet": [
        {
            "acc/test/OxfordIIITPet_epoch": 0.9495775699615479,
            "loss/test/OxfordIIITPet_epoch": 0.21477393805980682,
            "acc/test/OxfordIIITPet": 0.9495775699615479,
            "normalized_acc/test/OxfordIIITPet": 0.999139666557312
        }
    ],
    "avg": [
        {
            "acc/test/avg": 0.9099336564540863,
            "normalized_acc/test/avg": 1.0067447423934937
        }
    ]
}