{
    "GTSRB": [
        {
            "acc/test/GTSRB_epoch": 0.9634204506874084,
            "loss/test/GTSRB_epoch": 0.1489381194114685,
            "acc/test/GTSRB": 0.9634204506874084,
            "normalized_acc/test/GTSRB": 0.973985493183136
        }
    ],
    "MNIST": [
        {
            "acc/test/MNIST_epoch": 0.9958000183105469,
            "loss/test/MNIST_epoch": 0.030377347022294998,
            "acc/test/MNIST": 0.9958000183105469,
            "normalized_acc/test/MNIST": 0.999297559261322
        }
    ],
    "avg": [
        {
            "acc/test/avg": 0.9796102344989777,
            "normalized_acc/test/avg": 0.986641526222229
        }
    ]
}