{
    "RESISC45": [
        {
            "acc/test/RESISC45_epoch": 0.9452381134033203,
            "loss/test/RESISC45_epoch": 0.18631583452224731,
            "acc/test/RESISC45": 0.9452381134033203,
            "normalized_acc/test/RESISC45": 0.977832555770874
        }
    ],
    "FashionMNIST": [
        {
            "acc/test/FashionMNIST_epoch": 0.9478999972343445,
            "loss/test/FashionMNIST_epoch": 0.18285486102104187,
            "acc/test/FashionMNIST": 0.9478999972343445,
            "normalized_acc/test/FashionMNIST": 0.9956932663917542
        }
    ],
    "avg": [
        {
            "acc/test/avg": 0.9465690553188324,
            "normalized_acc/test/avg": 0.9867629110813141
        }
    ]
}