{
    "STL10": [
        {
            "acc/test/STL10_epoch": 0.9829999804496765,
            "loss/test/STL10_epoch": 0.05943109095096588,
            "acc/test/STL10": 0.9829999804496765,
            "normalized_acc/test/STL10": 0.9950651526451111
        }
    ],
    "EMNIST": [
        {
            "acc/test/EMNIST_epoch": 0.9966999888420105,
            "loss/test/EMNIST_epoch": 0.029256921261548996,
            "acc/test/EMNIST": 0.9966999888420105,
            "normalized_acc/test/EMNIST": 1.0024137496948242
        }
    ],
    "avg": [
        {
            "acc/test/avg": 0.9898499846458435,
            "normalized_acc/test/avg": 0.9987394511699677
        }
    ]
}