{
    "SUN397": [
        {
            "acc/test/SUN397_epoch": 0.7728967070579529,
            "loss/test/SUN397_epoch": 0.8538542985916138,
            "acc/test/SUN397": 0.7728967070579529,
            "normalized_acc/test/SUN397": 0.9801942110061646
        }
    ],
    "EuroSAT": [
        {
            "acc/test/EuroSAT_epoch": 0.9896296262741089,
            "loss/test/EuroSAT_epoch": 0.03448004648089409,
            "acc/test/EuroSAT": 0.9896296262741089,
            "normalized_acc/test/EuroSAT": 0.998878538608551
        }
    ],
    "avg": [
        {
            "acc/test/avg": 0.8812631666660309,
            "normalized_acc/test/avg": 0.9895363748073578
        }
    ]
}