{
    "EuroSAT": [
        {
            "acc/test/EuroSAT_epoch": 0.9877777695655823,
            "loss/test/EuroSAT_epoch": 0.04930869862437248,
            "acc/test/EuroSAT": 0.9877777695655823,
            "normalized_acc/test/EuroSAT": 0.9970093369483948
        }
    ],
    "FER2013": [
        {
            "acc/test/FER2013_epoch": 0.7372527122497559,
            "loss/test/FER2013_epoch": 1.0937186479568481,
            "acc/test/FER2013": 0.7372527122497559,
            "normalized_acc/test/FER2013": 1.0
        }
    ],
    "avg": [
        {
            "acc/test/avg": 0.8625152409076691,
            "normalized_acc/test/avg": 0.9985046684741974
        }
    ]
}