{
    "GTSRB": [
        {
            "acc/test/GTSRB_epoch": 0.9833729267120361,
            "loss/test/GTSRB_epoch": 0.07081316411495209,
            "acc/test/GTSRB": 0.9833729267120361,
            "normalized_acc/test/GTSRB": 0.9941567778587341
        }
    ],
    "FashionMNIST": [
        {
            "acc/test/FashionMNIST_epoch": 0.9437000155448914,
            "loss/test/FashionMNIST_epoch": 0.19168038666248322,
            "acc/test/FashionMNIST": 0.9437000155448914,
            "normalized_acc/test/FashionMNIST": 0.9912815093994141
        }
    ],
    "avg": [
        {
            "acc/test/avg": 0.9635364711284637,
            "normalized_acc/test/avg": 0.9927191436290741
        }
    ]
}