{
    "GTSRB": [
        {
            "acc/test/GTSRB_epoch": 0.9782264232635498,
            "loss/test/GTSRB_epoch": 0.08380753546953201,
            "acc/test/GTSRB": 0.9782264232635498,
            "normalized_acc/test/GTSRB": 0.9889538288116455
        }
    ],
    "CIFAR100": [
        {
            "acc/test/CIFAR100_epoch": 0.8582000136375427,
            "loss/test/CIFAR100_epoch": 0.6691277027130127,
            "acc/test/CIFAR100": 0.8582000136375427,
            "normalized_acc/test/CIFAR100": 0.9613531827926636
        }
    ],
    "avg": [
        {
            "acc/test/avg": 0.9182132184505463,
            "normalized_acc/test/avg": 0.9751535058021545
        }
    ]
}