{
    "MNIST": [
        {
            "acc/test/MNIST_epoch": 0.9958000183105469,
            "loss/test/MNIST_epoch": 0.02915063127875328,
            "acc/test/MNIST": 0.9958000183105469,
            "normalized_acc/test/MNIST": 0.999297559261322
        }
    ],
    "FashionMNIST": [
        {
            "acc/test/FashionMNIST_epoch": 0.9315999746322632,
            "loss/test/FashionMNIST_epoch": 0.2514067590236664,
            "acc/test/FashionMNIST": 0.9315999746322632,
            "normalized_acc/test/FashionMNIST": 0.978571355342865
        }
    ],
    "avg": [
        {
            "acc/test/avg": 0.963699996471405,
            "normalized_acc/test/avg": 0.9889344573020935
        }
    ]
}