{
    "GTSRB": [
        {
            "acc/test/GTSRB_epoch": 0.9841647148132324,
            "loss/test/GTSRB_epoch": 0.05989434942603111,
            "acc/test/GTSRB": 0.9841647148132324,
            "normalized_acc/test/GTSRB": 0.9949572086334229
        }
    ],
    "FER2013": [
        {
            "acc/test/FER2013_epoch": 0.7144051194190979,
            "loss/test/FER2013_epoch": 1.2729711532592773,
            "acc/test/FER2013": 0.7144051194190979,
            "normalized_acc/test/FER2013": 0.9690098166465759
        }
    ],
    "avg": [
        {
            "acc/test/avg": 0.8492849171161652,
            "normalized_acc/test/avg": 0.9819835126399994
        }
    ]
}