{
    "SUN397": [
        {
            "acc/test/SUN397_epoch": 0.7313854098320007,
            "loss/test/SUN397_epoch": 0.9274575710296631,
            "acc/test/SUN397": 0.7313854098320007,
            "normalized_acc/test/SUN397": 0.9275492429733276
        }
    ],
    "FER2013": [
        {
            "acc/test/FER2013_epoch": 0.6786012649536133,
            "loss/test/FER2013_epoch": 0.9289771914482117,
            "acc/test/FER2013": 0.6786012649536133,
            "normalized_acc/test/FER2013": 0.9204459190368652
        }
    ],
    "avg": [
        {
            "acc/test/avg": 0.704993337392807,
            "normalized_acc/test/avg": 0.9239975810050964
        }
    ]
}