{
    "GTSRB": [
        {
            "acc/test/GTSRB_epoch": 0.8783847689628601,
            "loss/test/GTSRB_epoch": 0.47773754596710205,
            "acc/test/GTSRB": 0.8783847689628601,
            "normalized_acc/test/GTSRB": 0.8880172967910767
        }
    ],
    "CIFAR100": [
        {
            "acc/test/CIFAR100_epoch": 0.8307999968528748,
            "loss/test/CIFAR100_epoch": 0.6391467452049255,
            "acc/test/CIFAR100": 0.8307999968528748,
            "normalized_acc/test/CIFAR100": 0.9306597709655762
        }
    ],
    "avg": [
        {
            "acc/test/avg": 0.8545923829078674,
            "normalized_acc/test/avg": 0.9093385338783264
        }
    ]
}