{
    "CIFAR100": [
        {
            "acc/test/CIFAR100_epoch": 0.8141000270843506,
            "loss/test/CIFAR100_epoch": 0.679585874080658,
            "acc/test/CIFAR100": 0.8141000270843506,
            "normalized_acc/test/CIFAR100": 0.9119524955749512
        }
    ],
    "KMNIST": [
        {
            "acc/test/KMNIST_epoch": 0.47999998927116394,
            "loss/test/KMNIST_epoch": 1.6101776361465454,
            "acc/test/KMNIST": 0.47999998927116394,
            "normalized_acc/test/KMNIST": 0.4880528450012207
        }
    ],
    "avg": [
        {
            "acc/test/avg": 0.6470500081777573,
            "normalized_acc/test/avg": 0.7000026702880859
        }
    ]
}