{
    "Cars": [
        {
            "acc/test/Cars_epoch": 0.8266384601593018,
            "loss/test/Cars_epoch": 0.5474376082420349,
            "acc/test/Cars": 0.8266384601593018,
            "normalized_acc/test/Cars": 0.9634729623794556
        }
    ],
    "EMNIST": [
        {
            "acc/test/EMNIST_epoch": 0.9961000084877014,
            "loss/test/EMNIST_epoch": 0.045985862612724304,
            "acc/test/EMNIST": 0.9961000084877014,
            "normalized_acc/test/EMNIST": 1.0018103122711182
        }
    ],
    "avg": [
        {
            "acc/test/avg": 0.9113692343235016,
            "normalized_acc/test/avg": 0.9826416373252869
        }
    ]
}