{
    "Cars": [
        {
            "acc/test/Cars_epoch": 0.8179330825805664,
            "loss/test/Cars_epoch": 0.5766606330871582,
            "acc/test/Cars": 0.8179330825805664,
            "normalized_acc/test/Cars": 0.9533265233039856
        }
    ],
    "MNIST": [
        {
            "acc/test/MNIST_epoch": 0.9937999844551086,
            "loss/test/MNIST_epoch": 0.04667576774954796,
            "acc/test/MNIST": 0.9937999844551086,
            "normalized_acc/test/MNIST": 0.9972904920578003
        }
    ],
    "avg": [
        {
            "acc/test/avg": 0.9058665335178375,
            "normalized_acc/test/avg": 0.9753085076808929
        }
    ]
}