{
    "CIFAR10": [
        {
            "acc/test/CIFAR10_epoch": 0.9749000072479248,
            "loss/test/CIFAR10_epoch": 0.09347457438707352,
            "acc/test/CIFAR10": 0.9749000072479248,
            "normalized_acc/test/CIFAR10": 0.9931744337081909
        }
    ],
    "FashionMNIST": [
        {
            "acc/test/FashionMNIST_epoch": 0.9269000291824341,
            "loss/test/FashionMNIST_epoch": 0.20621906220912933,
            "acc/test/FashionMNIST": 0.9269000291824341,
            "normalized_acc/test/FashionMNIST": 0.9736344814300537
        }
    ],
    "avg": [
        {
            "acc/test/avg": 0.9509000182151794,
            "normalized_acc/test/avg": 0.9834044575691223
        }
    ]
}