{
    "Cars": [
        {
            "acc/test/Cars_epoch": 0.8404427170753479,
            "loss/test/Cars_epoch": 0.4974164664745331,
            "acc/test/Cars": 0.8404427170753479,
            "normalized_acc/test/Cars": 0.9795622229576111
        }
    ],
    "DTD": [
        {
            "acc/test/DTD_epoch": 0.728723406791687,
            "loss/test/DTD_epoch": 1.0036157369613647,
            "acc/test/DTD": 0.728723406791687,
            "normalized_acc/test/DTD": 0.879332423210144
        }
    ],
    "avg": [
        {
            "acc/test/avg": 0.7845830619335175,
            "normalized_acc/test/avg": 0.9294473230838776
        }
    ]
}