{
    "SUN397": [
        {
            "acc/test/SUN397_epoch": 0.7456423044204712,
            "loss/test/SUN397_epoch": 0.93367600440979,
            "acc/test/SUN397": 0.7456423044204712,
            "normalized_acc/test/SUN397": 0.9456299543380737
        }
    ],
    "MNIST": [
        {
            "acc/test/MNIST_epoch": 0.9940000176429749,
            "loss/test/MNIST_epoch": 0.044967181980609894,
            "acc/test/MNIST": 0.9940000176429749,
            "normalized_acc/test/MNIST": 0.9974912405014038
        }
    ],
    "avg": [
        {
            "acc/test/avg": 0.869821161031723,
            "normalized_acc/test/avg": 0.9715605974197388
        }
    ]
}