{
    "SVHN": [
        {
            "acc/test/SVHN_epoch": 0.9563997983932495,
            "loss/test/SVHN_epoch": 0.19390085339546204,
            "acc/test/SVHN": 0.9563997983932495,
            "normalized_acc/test/SVHN": 0.9810465574264526
        }
    ],
    "CIFAR10": [
        {
            "acc/test/CIFAR10_epoch": 0.9670000076293945,
            "loss/test/CIFAR10_epoch": 0.11171972751617432,
            "acc/test/CIFAR10": 0.9670000076293945,
            "normalized_acc/test/CIFAR10": 0.9851263165473938
        }
    ],
    "avg": [
        {
            "acc/test/avg": 0.961699903011322,
            "normalized_acc/test/avg": 0.9830864369869232
        }
    ]
}