{
    "Food101": [
        {
            "acc/test/Food101_epoch": 0.9211881160736084,
            "loss/test/Food101_epoch": 0.29569894075393677,
            "acc/test/Food101": 0.9211881160736084,
            "normalized_acc/test/Food101": 1.013419270515442
        }
    ],
    "RenderedSST2": [
        {
            "acc/test/RenderedSST2_epoch": 0.7742998600006104,
            "loss/test/RenderedSST2_epoch": 0.5267638564109802,
            "acc/test/RenderedSST2": 0.7742998600006104,
            "normalized_acc/test/RenderedSST2": 1.0035587549209595
        }
    ],
    "avg": [
        {
            "acc/test/avg": 0.8477439880371094,
            "normalized_acc/test/avg": 1.0084890127182007
        }
    ]
}