{
    "GTSRB": [
        {
            "acc/test/GTSRB_epoch": 0.9442597031593323,
            "loss/test/GTSRB_epoch": 0.23838990926742554,
            "acc/test/GTSRB": 0.9442597031593323,
            "normalized_acc/test/GTSRB": 0.9546145796775818
        }
    ],
    "CIFAR10": [
        {
            "acc/test/CIFAR10_epoch": 0.9746000170707703,
            "loss/test/CIFAR10_epoch": 0.09019177407026291,
            "acc/test/CIFAR10": 0.9746000170707703,
            "normalized_acc/test/CIFAR10": 0.9928688406944275
        }
    ],
    "avg": [
        {
            "acc/test/avg": 0.9594298601150513,
            "normalized_acc/test/avg": 0.9737417101860046
        }
    ]
}