{
    "Flowers102": [
        {
            "acc/test/Flowers102_epoch": 0.8484306335449219,
            "loss/test/Flowers102_epoch": 0.618453860282898,
            "acc/test/Flowers102": 0.8484306335449219,
            "normalized_acc/test/Flowers102": 0.9004141688346863
        }
    ],
    "OxfordIIITPet": [
        {
            "acc/test/OxfordIIITPet_epoch": 0.9487598538398743,
            "loss/test/OxfordIIITPet_epoch": 0.18286052346229553,
            "acc/test/OxfordIIITPet": 0.9487598538398743,
            "normalized_acc/test/OxfordIIITPet": 0.9982792735099792
        }
    ],
    "avg": [
        {
            "acc/test/avg": 0.8985952436923981,
            "normalized_acc/test/avg": 0.9493467211723328
        }
    ]
}