{
    "Cars": [
        {
            "acc/test/Cars_epoch": 0.8374580144882202,
            "loss/test/Cars_epoch": 0.5133703947067261,
            "acc/test/Cars": 0.8374580144882202,
            "normalized_acc/test/Cars": 0.9760834574699402
        }
    ],
    "OxfordIIITPet": [
        {
            "acc/test/OxfordIIITPet_epoch": 0.9392204880714417,
            "loss/test/OxfordIIITPet_epoch": 0.2170177400112152,
            "acc/test/OxfordIIITPet": 0.9392204880714417,
            "normalized_acc/test/OxfordIIITPet": 0.9882420301437378
        }
    ],
    "avg": [
        {
            "acc/test/avg": 0.8883392512798309,
            "normalized_acc/test/avg": 0.982162743806839
        }
    ]
}