{
    "DTD": [
        {
            "acc/test/DTD_epoch": 0.6739361882209778,
            "loss/test/DTD_epoch": 1.137816309928894,
            "acc/test/DTD": 0.6739361882209778,
            "normalized_acc/test/DTD": 0.8132220506668091
        }
    ],
    "FashionMNIST": [
        {
            "acc/test/FashionMNIST_epoch": 0.9330999851226807,
            "loss/test/FashionMNIST_epoch": 0.19582268595695496,
            "acc/test/FashionMNIST": 0.9330999851226807,
            "normalized_acc/test/FashionMNIST": 0.9801470041275024
        }
    ],
    "avg": [
        {
            "acc/test/avg": 0.8035180866718292,
            "normalized_acc/test/avg": 0.8966845273971558
        }
    ]
}