{
    "RESISC45": [
        {
            "acc/test/RESISC45_epoch": 0.9338095188140869,
            "loss/test/RESISC45_epoch": 0.21516241133213043,
            "acc/test/RESISC45": 0.9338095188140869,
            "normalized_acc/test/RESISC45": 0.9660098552703857
        }
    ],
    "Food101": [
        {
            "acc/test/Food101_epoch": 0.9166732430458069,
            "loss/test/Food101_epoch": 0.32224810123443604,
            "acc/test/Food101": 0.9166732430458069,
            "normalized_acc/test/Food101": 1.0084524154663086
        }
    ],
    "avg": [
        {
            "acc/test/avg": 0.9252413809299469,
            "normalized_acc/test/avg": 0.9872311353683472
        }
    ]
}