{
    "Flowers102": [
        {
            "acc/test/Flowers102_epoch": 0.8635550737380981,
            "loss/test/Flowers102_epoch": 0.5312430262565613,
            "acc/test/Flowers102": 0.8635550737380981,
            "normalized_acc/test/Flowers102": 0.9164652824401855
        }
    ],
    "RenderedSST2": [
        {
            "acc/test/RenderedSST2_epoch": 0.7836353778839111,
            "loss/test/RenderedSST2_epoch": 0.5484762191772461,
            "acc/test/RenderedSST2": 0.7836353778839111,
            "normalized_acc/test/RenderedSST2": 1.0156583786010742
        }
    ],
    "avg": [
        {
            "acc/test/avg": 0.8235952258110046,
            "normalized_acc/test/avg": 0.9660618305206299
        }
    ]
}