{
    "GTSRB": [
        {
            "acc/test/GTSRB_epoch": 0.9735550284385681,
            "loss/test/GTSRB_epoch": 0.12167001515626907,
            "acc/test/GTSRB": 0.9735550284385681,
            "normalized_acc/test/GTSRB": 0.984231173992157
        }
    ],
    "RenderedSST2": [
        {
            "acc/test/RenderedSST2_epoch": 0.7759472727775574,
            "loss/test/RenderedSST2_epoch": 0.5456574559211731,
            "acc/test/RenderedSST2": 0.7759472727775574,
            "normalized_acc/test/RenderedSST2": 1.0056939125061035
        }
    ],
    "avg": [
        {
            "acc/test/avg": 0.8747511506080627,
            "normalized_acc/test/avg": 0.9949625432491302
        }
    ]
}