{
    "KMNIST": [
        {
            "acc/test/KMNIST_epoch": 0.9272000193595886,
            "loss/test/KMNIST_epoch": 0.39258354902267456,
            "acc/test/KMNIST": 0.9272000193595886,
            "normalized_acc/test/KMNIST": 0.9427554607391357
        }
    ],
    "RenderedSST2": [
        {
            "acc/test/RenderedSST2_epoch": 0.7644151449203491,
            "loss/test/RenderedSST2_epoch": 0.5476539134979248,
            "acc/test/RenderedSST2": 0.7644151449203491,
            "normalized_acc/test/RenderedSST2": 0.9907472729682922
        }
    ],
    "avg": [
        {
            "acc/test/avg": 0.8458075821399689,
            "normalized_acc/test/avg": 0.966751366853714
        }
    ]
}