{
    "Cars": [
        {
            "acc/test/Cars_epoch": 0.8282551765441895,
            "loss/test/Cars_epoch": 0.5419707298278809,
            "acc/test/Cars": 0.8282551765441895,
            "normalized_acc/test/Cars": 0.9653573036193848
        }
    ],
    "Food101": [
        {
            "acc/test/Food101_epoch": 0.914653480052948,
            "loss/test/Food101_epoch": 0.32829177379608154,
            "acc/test/Food101": 0.914653480052948,
            "normalized_acc/test/Food101": 1.0062304735183716
        }
    ],
    "avg": [
        {
            "acc/test/avg": 0.8714543282985687,
            "normalized_acc/test/avg": 0.9857938885688782
        }
    ]
}