{
    "STL10": [
        {
            "acc/test/STL10_epoch": 0.9819999933242798,
            "loss/test/STL10_epoch": 0.05821513757109642,
            "acc/test/STL10": 0.9819999933242798,
            "normalized_acc/test/STL10": 0.9940528869628906
        }
    ],
    "KMNIST": [
        {
            "acc/test/KMNIST_epoch": 0.9002000093460083,
            "loss/test/KMNIST_epoch": 0.4875410497188568,
            "acc/test/KMNIST": 0.9002000093460083,
            "normalized_acc/test/KMNIST": 0.9153025150299072
        }
    ],
    "avg": [
        {
            "acc/test/avg": 0.941100001335144,
            "normalized_acc/test/avg": 0.9546777009963989
        }
    ]
}