{
    "RESISC45": [
        {
            "acc/test/RESISC45_epoch": 0.8553968071937561,
            "loss/test/RESISC45_epoch": 0.48234936594963074,
            "acc/test/RESISC45": 0.8553968071937561,
            "normalized_acc/test/RESISC45": 0.8848932981491089
        }
    ],
    "PCAM": [
        {
            "acc/test/PCAM_epoch": 0.83880615234375,
            "loss/test/PCAM_epoch": 0.38278940320014954,
            "acc/test/PCAM": 0.83880615234375,
            "normalized_acc/test/PCAM": 0.9454132914543152
        }
    ],
    "avg": [
        {
            "acc/test/avg": 0.847101479768753,
            "normalized_acc/test/avg": 0.915153294801712
        }
    ]
}