{
    "CIFAR10": [
        {
            "acc/test/CIFAR10_epoch": 0.983299970626831,
            "loss/test/CIFAR10_epoch": 0.05813545361161232,
            "acc/test/CIFAR10": 0.983299970626831,
            "normalized_acc/test/CIFAR10": 1.0017318725585938
        }
    ],
    "RenderedSST2": [
        {
            "acc/test/RenderedSST2_epoch": 0.7732015252113342,
            "loss/test/RenderedSST2_epoch": 0.49232107400894165,
            "acc/test/RenderedSST2": 0.7732015252113342,
            "normalized_acc/test/RenderedSST2": 1.002135157585144
        }
    ],
    "avg": [
        {
            "acc/test/avg": 0.8782507479190826,
            "normalized_acc/test/avg": 1.001933515071869
        }
    ]
}