{
    "Flowers102": [
        {
            "acc/test/Flowers102_epoch": 0.6822247505187988,
            "loss/test/Flowers102_epoch": 1.2035051584243774,
            "acc/test/Flowers102": 0.6822247505187988,
            "normalized_acc/test/Flowers102": 0.7240248322486877
        }
    ],
    "PCAM": [
        {
            "acc/test/PCAM_epoch": 0.85845947265625,
            "loss/test/PCAM_epoch": 0.3308546543121338,
            "acc/test/PCAM": 0.85845947265625,
            "normalized_acc/test/PCAM": 0.9675644040107727
        }
    ],
    "avg": [
        {
            "acc/test/avg": 0.7703421115875244,
            "normalized_acc/test/avg": 0.8457946181297302
        }
    ]
}