{
    "SUN397": [
        {
            "acc/test/SUN397_epoch": 0.7560201287269592,
            "loss/test/SUN397_epoch": 0.9167064428329468,
            "acc/test/SUN397": 0.7560201287269592,
            "normalized_acc/test/SUN397": 0.958791196346283
        }
    ],
    "RESISC45": [
        {
            "acc/test/RESISC45_epoch": 0.9411110877990723,
            "loss/test/RESISC45_epoch": 0.2039424180984497,
            "acc/test/RESISC45": 0.9411110877990723,
            "normalized_acc/test/RESISC45": 0.9735631942749023
        }
    ],
    "avg": [
        {
            "acc/test/avg": 0.8485656082630157,
            "normalized_acc/test/avg": 0.9661771953105927
        }
    ]
}