{
    "FashionMNIST": [
        {
            "acc/test/FashionMNIST_epoch": 0.9045000076293945,
            "loss/test/FashionMNIST_epoch": 0.2979862689971924,
            "acc/test/FashionMNIST": 0.9045000076293945,
            "normalized_acc/test/FashionMNIST": 0.9501050114631653
        }
    ],
    "KMNIST": [
        {
            "acc/test/KMNIST_epoch": 0.8061000108718872,
            "loss/test/KMNIST_epoch": 0.8584019541740417,
            "acc/test/KMNIST": 0.8061000108718872,
            "normalized_acc/test/KMNIST": 0.8196238279342651
        }
    ],
    "avg": [
        {
            "acc/test/avg": 0.8553000092506409,
            "normalized_acc/test/avg": 0.8848644196987152
        }
    ]
}