{
    "MNIST": [
        {
            "acc/test/MNIST_epoch": 0.995199978351593,
            "loss/test/MNIST_epoch": 0.037554167211055756,
            "acc/test/MNIST": 0.995199978351593,
            "normalized_acc/test/MNIST": 0.9986953735351562
        }
    ],
    "DTD": [
        {
            "acc/test/DTD_epoch": 0.6893616914749146,
            "loss/test/DTD_epoch": 1.1762020587921143,
            "acc/test/DTD": 0.6893616914749146,
            "normalized_acc/test/DTD": 0.8318356275558472
        }
    ],
    "avg": [
        {
            "acc/test/avg": 0.8422808349132538,
            "normalized_acc/test/avg": 0.9152655005455017
        }
    ]
}