{
    "PCAM": [
        {
            "acc/test/PCAM_epoch": 0.883941650390625,
            "loss/test/PCAM_epoch": 0.2723945677280426,
            "acc/test/PCAM": 0.883941650390625,
            "normalized_acc/test/PCAM": 0.9962852001190186
        }
    ],
    "Food101": [
        {
            "acc/test/Food101_epoch": 0.8620989918708801,
            "loss/test/Food101_epoch": 0.49574339389801025,
            "acc/test/Food101": 0.8620989918708801,
            "normalized_acc/test/Food101": 0.9484140872955322
        }
    ],
    "avg": [
        {
            "acc/test/avg": 0.8730203211307526,
            "normalized_acc/test/avg": 0.9723496437072754
        }
    ]
}