{
    "SUN397": [
        {
            "acc/test/SUN397_epoch": 0.7598488926887512,
            "loss/test/SUN397_epoch": 0.8691164255142212,
            "acc/test/SUN397": 0.7598488926887512,
            "normalized_acc/test/SUN397": 0.9636468887329102
        }
    ],
    "FER2013": [
        {
            "acc/test/FER2013_epoch": 0.7102257013320923,
            "loss/test/FER2013_epoch": 1.0047237873077393,
            "acc/test/FER2013": 0.7102257013320923,
            "normalized_acc/test/FER2013": 0.9633409380912781
        }
    ],
    "avg": [
        {
            "acc/test/avg": 0.7350372970104218,
            "normalized_acc/test/avg": 0.9634939134120941
        }
    ]
}