{
    "SVHN": [
        {
            "acc/test/SVHN_epoch": 0.9658496975898743,
            "loss/test/SVHN_epoch": 0.15110112726688385,
            "acc/test/SVHN": 0.9658496975898743,
            "normalized_acc/test/SVHN": 0.9907400012016296
        }
    ],
    "CIFAR100": [
        {
            "acc/test/CIFAR100_epoch": 0.7936000227928162,
            "loss/test/CIFAR100_epoch": 0.8772767782211304,
            "acc/test/CIFAR100": 0.7936000227928162,
            "normalized_acc/test/CIFAR100": 0.8889884948730469
        }
    ],
    "avg": [
        {
            "acc/test/avg": 0.8797248601913452,
            "normalized_acc/test/avg": 0.9398642480373383
        }
    ]
}