{
    "Cars": [
        {
            "acc/test/Cars_epoch": 0.810595691204071,
            "loss/test/Cars_epoch": 0.6002131104469299,
            "acc/test/Cars": 0.810595691204071,
            "normalized_acc/test/Cars": 0.9447745680809021
        }
    ],
    "MNIST": [
        {
            "acc/test/MNIST_epoch": 0.9941999912261963,
            "loss/test/MNIST_epoch": 0.04072068631649017,
            "acc/test/MNIST": 0.9941999912261963,
            "normalized_acc/test/MNIST": 0.9976918697357178
        }
    ],
    "avg": [
        {
            "acc/test/avg": 0.9023978412151337,
            "normalized_acc/test/avg": 0.9712332189083099
        }
    ]
}