{
    "KMNIST": [
        {
            "acc/test/KMNIST_epoch": 0.91839998960495,
            "loss/test/KMNIST_epoch": 0.392071932554245,
            "acc/test/KMNIST": 0.91839998960495,
            "normalized_acc/test/KMNIST": 0.9338077902793884
        }
    ],
    "RenderedSST2": [
        {
            "acc/test/RenderedSST2_epoch": 0.774848997592926,
            "loss/test/RenderedSST2_epoch": 0.535321831703186,
            "acc/test/RenderedSST2": 0.774848997592926,
            "normalized_acc/test/RenderedSST2": 1.0042704343795776
        }
    ],
    "avg": [
        {
            "acc/test/avg": 0.846624493598938,
            "normalized_acc/test/avg": 0.969039112329483
        }
    ]
}