{
    "EuroSAT": [
        {
            "acc/test/EuroSAT_epoch": 0.9540740847587585,
            "loss/test/EuroSAT_epoch": 0.1611367017030716,
            "acc/test/EuroSAT": 0.9540740847587585,
            "normalized_acc/test/EuroSAT": 0.9629907011985779
        }
    ],
    "KMNIST": [
        {
            "acc/test/KMNIST_epoch": 0.8901000022888184,
            "loss/test/KMNIST_epoch": 0.513330340385437,
            "acc/test/KMNIST": 0.8901000022888184,
            "normalized_acc/test/KMNIST": 0.9050330519676208
        }
    ],
    "avg": [
        {
            "acc/test/avg": 0.9220870435237885,
            "normalized_acc/test/avg": 0.9340118765830994
        }
    ]
}