{
    "DTD": [
        {
            "acc/test/DTD_epoch": 0.7436169981956482,
            "loss/test/DTD_epoch": 0.9447413682937622,
            "acc/test/DTD": 0.7436169981956482,
            "normalized_acc/test/DTD": 0.8973041772842407
        }
    ],
    "OxfordIIITPet": [
        {
            "acc/test/OxfordIIITPet_epoch": 0.9495775699615479,
            "loss/test/OxfordIIITPet_epoch": 0.1875251680612564,
            "acc/test/OxfordIIITPet": 0.9495775699615479,
            "normalized_acc/test/OxfordIIITPet": 0.999139666557312
        }
    ],
    "avg": [
        {
            "acc/test/avg": 0.846597284078598,
            "normalized_acc/test/avg": 0.9482219219207764
        }
    ]
}