{
    "GTSRB": [
        {
            "acc/test/GTSRB_epoch": 0.9437846541404724,
            "loss/test/GTSRB_epoch": 0.324814110994339,
            "acc/test/GTSRB": 0.9437846541404724,
            "normalized_acc/test/GTSRB": 0.9541343450546265
        }
    ],
    "PCAM": [
        {
            "acc/test/PCAM_epoch": 0.882537841796875,
            "loss/test/PCAM_epoch": 0.2767191231250763,
            "acc/test/PCAM": 0.882537841796875,
            "normalized_acc/test/PCAM": 0.9947029948234558
        }
    ],
    "avg": [
        {
            "acc/test/avg": 0.9131612479686737,
            "normalized_acc/test/avg": 0.9744186699390411
        }
    ]
}