{
    "OxfordIIITPet": [
        {
            "acc/test/OxfordIIITPet_epoch": 0.9288634657859802,
            "loss/test/OxfordIIITPet_epoch": 0.21938879787921906,
            "acc/test/OxfordIIITPet": 0.9288634657859802,
            "normalized_acc/test/OxfordIIITPet": 0.9773443937301636
        }
    ],
    "CIFAR10": [
        {
            "acc/test/CIFAR10_epoch": 0.983299970626831,
            "loss/test/CIFAR10_epoch": 0.059462372213602066,
            "acc/test/CIFAR10": 0.983299970626831,
            "normalized_acc/test/CIFAR10": 1.0017318725585938
        }
    ],
    "avg": [
        {
            "acc/test/avg": 0.9560817182064056,
            "normalized_acc/test/avg": 0.9895381331443787
        }
    ]
}