{
    "FashionMNIST": [
        {
            "acc/test/FashionMNIST_epoch": 0.9061999917030334,
            "loss/test/FashionMNIST_epoch": 0.28881028294563293,
            "acc/test/FashionMNIST": 0.9061999917030334,
            "normalized_acc/test/FashionMNIST": 0.9518907070159912
        }
    ],
    "KMNIST": [
        {
            "acc/test/KMNIST_epoch": 0.7980999946594238,
            "loss/test/KMNIST_epoch": 0.8681691288948059,
            "acc/test/KMNIST": 0.7980999946594238,
            "normalized_acc/test/KMNIST": 0.8114895820617676
        }
    ],
    "avg": [
        {
            "acc/test/avg": 0.8521499931812286,
            "normalized_acc/test/avg": 0.8816901445388794
        }
    ]
}