{
    "CIFAR10": [
        {
            "acc/test/CIFAR10_epoch": 0.9729999899864197,
            "loss/test/CIFAR10_epoch": 0.09436190128326416,
            "acc/test/CIFAR10": 0.9729999899864197,
            "normalized_acc/test/CIFAR10": 0.9912387728691101
        }
    ],
    "EMNIST": [
        {
            "acc/test/EMNIST_epoch": 0.9952999949455261,
            "loss/test/EMNIST_epoch": 0.05791415274143219,
            "acc/test/EMNIST": 0.9952999949455261,
            "normalized_acc/test/EMNIST": 1.00100576877594
        }
    ],
    "avg": [
        {
            "acc/test/avg": 0.9841499924659729,
            "normalized_acc/test/avg": 0.996122270822525
        }
    ]
}