{
    "Cars": [
        {
            "acc/test/Cars_epoch": 0.8129585981369019,
            "loss/test/Cars_epoch": 0.59812331199646,
            "acc/test/Cars": 0.8129585981369019,
            "normalized_acc/test/Cars": 0.9475286602973938
        }
    ],
    "STL10": [
        {
            "acc/test/STL10_epoch": 0.9890000224113464,
            "loss/test/STL10_epoch": 0.03653489053249359,
            "acc/test/STL10": 0.9890000224113464,
            "normalized_acc/test/STL10": 1.0011388063430786
        }
    ],
    "avg": [
        {
            "acc/test/avg": 0.9009793102741241,
            "normalized_acc/test/avg": 0.9743337333202362
        }
    ]
}