{
    "RESISC45": [
        {
            "acc/test/RESISC45_epoch": 0.9055555462837219,
            "loss/test/RESISC45_epoch": 0.31153595447540283,
            "acc/test/RESISC45": 0.9055555462837219,
            "normalized_acc/test/RESISC45": 0.936781644821167
        }
    ],
    "MNIST": [
        {
            "acc/test/MNIST_epoch": 0.9951000213623047,
            "loss/test/MNIST_epoch": 0.03832809627056122,
            "acc/test/MNIST": 0.9951000213623047,
            "normalized_acc/test/MNIST": 0.998595118522644
        }
    ],
    "avg": [
        {
            "acc/test/avg": 0.9503277838230133,
            "normalized_acc/test/avg": 0.9676883816719055
        }
    ]
}