{
    "GTSRB": [
        {
            "acc/test/GTSRB_epoch": 0.9790182113647461,
            "loss/test/GTSRB_epoch": 0.10203137248754501,
            "acc/test/GTSRB": 0.9790182113647461,
            "normalized_acc/test/GTSRB": 0.9897542595863342
        }
    ],
    "Flowers102": [
        {
            "acc/test/Flowers102_epoch": 0.8276142477989197,
            "loss/test/Flowers102_epoch": 0.712695837020874,
            "acc/test/Flowers102": 0.8276142477989197,
            "normalized_acc/test/Flowers102": 0.8783223628997803
        }
    ],
    "avg": [
        {
            "acc/test/avg": 0.9033162295818329,
            "normalized_acc/test/avg": 0.9340383112430573
        }
    ]
}