{
  "RESISC45": [
    {
      "acc/test/RESISC45_epoch": 0.790158748626709,
      "loss/test/RESISC45_epoch": 0.6585091948509216,
      "acc/test/RESISC45": 0.790158748626709,
      "normalized_acc/test/RESISC45": 0.817405641078949
    }
  ],
  "DTD": [
    {
      "acc/test/DTD_epoch": 0.5292553305625916,
      "loss/test/DTD_epoch": 1.6922029256820679,
      "acc/test/DTD": 0.5292553305625916,
      "normalized_acc/test/DTD": 0.6386392712593079
    }
  ],
  "PCAM": [
    {
      "acc/test/PCAM_epoch": 0.817352294921875,
      "loss/test/PCAM_epoch": 0.39880427718162537,
      "acc/test/PCAM": 0.817352294921875,
      "normalized_acc/test/PCAM": 0.9212327599525452
    }
  ],
  "CIFAR100": [
    {
      "acc/test/CIFAR100_epoch": 0.781000018119812,
      "loss/test/CIFAR100_epoch": 0.8097431659698486,
      "acc/test/CIFAR100": 0.781000018119812,
      "normalized_acc/test/CIFAR100": 0.8748739957809448
    }
  ],
  "RenderedSST2": [
    {
      "acc/test/RenderedSST2_epoch": 0.6858868598937988,
      "loss/test/RenderedSST2_epoch": 0.5837879180908203,
      "acc/test/RenderedSST2": 0.6858868598937988,
      "normalized_acc/test/RenderedSST2": 0.8889679312705994
    }
  ],
  "avg": [
    {
      "acc/test/avg": 0.7207306504249573,
      "normalized_acc/test/avg": 0.8282239198684692
    }
  ]
}