{
  "OxfordIIITPet": [
    {
      "acc/test/OxfordIIITPet_epoch": 0.9130553007125854,
      "loss/test/OxfordIIITPet_epoch": 0.24132458865642548,
      "acc/test/OxfordIIITPet": 0.9130553007125854,
      "normalized_acc/test/OxfordIIITPet": 0.9607111811637878
    }
  ],
  "Food101": [
    {
      "acc/test/Food101_epoch": 0.8949307203292847,
      "loss/test/Food101_epoch": 0.36740320920944214,
      "acc/test/Food101": 0.8949307203292847,
      "normalized_acc/test/Food101": 0.9845330119132996
    }
  ],
  "FashionMNIST": [
    {
      "acc/test/FashionMNIST_epoch": 0.8349999785423279,
      "loss/test/FashionMNIST_epoch": 0.5038261413574219,
      "acc/test/FashionMNIST": 0.8349999785423279,
      "normalized_acc/test/FashionMNIST": 0.8771008253097534
    }
  ],
  "KMNIST": [
    {
      "acc/test/KMNIST_epoch": 0.22040000557899475,
      "loss/test/KMNIST_epoch": 2.119123935699463,
      "acc/test/KMNIST": 0.22040000557899475,
      "normalized_acc/test/KMNIST": 0.2240976095199585
    }
  ],
  "RenderedSST2": [
    {
      "acc/test/RenderedSST2_epoch": 0.6858868598937988,
      "loss/test/RenderedSST2_epoch": 0.586219310760498,
      "acc/test/RenderedSST2": 0.6858868598937988,
      "normalized_acc/test/RenderedSST2": 0.8889679312705994
    }
  ],
  "avg": [
    {
      "acc/test/avg": 0.7098545730113983,
      "normalized_acc/test/avg": 0.7870821118354797
    }
  ]
}