{
  "MNIST": [
    {
      "acc/test/MNIST_epoch": 0.9708999991416931,
      "loss/test/MNIST_epoch": 0.2539227306842804,
      "acc/test/MNIST": 0.9708999991416931,
      "normalized_acc/test/MNIST": 0.974310040473938
    }
  ],
  "Flowers102": [
    {
      "acc/test/Flowers102_epoch": 0.746300220489502,
      "loss/test/Flowers102_epoch": 1.2190686464309692,
      "acc/test/Flowers102": 0.746300220489502,
      "normalized_acc/test/Flowers102": 0.7920262217521667
    }
  ],
  "FER2013": [
    {
      "acc/test/FER2013_epoch": 0.5954304933547974,
      "loss/test/FER2013_epoch": 1.1220442056655884,
      "acc/test/FER2013": 0.5954304933547974,
      "normalized_acc/test/FER2013": 0.807634174823761
    }
  ],
  "Food101": [
    {
      "acc/test/Food101_epoch": 0.888475239276886,
      "loss/test/Food101_epoch": 0.39747413992881775,
      "acc/test/Food101": 0.888475239276886,
      "normalized_acc/test/Food101": 0.9774311780929565
    }
  ],
  "FashionMNIST": [
    {
      "acc/test/FashionMNIST_epoch": 0.8410000205039978,
      "loss/test/FashionMNIST_epoch": 0.48572641611099243,
      "acc/test/FashionMNIST": 0.8410000205039978,
      "normalized_acc/test/FashionMNIST": 0.8834033608436584
    }
  ],
  "avg": [
    {
      "acc/test/avg": 0.8084211945533752,
      "normalized_acc/test/avg": 0.8869609951972961
    }
  ]
}