{
  "RESISC45": [
    {
      "acc/test/RESISC45_epoch": 0.7923809289932251,
      "loss/test/RESISC45_epoch": 0.6456740498542786,
      "acc/test/RESISC45": 0.7923809289932251,
      "normalized_acc/test/RESISC45": 0.8197044134140015
    }
  ],
  "MNIST": [
    {
      "acc/test/MNIST_epoch": 0.9921000003814697,
      "loss/test/MNIST_epoch": 0.06587808579206467,
      "acc/test/MNIST": 0.9921000003814697,
      "normalized_acc/test/MNIST": 0.9955845475196838
    }
  ],
  "Flowers102": [
    {
      "acc/test/Flowers102_epoch": 0.7251585721969604,
      "loss/test/Flowers102_epoch": 1.2908730506896973,
      "acc/test/Flowers102": 0.7251585721969604,
      "normalized_acc/test/Flowers102": 0.7695892453193665
    }
  ],
  "FER2013": [
    {
      "acc/test/FER2013_epoch": 0.5891613364219666,
      "loss/test/FER2013_epoch": 1.1290385723114014,
      "acc/test/FER2013": 0.5891613364219666,
      "normalized_acc/test/FER2013": 0.7991307973861694
    }
  ],
  "EMNIST": [
    {
      "acc/test/EMNIST_epoch": 0.9947999715805054,
      "loss/test/EMNIST_epoch": 0.0756082832813263,
      "acc/test/EMNIST": 0.9947999715805054,
      "normalized_acc/test/EMNIST": 1.0005028247833252
    }
  ],
  "avg": [
    {
      "acc/test/avg": 0.8187201619148254,
      "normalized_acc/test/avg": 0.8769023656845093
    }
  ]
}