{
  "EuroSAT": [
    {
      "acc/test/EuroSAT_epoch": 0.9266666769981384,
      "loss/test/EuroSAT_epoch": 0.2804347276687622,
      "acc/test/EuroSAT": 0.9266666769981384,
      "normalized_acc/test/EuroSAT": 0.9353271126747131
    }
  ],
  "GTSRB": [
    {
      "acc/test/GTSRB_epoch": 0.7353919148445129,
      "loss/test/GTSRB_epoch": 0.8879751563072205,
      "acc/test/GTSRB": 0.7353919148445129,
      "normalized_acc/test/GTSRB": 0.7434563636779785
    }
  ],
  "DTD": [
    {
      "acc/test/DTD_epoch": 0.5505319237709045,
      "loss/test/DTD_epoch": 1.6026718616485596,
      "acc/test/DTD": 0.5505319237709045,
      "normalized_acc/test/DTD": 0.6643131971359253
    }
  ],
  "Flowers102": [
    {
      "acc/test/Flowers102_epoch": 0.7667913436889648,
      "loss/test/Flowers102_epoch": 1.097707748413086,
      "acc/test/Flowers102": 0.7667913436889648,
      "normalized_acc/test/Flowers102": 0.8137728571891785
    }
  ],
  "STL10": [
    {
      "acc/test/STL10_epoch": 0.9865000247955322,
      "loss/test/STL10_epoch": 0.04731278866529465,
      "acc/test/STL10": 0.9865000247955322,
      "normalized_acc/test/STL10": 0.9986081719398499
    }
  ],
  "avg": [
    {
      "acc/test/avg": 0.7931763768196106,
      "normalized_acc/test/avg": 0.8310955405235291
    }
  ]
}