{
  "RESISC45": [
    {
      "acc/test/RESISC45_epoch": 0.8146031498908997,
      "loss/test/RESISC45_epoch": 0.5687086582183838,
      "acc/test/RESISC45": 0.8146031498908997,
      "normalized_acc/test/RESISC45": 0.8426929116249084
    }
  ],
  "EuroSAT": [
    {
      "acc/test/EuroSAT_epoch": 0.9344444274902344,
      "loss/test/EuroSAT_epoch": 0.23965488374233246,
      "acc/test/EuroSAT": 0.9344444274902344,
      "normalized_acc/test/EuroSAT": 0.9431775808334351
    }
  ],
  "Flowers102": [
    {
      "acc/test/Flowers102_epoch": 0.7643519043922424,
      "loss/test/Flowers102_epoch": 1.1342805624008179,
      "acc/test/Flowers102": 0.7643519043922424,
      "normalized_acc/test/Flowers102": 0.8111839294433594
    }
  ],
  "STL10": [
    {
      "acc/test/STL10_epoch": 0.984624981880188,
      "loss/test/STL10_epoch": 0.05480099469423294,
      "acc/test/STL10": 0.984624981880188,
      "normalized_acc/test/STL10": 0.9967101216316223
    }
  ],
  "Food101": [
    {
      "acc/test/Food101_epoch": 0.8996831774711609,
      "loss/test/Food101_epoch": 0.3517059087753296,
      "acc/test/Food101": 0.8996831774711609,
      "normalized_acc/test/Food101": 0.9897612929344177
    }
  ],
  "avg": [
    {
      "acc/test/avg": 0.879541528224945,
      "normalized_acc/test/avg": 0.9167051672935486
    }
  ]
}