{
  "GTSRB": [
    {
      "acc/test/GTSRB_epoch": 0.7357086539268494,
      "loss/test/GTSRB_epoch": 0.8808203339576721,
      "acc/test/GTSRB": 0.7357086539268494,
      "normalized_acc/test/GTSRB": 0.7437765598297119
    }
  ],
  "CIFAR100": [
    {
      "acc/test/CIFAR100_epoch": 0.760699987411499,
      "loss/test/CIFAR100_epoch": 0.8968492150306702,
      "acc/test/CIFAR100": 0.760699987411499,
      "normalized_acc/test/CIFAR100": 0.8521339297294617
    }
  ],
  "FashionMNIST": [
    {
      "acc/test/FashionMNIST_epoch": 0.8479999899864197,
      "loss/test/FashionMNIST_epoch": 0.45527660846710205,
      "acc/test/FashionMNIST": 0.8479999899864197,
      "normalized_acc/test/FashionMNIST": 0.8907562494277954
    }
  ],
  "EMNIST": [
    {
      "acc/test/EMNIST_epoch": 0.9603999853134155,
      "loss/test/EMNIST_epoch": 0.29780086874961853,
      "acc/test/EMNIST": 0.9603999853134155,
      "normalized_acc/test/EMNIST": 0.9659056663513184
    }
  ],
  "RenderedSST2": [
    {
      "acc/test/RenderedSST2_epoch": 0.6540362238883972,
      "loss/test/RenderedSST2_epoch": 0.6204628348350525,
      "acc/test/RenderedSST2": 0.6540362238883972,
      "normalized_acc/test/RenderedSST2": 0.847686767578125
    }
  ],
  "avg": [
    {
      "acc/test/avg": 0.7917689681053162,
      "normalized_acc/test/avg": 0.8600518345832825
    }
  ]
}