{
  "SUN397": [
    {
      "acc/test/SUN397_epoch": 0.7031234502792358,
      "loss/test/SUN397_epoch": 1.032444953918457,
      "acc/test/SUN397": 0.7031234502792358,
      "normalized_acc/test/SUN397": 0.891707181930542
    }
  ],
  "RESISC45": [
    {
      "acc/test/RESISC45_epoch": 0.7796825170516968,
      "loss/test/RESISC45_epoch": 0.7163788080215454,
      "acc/test/RESISC45": 0.7796825170516968,
      "normalized_acc/test/RESISC45": 0.8065681457519531
    }
  ],
  "GTSRB": [
    {
      "acc/test/GTSRB_epoch": 0.7125098705291748,
      "loss/test/GTSRB_epoch": 1.0015987157821655,
      "acc/test/GTSRB": 0.7125098705291748,
      "normalized_acc/test/GTSRB": 0.720323383808136
    }
  ],
  "PCAM": [
    {
      "acc/test/PCAM_epoch": 0.80865478515625,
      "loss/test/PCAM_epoch": 0.40821754932403564,
      "acc/test/PCAM": 0.80865478515625,
      "normalized_acc/test/PCAM": 0.9114298224449158
    }
  ],
  "CIFAR10": [
    {
      "acc/test/CIFAR10_epoch": 0.9598000049591064,
      "loss/test/CIFAR10_epoch": 0.12977051734924316,
      "acc/test/CIFAR10": 0.9598000049591064,
      "normalized_acc/test/CIFAR10": 0.9777913689613342
    }
  ],
  "avg": [
    {
      "acc/test/avg": 0.7927541255950927,
      "normalized_acc/test/avg": 0.8615639805793762
    }
  ]
}