{
  "SUN397": [
    {
      "acc/test/SUN397_epoch": 0.700302243232727,
      "loss/test/SUN397_epoch": 1.0316823720932007,
      "acc/test/SUN397": 0.700302243232727,
      "normalized_acc/test/SUN397": 0.8881292939186096
    }
  ],
  "EuroSAT": [
    {
      "acc/test/EuroSAT_epoch": 0.8811110854148865,
      "loss/test/EuroSAT_epoch": 0.43996483087539673,
      "acc/test/EuroSAT": 0.8811110854148865,
      "normalized_acc/test/EuroSAT": 0.8893457651138306
    }
  ],
  "PCAM": [
    {
      "acc/test/PCAM_epoch": 0.812286376953125,
      "loss/test/PCAM_epoch": 0.40458422899246216,
      "acc/test/PCAM": 0.812286376953125,
      "normalized_acc/test/PCAM": 0.9155229926109314
    }
  ],
  "CIFAR10": [
    {
      "acc/test/CIFAR10_epoch": 0.9560999870300293,
      "loss/test/CIFAR10_epoch": 0.13838541507720947,
      "acc/test/CIFAR10": 0.9560999870300293,
      "normalized_acc/test/CIFAR10": 0.9740220308303833
    }
  ],
  "Food101": [
    {
      "acc/test/Food101_epoch": 0.8786138892173767,
      "loss/test/Food101_epoch": 0.42488929629325867,
      "acc/test/Food101": 0.8786138892173767,
      "normalized_acc/test/Food101": 0.9665824770927429
    }
  ],
  "avg": [
    {
      "acc/test/avg": 0.8456827163696289,
      "normalized_acc/test/avg": 0.9267205119132995
    }
  ]
}