{
  "Cars": [
    {
      "acc/test/Cars_epoch": 0.7096132040023804,
      "loss/test/Cars_epoch": 0.8370478749275208,
      "acc/test/Cars": 0.7096132040023804,
      "normalized_acc/test/Cars": 0.8270763754844666
    }
  ],
  "MNIST": [
    {
      "acc/test/MNIST_epoch": 0.972100019454956,
      "loss/test/MNIST_epoch": 0.2744833827018738,
      "acc/test/MNIST": 0.972100019454956,
      "normalized_acc/test/MNIST": 0.97551429271698
    }
  ],
  "OxfordIIITPet": [
    {
      "acc/test/OxfordIIITPet_epoch": 0.9051512479782104,
      "loss/test/OxfordIIITPet_epoch": 0.26175644993782043,
      "acc/test/OxfordIIITPet": 0.9051512479782104,
      "normalized_acc/test/OxfordIIITPet": 0.9523945450782776
    }
  ],
  "Food101": [
    {
      "acc/test/Food101_epoch": 0.889940619468689,
      "loss/test/Food101_epoch": 0.3843364715576172,
      "acc/test/Food101": 0.889940619468689,
      "normalized_acc/test/Food101": 0.9790432453155518
    }
  ],
  "FashionMNIST": [
    {
      "acc/test/FashionMNIST_epoch": 0.8418999910354614,
      "loss/test/FashionMNIST_epoch": 0.4727518558502197,
      "acc/test/FashionMNIST": 0.8418999910354614,
      "normalized_acc/test/FashionMNIST": 0.8843486905097961
    }
  ],
  "avg": [
    {
      "acc/test/avg": 0.8637410163879394,
      "normalized_acc/test/avg": 0.9236754298210144
    }
  ]
}