{
  "RESISC45": [
    {
      "acc/test/RESISC45_epoch": 0.8123809695243835,
      "loss/test/RESISC45_epoch": 0.5830617547035217,
      "acc/test/RESISC45": 0.8123809695243835,
      "normalized_acc/test/RESISC45": 0.840394139289856
    }
  ],
  "EuroSAT": [
    {
      "acc/test/EuroSAT_epoch": 0.9166666865348816,
      "loss/test/EuroSAT_epoch": 0.2810775339603424,
      "acc/test/EuroSAT": 0.9166666865348816,
      "normalized_acc/test/EuroSAT": 0.9252336621284485
    }
  ],
  "MNIST": [
    {
      "acc/test/MNIST_epoch": 0.9714000225067139,
      "loss/test/MNIST_epoch": 0.23045837879180908,
      "acc/test/MNIST": 0.9714000225067139,
      "normalized_acc/test/MNIST": 0.974811851978302
    }
  ],
  "DTD": [
    {
      "acc/test/DTD_epoch": 0.5393617153167725,
      "loss/test/DTD_epoch": 1.7060028314590454,
      "acc/test/DTD": 0.5393617153167725,
      "normalized_acc/test/DTD": 0.6508343815803528
    }
  ],
  "STL10": [
    {
      "acc/test/STL10_epoch": 0.9848750233650208,
      "loss/test/STL10_epoch": 0.05486977845430374,
      "acc/test/STL10": 0.9848750233650208,
      "normalized_acc/test/STL10": 0.9969632029533386
    }
  ],
  "avg": [
    {
      "acc/test/avg": 0.8449368834495544,
      "normalized_acc/test/avg": 0.8776474475860596
    }
  ]
}