{
  "FER2013": [
    {
      "acc/test/FER2013_epoch": 0.5841460227966309,
      "loss/test/FER2013_epoch": 1.1202147006988525,
      "acc/test/FER2013": 0.5841460227966309,
      "normalized_acc/test/FER2013": 0.7923280596733093
    }
  ],
  "CIFAR100": [
    {
      "acc/test/CIFAR100_epoch": 0.8003000020980835,
      "loss/test/CIFAR100_epoch": 0.7384610176086426,
      "acc/test/CIFAR100": 0.8003000020980835,
      "normalized_acc/test/CIFAR100": 0.8964937925338745
    }
  ],
  "CIFAR10": [
    {
      "acc/test/CIFAR10_epoch": 0.9674000144004822,
      "loss/test/CIFAR10_epoch": 0.10531117022037506,
      "acc/test/CIFAR10": 0.9674000144004822,
      "normalized_acc/test/CIFAR10": 0.9855338335037231
    }
  ],
  "KMNIST": [
    {
      "acc/test/KMNIST_epoch": 0.2151000052690506,
      "loss/test/KMNIST_epoch": 2.13379168510437,
      "acc/test/KMNIST": 0.2151000052690506,
      "normalized_acc/test/KMNIST": 0.21870869398117065
    }
  ],
  "RenderedSST2": [
    {
      "acc/test/RenderedSST2_epoch": 0.6705107092857361,
      "loss/test/RenderedSST2_epoch": 0.6105452179908752,
      "acc/test/RenderedSST2": 0.6705107092857361,
      "normalized_acc/test/RenderedSST2": 0.8690391182899475
    }
  ],
  "avg": [
    {
      "acc/test/avg": 0.6474913507699966,
      "normalized_acc/test/avg": 0.752420699596405
    }
  ]
}