{
  "GTSRB": [
    {
      "acc/test/GTSRB_epoch": 0.730799674987793,
      "loss/test/GTSRB_epoch": 0.921964168548584,
      "acc/test/GTSRB": 0.730799674987793,
      "normalized_acc/test/GTSRB": 0.7388137578964233
    }
  ],
  "Flowers102": [
    {
      "acc/test/Flowers102_epoch": 0.7558952569961548,
      "loss/test/Flowers102_epoch": 1.1835788488388062,
      "acc/test/Flowers102": 0.7558952569961548,
      "normalized_acc/test/Flowers102": 0.8022091388702393
    }
  ],
  "OxfordIIITPet": [
    {
      "acc/test/OxfordIIITPet_epoch": 0.9187789559364319,
      "loss/test/OxfordIIITPet_epoch": 0.23568646609783173,
      "acc/test/OxfordIIITPet": 0.9187789559364319,
      "normalized_acc/test/OxfordIIITPet": 0.9667335748672485
    }
  ],
  "STL10": [
    {
      "acc/test/STL10_epoch": 0.9831249713897705,
      "loss/test/STL10_epoch": 0.060291171073913574,
      "acc/test/STL10": 0.9831249713897705,
      "normalized_acc/test/STL10": 0.9951916933059692
    }
  ],
  "CIFAR10": [
    {
      "acc/test/CIFAR10_epoch": 0.965399980545044,
      "loss/test/CIFAR10_epoch": 0.11743547022342682,
      "acc/test/CIFAR10": 0.965399980545044,
      "normalized_acc/test/CIFAR10": 0.9834963083267212
    }
  ],
  "avg": [
    {
      "acc/test/avg": 0.8707997679710389,
      "normalized_acc/test/avg": 0.8972888946533203
    }
  ]
}