{
  "PCAM": [
    {
      "acc/test/PCAM_epoch": 0.80609130859375,
      "loss/test/PCAM_epoch": 0.41588836908340454,
      "acc/test/PCAM": 0.80609130859375,
      "normalized_acc/test/PCAM": 0.9085405468940735
    }
  ],
  "CIFAR100": [
    {
      "acc/test/CIFAR100_epoch": 0.796999990940094,
      "loss/test/CIFAR100_epoch": 0.738235592842102,
      "acc/test/CIFAR100": 0.796999990940094,
      "normalized_acc/test/CIFAR100": 0.8927971124649048
    }
  ],
  "CIFAR10": [
    {
      "acc/test/CIFAR10_epoch": 0.9677000045776367,
      "loss/test/CIFAR10_epoch": 0.10186485946178436,
      "acc/test/CIFAR10": 0.9677000045776367,
      "normalized_acc/test/CIFAR10": 0.9858394861221313
    }
  ],
  "EMNIST": [
    {
      "acc/test/EMNIST_epoch": 0.9613000154495239,
      "loss/test/EMNIST_epoch": 0.38132795691490173,
      "acc/test/EMNIST": 0.9613000154495239,
      "normalized_acc/test/EMNIST": 0.9668108224868774
    }
  ],
  "RenderedSST2": [
    {
      "acc/test/RenderedSST2_epoch": 0.6820428371429443,
      "loss/test/RenderedSST2_epoch": 0.590686023235321,
      "acc/test/RenderedSST2": 0.6820428371429443,
      "normalized_acc/test/RenderedSST2": 0.8839857578277588
    }
  ],
  "avg": [
    {
      "acc/test/avg": 0.8428268313407898,
      "normalized_acc/test/avg": 0.9275947451591492
    }
  ]
}