{
  "RESISC45": [
    {
      "acc/test/RESISC45_epoch": 0.7799999713897705,
      "loss/test/RESISC45_epoch": 0.697294294834137,
      "acc/test/RESISC45": 0.7799999713897705,
      "normalized_acc/test/RESISC45": 0.8068965673446655
    }
  ],
  "SVHN": [
    {
      "acc/test/SVHN_epoch": 0.8653964400291443,
      "loss/test/SVHN_epoch": 0.47197920083999634,
      "acc/test/SVHN": 0.8653964400291443,
      "normalized_acc/test/SVHN": 0.8876980543136597
    }
  ],
  "MNIST": [
    {
      "acc/test/MNIST_epoch": 0.9812999963760376,
      "loss/test/MNIST_epoch": 0.12062007188796997,
      "acc/test/MNIST": 0.9812999963760376,
      "normalized_acc/test/MNIST": 0.9847465753555298
    }
  ],
  "DTD": [
    {
      "acc/test/DTD_epoch": 0.5329787135124207,
      "loss/test/DTD_epoch": 1.7056596279144287,
      "acc/test/DTD": 0.5329787135124207,
      "normalized_acc/test/DTD": 0.643132209777832
    }
  ],
  "STL10": [
    {
      "acc/test/STL10_epoch": 0.9837499856948853,
      "loss/test/STL10_epoch": 0.058778438717126846,
      "acc/test/STL10": 0.9837499856948853,
      "normalized_acc/test/STL10": 0.99582439661026
    }
  ],
  "avg": [
    {
      "acc/test/avg": 0.8286850214004516,
      "normalized_acc/test/avg": 0.8636595606803894
    }
  ]
}