{
  "EuroSAT": [
    {
      "acc/test/EuroSAT_epoch": 0.9200000166893005,
      "loss/test/EuroSAT_epoch": 0.36703431606292725,
      "acc/test/EuroSAT": 0.9200000166893005,
      "normalized_acc/test/EuroSAT": 0.928598165512085
    }
  ],
  "DTD": [
    {
      "acc/test/DTD_epoch": 0.5340425372123718,
      "loss/test/DTD_epoch": 1.6195164918899536,
      "acc/test/DTD": 0.5340425372123718,
      "normalized_acc/test/DTD": 0.6444158554077148
    }
  ],
  "PCAM": [
    {
      "acc/test/PCAM_epoch": 0.81982421875,
      "loss/test/PCAM_epoch": 0.3924572169780731,
      "acc/test/PCAM": 0.81982421875,
      "normalized_acc/test/PCAM": 0.9240188598632812
    }
  ],
  "OxfordIIITPet": [
    {
      "acc/test/OxfordIIITPet_epoch": 0.9179612994194031,
      "loss/test/OxfordIIITPet_epoch": 0.2381453663110733,
      "acc/test/OxfordIIITPet": 0.9179612994194031,
      "normalized_acc/test/OxfordIIITPet": 0.9658732414245605
    }
  ],
  "STL10": [
    {
      "acc/test/STL10_epoch": 0.984624981880188,
      "loss/test/STL10_epoch": 0.05454396829009056,
      "acc/test/STL10": 0.984624981880188,
      "normalized_acc/test/STL10": 0.9967101216316223
    }
  ],
  "avg": [
    {
      "acc/test/avg": 0.8352906107902527,
      "normalized_acc/test/avg": 0.8919232487678528
    }
  ]
}