{
  "FER2013": [
    {
      "acc/test/FER2013_epoch": 0.6097798943519592,
      "loss/test/FER2013_epoch": 1.0757626295089722,
      "acc/test/FER2013": 0.6097798943519592,
      "normalized_acc/test/FER2013": 0.8270975351333618
    }
  ],
  "OxfordIIITPet": [
    {
      "acc/test/OxfordIIITPet_epoch": 0.9231398105621338,
      "loss/test/OxfordIIITPet_epoch": 0.22206616401672363,
      "acc/test/OxfordIIITPet": 0.9231398105621338,
      "normalized_acc/test/OxfordIIITPet": 0.9713220000267029
    }
  ],
  "STL10": [
    {
      "acc/test/STL10_epoch": 0.9835000038146973,
      "loss/test/STL10_epoch": 0.059539373964071274,
      "acc/test/STL10": 0.9835000038146973,
      "normalized_acc/test/STL10": 0.9955713152885437
    }
  ],
  "Food101": [
    {
      "acc/test/Food101_epoch": 0.9003564119338989,
      "loss/test/Food101_epoch": 0.3533197045326233,
      "acc/test/Food101": 0.9003564119338989,
      "normalized_acc/test/Food101": 0.990501880645752
    }
  ],
  "EMNIST": [
    {
      "acc/test/EMNIST_epoch": 0.9668999910354614,
      "loss/test/EMNIST_epoch": 0.27698448300361633,
      "acc/test/EMNIST": 0.9668999910354614,
      "normalized_acc/test/EMNIST": 0.9724429249763489
    }
  ],
  "avg": [
    {
      "acc/test/avg": 0.8767352223396301,
      "normalized_acc/test/avg": 0.9513871312141419
    }
  ]
}