{
  "Cars": [
    {
      "acc/test/Cars_epoch": 0.6893421411514282,
      "loss/test/Cars_epoch": 0.8983966708183289,
      "acc/test/Cars": 0.6893421411514282,
      "normalized_acc/test/Cars": 0.803449809551239
    }
  ],
  "EuroSAT": [
    {
      "acc/test/EuroSAT_epoch": 0.8192592859268188,
      "loss/test/EuroSAT_epoch": 0.6278226971626282,
      "acc/test/EuroSAT": 0.8192592859268188,
      "normalized_acc/test/EuroSAT": 0.8269159197807312
    }
  ],
  "MNIST": [
    {
      "acc/test/MNIST_epoch": 0.9710000157356262,
      "loss/test/MNIST_epoch": 0.2735222280025482,
      "acc/test/MNIST": 0.9710000157356262,
      "normalized_acc/test/MNIST": 0.9744104146957397
    }
  ],
  "FashionMNIST": [
    {
      "acc/test/FashionMNIST_epoch": 0.816100001335144,
      "loss/test/FashionMNIST_epoch": 0.5806925892829895,
      "acc/test/FashionMNIST": 0.816100001335144,
      "normalized_acc/test/FashionMNIST": 0.8572478890419006
    }
  ],
  "KMNIST": [
    {
      "acc/test/KMNIST_epoch": 0.23989999294281006,
      "loss/test/KMNIST_epoch": 2.097531318664551,
      "acc/test/KMNIST": 0.23989999294281006,
      "normalized_acc/test/KMNIST": 0.24392475187778473
    }
  ],
  "avg": [
    {
      "acc/test/avg": 0.7071202874183655,
      "normalized_acc/test/avg": 0.7411897569894791
    }
  ]
}