{
  "SUN397": [
    {
      "acc/test/SUN397_epoch": 0.7035768032073975,
      "loss/test/SUN397_epoch": 1.042348861694336,
      "acc/test/SUN397": 0.7035768032073975,
      "normalized_acc/test/SUN397": 0.8922821283340454
    }
  ],
  "Cars": [
    {
      "acc/test/Cars_epoch": 0.7189404368400574,
      "loss/test/Cars_epoch": 0.8108007907867432,
      "acc/test/Cars": 0.7189404368400574,
      "normalized_acc/test/Cars": 0.8379475474357605
    }
  ],
  "SVHN": [
    {
      "acc/test/SVHN_epoch": 0.8276352286338806,
      "loss/test/SVHN_epoch": 0.6442111730575562,
      "acc/test/SVHN": 0.8276352286338806,
      "normalized_acc/test/SVHN": 0.8489636778831482
    }
  ],
  "Flowers102": [
    {
      "acc/test/Flowers102_epoch": 0.7476012110710144,
      "loss/test/Flowers102_epoch": 1.1975045204162598,
      "acc/test/Flowers102": 0.7476012110710144,
      "normalized_acc/test/Flowers102": 0.7934069037437439
    }
  ],
  "FER2013": [
    {
      "acc/test/FER2013_epoch": 0.6122875213623047,
      "loss/test/FER2013_epoch": 1.0751053094863892,
      "acc/test/FER2013": 0.6122875213623047,
      "normalized_acc/test/FER2013": 0.8304988145828247
    }
  ],
  "avg": [
    {
      "acc/test/avg": 0.7220082402229309,
      "normalized_acc/test/avg": 0.8406198143959045
    }
  ]
}