{
  "SVHN": [
    {
      "acc/test/SVHN_epoch": 0.7912185192108154,
      "loss/test/SVHN_epoch": 0.8707263469696045,
      "acc/test/SVHN": 0.7912185192108154,
      "normalized_acc/test/SVHN": 0.8116084933280945
    }
  ],
  "PCAM": [
    {
      "acc/test/PCAM_epoch": 0.7808837890625,
      "loss/test/PCAM_epoch": 0.4477991461753845,
      "acc/test/PCAM": 0.7808837890625,
      "normalized_acc/test/PCAM": 0.880129337310791
    }
  ],
  "CIFAR10": [
    {
      "acc/test/CIFAR10_epoch": 0.9610000252723694,
      "loss/test/CIFAR10_epoch": 0.12284930050373077,
      "acc/test/CIFAR10": 0.9610000252723694,
      "normalized_acc/test/CIFAR10": 0.9790139198303223
    }
  ],
  "Food101": [
    {
      "acc/test/Food101_epoch": 0.8733861446380615,
      "loss/test/Food101_epoch": 0.44784003496170044,
      "acc/test/Food101": 0.8733861446380615,
      "normalized_acc/test/Food101": 0.960831344127655
    }
  ],
  "RenderedSST2": [
    {
      "acc/test/RenderedSST2_epoch": 0.7127951383590698,
      "loss/test/RenderedSST2_epoch": 0.5685948133468628,
      "acc/test/RenderedSST2": 0.7127951383590698,
      "normalized_acc/test/RenderedSST2": 0.9238433241844177
    }
  ],
  "avg": [
    {
      "acc/test/avg": 0.8238567233085632,
      "normalized_acc/test/avg": 0.9110852837562561
    }
  ]
}