{
  "SUN397": [
    {
      "acc/test/SUN397_epoch": 0.7068009972572327,
      "loss/test/SUN397_epoch": 1.0381335020065308,
      "acc/test/SUN397": 0.7068009972572327,
      "normalized_acc/test/SUN397": 0.896371066570282
    }
  ],
  "GTSRB": [
    {
      "acc/test/GTSRB_epoch": 0.7380838990211487,
      "loss/test/GTSRB_epoch": 0.863635778427124,
      "acc/test/GTSRB": 0.7380838990211487,
      "normalized_acc/test/GTSRB": 0.7461778521537781
    }
  ],
  "FER2013": [
    {
      "acc/test/FER2013_epoch": 0.6139593124389648,
      "loss/test/FER2013_epoch": 1.1004517078399658,
      "acc/test/FER2013": 0.6139593124389648,
      "normalized_acc/test/FER2013": 0.8327664136886597
    }
  ],
  "CIFAR100": [
    {
      "acc/test/CIFAR100_epoch": 0.7962999939918518,
      "loss/test/CIFAR100_epoch": 0.8080465197563171,
      "acc/test/CIFAR100": 0.7962999939918518,
      "normalized_acc/test/CIFAR100": 0.8920129537582397
    }
  ],
  "RenderedSST2": [
    {
      "acc/test/RenderedSST2_epoch": 0.6749038696289062,
      "loss/test/RenderedSST2_epoch": 0.6034613251686096,
      "acc/test/RenderedSST2": 0.6749038696289062,
      "normalized_acc/test/RenderedSST2": 0.874733030796051
    }
  ],
  "avg": [
    {
      "acc/test/avg": 0.7060096144676209,
      "normalized_acc/test/avg": 0.8484122633934021
    }
  ]
}