{
  "RESISC45": [
    {
      "acc/test/RESISC45_epoch": 0.7861904501914978,
      "loss/test/RESISC45_epoch": 0.6827213764190674,
      "acc/test/RESISC45": 0.7861904501914978,
      "normalized_acc/test/RESISC45": 0.8133004903793335
    }
  ],
  "SVHN": [
    {
      "acc/test/SVHN_epoch": 0.8165335059165955,
      "loss/test/SVHN_epoch": 0.6858958005905151,
      "acc/test/SVHN": 0.8165335059165955,
      "normalized_acc/test/SVHN": 0.8375758528709412
    }
  ],
  "Flowers102": [
    {
      "acc/test/Flowers102_epoch": 0.7485769987106323,
      "loss/test/Flowers102_epoch": 1.3120107650756836,
      "acc/test/Flowers102": 0.7485769987106323,
      "normalized_acc/test/Flowers102": 0.7944424748420715
    }
  ],
  "CIFAR100": [
    {
      "acc/test/CIFAR100_epoch": 0.791100025177002,
      "loss/test/CIFAR100_epoch": 0.8173097968101501,
      "acc/test/CIFAR100": 0.791100025177002,
      "normalized_acc/test/CIFAR100": 0.8861879706382751
    }
  ],
  "Food101": [
    {
      "acc/test/Food101_epoch": 0.891445517539978,
      "loss/test/Food101_epoch": 0.39296862483024597,
      "acc/test/Food101": 0.891445517539978,
      "normalized_acc/test/Food101": 0.980698823928833
    }
  ],
  "avg": [
    {
      "acc/test/avg": 0.8067692995071412,
      "normalized_acc/test/avg": 0.8624411225318909
    }
  ]
}