{
  "EuroSAT": [
    {
      "acc/test/EuroSAT_epoch": 0.8600000143051147,
      "loss/test/EuroSAT_epoch": 0.49303263425827026,
      "acc/test/EuroSAT": 0.8600000143051147,
      "normalized_acc/test/EuroSAT": 0.8680374026298523
    }
  ],
  "MNIST": [
    {
      "acc/test/MNIST_epoch": 0.9688000082969666,
      "loss/test/MNIST_epoch": 0.24479280412197113,
      "acc/test/MNIST": 0.9688000082969666,
      "normalized_acc/test/MNIST": 0.972202718257904
    }
  ],
  "DTD": [
    {
      "acc/test/DTD_epoch": 0.5340425372123718,
      "loss/test/DTD_epoch": 1.723375916481018,
      "acc/test/DTD": 0.5340425372123718,
      "normalized_acc/test/DTD": 0.6444158554077148
    }
  ],
  "FER2013": [
    {
      "acc/test/FER2013_epoch": 0.5938979983329773,
      "loss/test/FER2013_epoch": 1.1183232069015503,
      "acc/test/FER2013": 0.5938979983329773,
      "normalized_acc/test/FER2013": 0.805555522441864
    }
  ],
  "FashionMNIST": [
    {
      "acc/test/FashionMNIST_epoch": 0.836899995803833,
      "loss/test/FashionMNIST_epoch": 0.5039586424827576,
      "acc/test/FashionMNIST": 0.836899995803833,
      "normalized_acc/test/FashionMNIST": 0.8790966272354126
    }
  ],
  "avg": [
    {
      "acc/test/avg": 0.7587281107902527,
      "normalized_acc/test/avg": 0.8338616251945495
    }
  ]
}