{
  "RESISC45": [
    {
      "acc/test/RESISC45_epoch": 0.7576190233230591,
      "loss/test/RESISC45_epoch": 0.7683541178703308,
      "acc/test/RESISC45": 0.7576190233230591,
      "normalized_acc/test/RESISC45": 0.7837438583374023
    }
  ],
  "EuroSAT": [
    {
      "acc/test/EuroSAT_epoch": 0.8733333349227905,
      "loss/test/EuroSAT_epoch": 0.4222429394721985,
      "acc/test/EuroSAT": 0.8733333349227905,
      "normalized_acc/test/EuroSAT": 0.8814953565597534
    }
  ],
  "SVHN": [
    {
      "acc/test/SVHN_epoch": 0.8418869376182556,
      "loss/test/SVHN_epoch": 0.5750702023506165,
      "acc/test/SVHN": 0.8418869376182556,
      "normalized_acc/test/SVHN": 0.8635826706886292
    }
  ],
  "CIFAR100": [
    {
      "acc/test/CIFAR100_epoch": 0.7633000016212463,
      "loss/test/CIFAR100_epoch": 0.9277701377868652,
      "acc/test/CIFAR100": 0.7633000016212463,
      "normalized_acc/test/CIFAR100": 0.8550464510917664
    }
  ],
  "EMNIST": [
    {
      "acc/test/EMNIST_epoch": 0.9764000177383423,
      "loss/test/EMNIST_epoch": 0.16121259331703186,
      "acc/test/EMNIST": 0.9764000177383423,
      "normalized_acc/test/EMNIST": 0.9819973707199097
    }
  ],
  "avg": [
    {
      "acc/test/avg": 0.8425078630447388,
      "normalized_acc/test/avg": 0.8731731414794922
    }
  ]
}