{
  "SUN397": [
    {
      "acc/test/SUN397_epoch": 0.7057934403419495,
      "loss/test/SUN397_epoch": 1.0118725299835205,
      "acc/test/SUN397": 0.7057934403419495,
      "normalized_acc/test/SUN397": 0.8950932621955872
    }
  ],
  "GTSRB": [
    {
      "acc/test/GTSRB_epoch": 0.7430720329284668,
      "loss/test/GTSRB_epoch": 0.8998066186904907,
      "acc/test/GTSRB": 0.7430720329284668,
      "normalized_acc/test/GTSRB": 0.751220703125
    }
  ],
  "DTD": [
    {
      "acc/test/DTD_epoch": 0.5420212745666504,
      "loss/test/DTD_epoch": 1.604676604270935,
      "acc/test/DTD": 0.5420212745666504,
      "normalized_acc/test/DTD": 0.6540436148643494
    }
  ],
  "PCAM": [
    {
      "acc/test/PCAM_epoch": 0.8167724609375,
      "loss/test/PCAM_epoch": 0.3992016017436981,
      "acc/test/PCAM": 0.8167724609375,
      "normalized_acc/test/PCAM": 0.9205792546272278
    }
  ],
  "RenderedSST2": [
    {
      "acc/test/RenderedSST2_epoch": 0.713893473148346,
      "loss/test/RenderedSST2_epoch": 0.557136595249176,
      "acc/test/RenderedSST2": 0.713893473148346,
      "normalized_acc/test/RenderedSST2": 0.9252668619155884
    }
  ],
  "avg": [
    {
      "acc/test/avg": 0.7043105363845825,
      "normalized_acc/test/avg": 0.8292407393455505
    }
  ]
}