{
  "SUN397": [
    {
      "acc/test/SUN397_epoch": 0.7041813731193542,
      "loss/test/SUN397_epoch": 1.0200992822647095,
      "acc/test/SUN397": 0.7041813731193542,
      "normalized_acc/test/SUN397": 0.8930488228797913
    }
  ],
  "EuroSAT": [
    {
      "acc/test/EuroSAT_epoch": 0.914814829826355,
      "loss/test/EuroSAT_epoch": 0.36661964654922485,
      "acc/test/EuroSAT": 0.914814829826355,
      "normalized_acc/test/EuroSAT": 0.923364520072937
    }
  ],
  "PCAM": [
    {
      "acc/test/PCAM_epoch": 0.814544677734375,
      "loss/test/PCAM_epoch": 0.4035905599594116,
      "acc/test/PCAM": 0.814544677734375,
      "normalized_acc/test/PCAM": 0.9180682897567749
    }
  ],
  "OxfordIIITPet": [
    {
      "acc/test/OxfordIIITPet_epoch": 0.9163259863853455,
      "loss/test/OxfordIIITPet_epoch": 0.24143290519714355,
      "acc/test/OxfordIIITPet": 0.9163259863853455,
      "normalized_acc/test/OxfordIIITPet": 0.9641525745391846
    }
  ],
  "Food101": [
    {
      "acc/test/Food101_epoch": 0.891920804977417,
      "loss/test/Food101_epoch": 0.3789196312427521,
      "acc/test/Food101": 0.891920804977417,
      "normalized_acc/test/Food101": 0.9812217354774475
    }
  ],
  "avg": [
    {
      "acc/test/avg": 0.8483575344085693,
      "normalized_acc/test/avg": 0.9359711885452271
    }
  ]
}