{
  "RESISC45": [
    {
      "acc/test/RESISC45_epoch": 0.7942857146263123,
      "loss/test/RESISC45_epoch": 0.6470800638198853,
      "acc/test/RESISC45": 0.7942857146263123,
      "normalized_acc/test/RESISC45": 0.8216748833656311
    }
  ],
  "SVHN": [
    {
      "acc/test/SVHN_epoch": 0.834165632724762,
      "loss/test/SVHN_epoch": 0.6385854482650757,
      "acc/test/SVHN": 0.834165632724762,
      "normalized_acc/test/SVHN": 0.8556624054908752
    }
  ],
  "DTD": [
    {
      "acc/test/DTD_epoch": 0.5377659797668457,
      "loss/test/DTD_epoch": 1.6662490367889404,
      "acc/test/DTD": 0.5377659797668457,
      "normalized_acc/test/DTD": 0.6489088535308838
    }
  ],
  "STL10": [
    {
      "acc/test/STL10_epoch": 0.9854999780654907,
      "loss/test/STL10_epoch": 0.0532311350107193,
      "acc/test/STL10": 0.9854999780654907,
      "normalized_acc/test/STL10": 0.9975958466529846
    }
  ],
  "Food101": [
    {
      "acc/test/Food101_epoch": 0.8990098834037781,
      "loss/test/Food101_epoch": 0.35891813039779663,
      "acc/test/Food101": 0.8990098834037781,
      "normalized_acc/test/Food101": 0.989020586013794
    }
  ],
  "avg": [
    {
      "acc/test/avg": 0.8101454377174377,
      "normalized_acc/test/avg": 0.8625725150108338
    }
  ]
}