{
  "RESISC45": [
    {
      "acc/test/RESISC45_epoch": 0.7592063546180725,
      "loss/test/RESISC45_epoch": 0.7973995804786682,
      "acc/test/RESISC45": 0.7592063546180725,
      "normalized_acc/test/RESISC45": 0.7853859066963196
    }
  ],
  "SVHN": [
    {
      "acc/test/SVHN_epoch": 0.839082658290863,
      "loss/test/SVHN_epoch": 0.6068994998931885,
      "acc/test/SVHN": 0.839082658290863,
      "normalized_acc/test/SVHN": 0.8607061505317688
    }
  ],
  "GTSRB": [
    {
      "acc/test/GTSRB_epoch": 0.7544734477996826,
      "loss/test/GTSRB_epoch": 0.7926321029663086,
      "acc/test/GTSRB": 0.7544734477996826,
      "normalized_acc/test/GTSRB": 0.7627471089363098
    }
  ],
  "STL10": [
    {
      "acc/test/STL10_epoch": 0.9808750152587891,
      "loss/test/STL10_epoch": 0.06589612364768982,
      "acc/test/STL10": 0.9808750152587891,
      "normalized_acc/test/STL10": 0.9929141402244568
    }
  ],
  "CIFAR100": [
    {
      "acc/test/CIFAR100_epoch": 0.7736999988555908,
      "loss/test/CIFAR100_epoch": 0.8945599794387817,
      "acc/test/CIFAR100": 0.7736999988555908,
      "normalized_acc/test/CIFAR100": 0.8666965365409851
    }
  ],
  "avg": [
    {
      "acc/test/avg": 0.8214674949645996,
      "normalized_acc/test/avg": 0.853689968585968
    }
  ]
}