{
  "Cars": [
    {
      "acc/test/Cars_epoch": 0.6970525979995728,
      "loss/test/Cars_epoch": 0.9085991978645325,
      "acc/test/Cars": 0.6970525979995728,
      "normalized_acc/test/Cars": 0.812436580657959
    }
  ],
  "Flowers102": [
    {
      "acc/test/Flowers102_epoch": 0.759960949420929,
      "loss/test/Flowers102_epoch": 1.14716637134552,
      "acc/test/Flowers102": 0.759960949420929,
      "normalized_acc/test/Flowers102": 0.8065239191055298
    }
  ],
  "OxfordIIITPet": [
    {
      "acc/test/OxfordIIITPet_epoch": 0.9206868410110474,
      "loss/test/OxfordIIITPet_epoch": 0.22833089530467987,
      "acc/test/OxfordIIITPet": 0.9206868410110474,
      "normalized_acc/test/OxfordIIITPet": 0.9687409996986389
    }
  ],
  "CIFAR10": [
    {
      "acc/test/CIFAR10_epoch": 0.9666000008583069,
      "loss/test/CIFAR10_epoch": 0.1081385612487793,
      "acc/test/CIFAR10": 0.9666000008583069,
      "normalized_acc/test/CIFAR10": 0.9847188591957092
    }
  ],
  "RenderedSST2": [
    {
      "acc/test/RenderedSST2_epoch": 0.7259747385978699,
      "loss/test/RenderedSST2_epoch": 0.5525502562522888,
      "acc/test/RenderedSST2": 0.7259747385978699,
      "normalized_acc/test/RenderedSST2": 0.9409252405166626
    }
  ],
  "avg": [
    {
      "acc/test/avg": 0.8140550255775452,
      "normalized_acc/test/avg": 0.9026691198349
    }
  ]
}