{
  "MNIST": [
    {
      "acc/test/MNIST_epoch": 0.9918000102043152,
      "loss/test/MNIST_epoch": 0.08400140702724457,
      "acc/test/MNIST": 0.9918000102043152,
      "normalized_acc/test/MNIST": 0.9952834844589233
    }
  ],
  "PCAM": [
    {
      "acc/test/PCAM_epoch": 0.79302978515625,
      "loss/test/PCAM_epoch": 0.44075581431388855,
      "acc/test/PCAM": 0.79302978515625,
      "normalized_acc/test/PCAM": 0.8938190340995789
    }
  ],
  "STL10": [
    {
      "acc/test/STL10_epoch": 0.9810000061988831,
      "loss/test/STL10_epoch": 0.06630680710077286,
      "acc/test/STL10": 0.9810000061988831,
      "normalized_acc/test/STL10": 0.9930406212806702
    }
  ],
  "EMNIST": [
    {
      "acc/test/EMNIST_epoch": 0.9940000176429749,
      "loss/test/EMNIST_epoch": 0.08851388096809387,
      "acc/test/EMNIST": 0.9940000176429749,
      "normalized_acc/test/EMNIST": 0.999698281288147
    }
  ],
  "RenderedSST2": [
    {
      "acc/test/RenderedSST2_epoch": 0.6935749650001526,
      "loss/test/RenderedSST2_epoch": 0.5776857137680054,
      "acc/test/RenderedSST2": 0.6935749650001526,
      "normalized_acc/test/RenderedSST2": 0.8989323973655701
    }
  ],
  "avg": [
    {
      "acc/test/avg": 0.8906809568405152,
      "normalized_acc/test/avg": 0.9561547636985779
    }
  ]
}