{
    "DTD": [
        {
            "acc/test/DTD_epoch": 0.7053191661834717,
            "loss/test/DTD_epoch": 1.0565868616104126,
            "acc/test/DTD": 0.7053191661834717,
            "normalized_acc/test/DTD": 0.8510911464691162
        }
    ],
    "FER2013": [
        {
            "acc/test/FER2013_epoch": 0.7112008929252625,
            "loss/test/FER2013_epoch": 0.988432765007019,
            "acc/test/FER2013": 0.7112008929252625,
            "normalized_acc/test/FER2013": 0.9646636247634888
        }
    ],
    "avg": [
        {
            "acc/test/avg": 0.7082600295543671,
            "normalized_acc/test/avg": 0.9078773856163025
        }
    ]
}