{
    "MNIST": [
        {
            "acc/test/MNIST_epoch": 0.9932000041007996,
            "loss/test/MNIST_epoch": 0.05219574645161629,
            "acc/test/MNIST": 0.9932000041007996,
            "normalized_acc/test/MNIST": 0.9966884255409241
        }
    ],
    "Food101": [
        {
            "acc/test/Food101_epoch": 0.903485119342804,
            "loss/test/Food101_epoch": 0.372226357460022,
            "acc/test/Food101": 0.903485119342804,
            "normalized_acc/test/Food101": 0.9939438700675964
        }
    ],
    "avg": [
        {
            "acc/test/avg": 0.9483425617218018,
            "normalized_acc/test/avg": 0.9953161478042603
        }
    ]
}