{
    "CIFAR10": [
        {
            "acc/test/CIFAR10_epoch": 0.9775999784469604,
            "loss/test/CIFAR10_epoch": 0.08526318520307541,
            "acc/test/CIFAR10": 0.9775999784469604,
            "normalized_acc/test/CIFAR10": 0.9959250092506409
        }
    ],
    "FashionMNIST": [
        {
            "acc/test/FashionMNIST_epoch": 0.921500027179718,
            "loss/test/FashionMNIST_epoch": 0.22546930611133575,
            "acc/test/FashionMNIST": 0.921500027179718,
            "normalized_acc/test/FashionMNIST": 0.9679622054100037
        }
    ],
    "avg": [
        {
            "acc/test/avg": 0.9495500028133392,
            "normalized_acc/test/avg": 0.9819436073303223
        }
    ]
}