{
    "Cars": [
        {
            "acc/test/Cars_epoch": 0.8104713559150696,
            "loss/test/Cars_epoch": 0.5951566696166992,
            "acc/test/Cars": 0.8104713559150696,
            "normalized_acc/test/Cars": 0.9446296691894531
        }
    ],
    "CIFAR100": [
        {
            "acc/test/CIFAR100_epoch": 0.8640999794006348,
            "loss/test/CIFAR100_epoch": 0.5375693440437317,
            "acc/test/CIFAR100": 0.8640999794006348,
            "normalized_acc/test/CIFAR100": 0.9679623246192932
        }
    ],
    "avg": [
        {
            "acc/test/avg": 0.8372856676578522,
            "normalized_acc/test/avg": 0.9562959969043732
        }
    ]
}