{
    "SVHN": [
        {
            "acc/test/SVHN_epoch": 0.964389979839325,
            "loss/test/SVHN_epoch": 0.1547151505947113,
            "acc/test/SVHN": 0.964389979839325,
            "normalized_acc/test/SVHN": 0.989242672920227
        }
    ],
    "GTSRB": [
        {
            "acc/test/GTSRB_epoch": 0.948060154914856,
            "loss/test/GTSRB_epoch": 0.24597805738449097,
            "acc/test/GTSRB": 0.948060154914856,
            "normalized_acc/test/GTSRB": 0.9584567546844482
        }
    ],
    "avg": [
        {
            "acc/test/avg": 0.9562250673770905,
            "normalized_acc/test/avg": 0.9738497138023376
        }
    ]
}