{
    "MNIST": [
        {
            "acc/test/MNIST_epoch": 0.9923999905586243,
            "loss/test/MNIST_epoch": 0.0381353497505188,
            "acc/test/MNIST": 0.9923999905586243,
            "normalized_acc/test/MNIST": 0.9978883862495422
        }
    ],
    "FER2013": [
        {
            "acc/test/FER2013_epoch": 0.6575647592544556,
            "loss/test/FER2013_epoch": 1.0637757778167725,
            "acc/test/FER2013": 0.6575647592544556,
            "normalized_acc/test/FER2013": 0.9224154353141785
        }
    ],
    "avg": [
        {
            "acc/test/avg": 0.8249823749065399,
            "normalized_acc/test/avg": 0.9601519107818604
        }
    ]
}