{
    "STL10": [
        {
            "acc/test/STL10_epoch": 0.9577500224113464,
            "loss/test/STL10_epoch": 0.1680775135755539,
            "acc/test/STL10": 0.9577500224113464,
            "normalized_acc/test/STL10": 0.9818042516708374
        }
    ],
    "CIFAR10": [
        {
            "acc/test/CIFAR10_epoch": 0.968999981880188,
            "loss/test/CIFAR10_epoch": 0.12402332574129105,
            "acc/test/CIFAR10": 0.968999981880188,
            "normalized_acc/test/CIFAR10": 0.9935404062271118
        }
    ],
    "avg": [
        {
            "acc/test/avg": 0.9633750021457672,
            "normalized_acc/test/avg": 0.9876723289489746
        }
    ]
}