{
    "FER2013": [
        {
            "acc/test/FER2013_epoch": 0.6890498995780945,
            "loss/test/FER2013_epoch": 0.9754391312599182,
            "acc/test/FER2013": 0.6890498995780945,
            "normalized_acc/test/FER2013": 0.9665820002555847
        }
    ],
    "OxfordIIITPet": [
        {
            "acc/test/OxfordIIITPet_epoch": 0.9157808423042297,
            "loss/test/OxfordIIITPet_epoch": 0.3011604845523834,
            "acc/test/OxfordIIITPet": 0.9157808423042297,
            "normalized_acc/test/OxfordIIITPet": 0.9879446625709534
        }
    ],
    "avg": [
        {
            "acc/test/avg": 0.8024153709411621,
            "normalized_acc/test/avg": 0.977263331413269
        }
    ]
}