{
    "SVHN": [
        {
            "acc/test/SVHN_epoch": 0.9436078667640686,
            "loss/test/SVHN_epoch": 0.21236136555671692,
            "acc/test/SVHN": 0.9436078667640686,
            "normalized_acc/test/SVHN": 0.9761564135551453
        }
    ],
    "CIFAR100": [
        {
            "acc/test/CIFAR100_epoch": 0.7749000191688538,
            "loss/test/CIFAR100_epoch": 0.8539205193519592,
            "acc/test/CIFAR100": 0.7749000191688538,
            "normalized_acc/test/CIFAR100": 0.8910993933677673
        }
    ],
    "avg": [
        {
            "acc/test/avg": 0.8592539429664612,
            "normalized_acc/test/avg": 0.9336279034614563
        }
    ]
}