{
    "DTD": [
        {
            "acc/test/DTD_epoch": 0.6638298034667969,
            "loss/test/DTD_epoch": 1.2592098712921143,
            "acc/test/DTD": 0.6638298034667969,
            "normalized_acc/test/DTD": 0.8489795923233032
        }
    ],
    "KMNIST": [
        {
            "acc/test/KMNIST_epoch": 0.9185000061988831,
            "loss/test/KMNIST_epoch": 0.4327492117881775,
            "acc/test/KMNIST": 0.9185000061988831,
            "normalized_acc/test/KMNIST": 0.9360032677650452
        }
    ],
    "avg": [
        {
            "acc/test/avg": 0.79116490483284,
            "normalized_acc/test/avg": 0.8924914300441742
        }
    ]
}