{
    "STL10": [
        {
            "acc/test/STL10_epoch": 0.9750000238418579,
            "loss/test/STL10_epoch": 0.0905284434556961,
            "acc/test/STL10": 0.9750000238418579,
            "normalized_acc/test/STL10": 0.9994874596595764
        }
    ],
    "CIFAR100": [
        {
            "acc/test/CIFAR100_epoch": 0.8343999981880188,
            "loss/test/CIFAR100_epoch": 0.6510459184646606,
            "acc/test/CIFAR100": 0.8343999981880188,
            "normalized_acc/test/CIFAR100": 0.9595215916633606
        }
    ],
    "avg": [
        {
            "acc/test/avg": 0.9047000110149384,
            "normalized_acc/test/avg": 0.9795045256614685
        }
    ]
}