{
    "Flowers102": [
        {
            "acc/test/Flowers102_epoch": 0.7407708764076233,
            "loss/test/Flowers102_epoch": 1.0437111854553223,
            "acc/test/Flowers102": 0.7407708764076233,
            "normalized_acc/test/Flowers102": 0.8242852091789246
        }
    ],
    "FashionMNIST": [
        {
            "acc/test/FashionMNIST_epoch": 0.9189000129699707,
            "loss/test/FashionMNIST_epoch": 0.24480926990509033,
            "acc/test/FashionMNIST": 0.9189000129699707,
            "normalized_acc/test/FashionMNIST": 0.9758920669555664
        }
    ],
    "avg": [
        {
            "acc/test/avg": 0.829835444688797,
            "normalized_acc/test/avg": 0.9000886380672455
        }
    ]
}