{
    "DTD": [
        {
            "acc/test/DTD_epoch": 0.5771276354789734,
            "loss/test/DTD_epoch": 1.4870421886444092,
            "acc/test/DTD": 0.5771276354789734,
            "normalized_acc/test/DTD": 0.738095223903656
        }
    ],
    "PCAM": [
        {
            "acc/test/PCAM_epoch": 0.868621826171875,
            "loss/test/PCAM_epoch": 0.2914115786552429,
            "acc/test/PCAM": 0.868621826171875,
            "normalized_acc/test/PCAM": 1.0069694519042969
        }
    ],
    "avg": [
        {
            "acc/test/avg": 0.7228747308254242,
            "normalized_acc/test/avg": 0.8725323379039764
        }
    ]
}