{
    "SVHN": [
        {
            "acc/test/SVHN_epoch": 0.9434158205986023,
            "loss/test/SVHN_epoch": 0.21040932834148407,
            "acc/test/SVHN": 0.9434158205986023,
            "normalized_acc/test/SVHN": 0.9759576916694641
        }
    ],
    "FER2013": [
        {
            "acc/test/FER2013_epoch": 0.6440512537956238,
            "loss/test/FER2013_epoch": 1.088629126548767,
            "acc/test/FER2013": 0.6440512537956238,
            "normalized_acc/test/FER2013": 0.9034590125083923
        }
    ],
    "avg": [
        {
            "acc/test/avg": 0.793733537197113,
            "normalized_acc/test/avg": 0.9397083520889282
        }
    ]
}