{
    "STL10": [
        {
            "acc/test/STL10_epoch": 0.9635000228881836,
            "loss/test/STL10_epoch": 0.120897576212883,
            "acc/test/STL10": 0.9635000228881836,
            "normalized_acc/test/STL10": 0.9876986742019653
        }
    ],
    "FashionMNIST": [
        {
            "acc/test/FashionMNIST_epoch": 0.9135000109672546,
            "loss/test/FashionMNIST_epoch": 0.2609671950340271,
            "acc/test/FashionMNIST": 0.9135000109672546,
            "normalized_acc/test/FashionMNIST": 0.9701571464538574
        }
    ],
    "avg": [
        {
            "acc/test/avg": 0.9385000169277191,
            "normalized_acc/test/avg": 0.9789279103279114
        }
    ]
}