{
    "CIFAR100": [
        {
            "acc/test/CIFAR100_epoch": 0.8400999903678894,
            "loss/test/CIFAR100_epoch": 0.6009788513183594,
            "acc/test/CIFAR100": 0.8400999903678894,
            "normalized_acc/test/CIFAR100": 0.9660763740539551
        }
    ],
    "RenderedSST2": [
        {
            "acc/test/RenderedSST2_epoch": 0.6880834698677063,
            "loss/test/RenderedSST2_epoch": 0.7290542721748352,
            "acc/test/RenderedSST2": 0.6880834698677063,
            "normalized_acc/test/RenderedSST2": 1.0137540102005005
        }
    ],
    "avg": [
        {
            "acc/test/avg": 0.7640917301177979,
            "normalized_acc/test/avg": 0.9899151921272278
        }
    ]
}