{
    "STL10": [
        {
            "acc/test/STL10_epoch": 0.972000002861023,
            "loss/test/STL10_epoch": 0.09266345947980881,
            "acc/test/STL10": 0.972000002861023,
            "normalized_acc/test/STL10": 0.9964120984077454
        }
    ],
    "KMNIST": [
        {
            "acc/test/KMNIST_epoch": 0.8899999856948853,
            "loss/test/KMNIST_epoch": 0.6138367056846619,
            "acc/test/KMNIST": 0.8899999856948853,
            "normalized_acc/test/KMNIST": 0.906960129737854
        }
    ],
    "avg": [
        {
            "acc/test/avg": 0.9309999942779541,
            "normalized_acc/test/avg": 0.9516861140727997
        }
    ]
}