{
    "FER2013": [
        {
            "acc/test/FER2013_epoch": 0.7127333283424377,
            "loss/test/FER2013_epoch": 0.971522331237793,
            "acc/test/FER2013": 0.7127333283424377,
            "normalized_acc/test/FER2013": 0.966742217540741
        }
    ],
    "RenderedSST2": [
        {
            "acc/test/RenderedSST2_epoch": 0.7517847418785095,
            "loss/test/RenderedSST2_epoch": 0.6535215973854065,
            "acc/test/RenderedSST2": 0.7517847418785095,
            "normalized_acc/test/RenderedSST2": 0.9743772149085999
        }
    ],
    "avg": [
        {
            "acc/test/avg": 0.7322590351104736,
            "normalized_acc/test/avg": 0.9705597162246704
        }
    ]
}