{
    "PCAM": [
        {
            "acc/test/PCAM_epoch": 0.79132080078125,
            "loss/test/PCAM_epoch": 0.5122561454772949,
            "acc/test/PCAM": 0.79132080078125,
            "normalized_acc/test/PCAM": 0.8918928503990173
        }
    ],
    "CIFAR100": [
        {
            "acc/test/CIFAR100_epoch": 0.8029999732971191,
            "loss/test/CIFAR100_epoch": 0.6990208625793457,
            "acc/test/CIFAR100": 0.8029999732971191,
            "normalized_acc/test/CIFAR100": 0.8995182514190674
        }
    ],
    "avg": [
        {
            "acc/test/avg": 0.7971603870391846,
            "normalized_acc/test/avg": 0.8957055509090424
        }
    ]
}