{
    "FashionMNIST": [
        {
            "acc/test/FashionMNIST_epoch": 0.9014000296592712,
            "loss/test/FashionMNIST_epoch": 0.31627681851387024,
            "acc/test/FashionMNIST": 0.9014000296592712,
            "normalized_acc/test/FashionMNIST": 0.9468487501144409
        }
    ],
    "KMNIST": [
        {
            "acc/test/KMNIST_epoch": 0.8288999795913696,
            "loss/test/KMNIST_epoch": 0.8445724844932556,
            "acc/test/KMNIST": 0.8288999795913696,
            "normalized_acc/test/KMNIST": 0.8428062796592712
        }
    ],
    "avg": [
        {
            "acc/test/avg": 0.8651500046253204,
            "normalized_acc/test/avg": 0.8948275148868561
        }
    ]
}