{
    "GTSRB": [
        {
            "acc/test/GTSRB_epoch": 0.9418843984603882,
            "loss/test/GTSRB_epoch": 0.2387005239725113,
            "acc/test/GTSRB": 0.9418843984603882,
            "normalized_acc/test/GTSRB": 0.9522132277488708
        }
    ],
    "EMNIST": [
        {
            "acc/test/EMNIST_epoch": 0.9945999979972839,
            "loss/test/EMNIST_epoch": 0.05188492313027382,
            "acc/test/EMNIST": 0.9945999979972839,
            "normalized_acc/test/EMNIST": 1.000301718711853
        }
    ],
    "avg": [
        {
            "acc/test/avg": 0.9682421982288361,
            "normalized_acc/test/avg": 0.9762574732303619
        }
    ]
}