{
    "Cars": [
        {
            "acc/test/Cars_epoch": 0.8158189058303833,
            "loss/test/Cars_epoch": 0.5826534032821655,
            "acc/test/Cars": 0.8158189058303833,
            "normalized_acc/test/Cars": 0.9508624076843262
        }
    ],
    "DTD": [
        {
            "acc/test/DTD_epoch": 0.7414893507957458,
            "loss/test/DTD_epoch": 0.939716637134552,
            "acc/test/DTD": 0.7414893507957458,
            "normalized_acc/test/DTD": 0.8947368264198303
        }
    ],
    "avg": [
        {
            "acc/test/avg": 0.7786541283130646,
            "normalized_acc/test/avg": 0.9227996170520782
        }
    ]
}