{
    "Cars": [
        {
            "acc/test/Cars_epoch": 0.8093520998954773,
            "loss/test/Cars_epoch": 0.5944036245346069,
            "acc/test/Cars": 0.8093520998954773,
            "normalized_acc/test/Cars": 0.9433251619338989
        }
    ],
    "RESISC45": [
        {
            "acc/test/RESISC45_epoch": 0.9403174519538879,
            "loss/test/RESISC45_epoch": 0.1931433528661728,
            "acc/test/RESISC45": 0.9403174519538879,
            "normalized_acc/test/RESISC45": 0.9727421998977661
        }
    ],
    "avg": [
        {
            "acc/test/avg": 0.8748347759246826,
            "normalized_acc/test/avg": 0.9580336809158325
        }
    ]
}