{
    "GTSRB": [
        {
            "acc/test/GTSRB_epoch": 0.9501979351043701,
            "loss/test/GTSRB_epoch": 0.21354515850543976,
            "acc/test/GTSRB": 0.9501979351043701,
            "normalized_acc/test/GTSRB": 0.9606179594993591
        }
    ],
    "CIFAR10": [
        {
            "acc/test/CIFAR10_epoch": 0.9735000133514404,
            "loss/test/CIFAR10_epoch": 0.09270916134119034,
            "acc/test/CIFAR10": 0.9735000133514404,
            "normalized_acc/test/CIFAR10": 0.9917482137680054
        }
    ],
    "avg": [
        {
            "acc/test/avg": 0.9618489742279053,
            "normalized_acc/test/avg": 0.9761830866336823
        }
    ]
}