{
    "PCAM": [
        {
            "acc/test/PCAM_epoch": 0.82098388671875,
            "loss/test/PCAM_epoch": 0.4227376878261566,
            "acc/test/PCAM": 0.82098388671875,
            "normalized_acc/test/PCAM": 0.9253259301185608
        }
    ],
    "KMNIST": [
        {
            "acc/test/KMNIST_epoch": 0.8472999930381775,
            "loss/test/KMNIST_epoch": 1.013366937637329,
            "acc/test/KMNIST": 0.8472999930381775,
            "normalized_acc/test/KMNIST": 0.8615149855613708
        }
    ],
    "avg": [
        {
            "acc/test/avg": 0.8341419398784637,
            "normalized_acc/test/avg": 0.8934204578399658
        }
    ]
}