{
    "RESISC45": [
        {
            "acc/test/RESISC45_epoch": 0.932539701461792,
            "loss/test/RESISC45_epoch": 0.21214766800403595,
            "acc/test/RESISC45": 0.932539701461792,
            "normalized_acc/test/RESISC45": 0.9646962881088257
        }
    ],
    "STL10": [
        {
            "acc/test/STL10_epoch": 0.9886249899864197,
            "loss/test/STL10_epoch": 0.03858961537480354,
            "acc/test/STL10": 0.9886249899864197,
            "normalized_acc/test/STL10": 1.000759243965149
        }
    ],
    "avg": [
        {
            "acc/test/avg": 0.9605823457241058,
            "normalized_acc/test/avg": 0.9827277660369873
        }
    ]
}