{
    "DTD": [
        {
            "acc/test/DTD_epoch": 0.7329787015914917,
            "loss/test/DTD_epoch": 0.985459566116333,
            "acc/test/DTD": 0.7329787015914917,
            "normalized_acc/test/DTD": 0.8844671845436096
        }
    ],
    "STL10": [
        {
            "acc/test/STL10_epoch": 0.9917500019073486,
            "loss/test/STL10_epoch": 0.027461914345622063,
            "acc/test/STL10": 0.9917500019073486,
            "normalized_acc/test/STL10": 1.0039225816726685
        }
    ],
    "avg": [
        {
            "acc/test/avg": 0.8623643517494202,
            "normalized_acc/test/avg": 0.944194883108139
        }
    ]
}