{
    "Food101": [
        {
            "acc/test/Food101_epoch": 0.9096633791923523,
            "loss/test/Food101_epoch": 0.34658893942832947,
            "acc/test/Food101": 0.9096633791923523,
            "normalized_acc/test/Food101": 1.000740647315979
        }
    ],
    "EMNIST": [
        {
            "acc/test/EMNIST_epoch": 0.9951000213623047,
            "loss/test/EMNIST_epoch": 0.04886845126748085,
            "acc/test/EMNIST": 0.9951000213623047,
            "normalized_acc/test/EMNIST": 1.0008045434951782
        }
    ],
    "avg": [
        {
            "acc/test/avg": 0.9523817002773285,
            "normalized_acc/test/avg": 1.0007725954055786
        }
    ]
}