{
    "SUN397": [
        {
            "acc/test/SUN397_epoch": 0.7305793166160583,
            "loss/test/SUN397_epoch": 0.9290461540222168,
            "acc/test/SUN397": 0.7305793166160583,
            "normalized_acc/test/SUN397": 0.9265269637107849
        }
    ],
    "PCAM": [
        {
            "acc/test/PCAM_epoch": 0.841644287109375,
            "loss/test/PCAM_epoch": 0.3836977481842041,
            "acc/test/PCAM": 0.841644287109375,
            "normalized_acc/test/PCAM": 0.9486120939254761
        }
    ],
    "avg": [
        {
            "acc/test/avg": 0.7861118018627167,
            "normalized_acc/test/avg": 0.9375695288181305
        }
    ]
}