{
  "aggregate_metrics": {
    "train_r": -0.007066462667751751,
    "train_p": 0.6884491261446443,
    "val_r": 0.1095784742239877,
    "val_p": 0.038236045745948744
  },
  "per_fold_stats": {
    "train_r_mean": 0.11045222045231451,
    "train_r_std": 0.08504427105375617,
    "val_r_mean": 0.10667078697256024,
    "val_r_std": 0.14898957339540642
  },
  "average_coefficients": {
    "task_vector_cosine_similarity": 13.709564208984375,
    "task_vector_l2_distance": 10.445963859558105,
    "task_vector_dot_product": 6.918362617492676,
    "weight_space_angle": -27.99579429626465,
    "task_vector_magnitude_ratio": -2.0795862674713135
  },
  "coefficient_std": {
    "task_vector_cosine_similarity": 40.394432067871094,
    "task_vector_l2_distance": 46.65298080444336,
    "task_vector_dot_product": 70.27706146240234,
    "weight_space_angle": 79.21851348876953,
    "task_vector_magnitude_ratio": 60.68100357055664
  },
  "fold_results": [
    {
      "fold": 0,
      "held_out_task": "SUN397",
      "n_train_pairs": 160,
      "n_val_pairs": 19,
      "train_r": 0.14130389598881932,
      "val_r": 0.07682289150945035,
      "n_iterations": 1000,
      "coefficients": {
        "task_vector_cosine_similarity": 0.03994177281856537,
        "task_vector_l2_distance": -0.4090794026851654,
        "task_vector_dot_product": 1.2032300233840942,
        "weight_space_angle": 0.5827960968017578,
        "task_vector_magnitude_ratio": -0.41096457839012146
      }
    },
    {
      "fold": 1,
      "held_out_task": "Cars",
      "n_train_pairs": 161,
      "n_val_pairs": 18,
      "train_r": 0.15324328382263,
      "val_r": 0.040241556184598556,
      "n_iterations": 423,
      "coefficients": {
        "task_vector_cosine_similarity": 0.030158450827002525,
        "task_vector_l2_distance": -0.3334541320800781,
        "task_vector_dot_product": 1.0352431535720825,
        "weight_space_angle": 0.5782346129417419,
        "task_vector_magnitude_ratio": -0.3108247220516205
      }
    },
    {
      "fold": 2,
      "held_out_task": "RESISC45",
      "n_train_pairs": 160,
      "n_val_pairs": 19,
      "train_r": 0.16675217528666714,
      "val_r": 0.08720456501789031,
      "n_iterations": 245,
      "coefficients": {
        "task_vector_cosine_similarity": 0.20378614962100983,
        "task_vector_l2_distance": -0.17759659886360168,
        "task_vector_dot_product": 0.6173897385597229,
        "weight_space_angle": 0.5382868051528931,
        "task_vector_magnitude_ratio": -0.18251961469650269
      }
    },
    {
      "fold": 3,
      "held_out_task": "EuroSAT",
      "n_train_pairs": 161,
      "n_val_pairs": 18,
      "train_r": 0.16212820823160473,
      "val_r": 0.15682745555269495,
      "n_iterations": 251,
      "coefficients": {
        "task_vector_cosine_similarity": 0.10634975135326385,
        "task_vector_l2_distance": -0.19965070486068726,
        "task_vector_dot_product": 0.7923351526260376,
        "weight_space_angle": 0.5414172410964966,
        "task_vector_magnitude_ratio": -0.241206556558609
      }
    },
    {
      "fold": 4,
      "held_out_task": "SVHN",
      "n_train_pairs": 161,
      "n_val_pairs": 18,
      "train_r": 0.004931484206996848,
      "val_r": 0.0634607302172571,
      "n_iterations": 733,
      "coefficients": {
        "task_vector_cosine_similarity": -30.816287994384766,
        "task_vector_l2_distance": -21.611955642700195,
        "task_vector_dot_product": 171.29708862304688,
        "weight_space_angle": -164.8097686767578,
        "task_vector_magnitude_ratio": 46.938751220703125
      }
    },
    {
      "fold": 5,
      "held_out_task": "GTSRB",
      "n_train_pairs": 163,
      "n_val_pairs": 16,
      "train_r": 0.13213290042972484,
      "val_r": 0.06093463465683564,
      "n_iterations": 857,
      "coefficients": {
        "task_vector_cosine_similarity": 7.640203475952148,
        "task_vector_l2_distance": -31.370214462280273,
        "task_vector_dot_product": 67.40282440185547,
        "weight_space_angle": -21.146469116210938,
        "task_vector_magnitude_ratio": -21.527999877929688
      }
    },
    {
      "fold": 6,
      "held_out_task": "MNIST",
      "n_train_pairs": 164,
      "n_val_pairs": 15,
      "train_r": 0.040513603005986484,
      "val_r": -0.02983000375688509,
      "n_iterations": 536,
      "coefficients": {
        "task_vector_cosine_similarity": -87.6690673828125,
        "task_vector_l2_distance": 67.93555450439453,
        "task_vector_dot_product": 67.53688049316406,
        "weight_space_angle": 46.84672927856445,
        "task_vector_magnitude_ratio": -93.65287780761719
      }
    },
    {
      "fold": 7,
      "held_out_task": "DTD",
      "n_train_pairs": 161,
      "n_val_pairs": 18,
      "train_r": -0.05807431364345974,
      "val_r": -0.06448131851284067,
      "n_iterations": 51,
      "coefficients": {
        "task_vector_cosine_similarity": 83.11347961425781,
        "task_vector_l2_distance": 25.306901931762695,
        "task_vector_dot_product": 5.925349712371826,
        "weight_space_angle": -329.0902099609375,
        "task_vector_magnitude_ratio": 215.74398803710938
      }
    },
    {
      "fold": 8,
      "held_out_task": "Flowers102",
      "n_train_pairs": 163,
      "n_val_pairs": 16,
      "train_r": 0.14414330796255084,
      "val_r": -0.3418993287407619,
      "n_iterations": 785,
      "coefficients": {
        "task_vector_cosine_similarity": 55.537940979003906,
        "task_vector_l2_distance": 7.7879414558410645,
        "task_vector_dot_product": 8.488746643066406,
        "weight_space_angle": -42.63958740234375,
        "task_vector_magnitude_ratio": -28.176944732666016
      }
    },
    {
      "fold": 9,
      "held_out_task": "PCAM",
      "n_train_pairs": 160,
      "n_val_pairs": 19,
      "train_r": 0.11598819708323149,
      "val_r": 0.26484325607075965,
      "n_iterations": 895,
      "coefficients": {
        "task_vector_cosine_similarity": 20.44280242919922,
        "task_vector_l2_distance": 1.086439609527588,
        "task_vector_dot_product": 17.985252380371094,
        "weight_space_angle": -16.63249969482422,
        "task_vector_magnitude_ratio": -21.88353729248047
      }
    },
    {
      "fold": 10,
      "held_out_task": "FER2013",
      "n_train_pairs": 161,
      "n_val_pairs": 18,
      "train_r": 0.11575407208024222,
      "val_r": 0.16283711927413272,
      "n_iterations": 764,
      "coefficients": {
        "task_vector_cosine_similarity": -0.3068077862262726,
        "task_vector_l2_distance": -0.40857014060020447,
        "task_vector_dot_product": 1.447812795639038,
        "weight_space_angle": 0.652499794960022,
        "task_vector_magnitude_ratio": -0.3871264159679413
      }
    },
    {
      "fold": 11,
      "held_out_task": "OxfordIIITPet",
      "n_train_pairs": 160,
      "n_val_pairs": 19,
      "train_r": -0.050916639385976986,
      "val_r": 0.0051515300922131205,
      "n_iterations": 51,
      "coefficients": {
        "task_vector_cosine_similarity": 63.085113525390625,
        "task_vector_l2_distance": 187.47207641601562,
        "task_vector_dot_product": -241.5213165283203,
        "weight_space_angle": -11.560858726501465,
        "task_vector_magnitude_ratio": 3.5258333683013916
      }
    },
    {
      "fold": 12,
      "held_out_task": "STL10",
      "n_train_pairs": 160,
      "n_val_pairs": 19,
      "train_r": 0.14580222019416023,
      "val_r": 0.16143545009969232,
      "n_iterations": 668,
      "coefficients": {
        "task_vector_cosine_similarity": 1.5692120790481567,
        "task_vector_l2_distance": 0.37724289298057556,
        "task_vector_dot_product": -0.2899939715862274,
        "weight_space_angle": -0.40592485666275024,
        "task_vector_magnitude_ratio": -0.2512146532535553
      }
    },
    {
      "fold": 13,
      "held_out_task": "CIFAR100",
      "n_train_pairs": 161,
      "n_val_pairs": 18,
      "train_r": 0.09462410887149451,