{
  "aggregate_metrics": {
    "train_r": 0.03343260793226141,
    "train_p": 0.057759614040725785,
    "val_r": 0.029045452835944927,
    "val_p": 0.5838571364947529
  },
  "per_fold_stats": {
    "train_r_mean": 0.295293171230791,
    "train_r_std": 0.09303699968853188,
    "val_r_mean": 0.26296003575319093,
    "val_r_std": 0.14884673350271468
  },
  "average_coefficients": {
    "task_vector_cosine_similarity": 1.4510267972946167,
    "task_vector_l2_distance": -1.7240164279937744,
    "task_vector_dot_product": 14.263323783874512,
    "weight_space_angle": -17.261323928833008,
    "task_vector_magnitude_ratio": 4.271334648132324
  },
  "coefficient_std": {
    "task_vector_cosine_similarity": 23.96918487548828,
    "task_vector_l2_distance": 11.708741188049316,
    "task_vector_dot_product": 43.80915069580078,
    "weight_space_angle": 45.349998474121094,
    "task_vector_magnitude_ratio": 11.225211143493652
  },
  "fold_results": [
    {
      "fold": 0,
      "held_out_task": "SUN397",
      "n_train_pairs": 160,
      "n_val_pairs": 19,
      "train_r": 0.25688184949467274,
      "val_r": 0.06101284714915555,
      "n_iterations": 443,
      "coefficients": {
        "task_vector_cosine_similarity": -72.08660888671875,
        "task_vector_l2_distance": -31.575963973999023,
        "task_vector_dot_product": 197.65737915039062,
        "weight_space_angle": -103.80165100097656,
        "task_vector_magnitude_ratio": 10.803540229797363
      }
    },
    {
      "fold": 1,
      "held_out_task": "Cars",
      "n_train_pairs": 161,
      "n_val_pairs": 18,
      "train_r": 0.3284400336337141,
      "val_r": 0.2161643869450941,
      "n_iterations": 241,
      "coefficients": {
        "task_vector_cosine_similarity": -0.27839910984039307,
        "task_vector_l2_distance": -0.5148352980613708,
        "task_vector_dot_product": 1.5816643238067627,
        "weight_space_angle": 0.3714630603790283,
        "task_vector_magnitude_ratio": -0.15967831015586853
      }
    },
    {
      "fold": 2,
      "held_out_task": "RESISC45",
      "n_train_pairs": 160,
      "n_val_pairs": 19,
      "train_r": 0.3567800218477689,
      "val_r": 0.12142209639673351,
      "n_iterations": 506,
      "coefficients": {
        "task_vector_cosine_similarity": 0.04233473911881447,
        "task_vector_l2_distance": -0.27808576822280884,
        "task_vector_dot_product": 0.9562088251113892,
        "weight_space_angle": 0.3901248574256897,
        "task_vector_magnitude_ratio": -0.11005106568336487
      }
    },
    {
      "fold": 3,
      "held_out_task": "EuroSAT",
      "n_train_pairs": 161,
      "n_val_pairs": 18,
      "train_r": 0.24963934367544421,
      "val_r": 0.1107618747163485,
      "n_iterations": 1000,
      "coefficients": {
        "task_vector_cosine_similarity": 77.76345825195312,
        "task_vector_l2_distance": 31.49530792236328,
        "task_vector_dot_product": 25.783306121826172,
        "weight_space_angle": -177.94772338867188,
        "task_vector_magnitude_ratio": 43.90407180786133
      }
    },
    {
      "fold": 4,
      "held_out_task": "SVHN",
      "n_train_pairs": 161,
      "n_val_pairs": 18,
      "train_r": 0.32516174258261754,
      "val_r": 0.47644635892127646,
      "n_iterations": 824,
      "coefficients": {
        "task_vector_cosine_similarity": 0.40535250306129456,
        "task_vector_l2_distance": -0.054943252354860306,
        "task_vector_dot_product": 0.1755855679512024,
        "weight_space_angle": 0.4904751777648926,
        "task_vector_magnitude_ratio": -0.013358372263610363
      }
    },
    {
      "fold": 5,
      "held_out_task": "GTSRB",
      "n_train_pairs": 163,
      "n_val_pairs": 16,
      "train_r": 0.30820116228552685,
      "val_r": 0.3436532835455527,
      "n_iterations": 525,
      "coefficients": {
        "task_vector_cosine_similarity": 0.5372815728187561,
        "task_vector_l2_distance": -0.0515301376581192,
        "task_vector_dot_product": 0.19494274258613586,
        "weight_space_angle": 0.34582972526550293,
        "task_vector_magnitude_ratio": -0.02468937076628208
      }
    },
    {
      "fold": 6,
      "held_out_task": "MNIST",
      "n_train_pairs": 164,
      "n_val_pairs": 15,
      "train_r": 0.33349168273510554,
      "val_r": 0.4877486603807804,
      "n_iterations": 191,
      "coefficients": {
        "task_vector_cosine_similarity": 0.378204882144928,
        "task_vector_l2_distance": -0.37691882252693176,
        "task_vector_dot_product": 0.6246764659881592,
        "weight_space_angle": 0.4999636709690094,
        "task_vector_magnitude_ratio": -0.1260019987821579
      }
    },
    {
      "fold": 7,
      "held_out_task": "DTD",
      "n_train_pairs": 161,
      "n_val_pairs": 18,
      "train_r": 0.153699040937737,
      "val_r": 0.1772334630035277,
      "n_iterations": 51,
      "coefficients": {
        "task_vector_cosine_similarity": 0.7890431880950928,
        "task_vector_l2_distance": 0.1803952306509018,
        "task_vector_dot_product": -0.09289136528968811,
        "weight_space_angle": -0.18979856371879578,
        "task_vector_magnitude_ratio": 0.30053815245628357
      }
    },
    {
      "fold": 8,
      "held_out_task": "Flowers102",
      "n_train_pairs": 163,
      "n_val_pairs": 16,
      "train_r": 0.3414424722135734,
      "val_r": 0.3199560080093501,
      "n_iterations": 457,
      "coefficients": {
        "task_vector_cosine_similarity": 0.1059863492846489,
        "task_vector_l2_distance": -0.25218304991722107,
        "task_vector_dot_product": 0.8390404582023621,
        "weight_space_angle": 0.4221076965332031,
        "task_vector_magnitude_ratio": -0.11435849219560623
      }
    },
    {
      "fold": 9,
      "held_out_task": "PCAM",
      "n_train_pairs": 160,
      "n_val_pairs": 19,
      "train_r": 0.31092621257824876,
      "val_r": 0.18084573413047014,
      "n_iterations": 144,
      "coefficients": {
        "task_vector_cosine_similarity": 0.20011287927627563,
        "task_vector_l2_distance": -0.15822964906692505,
        "task_vector_dot_product": 0.6247951984405518,
        "weight_space_angle": 0.4137512445449829,
        "task_vector_magnitude_ratio": -0.07971064746379852
      }
    },
    {
      "fold": 10,
      "held_out_task": "FER2013",
      "n_train_pairs": 161,
      "n_val_pairs": 18,
      "train_r": -0.04573351575506301,
      "val_r": -0.031852763400486137,
      "n_iterations": 51,
      "coefficients": {
        "task_vector_cosine_similarity": 0.5401396155357361,
        "task_vector_l2_distance": -1.7909148931503296,
        "task_vector_dot_product": -2.290482521057129,
        "weight_space_angle": 1.6266512870788574,
        "task_vector_magnitude_ratio": 2.9265878200531006
      }
    },
    {
      "fold": 11,
      "held_out_task": "OxfordIIITPet",
      "n_train_pairs": 160,
      "n_val_pairs": 19,
      "train_r": 0.3541020620835116,
      "val_r": 0.17107652169000115,
      "n_iterations": 198,
      "coefficients": {
        "task_vector_cosine_similarity": -0.1967829465866089,
        "task_vector_l2_distance": -0.2641706168651581,
        "task_vector_dot_product": 1.0172927379608154,
        "weight_space_angle": 0.5192053318023682,
        "task_vector_magnitude_ratio": -0.07527542859315872
      }
    },
    {
      "fold": 12,
      "held_out_task": "STL10",
      "n_train_pairs": 160,
      "n_val_pairs": 19,
      "train_r": 0.3862642583577892,
      "val_r": 0.1667069736148891,
      "n_iterations": 524,
      "coefficients": {
        "task_vector_cosine_similarity": 0.6412398219108582,
        "task_vector_l2_distance": -0.02629442699253559,
        "task_vector_dot_product": 0.26116931438446045,
        "weight_space_angle": 0.06989383697509766,
        "task_vector_magnitude_ratio": 0.05300607904791832
      }
    },
    {
      "fold": 13,
      "held_out_task": "CIFAR100",
      "n_train_pairs": 161,
      "n_val_pairs": 18,