{
    "MNIST": [
        {
            "acc/test/MNIST_epoch": 0.9952999949455261,
            "loss/test/MNIST_epoch": 0.036114051938056946,
            "acc/test/MNIST": 0.9952999949455261,
            "normalized_acc/test/MNIST": 0.998795747756958
        }
    ],
    "EMNIST": [
        {
            "acc/test/EMNIST_epoch": 0.9973000288009644,
            "loss/test/EMNIST_epoch": 0.043124519288539886,
            "acc/test/EMNIST": 0.9973000288009644,
            "normalized_acc/test/EMNIST": 1.0030171871185303
        }
    ],
    "avg": [
        {
            "acc/test/avg": 0.9963000118732452,
            "normalized_acc/test/avg": 1.0009064674377441
        }
    ]
}