{
    "DTD": [
        {
            "acc/test/DTD_epoch": 0.617553174495697,
            "loss/test/DTD_epoch": 1.3607368469238281,
            "acc/test/DTD": 0.617553174495697,
            "normalized_acc/test/DTD": 0.7451860904693604
        }
    ],
    "FashionMNIST": [
        {
            "acc/test/FashionMNIST_epoch": 0.8992999792098999,
            "loss/test/FashionMNIST_epoch": 0.2968539893627167,
            "acc/test/FashionMNIST": 0.8992999792098999,
            "normalized_acc/test/FashionMNIST": 0.9446428418159485
        }
    ],
    "avg": [
        {
            "acc/test/avg": 0.7584265768527985,
            "normalized_acc/test/avg": 0.8449144661426544
        }
    ]
}