{
    "SUN397": [
        {
            "acc/test/SUN397_epoch": 0.7291184067726135,
            "loss/test/SUN397_epoch": 0.9295470714569092,
            "acc/test/SUN397": 0.7291184067726135,
            "normalized_acc/test/SUN397": 0.9246742129325867
        }
    ],
    "EMNIST": [
        {
            "acc/test/EMNIST_epoch": 0.9904000163078308,
            "loss/test/EMNIST_epoch": 0.11558022350072861,
            "acc/test/EMNIST": 0.9904000163078308,
            "normalized_acc/test/EMNIST": 0.9960776567459106
        }
    ],
    "avg": [
        {
            "acc/test/avg": 0.8597592115402222,
            "normalized_acc/test/avg": 0.9603759348392487
        }
    ]
}