{
    "STL10": [
        {
            "acc/test/STL10_epoch": 0.9829999804496765,
            "loss/test/STL10_epoch": 0.056073155254125595,
            "acc/test/STL10": 0.9829999804496765,
            "normalized_acc/test/STL10": 0.9950651526451111
        }
    ],
    "CIFAR10": [
        {
            "acc/test/CIFAR10_epoch": 0.9775999784469604,
            "loss/test/CIFAR10_epoch": 0.07774155586957932,
            "acc/test/CIFAR10": 0.9775999784469604,
            "normalized_acc/test/CIFAR10": 0.9959250092506409
        }
    ],
    "avg": [
        {
            "acc/test/avg": 0.9802999794483185,
            "normalized_acc/test/avg": 0.995495080947876
        }
    ]
}