{
    "GTSRB": [
        {
            "acc/test/GTSRB_epoch": 0.8725257515907288,
            "loss/test/GTSRB_epoch": 0.6222425699234009,
            "acc/test/GTSRB": 0.8725257515907288,
            "normalized_acc/test/GTSRB": 0.8820940256118774
        }
    ],
    "PCAM": [
        {
            "acc/test/PCAM_epoch": 0.895355224609375,
            "loss/test/PCAM_epoch": 0.25729790329933167,
            "acc/test/PCAM": 0.895355224609375,
            "normalized_acc/test/PCAM": 1.009149432182312
        }
    ],
    "avg": [
        {
            "acc/test/avg": 0.8839404881000519,
            "normalized_acc/test/avg": 0.9456217288970947
        }
    ]
}