{
    "MNIST": [
        {
            "acc/test/MNIST_epoch": 0.9876999855041504,
            "loss/test/MNIST_epoch": 0.10871297866106033,
            "acc/test/MNIST": 0.9876999855041504,
            "normalized_acc/test/MNIST": 0.9911690354347229
        }
    ],
    "Food101": [
        {
            "acc/test/Food101_epoch": 0.904792070388794,
            "loss/test/Food101_epoch": 0.3364628851413727,
            "acc/test/Food101": 0.904792070388794,
            "normalized_acc/test/Food101": 0.9953816533088684
        }
    ],
    "avg": [
        {
            "acc/test/avg": 0.9462460279464722,
            "normalized_acc/test/avg": 0.9932753443717957
        }
    ]
}