{
    "EuroSAT": [
        {
            "acc/test/EuroSAT_epoch": 0.9585185050964355,
            "loss/test/EuroSAT_epoch": 0.1621977984905243,
            "acc/test/EuroSAT": 0.9585185050964355,
            "normalized_acc/test/EuroSAT": 0.9674766659736633
        }
    ],
    "MNIST": [
        {
            "acc/test/MNIST_epoch": 0.9882000088691711,
            "loss/test/MNIST_epoch": 0.11428003013134003,
            "acc/test/MNIST": 0.9882000088691711,
            "normalized_acc/test/MNIST": 0.9916708469390869
        }
    ],
    "avg": [
        {
            "acc/test/avg": 0.9733592569828033,
            "normalized_acc/test/avg": 0.9795737564563751
        }
    ]
}