{
    "RESISC45": [
        {
            "acc/test/RESISC45_epoch": 0.8966666460037231,
            "loss/test/RESISC45_epoch": 0.33472689986228943,
            "acc/test/RESISC45": 0.8966666460037231,
            "normalized_acc/test/RESISC45": 0.9275861978530884
        }
    ],
    "FER2013": [
        {
            "acc/test/FER2013_epoch": 0.6809696555137634,
            "loss/test/FER2013_epoch": 0.9122352004051208,
            "acc/test/FER2013": 0.6809696555137634,
            "normalized_acc/test/FER2013": 0.9236583709716797
        }
    ],
    "avg": [
        {
            "acc/test/avg": 0.7888181507587433,
            "normalized_acc/test/avg": 0.925622284412384
        }
    ]
}