{
    "PCAM": [
        {
            "acc/test/PCAM_epoch": 0.885009765625,
            "loss/test/PCAM_epoch": 0.2775135338306427,
            "acc/test/PCAM": 0.885009765625,
            "normalized_acc/test/PCAM": 0.9974890947341919
        }
    ],
    "STL10": [
        {
            "acc/test/STL10_epoch": 0.9848750233650208,
            "loss/test/STL10_epoch": 0.05317511036992073,
            "acc/test/STL10": 0.9848750233650208,
            "normalized_acc/test/STL10": 0.9969632029533386
        }
    ],
    "avg": [
        {
            "acc/test/avg": 0.9349423944950104,
            "normalized_acc/test/avg": 0.9972261488437653
        }
    ]
}