{
    "GTSRB": [
        {
            "acc/test/GTSRB_epoch": 0.8946160078048706,
            "loss/test/GTSRB_epoch": 0.4595088064670563,
            "acc/test/GTSRB": 0.8946160078048706,
            "normalized_acc/test/GTSRB": 0.9044265151023865
        }
    ],
    "FER2013": [
        {
            "acc/test/FER2013_epoch": 0.6540819406509399,
            "loss/test/FER2013_epoch": 0.9891700148582458,
            "acc/test/FER2013": 0.6540819406509399,
            "normalized_acc/test/FER2013": 0.8871882557868958
        }
    ],
    "avg": [
        {
            "acc/test/avg": 0.7743489742279053,
            "normalized_acc/test/avg": 0.8958073854446411
        }
    ]
}