{
    "RESISC45": [
        {
            "acc/test/RESISC45_epoch": 0.8996825218200684,
            "loss/test/RESISC45_epoch": 0.32036498188972473,
            "acc/test/RESISC45": 0.8996825218200684,
            "normalized_acc/test/RESISC45": 0.9307060837745667
        }
    ],
    "DTD": [
        {
            "acc/test/DTD_epoch": 0.6260638236999512,
            "loss/test/DTD_epoch": 1.319957971572876,
            "acc/test/DTD": 0.6260638236999512,
            "normalized_acc/test/DTD": 0.7554556727409363
        }
    ],
    "avg": [
        {
            "acc/test/avg": 0.7628731727600098,
            "normalized_acc/test/avg": 0.8430808782577515
        }
    ]
}