{
    "SUN397": [
        {
            "acc/test/SUN397_epoch": 0.7218639850616455,
            "loss/test/SUN397_epoch": 0.9470999240875244,
            "acc/test/SUN397": 0.7218639850616455,
            "normalized_acc/test/SUN397": 0.9154740571975708
        }
    ],
    "PCAM": [
        {
            "acc/test/PCAM_epoch": 0.877410888671875,
            "loss/test/PCAM_epoch": 0.2902655005455017,
            "acc/test/PCAM": 0.877410888671875,
            "normalized_acc/test/PCAM": 0.9889244437217712
        }
    ],
    "avg": [
        {
            "acc/test/avg": 0.7996374368667603,
            "normalized_acc/test/avg": 0.952199250459671
        }
    ]
}