{
    "RESISC45": [
        {
            "acc/test/RESISC45_epoch": 0.8938094973564148,
            "loss/test/RESISC45_epoch": 0.33919864892959595,
            "acc/test/RESISC45": 0.8938094973564148,
            "normalized_acc/test/RESISC45": 0.9246305227279663
        }
    ],
    "Food101": [
        {
            "acc/test/Food101_epoch": 0.9110891222953796,
            "loss/test/Food101_epoch": 0.30922645330429077,
            "acc/test/Food101": 0.9110891222953796,
            "normalized_acc/test/Food101": 1.0023092031478882
        }
    ],
    "avg": [
        {
            "acc/test/avg": 0.9024493098258972,
            "normalized_acc/test/avg": 0.9634698629379272
        }
    ]
}