{
    "FER2013": [
        {
            "acc/test/FER2013_epoch": 0.6525494456291199,
            "loss/test/FER2013_epoch": 0.9601842164993286,
            "acc/test/FER2013": 0.6525494456291199,
            "normalized_acc/test/FER2013": 0.8851096034049988
        }
    ],
    "CIFAR10": [
        {
            "acc/test/CIFAR10_epoch": 0.9757999777793884,
            "loss/test/CIFAR10_epoch": 0.08245119452476501,
            "acc/test/CIFAR10": 0.9757999777793884,
            "normalized_acc/test/CIFAR10": 0.994091272354126
        }
    ],
    "avg": [
        {
            "acc/test/avg": 0.8141747117042542,
            "normalized_acc/test/avg": 0.9396004378795624
        }
    ]
}