{
    "GTSRB": [
        {
            "acc/test/GTSRB_epoch": 0.8931116461753845,
            "loss/test/GTSRB_epoch": 0.4743359684944153,
            "acc/test/GTSRB": 0.8931116461753845,
            "normalized_acc/test/GTSRB": 0.9029056429862976
        }
    ],
    "Food101": [
        {
            "acc/test/Food101_epoch": 0.911049485206604,
            "loss/test/Food101_epoch": 0.31141722202301025,
            "acc/test/Food101": 0.911049485206604,
            "normalized_acc/test/Food101": 1.0022655725479126
        }
    ],
    "avg": [
        {
            "acc/test/avg": 0.9020805656909943,
            "normalized_acc/test/avg": 0.9525856077671051
        }
    ]
}