{
    "RESISC45": [
        {
            "acc/test/RESISC45_epoch": 0.8901587128639221,
            "loss/test/RESISC45_epoch": 0.3449957072734833,
            "acc/test/RESISC45": 0.8901587128639221,
            "normalized_acc/test/RESISC45": 0.920853853225708
        }
    ],
    "STL10": [
        {
            "acc/test/STL10_epoch": 0.9890000224113464,
            "loss/test/STL10_epoch": 0.034675002098083496,
            "acc/test/STL10": 0.9890000224113464,
            "normalized_acc/test/STL10": 1.0011388063430786
        }
    ],
    "avg": [
        {
            "acc/test/avg": 0.9395793676376343,
            "normalized_acc/test/avg": 0.9609963297843933
        }
    ]
}