{
    "OxfordIIITPet": [
        {
            "acc/test/OxfordIIITPet_epoch": 0.9307713508605957,
            "loss/test/OxfordIIITPet_epoch": 0.2062176764011383,
            "acc/test/OxfordIIITPet": 0.9307713508605957,
            "normalized_acc/test/OxfordIIITPet": 0.9793518781661987
        }
    ],
    "CIFAR10": [
        {
            "acc/test/CIFAR10_epoch": 0.9779000282287598,
            "loss/test/CIFAR10_epoch": 0.07127591967582703,
            "acc/test/CIFAR10": 0.9779000282287598,
            "normalized_acc/test/CIFAR10": 0.9962306618690491
        }
    ],
    "avg": [
        {
            "acc/test/avg": 0.9543356895446777,
            "normalized_acc/test/avg": 0.9877912700176239
        }
    ]
}