{
    "STL10": [
        {
            "acc/test/STL10_epoch": 0.9869999885559082,
            "loss/test/STL10_epoch": 0.040267832577228546,
            "acc/test/STL10": 0.9869999885559082,
            "normalized_acc/test/STL10": 0.9991142749786377
        }
    ],
    "CIFAR100": [
        {
            "acc/test/CIFAR100_epoch": 0.8413000106811523,
            "loss/test/CIFAR100_epoch": 0.5869381427764893,
            "acc/test/CIFAR100": 0.8413000106811523,
            "normalized_acc/test/CIFAR100": 0.9424218535423279
        }
    ],
    "avg": [
        {
            "acc/test/avg": 0.9141499996185303,
            "normalized_acc/test/avg": 0.9707680642604828
        }
    ]
}