{
    "GTSRB": [
        {
            "acc/test/GTSRB_epoch": 0.8893903493881226,
            "loss/test/GTSRB_epoch": 0.5255060791969299,
            "acc/test/GTSRB": 0.8893903493881226,
            "normalized_acc/test/GTSRB": 0.8991435766220093
        }
    ],
    "STL10": [
        {
            "acc/test/STL10_epoch": 0.9883750081062317,
            "loss/test/STL10_epoch": 0.04037795588374138,
            "acc/test/STL10": 0.9883750081062317,
            "normalized_acc/test/STL10": 1.0005061626434326
        }
    ],
    "avg": [
        {
            "acc/test/avg": 0.9388826787471771,
            "normalized_acc/test/avg": 0.949824869632721
        }
    ]
}