{
    "GTSRB": [
        {
            "acc/test/GTSRB_epoch": 0.8895487189292908,
            "loss/test/GTSRB_epoch": 0.519989550113678,
            "acc/test/GTSRB": 0.8895487189292908,
            "normalized_acc/test/GTSRB": 0.899303674697876
        }
    ],
    "FashionMNIST": [
        {
            "acc/test/FashionMNIST_epoch": 0.8959000110626221,
            "loss/test/FashionMNIST_epoch": 0.3004651963710785,
            "acc/test/FashionMNIST": 0.8959000110626221,
            "normalized_acc/test/FashionMNIST": 0.9410713911056519
        }
    ],
    "avg": [
        {
            "acc/test/avg": 0.8927243649959564,
            "normalized_acc/test/avg": 0.9201875329017639
        }
    ]
}