{
    "STL10": [
        {
            "acc/test/STL10_epoch": 0.9862499833106995,
            "loss/test/STL10_epoch": 0.04172027111053467,
            "acc/test/STL10": 0.9862499833106995,
            "normalized_acc/test/STL10": 0.9983550310134888
        }
    ],
    "EMNIST": [
        {
            "acc/test/EMNIST_epoch": 0.9915000200271606,
            "loss/test/EMNIST_epoch": 0.12751473486423492,
            "acc/test/EMNIST": 0.9915000200271606,
            "normalized_acc/test/EMNIST": 0.9971839785575867
        }
    ],
    "avg": [
        {
            "acc/test/avg": 0.98887500166893,
            "normalized_acc/test/avg": 0.9977695047855377
        }
    ]
}