{
    "RESISC45": [
        {
            "acc/test/RESISC45_epoch": 0.8841269612312317,
            "loss/test/RESISC45_epoch": 0.3701668381690979,
            "acc/test/RESISC45": 0.8841269612312317,
            "normalized_acc/test/RESISC45": 0.9146141409873962
        }
    ],
    "KMNIST": [
        {
            "acc/test/KMNIST_epoch": 0.5205000042915344,
            "loss/test/KMNIST_epoch": 1.6091967821121216,
            "acc/test/KMNIST": 0.5205000042915344,
            "normalized_acc/test/KMNIST": 0.5292323231697083
        }
    ],
    "avg": [
        {
            "acc/test/avg": 0.7023134827613831,
            "normalized_acc/test/avg": 0.7219232320785522
        }
    ]
}