{
    "OxfordIIITPet": [
        {
            "acc/test/OxfordIIITPet_epoch": 0.9332243204116821,
            "loss/test/OxfordIIITPet_epoch": 0.19458097219467163,
            "acc/test/OxfordIIITPet": 0.9332243204116821,
            "normalized_acc/test/OxfordIIITPet": 0.9819328784942627
        }
    ],
    "EMNIST": [
        {
            "acc/test/EMNIST_epoch": 0.9916999936103821,
            "loss/test/EMNIST_epoch": 0.12054890394210815,
            "acc/test/EMNIST": 0.9916999936103821,
            "normalized_acc/test/EMNIST": 0.9973850846290588
        }
    ],
    "avg": [
        {
            "acc/test/avg": 0.9624621570110321,
            "normalized_acc/test/avg": 0.9896589815616608
        }
    ]
}