{
    "SUN397": [
        {
            "acc/test/SUN397_epoch": 0.7288665175437927,
            "loss/test/SUN397_epoch": 0.9308602809906006,
            "acc/test/SUN397": 0.7288665175437927,
            "normalized_acc/test/SUN397": 0.9243547320365906
        }
    ],
    "KMNIST": [
        {
            "acc/test/KMNIST_epoch": 0.5435000061988831,
            "loss/test/KMNIST_epoch": 1.5461773872375488,
            "acc/test/KMNIST": 0.5435000061988831,
            "normalized_acc/test/KMNIST": 0.5526182055473328
        }
    ],
    "avg": [
        {
            "acc/test/avg": 0.6361832618713379,
            "normalized_acc/test/avg": 0.7384864687919617
        }
    ]
}