{
    "RESISC45": [
        {
            "acc/test/RESISC45_epoch": 0.9011111259460449,
            "loss/test/RESISC45_epoch": 0.3295499384403229,
            "acc/test/RESISC45": 0.9011111259460449,
            "normalized_acc/test/RESISC45": 0.9321839213371277
        }
    ],
    "RenderedSST2": [
        {
            "acc/test/RenderedSST2_epoch": 0.722679853439331,
            "loss/test/RenderedSST2_epoch": 0.5449556112289429,
            "acc/test/RenderedSST2": 0.722679853439331,
            "normalized_acc/test/RenderedSST2": 0.936654806137085
        }
    ],
    "avg": [
        {
            "acc/test/avg": 0.811895489692688,
            "normalized_acc/test/avg": 0.9344193637371063
        }
    ]
}