{
    "PCAM": [
        {
            "acc/test/PCAM_epoch": 0.88201904296875,
            "loss/test/PCAM_epoch": 0.28602921962738037,
            "acc/test/PCAM": 0.88201904296875,
            "normalized_acc/test/PCAM": 0.9941182732582092
        }
    ],
    "Food101": [
        {
            "acc/test/Food101_epoch": 0.8964752554893494,
            "loss/test/Food101_epoch": 0.3571474254131317,
            "acc/test/Food101": 0.8964752554893494,
            "normalized_acc/test/Food101": 0.9862321615219116
        }
    ],
    "avg": [
        {
            "acc/test/avg": 0.8892471492290497,
            "normalized_acc/test/avg": 0.9901752173900604
        }
    ]
}