{
    "SUN397": [
        {
            "acc/test/SUN397_epoch": 0.7293702960014343,
            "loss/test/SUN397_epoch": 0.9223256707191467,
            "acc/test/SUN397": 0.7293702960014343,
            "normalized_acc/test/SUN397": 0.924993634223938
        }
    ],
    "FashionMNIST": [
        {
            "acc/test/FashionMNIST_epoch": 0.9046000242233276,
            "loss/test/FashionMNIST_epoch": 0.2776878774166107,
            "acc/test/FashionMNIST": 0.9046000242233276,
            "normalized_acc/test/FashionMNIST": 0.9502100944519043
        }
    ],
    "avg": [
        {
            "acc/test/avg": 0.816985160112381,
            "normalized_acc/test/avg": 0.9376018643379211
        }
    ]
}