{
    "DTD": [
        {
            "acc/test/DTD_epoch": 0.6840425729751587,
            "loss/test/DTD_epoch": 1.222164273262024,
            "acc/test/DTD": 0.6840425729751587,
            "normalized_acc/test/DTD": 0.8254172205924988
        }
    ],
    "CIFAR100": [
        {
            "acc/test/CIFAR100_epoch": 0.8712999820709229,
            "loss/test/CIFAR100_epoch": 0.5462824702262878,
            "acc/test/CIFAR100": 0.8712999820709229,
            "normalized_acc/test/CIFAR100": 0.9760277271270752
        }
    ],
    "avg": [
        {
            "acc/test/avg": 0.7776712775230408,
            "normalized_acc/test/avg": 0.900722473859787
        }
    ]
}