{
    "Flowers102": [
        {
            "acc/test/Flowers102_epoch": 0.8251748085021973,
            "loss/test/Flowers102_epoch": 0.7483596801757812,
            "acc/test/Flowers102": 0.8251748085021973,
            "normalized_acc/test/Flowers102": 0.875733494758606
        }
    ],
    "EMNIST": [
        {
            "acc/test/EMNIST_epoch": 0.9957000017166138,
            "loss/test/EMNIST_epoch": 0.04215510934591293,
            "acc/test/EMNIST": 0.9957000017166138,
            "normalized_acc/test/EMNIST": 1.0014079809188843
        }
    ],
    "avg": [
        {
            "acc/test/avg": 0.9104374051094055,
            "normalized_acc/test/avg": 0.9385707378387451
        }
    ]
}