{
    "SUN397": [
        {
            "acc/test/SUN397_epoch": 0.7590427994728088,
            "loss/test/SUN397_epoch": 0.8768297433853149,
            "acc/test/SUN397": 0.7590427994728088,
            "normalized_acc/test/SUN397": 0.9626245498657227
        }
    ],
    "FER2013": [
        {
            "acc/test/FER2013_epoch": 0.715241014957428,
            "loss/test/FER2013_epoch": 1.0096889734268188,
            "acc/test/FER2013": 0.715241014957428,
            "normalized_acc/test/FER2013": 0.9701436161994934
        }
    ],
    "avg": [
        {
            "acc/test/avg": 0.7371419072151184,
            "normalized_acc/test/avg": 0.966384083032608
        }
    ]
}