{
    "Cars": [
        {
            "acc/test/Cars_epoch": 0.8442979454994202,
            "loss/test/Cars_epoch": 0.4919082224369049,
            "acc/test/Cars": 0.8442979454994202,
            "normalized_acc/test/Cars": 0.9840556383132935
        }
    ],
    "DTD": [
        {
            "acc/test/DTD_epoch": 0.7319148778915405,
            "loss/test/DTD_epoch": 0.974933385848999,
            "acc/test/DTD": 0.7319148778915405,
            "normalized_acc/test/DTD": 0.8831835389137268
        }
    ],
    "avg": [
        {
            "acc/test/avg": 0.7881064116954803,
            "normalized_acc/test/avg": 0.9336195886135101
        }
    ]
}