{
    "GTSRB": [
        {
            "acc/test/GTSRB_epoch": 0.9609659314155579,
            "loss/test/GTSRB_epoch": 0.17235955595970154,
            "acc/test/GTSRB": 0.9609659314155579,
            "normalized_acc/test/GTSRB": 0.9715040326118469
        }
    ],
    "FashionMNIST": [
        {
            "acc/test/FashionMNIST_epoch": 0.9236000180244446,
            "loss/test/FashionMNIST_epoch": 0.2341073900461197,
            "acc/test/FashionMNIST": 0.9236000180244446,
            "normalized_acc/test/FashionMNIST": 0.9701680541038513
        }
    ],
    "avg": [
        {
            "acc/test/avg": 0.9422829747200012,
            "normalized_acc/test/avg": 0.9708360433578491
        }
    ]
}