{
    "SVHN": [
        {
            "acc/test/SVHN_epoch": 0.953941285610199,
            "loss/test/SVHN_epoch": 0.18171986937522888,
            "acc/test/SVHN": 0.953941285610199,
            "normalized_acc/test/SVHN": 0.9785246849060059
        }
    ],
    "EMNIST": [
        {
            "acc/test/EMNIST_epoch": 0.9927999973297119,
            "loss/test/EMNIST_epoch": 0.04787852242588997,
            "acc/test/EMNIST": 0.9927999973297119,
            "normalized_acc/test/EMNIST": 0.9984914064407349
        }
    ],
    "avg": [
        {
            "acc/test/avg": 0.9733706414699554,
            "normalized_acc/test/avg": 0.9885080456733704
        }
    ]
}