{
    "GTSRB": [
        {
            "acc/test/GTSRB_epoch": 0.9468725323677063,
            "loss/test/GTSRB_epoch": 0.21576954424381256,
            "acc/test/GTSRB": 0.9468725323677063,
            "normalized_acc/test/GTSRB": 0.9572560787200928
        }
    ],
    "CIFAR10": [
        {
            "acc/test/CIFAR10_epoch": 0.9745000004768372,
            "loss/test/CIFAR10_epoch": 0.08546115458011627,
            "acc/test/CIFAR10": 0.9745000004768372,
            "normalized_acc/test/CIFAR10": 0.9927669167518616
        }
    ],
    "avg": [
        {
            "acc/test/avg": 0.9606862664222717,
            "normalized_acc/test/avg": 0.9750114977359772
        }
    ]
}