{
    "Food101": [
        {
            "acc/test/Food101_epoch": 0.91631680727005,
            "loss/test/Food101_epoch": 0.3061777651309967,
            "acc/test/Food101": 0.91631680727005,
            "normalized_acc/test/Food101": 1.008060336112976
        }
    ],
    "RenderedSST2": [
        {
            "acc/test/RenderedSST2_epoch": 0.7797912955284119,
            "loss/test/RenderedSST2_epoch": 0.5236397385597229,
            "acc/test/RenderedSST2": 0.7797912955284119,
            "normalized_acc/test/RenderedSST2": 1.0106761455535889
        }
    ],
    "avg": [
        {
            "acc/test/avg": 0.848054051399231,
            "normalized_acc/test/avg": 1.0093682408332825
        }
    ]
}