{
    "DTD": [
        {
            "acc/test/DTD_epoch": 0.728723406791687,
            "loss/test/DTD_epoch": 0.9570488929748535,
            "acc/test/DTD": 0.728723406791687,
            "normalized_acc/test/DTD": 0.879332423210144
        }
    ],
    "STL10": [
        {
            "acc/test/STL10_epoch": 0.9919999837875366,
            "loss/test/STL10_epoch": 0.0271832924336195,
            "acc/test/STL10": 0.9919999837875366,
            "normalized_acc/test/STL10": 1.0041756629943848
        }
    ],
    "avg": [
        {
            "acc/test/avg": 0.8603616952896118,
            "normalized_acc/test/avg": 0.9417540431022644
        }
    ]
}