{
    "EuroSAT": [
        {
            "acc/test/EuroSAT_epoch": 0.9870370626449585,
            "loss/test/EuroSAT_epoch": 0.04248925298452377,
            "acc/test/EuroSAT": 0.9870370626449585,
            "normalized_acc/test/EuroSAT": 0.996261715888977
        }
    ],
    "Flowers102": [
        {
            "acc/test/Flowers102_epoch": 0.8466417193412781,
            "loss/test/Flowers102_epoch": 0.6275140643119812,
            "acc/test/Flowers102": 0.8466417193412781,
            "normalized_acc/test/Flowers102": 0.8985156416893005
        }
    ],
    "avg": [
        {
            "acc/test/avg": 0.9168393909931183,
            "normalized_acc/test/avg": 0.9473886787891388
        }
    ]
}