{
    "CIFAR100": [
        {
            "acc/test/CIFAR100_epoch": 0.8665000200271606,
            "loss/test/CIFAR100_epoch": 0.5242806673049927,
            "acc/test/CIFAR100": 0.8665000200271606,
            "normalized_acc/test/CIFAR100": 0.970650851726532
        }
    ],
    "Food101": [
        {
            "acc/test/Food101_epoch": 0.8881188035011292,
            "loss/test/Food101_epoch": 0.43985193967819214,
            "acc/test/Food101": 0.8881188035011292,
            "normalized_acc/test/Food101": 0.9770390391349792
        }
    ],
    "avg": [
        {
            "acc/test/avg": 0.8773094117641449,
            "normalized_acc/test/avg": 0.9738449454307556
        }
    ]
}