{
    "GTSRB": [
        {
            "acc/test/GTSRB_epoch": 0.9771179556846619,
            "loss/test/GTSRB_epoch": 0.09839238226413727,
            "acc/test/GTSRB": 0.9771179556846619,
            "normalized_acc/test/GTSRB": 0.9878332018852234
        }
    ],
    "Flowers102": [
        {
            "acc/test/Flowers102_epoch": 0.8391608595848083,
            "loss/test/Flowers102_epoch": 0.6870260834693909,
            "acc/test/Flowers102": 0.8391608595848083,
            "normalized_acc/test/Flowers102": 0.8905764818191528
        }
    ],
    "avg": [
        {
            "acc/test/avg": 0.9081394076347351,
            "normalized_acc/test/avg": 0.9392048418521881
        }
    ]
}