{
    "SVHN": [
        {
            "acc/test/SVHN_epoch": 0.9494852423667908,
            "loss/test/SVHN_epoch": 0.2079809010028839,
            "acc/test/SVHN": 0.9494852423667908,
            "normalized_acc/test/SVHN": 0.9739538431167603
        }
    ],
    "KMNIST": [
        {
            "acc/test/KMNIST_epoch": 0.8299999833106995,
            "loss/test/KMNIST_epoch": 0.6962110996246338,
            "acc/test/KMNIST": 0.8299999833106995,
            "normalized_acc/test/KMNIST": 0.8439247608184814
        }
    ],
    "avg": [
        {
            "acc/test/avg": 0.8897426128387451,
            "normalized_acc/test/avg": 0.9089393019676208
        }
    ]
}