{
    "SVHN": [
        {
            "acc/test/SVHN_epoch": 0.9699216485023499,
            "loss/test/SVHN_epoch": 0.13847923278808594,
            "acc/test/SVHN": 0.9699216485023499,
            "normalized_acc/test/SVHN": 0.9949169158935547
        }
    ],
    "Flowers102": [
        {
            "acc/test/Flowers102_epoch": 0.8128150701522827,
            "loss/test/Flowers102_epoch": 0.7725118398666382,
            "acc/test/Flowers102": 0.8128150701522827,
            "normalized_acc/test/Flowers102": 0.8626164793968201
        }
    ],
    "avg": [
        {
            "acc/test/avg": 0.8913683593273163,
            "normalized_acc/test/avg": 0.9287666976451874
        }
    ]
}