{
    "GTSRB": [
        {
            "acc/test/GTSRB_epoch": 0.9379255771636963,
            "loss/test/GTSRB_epoch": 0.244723379611969,
            "acc/test/GTSRB": 0.9379255771636963,
            "normalized_acc/test/GTSRB": 0.9482110142707825
        }
    ],
    "KMNIST": [
        {
            "acc/test/KMNIST_epoch": 0.8970999717712402,
            "loss/test/KMNIST_epoch": 0.43050506711006165,
            "acc/test/KMNIST": 0.8970999717712402,
            "normalized_acc/test/KMNIST": 0.9121504426002502
        }
    ],
    "avg": [
        {
            "acc/test/avg": 0.9175127744674683,
            "normalized_acc/test/avg": 0.9301807284355164
        }
    ]
}