{
    "Cars": [
        {
            "acc/test/Cars_epoch": 0.8374580144882202,
            "loss/test/Cars_epoch": 0.505189061164856,
            "acc/test/Cars": 0.8374580144882202,
            "normalized_acc/test/Cars": 0.9760834574699402
        }
    ],
    "FER2013": [
        {
            "acc/test/FER2013_epoch": 0.7153803110122681,
            "loss/test/FER2013_epoch": 0.921474277973175,
            "acc/test/FER2013": 0.7153803110122681,
            "normalized_acc/test/FER2013": 0.9703325629234314
        }
    ],
    "avg": [
        {
            "acc/test/avg": 0.7764191627502441,
            "normalized_acc/test/avg": 0.9732080101966858
        }
    ]
}