{
    "SUN397": [
        {
            "acc/test/SUN397_epoch": 0.7548111081123352,
            "loss/test/SUN397_epoch": 0.9045084118843079,
            "acc/test/SUN397": 0.7548111081123352,
            "normalized_acc/test/SUN397": 0.9572579264640808
        }
    ],
    "GTSRB": [
        {
            "acc/test/GTSRB_epoch": 0.973792552947998,
            "loss/test/GTSRB_epoch": 0.11062533408403397,
            "acc/test/GTSRB": 0.973792552947998,
            "normalized_acc/test/GTSRB": 0.984471321105957
        }
    ],
    "avg": [
        {
            "acc/test/avg": 0.8643018305301666,
            "normalized_acc/test/avg": 0.9708646237850189
        }
    ]
}