{
    "MNIST": [
        {
            "acc/test/MNIST_epoch": 0.9943000078201294,
            "loss/test/MNIST_epoch": 0.04103511571884155,
            "acc/test/MNIST": 0.9943000078201294,
            "normalized_acc/test/MNIST": 0.9977922439575195
        }
    ],
    "CIFAR100": [
        {
            "acc/test/CIFAR100_epoch": 0.8159999847412109,
            "loss/test/CIFAR100_epoch": 0.7618429064750671,
            "acc/test/CIFAR100": 0.8159999847412109,
            "normalized_acc/test/CIFAR100": 0.9140808582305908
        }
    ],
    "avg": [
        {
            "acc/test/avg": 0.9051499962806702,
            "normalized_acc/test/avg": 0.9559365510940552
        }
    ]
}