{
    "CIFAR10": [
        {
            "acc/test/CIFAR10_epoch": 0.9776999950408936,
            "loss/test/CIFAR10_epoch": 0.09441373497247696,
            "acc/test/CIFAR10": 0.9776999950408936,
            "normalized_acc/test/CIFAR10": 0.9960269331932068
        }
    ],
    "FashionMNIST": [
        {
            "acc/test/FashionMNIST_epoch": 0.9409000277519226,
            "loss/test/FashionMNIST_epoch": 0.19108618795871735,
            "acc/test/FashionMNIST": 0.9409000277519226,
            "normalized_acc/test/FashionMNIST": 0.9883403182029724
        }
    ],
    "avg": [
        {
            "acc/test/avg": 0.9593000113964081,
            "normalized_acc/test/avg": 0.9921836256980896
        }
    ]
}