{
    "EuroSAT": [
        {
            "acc/test/EuroSAT_epoch": 0.9670370221138,
            "loss/test/EuroSAT_epoch": 0.11436080187559128,
            "acc/test/EuroSAT": 0.9670370221138,
            "normalized_acc/test/EuroSAT": 0.976074755191803
        }
    ],
    "KMNIST": [
        {
            "acc/test/KMNIST_epoch": 0.9768000245094299,
            "loss/test/KMNIST_epoch": 0.09449964761734009,
            "acc/test/KMNIST": 0.9768000245094299,
            "normalized_acc/test/KMNIST": 0.9931876063346863
        }
    ],
    "avg": [
        {
            "acc/test/avg": 0.971918523311615,
            "normalized_acc/test/avg": 0.9846311807632446
        }
    ]
}