{
    "CIFAR100": [
        {
            "acc/test/CIFAR100_epoch": 0.855400025844574,
            "loss/test/CIFAR100_epoch": 0.6293883919715881,
            "acc/test/CIFAR100": 0.855400025844574,
            "normalized_acc/test/CIFAR100": 0.958216667175293
        }
    ],
    "EMNIST": [
        {
            "acc/test/EMNIST_epoch": 0.9959999918937683,
            "loss/test/EMNIST_epoch": 0.03294248878955841,
            "acc/test/EMNIST": 0.9959999918937683,
            "normalized_acc/test/EMNIST": 1.0017096996307373
        }
    ],
    "avg": [
        {
            "acc/test/avg": 0.9257000088691711,
            "normalized_acc/test/avg": 0.9799631834030151
        }
    ]
}