{
    "OxfordIIITPet": [
        {
            "acc/test/OxfordIIITPet_epoch": 0.9457617998123169,
            "loss/test/OxfordIIITPet_epoch": 0.22088970243930817,
            "acc/test/OxfordIIITPet": 0.9457617998123169,
            "normalized_acc/test/OxfordIIITPet": 0.9951247572898865
        }
    ],
    "EMNIST": [
        {
            "acc/test/EMNIST_epoch": 0.9966999888420105,
            "loss/test/EMNIST_epoch": 0.028449906036257744,
            "acc/test/EMNIST": 0.9966999888420105,
            "normalized_acc/test/EMNIST": 1.0024137496948242
        }
    ],
    "avg": [
        {
            "acc/test/avg": 0.9712308943271637,
            "normalized_acc/test/avg": 0.9987692534923553
        }
    ]
}