{
    "EMNIST": [
        {
            "acc/test/EMNIST_epoch": 0.9922999739646912,
            "loss/test/EMNIST_epoch": 0.07203414291143417,
            "acc/test/EMNIST": 0.9922999739646912,
            "normalized_acc/test/EMNIST": 0.9979885220527649
        }
    ],
    "KMNIST": [
        {
            "acc/test/KMNIST_epoch": 0.7314000129699707,
            "loss/test/KMNIST_epoch": 1.0990543365478516,
            "acc/test/KMNIST": 0.7314000129699707,
            "normalized_acc/test/KMNIST": 0.7436705827713013
        }
    ],
    "avg": [
        {
            "acc/test/avg": 0.8618499934673309,
            "normalized_acc/test/avg": 0.8708295524120331
        }
    ]
}