{
    "OxfordIIITPet": [
        {
            "acc/test/OxfordIIITPet_epoch": 0.9258653521537781,
            "loss/test/OxfordIIITPet_epoch": 0.22410070896148682,
            "acc/test/OxfordIIITPet": 0.9258653521537781,
            "normalized_acc/test/OxfordIIITPet": 0.974189817905426
        }
    ],
    "CIFAR10": [
        {
            "acc/test/CIFAR10_epoch": 0.9814000129699707,
            "loss/test/CIFAR10_epoch": 0.06136013939976692,
            "acc/test/CIFAR10": 0.9814000129699707,
            "normalized_acc/test/CIFAR10": 0.9997962713241577
        }
    ],
    "avg": [
        {
            "acc/test/avg": 0.9536326825618744,
            "normalized_acc/test/avg": 0.9869930446147919
        }
    ]
}