{
    "FER2013": [
        {
            "acc/test/FER2013_epoch": 0.7093898057937622,
            "loss/test/FER2013_epoch": 0.9409642815589905,
            "acc/test/FER2013": 0.7093898057937622,
            "normalized_acc/test/FER2013": 0.9622071385383606
        }
    ],
    "OxfordIIITPet": [
        {
            "acc/test/OxfordIIITPet_epoch": 0.9291359782218933,
            "loss/test/OxfordIIITPet_epoch": 0.21911932528018951,
            "acc/test/OxfordIIITPet": 0.9291359782218933,
            "normalized_acc/test/OxfordIIITPet": 0.977631151676178
        }
    ],
    "avg": [
        {
            "acc/test/avg": 0.8192628920078278,
            "normalized_acc/test/avg": 0.9699191451072693
        }
    ]
}