{
    "PCAM": [
        {
            "acc/test/PCAM_epoch": 0.853515625,
            "loss/test/PCAM_epoch": 0.3476946949958801,
            "acc/test/PCAM": 0.853515625,
            "normalized_acc/test/PCAM": 0.9619922041893005
        }
    ],
    "CIFAR100": [
        {
            "acc/test/CIFAR100_epoch": 0.7914000153541565,
            "loss/test/CIFAR100_epoch": 0.7597466111183167,
            "acc/test/CIFAR100": 0.7914000153541565,
            "normalized_acc/test/CIFAR100": 0.8865240216255188
        }
    ],
    "avg": [
        {
            "acc/test/avg": 0.8224578201770782,
            "normalized_acc/test/avg": 0.9242581129074097
        }
    ]
}