{
    "MNIST": [
        {
            "acc/test/MNIST_epoch": 0.9886000156402588,
            "loss/test/MNIST_epoch": 0.07711377739906311,
            "acc/test/MNIST": 0.9886000156402588,
            "normalized_acc/test/MNIST": 0.9920722246170044
        }
    ],
    "KMNIST": [
        {
            "acc/test/KMNIST_epoch": 0.6948000192642212,
            "loss/test/KMNIST_epoch": 1.1348776817321777,
            "acc/test/KMNIST": 0.6948000192642212,
            "normalized_acc/test/KMNIST": 0.7064565420150757
        }
    ],
    "avg": [
        {
            "acc/test/avg": 0.84170001745224,
            "normalized_acc/test/avg": 0.84926438331604
        }
    ]
}