{
    "RESISC45": [
        {
            "acc/test/RESISC45_epoch": 0.9092063307762146,
            "loss/test/RESISC45_epoch": 0.2962874472141266,
            "acc/test/RESISC45": 0.9092063307762146,
            "normalized_acc/test/RESISC45": 0.9405583143234253
        }
    ],
    "EMNIST": [
        {
            "acc/test/EMNIST_epoch": 0.9940000176429749,
            "loss/test/EMNIST_epoch": 0.06973559409379959,
            "acc/test/EMNIST": 0.9940000176429749,
            "normalized_acc/test/EMNIST": 0.999698281288147
        }
    ],
    "avg": [
        {
            "acc/test/avg": 0.9516031742095947,
            "normalized_acc/test/avg": 0.9701282978057861
        }
    ]
}