{
    "DTD": [
        {
            "acc/test/DTD_epoch": 0.6260638236999512,
            "loss/test/DTD_epoch": 1.314846396446228,
            "acc/test/DTD": 0.6260638236999512,
            "normalized_acc/test/DTD": 0.7554556727409363
        }
    ],
    "KMNIST": [
        {
            "acc/test/KMNIST_epoch": 0.8269000053405762,
            "loss/test/KMNIST_epoch": 0.7393524646759033,
            "acc/test/KMNIST": 0.8269000053405762,
            "normalized_acc/test/KMNIST": 0.8407727479934692
        }
    ],
    "avg": [
        {
            "acc/test/avg": 0.7264819145202637,
            "normalized_acc/test/avg": 0.7981142103672028
        }
    ]
}