{
    "SVHN": [
        {
            "acc/test/SVHN_epoch": 0.9691917896270752,
            "loss/test/SVHN_epoch": 0.16191792488098145,
            "acc/test/SVHN": 0.9691917896270752,
            "normalized_acc/test/SVHN": 0.994168221950531
        }
    ],
    "OxfordIIITPet": [
        {
            "acc/test/OxfordIIITPet_epoch": 0.9204142689704895,
            "loss/test/OxfordIIITPet_epoch": 0.23608064651489258,
            "acc/test/OxfordIIITPet": 0.9204142689704895,
            "normalized_acc/test/OxfordIIITPet": 0.9684542417526245
        }
    ],
    "avg": [
        {
            "acc/test/avg": 0.9448030292987823,
            "normalized_acc/test/avg": 0.9813112318515778
        }
    ]
}