{
    "Cars": [
        {
            "acc/test/Cars_epoch": 0.7945529222488403,
            "loss/test/Cars_epoch": 0.6042137145996094,
            "acc/test/Cars": 0.7945529222488403,
            "normalized_acc/test/Cars": 0.9260762333869934
        }
    ],
    "PCAM": [
        {
            "acc/test/PCAM_epoch": 0.886199951171875,
            "loss/test/PCAM_epoch": 0.26583197712898254,
            "acc/test/PCAM": 0.886199951171875,
            "normalized_acc/test/PCAM": 0.9988305568695068
        }
    ],
    "avg": [
        {
            "acc/test/avg": 0.8403764367103577,
            "normalized_acc/test/avg": 0.9624533951282501
        }
    ]
}