{
    "CIFAR10": [
        {
            "acc/test/CIFAR10_epoch": 0.9793999791145325,
            "loss/test/CIFAR10_epoch": 0.07017524540424347,
            "acc/test/CIFAR10": 0.9793999791145325,
            "normalized_acc/test/CIFAR10": 0.9977587461471558
        }
    ],
    "Food101": [
        {
            "acc/test/Food101_epoch": 0.89833664894104,
            "loss/test/Food101_epoch": 0.3699797987937927,
            "acc/test/Food101": 0.89833664894104,
            "normalized_acc/test/Food101": 0.9882799386978149
        }
    ],
    "avg": [
        {
            "acc/test/avg": 0.9388683140277863,
            "normalized_acc/test/avg": 0.9930193424224854
        }
    ]
}