{
    "SUN397": [
        {
            "acc/test/SUN397_epoch": 0.7310327291488647,
            "loss/test/SUN397_epoch": 0.9367825388908386,
            "acc/test/SUN397": 0.7310327291488647,
            "normalized_acc/test/SUN397": 0.9271019697189331
        }
    ],
    "PCAM": [
        {
            "acc/test/PCAM_epoch": 0.910614013671875,
            "loss/test/PCAM_epoch": 0.21580864489078522,
            "acc/test/PCAM": 0.910614013671875,
            "normalized_acc/test/PCAM": 1.0263475179672241
        }
    ],
    "avg": [
        {
            "acc/test/avg": 0.8208233714103699,
            "normalized_acc/test/avg": 0.9767247438430786
        }
    ]
}