{
    "SUN397": [
        {
            "acc/test/SUN397_epoch": 0.7473047971725464,
            "loss/test/SUN397_epoch": 0.9427430629730225,
            "acc/test/SUN397": 0.7473047971725464,
            "normalized_acc/test/SUN397": 0.9477383494377136
        }
    ],
    "CIFAR100": [
        {
            "acc/test/CIFAR100_epoch": 0.8682000041007996,
            "loss/test/CIFAR100_epoch": 0.56541508436203,
            "acc/test/CIFAR100": 0.8682000041007996,
            "normalized_acc/test/CIFAR100": 0.9725551605224609
        }
    ],
    "avg": [
        {
            "acc/test/avg": 0.807752400636673,
            "normalized_acc/test/avg": 0.9601467549800873
        }
    ]
}