{
    "MNIST": [
        {
            "acc/test/MNIST_epoch": 0.9950000047683716,
            "loss/test/MNIST_epoch": 0.03911076486110687,
            "acc/test/MNIST": 0.9950000047683716,
            "normalized_acc/test/MNIST": 0.9984947443008423
        }
    ],
    "OxfordIIITPet": [
        {
            "acc/test/OxfordIIITPet_epoch": 0.9272281527519226,
            "loss/test/OxfordIIITPet_epoch": 0.22926203906536102,
            "acc/test/OxfordIIITPet": 0.9272281527519226,
            "normalized_acc/test/OxfordIIITPet": 0.9756237268447876
        }
    ],
    "avg": [
        {
            "acc/test/avg": 0.9611140787601471,
            "normalized_acc/test/avg": 0.9870592355728149
        }
    ]
}