{
    "PCAM": [
        {
            "acc/test/PCAM_epoch": 0.900054931640625,
            "loss/test/PCAM_epoch": 0.23631544411182404,
            "acc/test/PCAM": 0.900054931640625,
            "normalized_acc/test/PCAM": 1.0144463777542114
        }
    ],
    "Food101": [
        {
            "acc/test/Food101_epoch": 0.8651881217956543,
            "loss/test/Food101_epoch": 0.4783269762992859,
            "acc/test/Food101": 0.8651881217956543,
            "normalized_acc/test/Food101": 0.9518125057220459
        }
    ],
    "avg": [
        {
            "acc/test/avg": 0.8826215267181396,
            "normalized_acc/test/avg": 0.9831294417381287
        }
    ]
}