{
    "RESISC45": [
        {
            "acc/test/RESISC45_epoch": 0.9184126853942871,
            "loss/test/RESISC45_epoch": 0.2646026611328125,
            "acc/test/RESISC45": 0.9184126853942871,
            "normalized_acc/test/RESISC45": 0.9500821232795715
        }
    ],
    "EMNIST": [
        {
            "acc/test/EMNIST_epoch": 0.9948999881744385,
            "loss/test/EMNIST_epoch": 0.04797203838825226,
            "acc/test/EMNIST": 0.9948999881744385,
            "normalized_acc/test/EMNIST": 1.000603437423706
        }
    ],
    "avg": [
        {
            "acc/test/avg": 0.9566563367843628,
            "normalized_acc/test/avg": 0.9753427803516388
        }
    ]
}