{
    "GTSRB": [
        {
            "acc/test/GTSRB_epoch": 0.9760887026786804,
            "loss/test/GTSRB_epoch": 0.11019927263259888,
            "acc/test/GTSRB": 0.9760887026786804,
            "normalized_acc/test/GTSRB": 0.9867926239967346
        }
    ],
    "RenderedSST2": [
        {
            "acc/test/RenderedSST2_epoch": 0.7770456075668335,
            "loss/test/RenderedSST2_epoch": 0.5279122591018677,
            "acc/test/RenderedSST2": 0.7770456075668335,
            "normalized_acc/test/RenderedSST2": 1.0071173906326294
        }
    ],
    "avg": [
        {
            "acc/test/avg": 0.876567155122757,
            "normalized_acc/test/avg": 0.996955007314682
        }
    ]
}