{
    "SUN397": [
        {
            "acc/test/SUN397_epoch": 0.7488664984703064,
            "loss/test/SUN397_epoch": 0.8915128111839294,
            "acc/test/SUN397": 0.7488664984703064,
            "normalized_acc/test/SUN397": 0.9497188925743103
        }
    ],
    "CIFAR10": [
        {
            "acc/test/CIFAR10_epoch": 0.9829999804496765,
            "loss/test/CIFAR10_epoch": 0.06606311351060867,
            "acc/test/CIFAR10": 0.9829999804496765,
            "normalized_acc/test/CIFAR10": 1.0014262199401855
        }
    ],
    "avg": [
        {
            "acc/test/avg": 0.8659332394599915,
            "normalized_acc/test/avg": 0.9755725562572479
        }
    ]
}