{
    "SVHN": [
        {
            "acc/test/SVHN_epoch": 0.9506760835647583,
            "loss/test/SVHN_epoch": 0.20095083117485046,
            "acc/test/SVHN": 0.9506760835647583,
            "normalized_acc/test/SVHN": 0.9751753807067871
        }
    ],
    "MNIST": [
        {
            "acc/test/MNIST_epoch": 0.993399977684021,
            "loss/test/MNIST_epoch": 0.03338313847780228,
            "acc/test/MNIST": 0.993399977684021,
            "normalized_acc/test/MNIST": 0.996889054775238
        }
    ],
    "avg": [
        {
            "acc/test/avg": 0.9720380306243896,
            "normalized_acc/test/avg": 0.9860322177410126
        }
    ]
}