{
    "EuroSAT": [
        {
            "acc/test/EuroSAT_epoch": 0.8907407522201538,
            "loss/test/EuroSAT_epoch": 0.37941113114356995,
            "acc/test/EuroSAT": 0.8907407522201538,
            "normalized_acc/test/EuroSAT": 0.8990654349327087
        }
    ],
    "PCAM": [
        {
            "acc/test/PCAM_epoch": 0.887115478515625,
            "loss/test/PCAM_epoch": 0.2641482949256897,
            "acc/test/PCAM": 0.887115478515625,
            "normalized_acc/test/PCAM": 0.9998624324798584
        }
    ],
    "avg": [
        {
            "acc/test/avg": 0.8889281153678894,
            "normalized_acc/test/avg": 0.9494639337062836
        }
    ]
}