{
    "PCAM": [
        {
            "acc/test/PCAM_epoch": 0.878448486328125,
            "loss/test/PCAM_epoch": 0.284352570772171,
            "acc/test/PCAM": 0.878448486328125,
            "normalized_acc/test/PCAM": 0.9900938868522644
        }
    ],
    "FashionMNIST": [
        {
            "acc/test/FashionMNIST_epoch": 0.9171000123023987,
            "loss/test/FashionMNIST_epoch": 0.23658236861228943,
            "acc/test/FashionMNIST": 0.9171000123023987,
            "normalized_acc/test/FashionMNIST": 0.9633403420448303
        }
    ],
    "avg": [
        {
            "acc/test/avg": 0.8977742493152618,
            "normalized_acc/test/avg": 0.9767171144485474
        }
    ]
}