{
    "GTSRB": [
        {
            "acc/test/GTSRB_epoch": 0.961361825466156,
            "loss/test/GTSRB_epoch": 0.15709738433361053,
            "acc/test/GTSRB": 0.961361825466156,
            "normalized_acc/test/GTSRB": 0.9719042778015137
        }
    ],
    "CIFAR100": [
        {
            "acc/test/CIFAR100_epoch": 0.8259000182151794,
            "loss/test/CIFAR100_epoch": 0.7408791184425354,
            "acc/test/CIFAR100": 0.8259000182151794,
            "normalized_acc/test/CIFAR100": 0.9251708388328552
        }
    ],
    "avg": [
        {
            "acc/test/avg": 0.8936309218406677,
            "normalized_acc/test/avg": 0.9485375583171844
        }
    ]
}