{
    "STL10": [
        {
            "acc/test/STL10_epoch": 0.9884999990463257,
            "loss/test/STL10_epoch": 0.034536585211753845,
            "acc/test/STL10": 0.9884999990463257,
            "normalized_acc/test/STL10": 1.000632643699646
        }
    ],
    "RenderedSST2": [
        {
            "acc/test/RenderedSST2_epoch": 0.774848997592926,
            "loss/test/RenderedSST2_epoch": 0.5233296155929565,
            "acc/test/RenderedSST2": 0.774848997592926,
            "normalized_acc/test/RenderedSST2": 1.0042704343795776
        }
    ],
    "avg": [
        {
            "acc/test/avg": 0.8816744983196259,
            "normalized_acc/test/avg": 1.0024515390396118
        }
    ]
}