{
    "SUN397": [
        {
            "acc/test/SUN397_epoch": 0.7559193968772888,
            "loss/test/SUN397_epoch": 0.8739866614341736,
            "acc/test/SUN397": 0.7559193968772888,
            "normalized_acc/test/SUN397": 0.9586634635925293
        }
    ],
    "EuroSAT": [
        {
            "acc/test/EuroSAT_epoch": 0.987407386302948,
            "loss/test/EuroSAT_epoch": 0.046273715794086456,
            "acc/test/EuroSAT": 0.987407386302948,
            "normalized_acc/test/EuroSAT": 0.9966354966163635
        }
    ],
    "avg": [
        {
            "acc/test/avg": 0.8716633915901184,
            "normalized_acc/test/avg": 0.9776494801044464
        }
    ]
}