{
    "GTSRB": [
        {
            "acc/test/GTSRB_epoch": 0.971417248249054,
            "loss/test/GTSRB_epoch": 0.1268031746149063,
            "acc/test/GTSRB": 0.971417248249054,
            "normalized_acc/test/GTSRB": 0.9820699691772461
        }
    ],
    "Food101": [
        {
            "acc/test/Food101_epoch": 0.9097821712493896,
            "loss/test/Food101_epoch": 0.3509511947631836,
            "acc/test/Food101": 0.9097821712493896,
            "normalized_acc/test/Food101": 1.0008714199066162
        }
    ],
    "avg": [
        {
            "acc/test/avg": 0.9405997097492218,
            "normalized_acc/test/avg": 0.9914706945419312
        }
    ]
}