{
    "CIFAR10": [
        {
            "acc/test/CIFAR10_epoch": 0.9700999855995178,
            "loss/test/CIFAR10_epoch": 0.10705788433551788,
            "acc/test/CIFAR10": 0.9700999855995178,
            "normalized_acc/test/CIFAR10": 0.9882844090461731
        }
    ],
    "EMNIST": [
        {
            "acc/test/EMNIST_epoch": 0.9934999942779541,
            "loss/test/EMNIST_epoch": 0.06571277976036072,
            "acc/test/EMNIST": 0.9934999942779541,
            "normalized_acc/test/EMNIST": 0.999195396900177
        }
    ],
    "avg": [
        {
            "acc/test/avg": 0.981799989938736,
            "normalized_acc/test/avg": 0.993739902973175
        }
    ]
}