{
    "SVHN": [
        {
            "acc/test/SVHN_epoch": 0.9593961238861084,
            "loss/test/SVHN_epoch": 0.19127912819385529,
            "acc/test/SVHN": 0.9593961238861084,
            "normalized_acc/test/SVHN": 0.9841201305389404
        }
    ],
    "CIFAR10": [
        {
            "acc/test/CIFAR10_epoch": 0.9678999781608582,
            "loss/test/CIFAR10_epoch": 0.1122424528002739,
            "acc/test/CIFAR10": 0.9678999781608582,
            "normalized_acc/test/CIFAR10": 0.9860432147979736
        }
    ],
    "avg": [
        {
            "acc/test/avg": 0.9636480510234833,
            "normalized_acc/test/avg": 0.985081672668457
        }
    ]
}