{
    "MNIST": [
        {
            "acc/test/MNIST_epoch": 0.9937999844551086,
            "loss/test/MNIST_epoch": 0.06758596748113632,
            "acc/test/MNIST": 0.9937999844551086,
            "normalized_acc/test/MNIST": 0.9972904920578003
        }
    ],
    "PCAM": [
        {
            "acc/test/PCAM_epoch": 0.9039306640625,
            "loss/test/PCAM_epoch": 0.2276764214038849,
            "acc/test/PCAM": 0.9039306640625,
            "normalized_acc/test/PCAM": 1.0188146829605103
        }
    ],
    "avg": [
        {
            "acc/test/avg": 0.9488653242588043,
            "normalized_acc/test/avg": 1.0080525875091553
        }
    ]
}