{
    "CIFAR10": [
        {
            "acc/test/CIFAR10_epoch": 0.9663000106811523,
            "loss/test/CIFAR10_epoch": 0.12100076675415039,
            "acc/test/CIFAR10": 0.9663000106811523,
            "normalized_acc/test/CIFAR10": 0.984413206577301
        }
    ],
    "KMNIST": [
        {
            "acc/test/KMNIST_epoch": 0.8389000296592712,
            "loss/test/KMNIST_epoch": 0.7852997779846191,
            "acc/test/KMNIST": 0.8389000296592712,
            "normalized_acc/test/KMNIST": 0.8529741168022156
        }
    ],
    "avg": [
        {
            "acc/test/avg": 0.9026000201702118,
            "normalized_acc/test/avg": 0.9186936616897583
        }
    ]
}