{
    "PCAM": [
        {
            "acc/test/PCAM_epoch": 0.8736572265625,
            "loss/test/PCAM_epoch": 0.2902478575706482,
            "acc/test/PCAM": 0.8736572265625,
            "normalized_acc/test/PCAM": 0.984693706035614
        }
    ],
    "FashionMNIST": [
        {
            "acc/test/FashionMNIST_epoch": 0.8924000263214111,
            "loss/test/FashionMNIST_epoch": 0.3024442791938782,
            "acc/test/FashionMNIST": 0.8924000263214111,
            "normalized_acc/test/FashionMNIST": 0.9373949766159058
        }
    ],
    "avg": [
        {
            "acc/test/avg": 0.8830286264419556,
            "normalized_acc/test/avg": 0.9610443413257599
        }
    ]
}