{
    "FER2013": [
        {
            "acc/test/FER2013_epoch": 0.684034526348114,
            "loss/test/FER2013_epoch": 1.0489392280578613,
            "acc/test/FER2013": 0.684034526348114,
            "normalized_acc/test/FER2013": 0.9278155565261841
        }
    ],
    "EMNIST": [
        {
            "acc/test/EMNIST_epoch": 0.9961000084877014,
            "loss/test/EMNIST_epoch": 0.04544658958911896,
            "acc/test/EMNIST": 0.9961000084877014,
            "normalized_acc/test/EMNIST": 1.0018103122711182
        }
    ],
    "avg": [
        {
            "acc/test/avg": 0.8400672674179077,
            "normalized_acc/test/avg": 0.9648129343986511
        }
    ]
}