{
    "MNIST": [
        {
            "acc/test/MNIST_epoch": 0.9969000220298767,
            "loss/test/MNIST_epoch": 0.02448045276105404,
            "acc/test/MNIST": 0.9969000220298767,
            "normalized_acc/test/MNIST": 1.0004013776779175
        }
    ],
    "EMNIST": [
        {
            "acc/test/EMNIST_epoch": 0.9976999759674072,
            "loss/test/EMNIST_epoch": 0.031121816486120224,
            "acc/test/EMNIST": 0.9976999759674072,
            "normalized_acc/test/EMNIST": 1.0034195184707642
        }
    ],
    "avg": [
        {
            "acc/test/avg": 0.997299998998642,
            "normalized_acc/test/avg": 1.0019104480743408
        }
    ]
}