{
    "EuroSAT": [
        {
            "acc/test/EuroSAT_epoch": 0.9751851558685303,
            "loss/test/EuroSAT_epoch": 0.08465549349784851,
            "acc/test/EuroSAT": 0.9751851558685303,
            "normalized_acc/test/EuroSAT": 0.9842990636825562
        }
    ],
    "GTSRB": [
        {
            "acc/test/GTSRB_epoch": 0.9594615697860718,
            "loss/test/GTSRB_epoch": 0.1752287745475769,
            "acc/test/GTSRB": 0.9594615697860718,
            "normalized_acc/test/GTSRB": 0.9699831604957581
        }
    ],
    "avg": [
        {
            "acc/test/avg": 0.967323362827301,
            "normalized_acc/test/avg": 0.9771411120891571
        }
    ]
}