{
    "SUN397": [
        {
            "acc/test/SUN397_epoch": 0.748110830783844,
            "loss/test/SUN397_epoch": 0.8923678398132324,
            "acc/test/SUN397": 0.748110830783844,
            "normalized_acc/test/SUN397": 0.9487605690956116
        }
    ],
    "FashionMNIST": [
        {
            "acc/test/FashionMNIST_epoch": 0.9326000213623047,
            "loss/test/FashionMNIST_epoch": 0.20264789462089539,
            "acc/test/FashionMNIST": 0.9326000213623047,
            "normalized_acc/test/FashionMNIST": 0.9796218276023865
        }
    ],
    "avg": [
        {
            "acc/test/avg": 0.8403554260730743,
            "normalized_acc/test/avg": 0.964191198348999
        }
    ]
}