{
    "OxfordIIITPet": [
        {
            "acc/test/OxfordIIITPet_epoch": 0.9277732372283936,
            "loss/test/OxfordIIITPet_epoch": 0.2267724573612213,
            "acc/test/OxfordIIITPet": 0.9277732372283936,
            "normalized_acc/test/OxfordIIITPet": 0.9761973023414612
        }
    ],
    "KMNIST": [
        {
            "acc/test/KMNIST_epoch": 0.9241999983787537,
            "loss/test/KMNIST_epoch": 0.38404059410095215,
            "acc/test/KMNIST": 0.9241999983787537,
            "normalized_acc/test/KMNIST": 0.9397051334381104
        }
    ],
    "avg": [
        {
            "acc/test/avg": 0.9259866178035736,
            "normalized_acc/test/avg": 0.9579512178897858
        }
    ]
}