{
    "GTSRB": [
        {
            "acc/test/GTSRB_epoch": 0.9420427680015564,
            "loss/test/GTSRB_epoch": 0.3077491521835327,
            "acc/test/GTSRB": 0.9420427680015564,
            "normalized_acc/test/GTSRB": 0.9523733854293823
        }
    ],
    "PCAM": [
        {
            "acc/test/PCAM_epoch": 0.873687744140625,
            "loss/test/PCAM_epoch": 0.30606913566589355,
            "acc/test/PCAM": 0.873687744140625,
            "normalized_acc/test/PCAM": 0.9847280979156494
        }
    ],
    "avg": [
        {
            "acc/test/avg": 0.9078652560710907,
            "normalized_acc/test/avg": 0.9685507416725159
        }
    ]
}