{
    "RESISC45": [
        {
            "acc/test/RESISC45_epoch": 0.9239682555198669,
            "loss/test/RESISC45_epoch": 0.2620154321193695,
            "acc/test/RESISC45": 0.9239682555198669,
            "normalized_acc/test/RESISC45": 0.9558292627334595
        }
    ],
    "GTSRB": [
        {
            "acc/test/GTSRB_epoch": 0.9691211581230164,
            "loss/test/GTSRB_epoch": 0.12868927419185638,
            "acc/test/GTSRB": 0.9691211581230164,
            "normalized_acc/test/GTSRB": 0.9797487258911133
        }
    ],
    "avg": [
        {
            "acc/test/avg": 0.9465447068214417,
            "normalized_acc/test/avg": 0.9677889943122864
        }
    ]
}