{
    "STL10": [
        {
            "acc/test/STL10_epoch": 0.9891250133514404,
            "loss/test/STL10_epoch": 0.03543824702501297,
            "acc/test/STL10": 0.9891250133514404,
            "normalized_acc/test/STL10": 1.0012654066085815
        }
    ],
    "Food101": [
        {
            "acc/test/Food101_epoch": 0.9125940799713135,
            "loss/test/Food101_epoch": 0.3160422742366791,
            "acc/test/Food101": 0.9125940799713135,
            "normalized_acc/test/Food101": 1.0039647817611694
        }
    ],
    "avg": [
        {
            "acc/test/avg": 0.950859546661377,
            "normalized_acc/test/avg": 1.0026150941848755
        }
    ]
}