{
    "SUN397": [
        {
            "acc/test/SUN397_epoch": 0.7530478835105896,
            "loss/test/SUN397_epoch": 0.9220033288002014,
            "acc/test/SUN397": 0.7530478835105896,
            "normalized_acc/test/SUN397": 0.9550217986106873
        }
    ],
    "RESISC45": [
        {
            "acc/test/RESISC45_epoch": 0.9395238161087036,
            "loss/test/RESISC45_epoch": 0.2089908868074417,
            "acc/test/RESISC45": 0.9395238161087036,
            "normalized_acc/test/RESISC45": 0.9719212055206299
        }
    ],
    "avg": [
        {
            "acc/test/avg": 0.8462858498096466,
            "normalized_acc/test/avg": 0.9634715020656586
        }
    ]
}