{
    "CIFAR100": [
        {
            "acc/test/CIFAR100_epoch": 0.8809999823570251,
            "loss/test/CIFAR100_epoch": 0.4608292877674103,
            "acc/test/CIFAR100": 0.8809999823570251,
            "normalized_acc/test/CIFAR100": 0.9868936538696289
        }
    ],
    "RenderedSST2": [
        {
            "acc/test/RenderedSST2_epoch": 0.7605711221694946,
            "loss/test/RenderedSST2_epoch": 0.5432529449462891,
            "acc/test/RenderedSST2": 0.7605711221694946,
            "normalized_acc/test/RenderedSST2": 0.9857650995254517
        }
    ],
    "avg": [
        {
            "acc/test/avg": 0.8207855522632599,
            "normalized_acc/test/avg": 0.9863293766975403
        }
    ]
}