{
    "MNIST": [
        {
            "acc/test/MNIST_epoch": 0.9483000040054321,
            "loss/test/MNIST_epoch": 0.5613810420036316,
            "acc/test/MNIST": 0.9483000040054321,
            "normalized_acc/test/MNIST": 0.951630711555481
        }
    ],
    "FashionMNIST": [
        {
            "acc/test/FashionMNIST_epoch": 0.8375999927520752,
            "loss/test/FashionMNIST_epoch": 0.4754335880279541,
            "acc/test/FashionMNIST": 0.8375999927520752,
            "normalized_acc/test/FashionMNIST": 0.8798319101333618
        }
    ],
    "avg": [
        {
            "acc/test/avg": 0.8929499983787537,
            "normalized_acc/test/avg": 0.9157313108444214
        }
    ]
}