{
    "SUN397": [
        {
            "acc/test/SUN397_epoch": 0.7009068131446838,
            "loss/test/SUN397_epoch": 1.0256284475326538,
            "acc/test/SUN397": 0.7009068131446838,
            "normalized_acc/test/SUN397": 0.8888960480690002
        }
    ],
    "Cars": [
        {
            "acc/test/Cars_epoch": 0.7323715686798096,
            "loss/test/Cars_epoch": 0.7578281760215759,
            "acc/test/Cars": 0.7323715686798096,
            "normalized_acc/test/Cars": 0.8536019325256348
        }
    ],
    "avg": [
        {
            "acc/test/avg": 0.7166391909122467,
            "normalized_acc/test/avg": 0.8712489902973175
        }
    ]
}