{
    "OxfordIIITPet": [
        {
            "acc/test/OxfordIIITPet_epoch": 0.9122376441955566,
            "loss/test/OxfordIIITPet_epoch": 0.2512850761413574,
            "acc/test/OxfordIIITPet": 0.9122376441955566,
            "normalized_acc/test/OxfordIIITPet": 0.9598508477210999
        }
    ],
    "EMNIST": [
        {
            "acc/test/EMNIST_epoch": 0.9581999778747559,
            "loss/test/EMNIST_epoch": 0.461574524641037,
            "acc/test/EMNIST": 0.9581999778747559,
            "normalized_acc/test/EMNIST": 0.9636930227279663
        }
    ],
    "avg": [
        {
            "acc/test/avg": 0.9352188110351562,
            "normalized_acc/test/avg": 0.9617719352245331
        }
    ]
}