{
    "DTD": [
        {
            "acc/test/DTD_epoch": 0.5159574747085571,
            "loss/test/DTD_epoch": 1.683566927909851,
            "acc/test/DTD": 0.5159574747085571,
            "normalized_acc/test/DTD": 0.622593104839325
        }
    ],
    "KMNIST": [
        {
            "acc/test/KMNIST_epoch": 0.16509999334812164,
            "loss/test/KMNIST_epoch": 2.14994215965271,
            "acc/test/KMNIST": 0.16509999334812164,
            "normalized_acc/test/KMNIST": 0.16786985099315643
        }
    ],
    "avg": [
        {
            "acc/test/avg": 0.3405287340283394,
            "normalized_acc/test/avg": 0.3952314779162407
        }
    ]
}