{
    "OxfordIIITPet": [
        {
            "acc/test/OxfordIIITPet_epoch": 0.9171436429023743,
            "loss/test/OxfordIIITPet_epoch": 0.24277904629707336,
            "acc/test/OxfordIIITPet": 0.9171436429023743,
            "normalized_acc/test/OxfordIIITPet": 0.9650129079818726
        }
    ],
    "RenderedSST2": [
        {
            "acc/test/RenderedSST2_epoch": 0.7007138729095459,
            "loss/test/RenderedSST2_epoch": 0.5724367499351501,
            "acc/test/RenderedSST2": 0.7007138729095459,
            "normalized_acc/test/RenderedSST2": 0.9081850051879883
        }
    ],
    "avg": [
        {
            "acc/test/avg": 0.8089287579059601,
            "normalized_acc/test/avg": 0.9365989565849304
        }
    ]
}