{
    "RESISC45": [
        {
            "acc/test/RESISC45_epoch": 0.7980952262878418,
            "loss/test/RESISC45_epoch": 0.6391160488128662,
            "acc/test/RESISC45": 0.7980952262878418,
            "normalized_acc/test/RESISC45": 0.8256157636642456
        }
    ],
    "KMNIST": [
        {
            "acc/test/KMNIST_epoch": 0.16339999437332153,
            "loss/test/KMNIST_epoch": 2.164104700088501,
            "acc/test/KMNIST": 0.16339999437332153,
            "normalized_acc/test/KMNIST": 0.1661413311958313
        }
    ],
    "avg": [
        {
            "acc/test/avg": 0.48074761033058167,
            "normalized_acc/test/avg": 0.49587854743003845
        }
    ]
}