{
    "DTD": [
        {
            "acc/test/DTD_epoch": 0.5223404169082642,
            "loss/test/DTD_epoch": 1.659612774848938,
            "acc/test/DTD": 0.5223404169082642,
            "normalized_acc/test/DTD": 0.6302952170372009
        }
    ],
    "FER2013": [
        {
            "acc/test/FER2013_epoch": 0.6274728178977966,
            "loss/test/FER2013_epoch": 1.0526964664459229,
            "acc/test/FER2013": 0.6274728178977966,
            "normalized_acc/test/FER2013": 0.851095974445343
        }
    ],
    "avg": [
        {
            "acc/test/avg": 0.5749066174030304,
            "normalized_acc/test/avg": 0.740695595741272
        }
    ]
}