{
    "SUN397": [
        {
            "acc/test/SUN397_epoch": 0.7004030346870422,
            "loss/test/SUN397_epoch": 1.0159053802490234,
            "acc/test/SUN397": 0.7004030346870422,
            "normalized_acc/test/SUN397": 0.8882571458816528
        }
    ],
    "RenderedSST2": [
        {
            "acc/test/RenderedSST2_epoch": 0.6930258274078369,
            "loss/test/RenderedSST2_epoch": 0.5847133994102478,
            "acc/test/RenderedSST2": 0.6930258274078369,
            "normalized_acc/test/RenderedSST2": 0.8982206583023071
        }
    ],
    "avg": [
        {
            "acc/test/avg": 0.6967144310474396,
            "normalized_acc/test/avg": 0.89323890209198
        }
    ]
}