{
    "Food101": [
        {
            "acc/test/Food101_epoch": 0.9038811922073364,
            "loss/test/Food101_epoch": 0.327778160572052,
            "acc/test/Food101": 0.9038811922073364,
            "normalized_acc/test/Food101": 0.9943795800209045
        }
    ],
    "EMNIST": [
        {
            "acc/test/EMNIST_epoch": 0.9293000102043152,
            "loss/test/EMNIST_epoch": 0.6277422904968262,
            "acc/test/EMNIST": 0.9293000102043152,
            "normalized_acc/test/EMNIST": 0.93462735414505
        }
    ],
    "avg": [
        {
            "acc/test/avg": 0.9165906012058258,
            "normalized_acc/test/avg": 0.9645034670829773
        }
    ]
}