{
    "PCAM": [
        {
            "acc/test/PCAM_epoch": 0.73291015625,
            "loss/test/PCAM_epoch": 0.49450695514678955,
            "acc/test/PCAM": 0.73291015625,
            "normalized_acc/test/PCAM": 0.826058566570282
        }
    ],
    "Food101": [
        {
            "acc/test/Food101_epoch": 0.9009901285171509,
            "loss/test/Food101_epoch": 0.3379334807395935,
            "acc/test/Food101": 0.9009901285171509,
            "normalized_acc/test/Food101": 0.9911990761756897
        }
    ],
    "avg": [
        {
            "acc/test/avg": 0.8169501423835754,
            "normalized_acc/test/avg": 0.9086288213729858
        }
    ]
}