{
    "RESISC45": [
        {
            "acc/test/RESISC45_epoch": 0.7890475988388062,
            "loss/test/RESISC45_epoch": 0.6771142482757568,
            "acc/test/RESISC45": 0.7890475988388062,
            "normalized_acc/test/RESISC45": 0.8162561655044556
        }
    ],
    "PCAM": [
        {
            "acc/test/PCAM_epoch": 0.738922119140625,
            "loss/test/PCAM_epoch": 0.48145729303359985,
            "acc/test/PCAM": 0.738922119140625,
            "normalized_acc/test/PCAM": 0.8328346014022827
        }
    ],
    "avg": [
        {
            "acc/test/avg": 0.7639848589897156,
            "normalized_acc/test/avg": 0.8245453834533691
        }
    ]
}