{
    "SUN397": [
        {
            "acc/test/SUN397_epoch": 0.6995970010757446,
            "loss/test/SUN397_epoch": 1.0233583450317383,
            "acc/test/SUN397": 0.6995970010757446,
            "normalized_acc/test/SUN397": 0.8872349262237549
        }
    ],
    "EMNIST": [
        {
            "acc/test/EMNIST_epoch": 0.9466999769210815,
            "loss/test/EMNIST_epoch": 0.5085324048995972,
            "acc/test/EMNIST": 0.9466999769210815,
            "normalized_acc/test/EMNIST": 0.9521270990371704
        }
    ],
    "avg": [
        {
            "acc/test/avg": 0.8231484889984131,
            "normalized_acc/test/avg": 0.9196810126304626
        }
    ]
}