{
    "SUN397": [
        {
            "acc/test/SUN397_epoch": 0.7032241821289062,
            "loss/test/SUN397_epoch": 1.0166815519332886,
            "acc/test/SUN397": 0.7032241821289062,
            "normalized_acc/test/SUN397": 0.8918349146842957
        }
    ],
    "GTSRB": [
        {
            "acc/test/GTSRB_epoch": 0.6734758615493774,
            "loss/test/GTSRB_epoch": 1.1942907571792603,
            "acc/test/GTSRB": 0.6734758615493774,
            "normalized_acc/test/GTSRB": 0.6808612942695618
        }
    ],
    "avg": [
        {
            "acc/test/avg": 0.6883500218391418,
            "normalized_acc/test/avg": 0.7863481044769287
        }
    ]
}