{
    "RESISC45": [
        {
            "acc/test/RESISC45_epoch": 0.8046031594276428,
            "loss/test/RESISC45_epoch": 0.6106680631637573,
            "acc/test/RESISC45": 0.8046031594276428,
            "normalized_acc/test/RESISC45": 0.832348108291626
        }
    ],
    "EMNIST": [
        {
            "acc/test/EMNIST_epoch": 0.9491999745368958,
            "loss/test/EMNIST_epoch": 0.47260791063308716,
            "acc/test/EMNIST": 0.9491999745368958,
            "normalized_acc/test/EMNIST": 0.9546414017677307
        }
    ],
    "avg": [
        {
            "acc/test/avg": 0.8769015669822693,
            "normalized_acc/test/avg": 0.8934947550296783
        }
    ]
}