{
    "CIFAR10": [
        {
            "acc/test/CIFAR10_epoch": 0.9624000191688538,
            "loss/test/CIFAR10_epoch": 0.11765952408313751,
            "acc/test/CIFAR10": 0.9624000191688538,
            "normalized_acc/test/CIFAR10": 0.9804401397705078
        }
    ],
    "FashionMNIST": [
        {
            "acc/test/FashionMNIST_epoch": 0.8449000120162964,
            "loss/test/FashionMNIST_epoch": 0.45220863819122314,
            "acc/test/FashionMNIST": 0.8449000120162964,
            "normalized_acc/test/FashionMNIST": 0.887499988079071
        }
    ],
    "avg": [
        {
            "acc/test/avg": 0.9036500155925751,
            "normalized_acc/test/avg": 0.9339700639247894
        }
    ]
}