{
    "RESISC45": [
        {
            "acc/test/RESISC45_epoch": 0.7914285659790039,
            "loss/test/RESISC45_epoch": 0.6651130318641663,
            "acc/test/RESISC45": 0.7914285659790039,
            "normalized_acc/test/RESISC45": 0.818719208240509
        }
    ],
    "SVHN": [
        {
            "acc/test/SVHN_epoch": 0.8285571336746216,
            "loss/test/SVHN_epoch": 0.8179939389228821,
            "acc/test/SVHN": 0.8285571336746216,
            "normalized_acc/test/SVHN": 0.8499093651771545
        }
    ],
    "avg": [
        {
            "acc/test/avg": 0.8099928498268127,
            "normalized_acc/test/avg": 0.8343142867088318
        }
    ]
}