{
    "EuroSAT": [
        {
            "acc/test/EuroSAT_epoch": 0.8577777743339539,
            "loss/test/EuroSAT_epoch": 0.6260980367660522,
            "acc/test/EuroSAT": 0.8577777743339539,
            "normalized_acc/test/EuroSAT": 0.8657944202423096
        }
    ],
    "PCAM": [
        {
            "acc/test/PCAM_epoch": 0.770233154296875,
            "loss/test/PCAM_epoch": 0.45140573382377625,
            "acc/test/PCAM": 0.770233154296875,
            "normalized_acc/test/PCAM": 0.8681250810623169
        }
    ],
    "avg": [
        {
            "acc/test/avg": 0.8140054643154144,
            "normalized_acc/test/avg": 0.8669597506523132
        }
    ]
}