{
    "GTSRB": [
        {
            "acc/test/GTSRB_epoch": 0.9874109029769897,
            "loss/test/GTSRB_epoch": 0.0559772364795208,
            "acc/test/GTSRB": 0.9874109029769897,
            "normalized_acc/test/GTSRB": 0.9982390403747559
        }
    ],
    "OxfordIIITPet": [
        {
            "acc/test/OxfordIIITPet_epoch": 0.9468520283699036,
            "loss/test/OxfordIIITPet_epoch": 0.22360050678253174,
            "acc/test/OxfordIIITPet": 0.9468520283699036,
            "normalized_acc/test/OxfordIIITPet": 0.9962718486785889
        }
    ],
    "avg": [
        {
            "acc/test/avg": 0.9671314656734467,
            "normalized_acc/test/avg": 0.9972554445266724
        }
    ]
}