{
    "SUN397": [
        {
            "acc/test/SUN397_epoch": 0.7895717620849609,
            "loss/test/SUN397_epoch": 0.820041298866272,
            "acc/test/SUN397": 0.7895717620849609,
            "normalized_acc/test/SUN397": 1.001341700553894
        }
    ],
    "Flowers102": [
        {
            "acc/test/Flowers102_epoch": 0.9186859726905823,
            "loss/test/Flowers102_epoch": 0.3133648633956909,
            "acc/test/Flowers102": 0.9186859726905823,
            "normalized_acc/test/Flowers102": 0.9749740958213806
        }
    ],
    "avg": [
        {
            "acc/test/avg": 0.8541288673877716,
            "normalized_acc/test/avg": 0.9881578981876373
        }
    ]
}