{
    "DTD": [
        {
            "acc/test/DTD_epoch": 0.776063859462738,
            "loss/test/DTD_epoch": 0.9667332172393799,
            "acc/test/DTD": 0.776063859462738,
            "normalized_acc/test/DTD": 0.9364569783210754
        }
    ],
    "KMNIST": [
        {
            "acc/test/KMNIST_epoch": 0.9801999926567078,
            "loss/test/KMNIST_epoch": 0.07931842654943466,
            "acc/test/KMNIST": 0.9801999926567078,
            "normalized_acc/test/KMNIST": 0.9966446161270142
        }
    ],
    "avg": [
        {
            "acc/test/avg": 0.8781319260597229,
            "normalized_acc/test/avg": 0.9665507972240448
        }
    ]
}