{
    "CIFAR100": [
        {
            "acc/test/CIFAR100_epoch": 0.8720999956130981,
            "loss/test/CIFAR100_epoch": 0.4958052337169647,
            "acc/test/CIFAR100": 0.8720999956130981,
            "normalized_acc/test/CIFAR100": 0.976923942565918
        }
    ],
    "CIFAR10": [
        {
            "acc/test/CIFAR10_epoch": 0.9843999743461609,
            "loss/test/CIFAR10_epoch": 0.06332080811262131,
            "acc/test/CIFAR10": 0.9843999743461609,
            "normalized_acc/test/CIFAR10": 1.002852439880371
        }
    ],
    "avg": [
        {
            "acc/test/avg": 0.9282499849796295,
            "normalized_acc/test/avg": 0.9898881912231445
        }
    ]
}