{
    "OxfordIIITPet": [
        {
            "acc/test/OxfordIIITPet_epoch": 0.9392204880714417,
            "loss/test/OxfordIIITPet_epoch": 0.2538530230522156,
            "acc/test/OxfordIIITPet": 0.9392204880714417,
            "normalized_acc/test/OxfordIIITPet": 0.9882420301437378
        }
    ],
    "KMNIST": [
        {
            "acc/test/KMNIST_epoch": 0.9811000227928162,
            "loss/test/KMNIST_epoch": 0.08054207265377045,
            "acc/test/KMNIST": 0.9811000227928162,
            "normalized_acc/test/KMNIST": 0.9975597262382507
        }
    ],
    "avg": [
        {
            "acc/test/avg": 0.9601602554321289,
            "normalized_acc/test/avg": 0.9929008781909943
        }
    ]
}