{
    "DTD": [
        {
            "acc/test/DTD_epoch": 0.8106383085250854,
            "loss/test/DTD_epoch": 0.8398392200469971,
            "acc/test/DTD": 0.8106383085250854,
            "normalized_acc/test/DTD": 0.9781771302223206
        }
    ],
    "Flowers102": [
        {
            "acc/test/Flowers102_epoch": 0.9120182394981384,
            "loss/test/Flowers102_epoch": 0.3365175724029541,
            "acc/test/Flowers102": 0.9120182394981384,
            "normalized_acc/test/Flowers102": 0.9678978323936462
        }
    ],
    "avg": [
        {
            "acc/test/avg": 0.8613282740116119,
            "normalized_acc/test/avg": 0.9730374813079834
        }
    ]
}