{
    "DTD": [
        {
            "acc/test/DTD_epoch": 0.818617045879364,
            "loss/test/DTD_epoch": 0.8209126591682434,
            "acc/test/DTD": 0.818617045879364,
            "normalized_acc/test/DTD": 0.9878048896789551
        }
    ],
    "RenderedSST2": [
        {
            "acc/test/RenderedSST2_epoch": 0.7858319878578186,
            "loss/test/RenderedSST2_epoch": 0.8939968347549438,
            "acc/test/RenderedSST2": 0.7858319878578186,
            "normalized_acc/test/RenderedSST2": 1.018505334854126
        }
    ],
    "avg": [
        {
            "acc/test/avg": 0.8022245168685913,
            "normalized_acc/test/avg": 1.0031551122665405
        }
    ]
}