{
    "CIFAR100": [
        {
            "acc/test/CIFAR100_epoch": 0.8820000290870667,
            "loss/test/CIFAR100_epoch": 0.5226494073867798,
            "acc/test/CIFAR100": 0.8820000290870667,
            "normalized_acc/test/CIFAR100": 0.9880139231681824
        }
    ],
    "Food101": [
        {
            "acc/test/Food101_epoch": 0.886495053768158,
            "loss/test/Food101_epoch": 0.46602267026901245,
            "acc/test/Food101": 0.886495053768158,
            "normalized_acc/test/Food101": 0.9752527475357056
        }
    ],
    "avg": [
        {
            "acc/test/avg": 0.8842475414276123,
            "normalized_acc/test/avg": 0.981633335351944
        }
    ]
}