{
    "SUN397": [
        {
            "acc/test/SUN397_epoch": 0.7596977353096008,
            "loss/test/SUN397_epoch": 0.8947045207023621,
            "acc/test/SUN397": 0.7596977353096008,
            "normalized_acc/test/SUN397": 0.9634551405906677
        }
    ],
    "FashionMNIST": [
        {
            "acc/test/FashionMNIST_epoch": 0.9490000009536743,
            "loss/test/FashionMNIST_epoch": 0.19132187962532043,
            "acc/test/FashionMNIST": 0.9490000009536743,
            "normalized_acc/test/FashionMNIST": 0.9968487024307251
        }
    ],
    "avg": [
        {
            "acc/test/avg": 0.8543488681316376,
            "normalized_acc/test/avg": 0.9801519215106964
        }
    ]
}