{
    "Cars": [
        {
            "acc/test/Cars_epoch": 0.8506404757499695,
            "loss/test/Cars_epoch": 0.5144674181938171,
            "acc/test/Cars": 0.8506404757499695,
            "normalized_acc/test/Cars": 0.9914480447769165
        }
    ],
    "KMNIST": [
        {
            "acc/test/KMNIST_epoch": 0.9764000177383423,
            "loss/test/KMNIST_epoch": 0.09444793313741684,
            "acc/test/KMNIST": 0.9764000177383423,
            "normalized_acc/test/KMNIST": 0.9927809238433838
        }
    ],
    "avg": [
        {
            "acc/test/avg": 0.9135202467441559,
            "normalized_acc/test/avg": 0.9921144843101501
        }
    ]
}