{
    "EuroSAT": [
        {
            "acc/test/EuroSAT_epoch": 0.9892592430114746,
            "loss/test/EuroSAT_epoch": 0.03799895942211151,
            "acc/test/EuroSAT": 0.9892592430114746,
            "normalized_acc/test/EuroSAT": 0.9985046982765198
        }
    ],
    "Flowers102": [
        {
            "acc/test/Flowers102_epoch": 0.9073020219802856,
            "loss/test/Flowers102_epoch": 0.3776518404483795,
            "acc/test/Flowers102": 0.9073020219802856,
            "normalized_acc/test/Flowers102": 0.9628926515579224
        }
    ],
    "avg": [
        {
            "acc/test/avg": 0.9482806324958801,
            "normalized_acc/test/avg": 0.9806986749172211
        }
    ]
}