{
    "EuroSAT": [
        {
            "acc/test/EuroSAT_epoch": 0.9818518757820129,
            "loss/test/EuroSAT_epoch": 0.0653328076004982,
            "acc/test/EuroSAT": 0.9818518757820129,
            "normalized_acc/test/EuroSAT": 0.9910280704498291
        }
    ],
    "KMNIST": [
        {
            "acc/test/KMNIST_epoch": 0.9754999876022339,
            "loss/test/KMNIST_epoch": 0.09873834997415543,
            "acc/test/KMNIST": 0.9754999876022339,
            "normalized_acc/test/KMNIST": 0.9918657541275024
        }
    ],
    "avg": [
        {
            "acc/test/avg": 0.9786759316921234,
            "normalized_acc/test/avg": 0.9914469122886658
        }
    ]
}