{
    "Flowers102": [
        {
            "acc/test/Flowers102_epoch": 0.8829078078269958,
            "loss/test/Flowers102_epoch": 0.45139825344085693,
            "acc/test/Flowers102": 0.8829078078269958,
            "normalized_acc/test/Flowers102": 0.9370037913322449
        }
    ],
    "EMNIST": [
        {
            "acc/test/EMNIST_epoch": 0.9965999722480774,
            "loss/test/EMNIST_epoch": 0.028729384765028954,
            "acc/test/EMNIST": 0.9965999722480774,
            "normalized_acc/test/EMNIST": 1.0023131370544434
        }
    ],
    "avg": [
        {
            "acc/test/avg": 0.9397538900375366,
            "normalized_acc/test/avg": 0.9696584641933441
        }
    ]
}