{
    "GTSRB": [
        {
            "acc/test/GTSRB_epoch": 0.9709421992301941,
            "loss/test/GTSRB_epoch": 0.11067741364240646,
            "acc/test/GTSRB": 0.9709421992301941,
            "normalized_acc/test/GTSRB": 0.9815897345542908
        }
    ],
    "KMNIST": [
        {
            "acc/test/KMNIST_epoch": 0.9714999794960022,
            "loss/test/KMNIST_epoch": 0.11041982471942902,
            "acc/test/KMNIST": 0.9714999794960022,
            "normalized_acc/test/KMNIST": 0.9877986311912537
        }
    ],
    "avg": [
        {
            "acc/test/avg": 0.9712210893630981,
            "normalized_acc/test/avg": 0.9846941828727722
        }
    ]
}