{
    "SUN397": [
        {
            "acc/test/SUN397_epoch": 0.7574810981750488,
            "loss/test/SUN397_epoch": 0.9498167634010315,
            "acc/test/SUN397": 0.7574810981750488,
            "normalized_acc/test/SUN397": 0.960644006729126
        }
    ],
    "MNIST": [
        {
            "acc/test/MNIST_epoch": 0.996399998664856,
            "loss/test/MNIST_epoch": 0.027282608672976494,
            "acc/test/MNIST": 0.996399998664856,
            "normalized_acc/test/MNIST": 0.9998996257781982
        }
    ],
    "avg": [
        {
            "acc/test/avg": 0.8769405484199524,
            "normalized_acc/test/avg": 0.9802718162536621
        }
    ]
}