{
    "SVHN": [
        {
            "acc/test/SVHN_epoch": 0.9599339365959167,
            "loss/test/SVHN_epoch": 0.16621074080467224,
            "acc/test/SVHN": 0.9599339365959167,
            "normalized_acc/test/SVHN": 0.9846717715263367
        }
    ],
    "MNIST": [
        {
            "acc/test/MNIST_epoch": 0.994700014591217,
            "loss/test/MNIST_epoch": 0.029661837965250015,
            "acc/test/MNIST": 0.994700014591217,
            "normalized_acc/test/MNIST": 0.9981936812400818
        }
    ],
    "avg": [
        {
            "acc/test/avg": 0.9773169755935669,
            "normalized_acc/test/avg": 0.9914327263832092
        }
    ]
}