{
    "DTD": [
        {
            "acc/test/DTD_epoch": 0.7345744967460632,
            "loss/test/DTD_epoch": 0.9607466459274292,
            "acc/test/DTD": 0.7345744967460632,
            "normalized_acc/test/DTD": 0.8863928318023682
        }
    ],
    "RenderedSST2": [
        {
            "acc/test/RenderedSST2_epoch": 0.7775947451591492,
            "loss/test/RenderedSST2_epoch": 0.5347086787223816,
            "acc/test/RenderedSST2": 0.7775947451591492,
            "normalized_acc/test/RenderedSST2": 1.007829189300537
        }
    ],
    "avg": [
        {
            "acc/test/avg": 0.7560846209526062,
            "normalized_acc/test/avg": 0.9471110105514526
        }
    ]
}