{
    "SUN397": [
        {
            "acc/test/SUN397_epoch": 0.766045331954956,
            "loss/test/SUN397_epoch": 0.8367595672607422,
            "acc/test/SUN397": 0.766045331954956,
            "normalized_acc/test/SUN397": 0.9715052247047424
        }
    ],
    "RenderedSST2": [
        {
            "acc/test/RenderedSST2_epoch": 0.7775947451591492,
            "loss/test/RenderedSST2_epoch": 0.521781325340271,
            "acc/test/RenderedSST2": 0.7775947451591492,
            "normalized_acc/test/RenderedSST2": 1.007829189300537
        }
    ],
    "avg": [
        {
            "acc/test/avg": 0.7718200385570526,
            "normalized_acc/test/avg": 0.9896672070026398
        }
    ]
}