{
    "SUN397": [
        {
            "acc/test/SUN397_epoch": 0.75471031665802,
            "loss/test/SUN397_epoch": 0.8936251401901245,
            "acc/test/SUN397": 0.75471031665802,
            "normalized_acc/test/SUN397": 0.9571300745010376
        }
    ],
    "GTSRB": [
        {
            "acc/test/GTSRB_epoch": 0.9732383489608765,
            "loss/test/GTSRB_epoch": 0.1213642954826355,
            "acc/test/GTSRB": 0.9732383489608765,
            "normalized_acc/test/GTSRB": 0.9839110374450684
        }
    ],
    "avg": [
        {
            "acc/test/avg": 0.8639743328094482,
            "normalized_acc/test/avg": 0.970520555973053
        }
    ]
}