{
    "RESISC45": [
        {
            "acc/test/RESISC45_epoch": 0.9377777576446533,
            "loss/test/RESISC45_epoch": 0.20185866951942444,
            "acc/test/RESISC45": 0.9377777576446533,
            "normalized_acc/test/RESISC45": 0.9701149463653564
        }
    ],
    "STL10": [
        {
            "acc/test/STL10_epoch": 0.9884999990463257,
            "loss/test/STL10_epoch": 0.03413823992013931,
            "acc/test/STL10": 0.9884999990463257,
            "normalized_acc/test/STL10": 1.000632643699646
        }
    ],
    "avg": [
        {
            "acc/test/avg": 0.9631388783454895,
            "normalized_acc/test/avg": 0.9853737950325012
        }
    ]
}