{
    "CIFAR10": [
        {
            "acc/test/CIFAR10_epoch": 0.9829999804496765,
            "loss/test/CIFAR10_epoch": 0.05273701250553131,
            "acc/test/CIFAR10": 0.9829999804496765,
            "normalized_acc/test/CIFAR10": 1.0014262199401855
        }
    ],
    "RenderedSST2": [
        {
            "acc/test/RenderedSST2_epoch": 0.7814387679100037,
            "loss/test/RenderedSST2_epoch": 0.47865766286849976,
            "acc/test/RenderedSST2": 0.7814387679100037,
            "normalized_acc/test/RenderedSST2": 1.012811303138733
        }
    ],
    "avg": [
        {
            "acc/test/avg": 0.8822193741798401,
            "normalized_acc/test/avg": 1.0071187615394592
        }
    ]
}