{
    "STL10": [
        {
            "acc/test/STL10_epoch": 0.9832500219345093,
            "loss/test/STL10_epoch": 0.05101407691836357,
            "acc/test/STL10": 0.9832500219345093,
            "normalized_acc/test/STL10": 0.9953182935714722
        }
    ],
    "FashionMNIST": [
        {
            "acc/test/FashionMNIST_epoch": 0.9290000200271606,
            "loss/test/FashionMNIST_epoch": 0.19680048525333405,
            "acc/test/FashionMNIST": 0.9290000200271606,
            "normalized_acc/test/FashionMNIST": 0.9758403301239014
        }
    ],
    "avg": [
        {
            "acc/test/avg": 0.956125020980835,
            "normalized_acc/test/avg": 0.9855793118476868
        }
    ]
}