{
    "PCAM": [
        {
            "acc/test/PCAM_epoch": 0.87890625,
            "loss/test/PCAM_epoch": 0.28880468010902405,
            "acc/test/PCAM": 0.87890625,
            "normalized_acc/test/PCAM": 0.9906098246574402
        }
    ],
    "OxfordIIITPet": [
        {
            "acc/test/OxfordIIITPet_epoch": 0.9157808423042297,
            "loss/test/OxfordIIITPet_epoch": 0.24212874472141266,
            "acc/test/OxfordIIITPet": 0.9157808423042297,
            "normalized_acc/test/OxfordIIITPet": 0.9635789394378662
        }
    ],
    "avg": [
        {
            "acc/test/avg": 0.8973435461521149,
            "normalized_acc/test/avg": 0.9770943820476532
        }
    ]
}