{
    "STL10": [
        {
            "acc/test/STL10_epoch": 0.9836249947547913,
            "loss/test/STL10_epoch": 0.051878415048122406,
            "acc/test/STL10": 0.9836249947547913,
            "normalized_acc/test/STL10": 0.9956978559494019
        }
    ],
    "KMNIST": [
        {
            "acc/test/KMNIST_epoch": 0.8901000022888184,
            "loss/test/KMNIST_epoch": 0.5495101809501648,
            "acc/test/KMNIST": 0.8901000022888184,
            "normalized_acc/test/KMNIST": 0.9050330519676208
        }
    ],
    "avg": [
        {
            "acc/test/avg": 0.9368624985218048,
            "normalized_acc/test/avg": 0.9503654539585114
        }
    ]
}