{
    "Cars": [
        {
            "acc/test/Cars_epoch": 0.8359656929969788,
            "loss/test/Cars_epoch": 0.5163511633872986,
            "acc/test/Cars": 0.8359656929969788,
            "normalized_acc/test/Cars": 0.9743441343307495
        }
    ],
    "FER2013": [
        {
            "acc/test/FER2013_epoch": 0.707718014717102,
            "loss/test/FER2013_epoch": 0.9414059519767761,
            "acc/test/FER2013": 0.707718014717102,
            "normalized_acc/test/FER2013": 0.9599395394325256
        }
    ],
    "avg": [
        {
            "acc/test/avg": 0.7718418538570404,
            "normalized_acc/test/avg": 0.9671418368816376
        }
    ]
}