{
    "OxfordIIITPet": [
        {
            "acc/test/OxfordIIITPet_epoch": 0.9403107166290283,
            "loss/test/OxfordIIITPet_epoch": 0.19165055453777313,
            "acc/test/OxfordIIITPet": 0.9403107166290283,
            "normalized_acc/test/OxfordIIITPet": 0.9893891215324402
        }
    ],
    "EMNIST": [
        {
            "acc/test/EMNIST_epoch": 0.9952999949455261,
            "loss/test/EMNIST_epoch": 0.04736367613077164,
            "acc/test/EMNIST": 0.9952999949455261,
            "normalized_acc/test/EMNIST": 1.00100576877594
        }
    ],
    "avg": [
        {
            "acc/test/avg": 0.9678053557872772,
            "normalized_acc/test/avg": 0.9951974451541901
        }
    ]
}