{
    "FashionMNIST": [
        {
            "acc/test/FashionMNIST_epoch": 0.9333999752998352,
            "loss/test/FashionMNIST_epoch": 0.18792691826820374,
            "acc/test/FashionMNIST": 0.9333999752998352,
            "normalized_acc/test/FashionMNIST": 0.9804621338844299
        }
    ],
    "RenderedSST2": [
        {
            "acc/test/RenderedSST2_epoch": 0.7830862402915955,
            "loss/test/RenderedSST2_epoch": 0.4815451204776764,
            "acc/test/RenderedSST2": 0.7830862402915955,
            "normalized_acc/test/RenderedSST2": 1.0149465799331665
        }
    ],
    "avg": [
        {
            "acc/test/avg": 0.8582431077957153,
            "normalized_acc/test/avg": 0.9977043569087982
        }
    ]
}