{
    "SVHN": [
        {
            "acc/test/SVHN_epoch": 0.9702673554420471,
            "loss/test/SVHN_epoch": 0.13858066499233246,
            "acc/test/SVHN": 0.9702673554420471,
            "normalized_acc/test/SVHN": 0.9952715039253235
        }
    ],
    "DTD": [
        {
            "acc/test/DTD_epoch": 0.6712765693664551,
            "loss/test/DTD_epoch": 1.218461036682129,
            "acc/test/DTD": 0.6712765693664551,
            "normalized_acc/test/DTD": 0.8100127577781677
        }
    ],
    "avg": [
        {
            "acc/test/avg": 0.8207719624042511,
            "normalized_acc/test/avg": 0.9026421308517456
        }
    ]
}