{
    "PCAM": [
        {
            "acc/test/PCAM_epoch": 0.88323974609375,
            "loss/test/PCAM_epoch": 0.2723807990550995,
            "acc/test/PCAM": 0.88323974609375,
            "normalized_acc/test/PCAM": 0.9954941272735596
        }
    ],
    "STL10": [
        {
            "acc/test/STL10_epoch": 0.9761250019073486,
            "loss/test/STL10_epoch": 0.0759238451719284,
            "acc/test/STL10": 0.9761250019073486,
            "normalized_acc/test/STL10": 0.9881057739257812
        }
    ],
    "avg": [
        {
            "acc/test/avg": 0.9296823740005493,
            "normalized_acc/test/avg": 0.9917999505996704
        }
    ]
}