{
    "Cars": [
        {
            "acc/test/Cars_epoch": 0.8456659913063049,
            "loss/test/Cars_epoch": 0.4922412037849426,
            "acc/test/Cars": 0.8456659913063049,
            "normalized_acc/test/Cars": 0.9856501221656799
        }
    ],
    "DTD": [
        {
            "acc/test/DTD_epoch": 0.7207446694374084,
            "loss/test/DTD_epoch": 1.0214413404464722,
            "acc/test/DTD": 0.7207446694374084,
            "normalized_acc/test/DTD": 0.8697047233581543
        }
    ],
    "avg": [
        {
            "acc/test/avg": 0.7832053303718567,
            "normalized_acc/test/avg": 0.9276774227619171
        }
    ]
}