{
    "Cars": [
        {
            "acc/test/Cars_epoch": 0.8221614360809326,
            "loss/test/Cars_epoch": 0.5423570275306702,
            "acc/test/Cars": 0.8221614360809326,
            "normalized_acc/test/Cars": 0.9582548141479492
        }
    ],
    "FashionMNIST": [
        {
            "acc/test/FashionMNIST_epoch": 0.9307000041007996,
            "loss/test/FashionMNIST_epoch": 0.191177099943161,
            "acc/test/FashionMNIST": 0.9307000041007996,
            "normalized_acc/test/FashionMNIST": 0.9776260256767273
        }
    ],
    "avg": [
        {
            "acc/test/avg": 0.8764307200908661,
            "normalized_acc/test/avg": 0.9679404199123383
        }
    ]
}