{
    "OxfordIIITPet": [
        {
            "acc/test/OxfordIIITPet_epoch": 0.9272281527519226,
            "loss/test/OxfordIIITPet_epoch": 0.21894896030426025,
            "acc/test/OxfordIIITPet": 0.9272281527519226,
            "normalized_acc/test/OxfordIIITPet": 0.9756237268447876
        }
    ],
    "CIFAR10": [
        {
            "acc/test/CIFAR10_epoch": 0.9824000000953674,
            "loss/test/CIFAR10_epoch": 0.057851873338222504,
            "acc/test/CIFAR10": 0.9824000000953674,
            "normalized_acc/test/CIFAR10": 1.0008150339126587
        }
    ],
    "avg": [
        {
            "acc/test/avg": 0.954814076423645,
            "normalized_acc/test/avg": 0.9882193803787231
        }
    ]
}