{
    "Cars": [
        {
            "acc/test/Cars_epoch": 0.8352195024490356,
            "loss/test/Cars_epoch": 0.506588876247406,
            "acc/test/Cars": 0.8352195024490356,
            "normalized_acc/test/Cars": 0.9734744429588318
        }
    ],
    "EuroSAT": [
        {
            "acc/test/EuroSAT_epoch": 0.9866666793823242,
            "loss/test/EuroSAT_epoch": 0.045244138687849045,
            "acc/test/EuroSAT": 0.9866666793823242,
            "normalized_acc/test/EuroSAT": 0.9958878755569458
        }
    ],
    "avg": [
        {
            "acc/test/avg": 0.9109430909156799,
            "normalized_acc/test/avg": 0.9846811592578888
        }
    ]
}