{
    "RESISC45": [
        {
            "acc/test/RESISC45_epoch": 0.89682537317276,
            "loss/test/RESISC45_epoch": 0.3737591803073883,
            "acc/test/RESISC45": 0.89682537317276,
            "normalized_acc/test/RESISC45": 0.9277504086494446
        }
    ],
    "EuroSAT": [
        {
            "acc/test/EuroSAT_epoch": 0.9792592525482178,
            "loss/test/EuroSAT_epoch": 0.06968824565410614,
            "acc/test/EuroSAT": 0.9792592525482178,
            "normalized_acc/test/EuroSAT": 0.9884112477302551
        }
    ],
    "avg": [
        {
            "acc/test/avg": 0.9380423128604889,
            "normalized_acc/test/avg": 0.9580808281898499
        }
    ]
}