{
    "SVHN": [
        {
            "acc/test/SVHN_epoch": 0.9671558141708374,
            "loss/test/SVHN_epoch": 0.15779182314872742,
            "acc/test/SVHN": 0.9671558141708374,
            "normalized_acc/test/SVHN": 0.9920797944068909
        }
    ],
    "STL10": [
        {
            "acc/test/STL10_epoch": 0.984624981880188,
            "loss/test/STL10_epoch": 0.05009153112769127,
            "acc/test/STL10": 0.984624981880188,
            "normalized_acc/test/STL10": 0.9967101216316223
        }
    ],
    "avg": [
        {
            "acc/test/avg": 0.9758903980255127,
            "normalized_acc/test/avg": 0.9943949580192566
        }
    ]
}