{
    "OxfordIIITPet": [
        {
            "acc/test/OxfordIIITPet_epoch": 0.9370400905609131,
            "loss/test/OxfordIIITPet_epoch": 0.19344602525234222,
            "acc/test/OxfordIIITPet": 0.9370400905609131,
            "normalized_acc/test/OxfordIIITPet": 0.9859477877616882
        }
    ],
    "Food101": [
        {
            "acc/test/Food101_epoch": 0.9194455742835999,
            "loss/test/Food101_epoch": 0.3074144423007965,
            "acc/test/Food101": 0.9194455742835999,
            "normalized_acc/test/Food101": 1.0115022659301758
        }
    ],
    "avg": [
        {
            "acc/test/avg": 0.9282428324222565,
            "normalized_acc/test/avg": 0.998725026845932
        }
    ]
}