{
    "Cars": [
        {
            "acc/test/Cars_epoch": 0.8251461386680603,
            "loss/test/Cars_epoch": 0.5364967584609985,
            "acc/test/Cars": 0.8251461386680603,
            "normalized_acc/test/Cars": 0.9617335796356201
        }
    ],
    "EMNIST": [
        {
            "acc/test/EMNIST_epoch": 0.995199978351593,
            "loss/test/EMNIST_epoch": 0.052421942353248596,
            "acc/test/EMNIST": 0.995199978351593,
            "normalized_acc/test/EMNIST": 1.000905156135559
        }
    ],
    "avg": [
        {
            "acc/test/avg": 0.9101730585098267,
            "normalized_acc/test/avg": 0.9813193678855896
        }
    ]
}