{
    "MNIST": [
        {
            "acc/test/MNIST_epoch": 0.9939000010490417,
            "loss/test/MNIST_epoch": 0.04054221883416176,
            "acc/test/MNIST": 0.9939000010490417,
            "normalized_acc/test/MNIST": 0.997390866279602
        }
    ],
    "DTD": [
        {
            "acc/test/DTD_epoch": 0.6882978677749634,
            "loss/test/DTD_epoch": 1.1914278268814087,
            "acc/test/DTD": 0.6882978677749634,
            "normalized_acc/test/DTD": 0.8305519819259644
        }
    ],
    "avg": [
        {
            "acc/test/avg": 0.8410989344120026,
            "normalized_acc/test/avg": 0.9139714241027832
        }
    ]
}