{
    "GTSRB": [
        {
            "acc/test/GTSRB_epoch": 0.9693586826324463,
            "loss/test/GTSRB_epoch": 0.12863442301750183,
            "acc/test/GTSRB": 0.9693586826324463,
            "normalized_acc/test/GTSRB": 0.9799888134002686
        }
    ],
    "FER2013": [
        {
            "acc/test/FER2013_epoch": 0.6942045092582703,
            "loss/test/FER2013_epoch": 1.0658576488494873,
            "acc/test/FER2013": 0.6942045092582703,
            "normalized_acc/test/FER2013": 0.9416099786758423
        }
    ],
    "avg": [
        {
            "acc/test/avg": 0.8317815959453583,
            "normalized_acc/test/avg": 0.9607993960380554
        }
    ]
}