{
    "FashionMNIST": [
        {
            "acc/test/FashionMNIST_epoch": 0.9074000120162964,
            "loss/test/FashionMNIST_epoch": 0.2969483733177185,
            "acc/test/FashionMNIST": 0.9074000120162964,
            "normalized_acc/test/FashionMNIST": 0.9531512260437012
        }
    ],
    "EMNIST": [
        {
            "acc/test/EMNIST_epoch": 0.9932000041007996,
            "loss/test/EMNIST_epoch": 0.07066414505243301,
            "acc/test/EMNIST": 0.9932000041007996,
            "normalized_acc/test/EMNIST": 0.998893678188324
        }
    ],
    "avg": [
        {
            "acc/test/avg": 0.950300008058548,
            "normalized_acc/test/avg": 0.9760224521160126
        }
    ]
}