{
    "SUN397": [
        {
            "acc/test/SUN397_epoch": 0.7548111081123352,
            "loss/test/SUN397_epoch": 0.8923709988594055,
            "acc/test/SUN397": 0.7548111081123352,
            "normalized_acc/test/SUN397": 0.9572579264640808
        }
    ],
    "Food101": [
        {
            "acc/test/Food101_epoch": 0.9139801859855652,
            "loss/test/Food101_epoch": 0.3353281319141388,
            "acc/test/Food101": 0.9139801859855652,
            "normalized_acc/test/Food101": 1.005489706993103
        }
    ],
    "avg": [
        {
            "acc/test/avg": 0.8343956470489502,
            "normalized_acc/test/avg": 0.9813738167285919
        }
    ]
}