{
    "STL10": [
        {
            "acc/test/STL10_epoch": 0.981249988079071,
            "loss/test/STL10_epoch": 0.05596628040075302,
            "acc/test/STL10": 0.981249988079071,
            "normalized_acc/test/STL10": 0.9932937026023865
        }
    ],
    "FashionMNIST": [
        {
            "acc/test/FashionMNIST_epoch": 0.9240000247955322,
            "loss/test/FashionMNIST_epoch": 0.22217267751693726,
            "acc/test/FashionMNIST": 0.9240000247955322,
            "normalized_acc/test/FashionMNIST": 0.9705882668495178
        }
    ],
    "avg": [
        {
            "acc/test/avg": 0.9526250064373016,
            "normalized_acc/test/avg": 0.9819409847259521
        }
    ]
}