{
    "Cars": [
        {
            "acc/test/Cars_epoch": 0.7761472463607788,
            "loss/test/Cars_epoch": 0.6908330321311951,
            "acc/test/Cars": 0.7761472463607788,
            "normalized_acc/test/Cars": 0.9046238660812378
        }
    ],
    "KMNIST": [
        {
            "acc/test/KMNIST_epoch": 0.9291999936103821,
            "loss/test/KMNIST_epoch": 0.3470517098903656,
            "acc/test/KMNIST": 0.9291999936103821,
            "normalized_acc/test/KMNIST": 0.9447889924049377
        }
    ],
    "avg": [
        {
            "acc/test/avg": 0.8526736199855804,
            "normalized_acc/test/avg": 0.9247064292430878
        }
    ]
}