{
    "Cars": [
        {
            "acc/test/Cars_epoch": 0.7752767205238342,
            "loss/test/Cars_epoch": 0.7220455408096313,
            "acc/test/Cars": 0.7752767205238342,
            "normalized_acc/test/Cars": 0.9036092162132263
        }
    ],
    "STL10": [
        {
            "acc/test/STL10_epoch": 0.9907500147819519,
            "loss/test/STL10_epoch": 0.030639156699180603,
            "acc/test/STL10": 0.9907500147819519,
            "normalized_acc/test/STL10": 1.0029103755950928
        }
    ],
    "avg": [
        {
            "acc/test/avg": 0.8830133676528931,
            "normalized_acc/test/avg": 0.9532597959041595
        }
    ]
}