{
    "SVHN": [
        {
            "acc/test/SVHN_epoch": 0.9680009484291077,
            "loss/test/SVHN_epoch": 0.14834581315517426,
            "acc/test/SVHN": 0.9680009484291077,
            "normalized_acc/test/SVHN": 0.9929466843605042
        }
    ],
    "STL10": [
        {
            "acc/test/STL10_epoch": 0.9833750128746033,
            "loss/test/STL10_epoch": 0.05018647015094757,
            "acc/test/STL10": 0.9833750128746033,
            "normalized_acc/test/STL10": 0.9954447746276855
        }
    ],
    "avg": [
        {
            "acc/test/avg": 0.9756879806518555,
            "normalized_acc/test/avg": 0.9941957294940948
        }
    ]
}