{
    "RESISC45": [
        {
            "acc/test/RESISC45_epoch": 0.8992063403129578,
            "loss/test/RESISC45_epoch": 0.34359803795814514,
            "acc/test/RESISC45": 0.8992063403129578,
            "normalized_acc/test/RESISC45": 0.9302135109901428
        }
    ],
    "SVHN": [
        {
            "acc/test/SVHN_epoch": 0.9670789837837219,
            "loss/test/SVHN_epoch": 0.14696618914604187,
            "acc/test/SVHN": 0.9670789837837219,
            "normalized_acc/test/SVHN": 0.992000937461853
        }
    ],
    "avg": [
        {
            "acc/test/avg": 0.9331426620483398,
            "normalized_acc/test/avg": 0.9611072242259979
        }
    ]
}