{
    "Flowers102": [
        {
            "acc/test/Flowers102_epoch": 0.8281021118164062,
            "loss/test/Flowers102_epoch": 0.7455722093582153,
            "acc/test/Flowers102": 0.8281021118164062,
            "normalized_acc/test/Flowers102": 0.8788401484489441
        }
    ],
    "EMNIST": [
        {
            "acc/test/EMNIST_epoch": 0.996399998664856,
            "loss/test/EMNIST_epoch": 0.04314564913511276,
            "acc/test/EMNIST": 0.996399998664856,
            "normalized_acc/test/EMNIST": 1.0021120309829712
        }
    ],
    "avg": [
        {
            "acc/test/avg": 0.9122510552406311,
            "normalized_acc/test/avg": 0.9404760897159576
        }
    ]
}