{
    "MNIST": [
        {
            "acc/test/MNIST_epoch": 0.9939000010490417,
            "loss/test/MNIST_epoch": 0.04212726280093193,
            "acc/test/MNIST": 0.9939000010490417,
            "normalized_acc/test/MNIST": 0.997390866279602
        }
    ],
    "FER2013": [
        {
            "acc/test/FER2013_epoch": 0.6866815090179443,
            "loss/test/FER2013_epoch": 1.0677810907363892,
            "acc/test/FER2013": 0.6866815090179443,
            "normalized_acc/test/FER2013": 0.9314059019088745
        }
    ],
    "avg": [
        {
            "acc/test/avg": 0.840290755033493,
            "normalized_acc/test/avg": 0.9643983840942383
        }
    ]
}