{
    "SVHN": [
        {
            "acc/test/SVHN_epoch": 0.9620466828346252,
            "loss/test/SVHN_epoch": 0.17620767652988434,
            "acc/test/SVHN": 0.9620466828346252,
            "normalized_acc/test/SVHN": 0.9868389964103699
        }
    ],
    "FashionMNIST": [
        {
            "acc/test/FashionMNIST_epoch": 0.9136999845504761,
            "loss/test/FashionMNIST_epoch": 0.26598843932151794,
            "acc/test/FashionMNIST": 0.9136999845504761,
            "normalized_acc/test/FashionMNIST": 0.9597688913345337
        }
    ],
    "avg": [
        {
            "acc/test/avg": 0.9378733336925507,
            "normalized_acc/test/avg": 0.9733039438724518
        }
    ]
}