{
    "FER2013": [
        {
            "acc/test/FER2013_epoch": 0.6716355681419373,
            "loss/test/FER2013_epoch": 1.06419837474823,
            "acc/test/FER2013": 0.6716355681419373,
            "normalized_acc/test/FER2013": 0.910997748374939
        }
    ],
    "KMNIST": [
        {
            "acc/test/KMNIST_epoch": 0.9277999997138977,
            "loss/test/KMNIST_epoch": 0.35491374135017395,
            "acc/test/KMNIST": 0.9277999997138977,
            "normalized_acc/test/KMNIST": 0.9433655142784119
        }
    ],
    "avg": [
        {
            "acc/test/avg": 0.7997177839279175,
            "normalized_acc/test/avg": 0.9271816313266754
        }
    ]
}