{
    "Cars": [
        {
            "acc/test/Cars_epoch": 0.6393483281135559,
            "loss/test/Cars_epoch": 1.30837881565094,
            "acc/test/Cars": 0.6393483281135559,
            "normalized_acc/test/Cars": 0.7451804280281067
        }
    ],
    "CIFAR10": [
        {
            "acc/test/CIFAR10_epoch": 0.9839000105857849,
            "loss/test/CIFAR10_epoch": 0.060095660388469696,
            "acc/test/CIFAR10": 0.9839000105857849,
            "normalized_acc/test/CIFAR10": 1.0023431777954102
        }
    ],
    "avg": [
        {
            "acc/test/avg": 0.8116241693496704,
            "normalized_acc/test/avg": 0.8737618029117584
        }
    ]
}