{
    "GTSRB": [
        {
            "acc/test/GTSRB_epoch": 0.9726049304008484,
            "loss/test/GTSRB_epoch": 0.12182170897722244,
            "acc/test/GTSRB": 0.9726049304008484,
            "normalized_acc/test/GTSRB": 0.9832706451416016
        }
    ],
    "STL10": [
        {
            "acc/test/STL10_epoch": 0.9861249923706055,
            "loss/test/STL10_epoch": 0.04426022991538048,
            "acc/test/STL10": 0.9861249923706055,
            "normalized_acc/test/STL10": 0.9982285499572754
        }
    ],
    "avg": [
        {
            "acc/test/avg": 0.9793649613857269,
            "normalized_acc/test/avg": 0.9907495975494385
        }
    ]
}