{
    "DTD": [
        {
            "acc/test/DTD_epoch": 0.742553174495697,
            "loss/test/DTD_epoch": 0.9482741355895996,
            "acc/test/DTD": 0.742553174495697,
            "normalized_acc/test/DTD": 0.8960204720497131
        }
    ],
    "OxfordIIITPet": [
        {
            "acc/test/OxfordIIITPet_epoch": 0.9484873414039612,
            "loss/test/OxfordIIITPet_epoch": 0.19106857478618622,
            "acc/test/OxfordIIITPet": 0.9484873414039612,
            "normalized_acc/test/OxfordIIITPet": 0.9979925155639648
        }
    ],
    "avg": [
        {
            "acc/test/avg": 0.8455202579498291,
            "normalized_acc/test/avg": 0.947006493806839
        }
    ]
}