{
    "Food101": [
        {
            "acc/test/Food101_epoch": 0.8991683125495911,
            "loss/test/Food101_epoch": 0.3910159468650818,
            "acc/test/Food101": 0.8991683125495911,
            "normalized_acc/test/Food101": 0.9891948699951172
        }
    ],
    "KMNIST": [
        {
            "acc/test/KMNIST_epoch": 0.9146999716758728,
            "loss/test/KMNIST_epoch": 0.43188294768333435,
            "acc/test/KMNIST": 0.9146999716758728,
            "normalized_acc/test/KMNIST": 0.9300457239151001
        }
    ],
    "avg": [
        {
            "acc/test/avg": 0.9069341421127319,
            "normalized_acc/test/avg": 0.9596202969551086
        }
    ]
}