{
    "SUN397": [
        {
            "acc/test/SUN397_epoch": 0.7374811172485352,
            "loss/test/SUN397_epoch": 0.9271473288536072,
            "acc/test/SUN397": 0.7374811172485352,
            "normalized_acc/test/SUN397": 0.9352798461914062
        }
    ],
    "PCAM": [
        {
            "acc/test/PCAM_epoch": 0.912994384765625,
            "loss/test/PCAM_epoch": 0.20498934388160706,
            "acc/test/PCAM": 0.912994384765625,
            "normalized_acc/test/PCAM": 1.0290303230285645
        }
    ],
    "avg": [
        {
            "acc/test/avg": 0.8252377510070801,
            "normalized_acc/test/avg": 0.9821550846099854
        }
    ]
}