{
    "CIFAR10": [
        {
            "acc/test/CIFAR10_epoch": 0.9815999865531921,
            "loss/test/CIFAR10_epoch": 0.0649934709072113,
            "acc/test/CIFAR10": 0.9815999865531921,
            "normalized_acc/test/CIFAR10": 1.0
        }
    ],
    "Food101": [
        {
            "acc/test/Food101_epoch": 0.8928316831588745,
            "loss/test/Food101_epoch": 0.3981480002403259,
            "acc/test/Food101": 0.8928316831588745,
            "normalized_acc/test/Food101": 0.9822238087654114
        }
    ],
    "avg": [
        {
            "acc/test/avg": 0.9372158348560333,
            "normalized_acc/test/avg": 0.9911119043827057
        }
    ]
}