{
    "MNIST": [
        {
            "acc/test/MNIST_epoch": 0.993399977684021,
            "loss/test/MNIST_epoch": 0.045527536422014236,
            "acc/test/MNIST": 0.993399977684021,
            "normalized_acc/test/MNIST": 0.996889054775238
        }
    ],
    "CIFAR100": [
        {
            "acc/test/CIFAR100_epoch": 0.8167999982833862,
            "loss/test/CIFAR100_epoch": 0.7411259412765503,
            "acc/test/CIFAR100": 0.8167999982833862,
            "normalized_acc/test/CIFAR100": 0.9149770140647888
        }
    ],
    "avg": [
        {
            "acc/test/avg": 0.9050999879837036,
            "normalized_acc/test/avg": 0.9559330344200134
        }
    ]
}