{
    "Cars": [
        {
            "acc/test/Cars_epoch": 0.7474194765090942,
            "loss/test/Cars_epoch": 0.7320266962051392,
            "acc/test/Cars": 0.7474194765090942,
            "normalized_acc/test/Cars": 0.871140718460083
        }
    ],
    "Flowers102": [
        {
            "acc/test/Flowers102_epoch": 0.8711985945701599,
            "loss/test/Flowers102_epoch": 0.5390443801879883,
            "acc/test/Flowers102": 0.8711985945701599,
            "normalized_acc/test/Flowers102": 0.9245771765708923
        }
    ],
    "avg": [
        {
            "acc/test/avg": 0.8093090355396271,
            "normalized_acc/test/avg": 0.8978589475154877
        }
    ]
}