{
    "SUN397": [
        {
            "acc/test/SUN397_epoch": 0.7196473479270935,
            "loss/test/SUN397_epoch": 0.9599283933639526,
            "acc/test/SUN397": 0.7196473479270935,
            "normalized_acc/test/SUN397": 0.912662923336029
        }
    ],
    "EMNIST": [
        {
            "acc/test/EMNIST_epoch": 0.9247000217437744,
            "loss/test/EMNIST_epoch": 0.4271422326564789,
            "acc/test/EMNIST": 0.9247000217437744,
            "normalized_acc/test/EMNIST": 0.9300010204315186
        }
    ],
    "avg": [
        {
            "acc/test/avg": 0.822173684835434,
            "normalized_acc/test/avg": 0.9213319718837738
        }
    ]
}