{
    "RESISC45": [
        {
            "acc/test/RESISC45_epoch": 0.8028571605682373,
            "loss/test/RESISC45_epoch": 0.6386420130729675,
            "acc/test/RESISC45": 0.8028571605682373,
            "normalized_acc/test/RESISC45": 0.8305419087409973
        }
    ],
    "OxfordIIITPet": [
        {
            "acc/test/OxfordIIITPet_epoch": 0.9318615198135376,
            "loss/test/OxfordIIITPet_epoch": 0.2087632715702057,
            "acc/test/OxfordIIITPet": 0.9318615198135376,
            "normalized_acc/test/OxfordIIITPet": 0.9804989695549011
        }
    ],
    "avg": [
        {
            "acc/test/avg": 0.8673593401908875,
            "normalized_acc/test/avg": 0.9055204391479492
        }
    ]
}