{
    "Cars": [
        {
            "acc/test/Cars_epoch": 0.7540106773376465,
            "loss/test/Cars_epoch": 0.713424801826477,
            "acc/test/Cars": 0.7540106773376465,
            "normalized_acc/test/Cars": 0.8788229823112488
        }
    ],
    "EMNIST": [
        {
            "acc/test/EMNIST_epoch": 0.9279000163078308,
            "loss/test/EMNIST_epoch": 0.4104527235031128,
            "acc/test/EMNIST": 0.9279000163078308,
            "normalized_acc/test/EMNIST": 0.9332193732261658
        }
    ],
    "avg": [
        {
            "acc/test/avg": 0.8409553468227386,
            "normalized_acc/test/avg": 0.9060211777687073
        }
    ]
}