{
    "SUN397": [
        {
            "acc/test/SUN397_epoch": 0.7367254495620728,
            "loss/test/SUN397_epoch": 0.8994604349136353,
            "acc/test/SUN397": 0.7367254495620728,
            "normalized_acc/test/SUN397": 0.9343215227127075
        }
    ],
    "CIFAR100": [
        {
            "acc/test/CIFAR100_epoch": 0.8269000053405762,
            "loss/test/CIFAR100_epoch": 0.6299907565116882,
            "acc/test/CIFAR100": 0.8269000053405762,
            "normalized_acc/test/CIFAR100": 0.9262909889221191
        }
    ],
    "avg": [
        {
            "acc/test/avg": 0.7818127274513245,
            "normalized_acc/test/avg": 0.9303062558174133
        }
    ]
}