{
    "STL10": [
        {
            "acc/test/STL10_epoch": 0.9872499704360962,
            "loss/test/STL10_epoch": 0.04074358567595482,
            "acc/test/STL10": 0.9872499704360962,
            "normalized_acc/test/STL10": 0.9993672966957092
        }
    ],
    "Food101": [
        {
            "acc/test/Food101_epoch": 0.9154059290885925,
            "loss/test/Food101_epoch": 0.30954092741012573,
            "acc/test/Food101": 0.9154059290885925,
            "normalized_acc/test/Food101": 1.0070582628250122
        }
    ],
    "avg": [
        {
            "acc/test/avg": 0.9513279497623444,
            "normalized_acc/test/avg": 1.0032127797603607
        }
    ]
}