{
    "FashionMNIST": [
        {
            "acc/test/FashionMNIST_epoch": 0.9067000150680542,
            "loss/test/FashionMNIST_epoch": 0.281886488199234,
            "acc/test/FashionMNIST": 0.9067000150680542,
            "normalized_acc/test/FashionMNIST": 0.952415943145752
        }
    ],
    "KMNIST": [
        {
            "acc/test/KMNIST_epoch": 0.8353000283241272,
            "loss/test/KMNIST_epoch": 0.7940804362297058,
            "acc/test/KMNIST": 0.8353000283241272,
            "normalized_acc/test/KMNIST": 0.8493136763572693
        }
    ],
    "avg": [
        {
            "acc/test/avg": 0.8710000216960907,
            "normalized_acc/test/avg": 0.9008648097515106
        }
    ]
}