{
    "SVHN": [
        {
            "acc/test/SVHN_epoch": 0.9699216485023499,
            "loss/test/SVHN_epoch": 0.14403299987316132,
            "acc/test/SVHN": 0.9699216485023499,
            "normalized_acc/test/SVHN": 0.9949169158935547
        }
    ],
    "OxfordIIITPet": [
        {
            "acc/test/OxfordIIITPet_epoch": 0.9321340918540955,
            "loss/test/OxfordIIITPet_epoch": 0.21461936831474304,
            "acc/test/OxfordIIITPet": 0.9321340918540955,
            "normalized_acc/test/OxfordIIITPet": 0.9807857275009155
        }
    ],
    "avg": [
        {
            "acc/test/avg": 0.9510278701782227,
            "normalized_acc/test/avg": 0.9878513216972351
        }
    ]
}