{
    "SVHN": [
        {
            "acc/test/SVHN_epoch": 0.9510217905044556,
            "loss/test/SVHN_epoch": 0.19627362489700317,
            "acc/test/SVHN": 0.9510217905044556,
            "normalized_acc/test/SVHN": 0.9755299687385559
        }
    ],
    "EMNIST": [
        {
            "acc/test/EMNIST_epoch": 0.9933000206947327,
            "loss/test/EMNIST_epoch": 0.04430793225765228,
            "acc/test/EMNIST": 0.9933000206947327,
            "normalized_acc/test/EMNIST": 0.9989942908287048
        }
    ],
    "avg": [
        {
            "acc/test/avg": 0.9721609055995941,
            "normalized_acc/test/avg": 0.9872621297836304
        }
    ]
}