{
    "SUN397": [
        {
            "acc/test/SUN397_epoch": 0.7520906925201416,
            "loss/test/SUN397_epoch": 0.8934978246688843,
            "acc/test/SUN397": 0.7520906925201416,
            "normalized_acc/test/SUN397": 0.9538078308105469
        }
    ],
    "Food101": [
        {
            "acc/test/Food101_epoch": 0.9175445437431335,
            "loss/test/Food101_epoch": 0.32480207085609436,
            "acc/test/Food101": 0.9175445437431335,
            "normalized_acc/test/Food101": 1.0094109773635864
        }
    ],
    "avg": [
        {
            "acc/test/avg": 0.8348176181316376,
            "normalized_acc/test/avg": 0.9816094040870667
        }
    ]
}