{
    "CIFAR10": [
        {
            "acc/test/CIFAR10_epoch": 0.9810000061988831,
            "loss/test/CIFAR10_epoch": 0.06300125271081924,
            "acc/test/CIFAR10": 0.9810000061988831,
            "normalized_acc/test/CIFAR10": 0.9993887543678284
        }
    ],
    "RenderedSST2": [
        {
            "acc/test/RenderedSST2_epoch": 0.7682592272758484,
            "loss/test/RenderedSST2_epoch": 0.49552035331726074,
            "acc/test/RenderedSST2": 0.7682592272758484,
            "normalized_acc/test/RenderedSST2": 0.9957295656204224
        }
    ],
    "avg": [
        {
            "acc/test/avg": 0.8746296167373657,
            "normalized_acc/test/avg": 0.9975591599941254
        }
    ]
}