{
    "Flowers102": [
        {
            "acc/test/Flowers102_epoch": 0.8632298111915588,
            "loss/test/Flowers102_epoch": 0.5321183800697327,
            "acc/test/Flowers102": 0.8632298111915588,
            "normalized_acc/test/Flowers102": 0.9161201119422913
        }
    ],
    "RenderedSST2": [
        {
            "acc/test/RenderedSST2_epoch": 0.7781438827514648,
            "loss/test/RenderedSST2_epoch": 0.5454457402229309,
            "acc/test/RenderedSST2": 0.7781438827514648,
            "normalized_acc/test/RenderedSST2": 1.0085408687591553
        }
    ],
    "avg": [
        {
            "acc/test/avg": 0.8206868469715118,
            "normalized_acc/test/avg": 0.9623304903507233
        }
    ]
}