{
    "MNIST": [
        {
            "acc/test/MNIST_epoch": 0.9937000274658203,
            "loss/test/MNIST_epoch": 0.07077497243881226,
            "acc/test/MNIST": 0.9937000274658203,
            "normalized_acc/test/MNIST": 0.9971901774406433
        }
    ],
    "PCAM": [
        {
            "acc/test/PCAM_epoch": 0.8984375,
            "loss/test/PCAM_epoch": 0.2353835254907608,
            "acc/test/PCAM": 0.8984375,
            "normalized_acc/test/PCAM": 1.0126234292984009
        }
    ],
    "avg": [
        {
            "acc/test/avg": 0.9460687637329102,
            "normalized_acc/test/avg": 1.004906803369522
        }
    ]
}