{
    "Flowers102": [
        {
            "acc/test/Flowers102_epoch": 0.8409497737884521,
            "loss/test/Flowers102_epoch": 0.6361151933670044,
            "acc/test/Flowers102": 0.8409497737884521,
            "normalized_acc/test/Flowers102": 0.8924749493598938
        }
    ],
    "STL10": [
        {
            "acc/test/STL10_epoch": 0.9903749823570251,
            "loss/test/STL10_epoch": 0.03272801637649536,
            "acc/test/STL10": 0.9903749823570251,
            "normalized_acc/test/STL10": 1.0025306940078735
        }
    ],
    "avg": [
        {
            "acc/test/avg": 0.9156623780727386,
            "normalized_acc/test/avg": 0.9475028216838837
        }
    ]
}