{
    "Flowers102": [
        {
            "acc/test/Flowers102_epoch": 0.7859814763069153,
            "loss/test/Flowers102_epoch": 0.9053512811660767,
            "acc/test/Flowers102": 0.7859814763069153,
            "normalized_acc/test/Flowers102": 0.8341387510299683
        }
    ],
    "CIFAR10": [
        {
            "acc/test/CIFAR10_epoch": 0.98089998960495,
            "loss/test/CIFAR10_epoch": 0.06683506071567535,
            "acc/test/CIFAR10": 0.98089998960495,
            "normalized_acc/test/CIFAR10": 0.9992868900299072
        }
    ],
    "avg": [
        {
            "acc/test/avg": 0.8834407329559326,
            "normalized_acc/test/avg": 0.9167128205299377
        }
    ]
}