{
    "PCAM": [
        {
            "acc/test/PCAM_epoch": 0.86285400390625,
            "loss/test/PCAM_epoch": 0.31823068857192993,
            "acc/test/PCAM": 0.86285400390625,
            "normalized_acc/test/PCAM": 0.9725174307823181
        }
    ],
    "FashionMNIST": [
        {
            "acc/test/FashionMNIST_epoch": 0.9093999862670898,
            "loss/test/FashionMNIST_epoch": 0.2532322406768799,
            "acc/test/FashionMNIST": 0.9093999862670898,
            "normalized_acc/test/FashionMNIST": 0.9552520513534546
        }
    ],
    "avg": [
        {
            "acc/test/avg": 0.8861269950866699,
            "normalized_acc/test/avg": 0.9638847410678864
        }
    ]
}