{
    "Cars": [
        {
            "acc/test/Cars_epoch": 0.809227705001831,
            "loss/test/Cars_epoch": 0.6048538088798523,
            "acc/test/Cars": 0.809227705001831,
            "normalized_acc/test/Cars": 0.9431801438331604
        }
    ],
    "MNIST": [
        {
            "acc/test/MNIST_epoch": 0.9945999979972839,
            "loss/test/MNIST_epoch": 0.04211262986063957,
            "acc/test/MNIST": 0.9945999979972839,
            "normalized_acc/test/MNIST": 0.99809330701828
        }
    ],
    "avg": [
        {
            "acc/test/avg": 0.9019138514995575,
            "normalized_acc/test/avg": 0.9706367254257202
        }
    ]
}