{
    "EuroSAT": [
        {
            "acc/test/EuroSAT_epoch": 0.979629635810852,
            "loss/test/EuroSAT_epoch": 0.07090581953525543,
            "acc/test/EuroSAT": 0.979629635810852,
            "normalized_acc/test/EuroSAT": 0.9887850880622864
        }
    ],
    "GTSRB": [
        {
            "acc/test/GTSRB_epoch": 0.9543942809104919,
            "loss/test/GTSRB_epoch": 0.19585473835468292,
            "acc/test/GTSRB": 0.9543942809104919,
            "normalized_acc/test/GTSRB": 0.9648603200912476
        }
    ],
    "avg": [
        {
            "acc/test/avg": 0.967011958360672,
            "normalized_acc/test/avg": 0.976822704076767
        }
    ]
}