{
    "FER2013": [
        {
            "acc/test/FER2013_epoch": 0.7144051194190979,
            "loss/test/FER2013_epoch": 0.9258814454078674,
            "acc/test/FER2013": 0.7144051194190979,
            "normalized_acc/test/FER2013": 0.9690098166465759
        }
    ],
    "OxfordIIITPet": [
        {
            "acc/test/OxfordIIITPet_epoch": 0.9449441432952881,
            "loss/test/OxfordIIITPet_epoch": 0.19305846095085144,
            "acc/test/OxfordIIITPet": 0.9449441432952881,
            "normalized_acc/test/OxfordIIITPet": 0.9942644238471985
        }
    ],
    "avg": [
        {
            "acc/test/avg": 0.829674631357193,
            "normalized_acc/test/avg": 0.9816371202468872
        }
    ]
}