{
    "GTSRB": [
        {
            "acc/test/GTSRB_epoch": 0.91900235414505,
            "loss/test/GTSRB_epoch": 0.33295977115631104,
            "acc/test/GTSRB": 0.91900235414505,
            "normalized_acc/test/GTSRB": 0.9290803074836731
        }
    ],
    "EMNIST": [
        {
            "acc/test/EMNIST_epoch": 0.9940999746322632,
            "loss/test/EMNIST_epoch": 0.0500682108104229,
            "acc/test/EMNIST": 0.9940999746322632,
            "normalized_acc/test/EMNIST": 0.9997988343238831
        }
    ],
    "avg": [
        {
            "acc/test/avg": 0.9565511643886566,
            "normalized_acc/test/avg": 0.9644395709037781
        }
    ]
}