{
    "EuroSAT": [
        {
            "acc/test/EuroSAT_epoch": 0.9562963247299194,
            "loss/test/EuroSAT_epoch": 0.15252505242824554,
            "acc/test/EuroSAT": 0.9562963247299194,
            "normalized_acc/test/EuroSAT": 0.9652336835861206
        }
    ],
    "KMNIST": [
        {
            "acc/test/KMNIST_epoch": 0.8928999900817871,
            "loss/test/KMNIST_epoch": 0.5291308164596558,
            "acc/test/KMNIST": 0.8928999900817871,
            "normalized_acc/test/KMNIST": 0.9078800082206726
        }
    ],
    "avg": [
        {
            "acc/test/avg": 0.9245981574058533,
            "normalized_acc/test/avg": 0.9365568459033966
        }
    ]
}