{
    "STL10": [
        {
            "acc/test/STL10_epoch": 0.9872499704360962,
            "loss/test/STL10_epoch": 0.0382055938243866,
            "acc/test/STL10": 0.9872499704360962,
            "normalized_acc/test/STL10": 0.9993672966957092
        }
    ],
    "EMNIST": [
        {
            "acc/test/EMNIST_epoch": 0.9900000095367432,
            "loss/test/EMNIST_epoch": 0.132112517952919,
            "acc/test/EMNIST": 0.9900000095367432,
            "normalized_acc/test/EMNIST": 0.9956753253936768
        }
    ],
    "avg": [
        {
            "acc/test/avg": 0.9886249899864197,
            "normalized_acc/test/avg": 0.997521311044693
        }
    ]
}