{
    "DTD": [
        {
            "acc/test/DTD_epoch": 0.6484042406082153,
            "loss/test/DTD_epoch": 1.257991909980774,
            "acc/test/DTD": 0.6484042406082153,
            "normalized_acc/test/DTD": 0.7824133038520813
        }
    ],
    "Flowers102": [
        {
            "acc/test/Flowers102_epoch": 0.8157423734664917,
            "loss/test/Flowers102_epoch": 0.7690858244895935,
            "acc/test/Flowers102": 0.8157423734664917,
            "normalized_acc/test/Flowers102": 0.8657231330871582
        }
    ],
    "avg": [
        {
            "acc/test/avg": 0.7320733070373535,
            "normalized_acc/test/avg": 0.8240682184696198
        }
    ]
}