{
    "MNIST": [
        {
            "acc/test/MNIST_epoch": 0.9871000051498413,
            "loss/test/MNIST_epoch": 0.10705918073654175,
            "acc/test/MNIST": 0.9871000051498413,
            "normalized_acc/test/MNIST": 0.9905669689178467
        }
    ],
    "CIFAR100": [
        {
            "acc/test/CIFAR100_epoch": 0.8190000057220459,
            "loss/test/CIFAR100_epoch": 0.6646479964256287,
            "acc/test/CIFAR100": 0.8190000057220459,
            "normalized_acc/test/CIFAR100": 0.9174414873123169
        }
    ],
    "avg": [
        {
            "acc/test/avg": 0.9030500054359436,
            "normalized_acc/test/avg": 0.9540042281150818
        }
    ]
}