{
    "RESISC45": [
        {
            "acc/test/RESISC45_epoch": 0.8899999856948853,
            "loss/test/RESISC45_epoch": 0.3554076850414276,
            "acc/test/RESISC45": 0.8899999856948853,
            "normalized_acc/test/RESISC45": 0.9206896424293518
        }
    ],
    "GTSRB": [
        {
            "acc/test/GTSRB_epoch": 0.8908947110176086,
            "loss/test/GTSRB_epoch": 0.46825355291366577,
            "acc/test/GTSRB": 0.8908947110176086,
            "normalized_acc/test/GTSRB": 0.9006643891334534
        }
    ],
    "avg": [
        {
            "acc/test/avg": 0.890447348356247,
            "normalized_acc/test/avg": 0.9106770157814026
        }
    ]
}