{
    "FER2013": [
        {
            "acc/test/FER2013_epoch": 0.6716355681419373,
            "loss/test/FER2013_epoch": 0.9239318370819092,
            "acc/test/FER2013": 0.6716355681419373,
            "normalized_acc/test/FER2013": 0.910997748374939
        }
    ],
    "Food101": [
        {
            "acc/test/Food101_epoch": 0.9138217568397522,
            "loss/test/Food101_epoch": 0.30408942699432373,
            "acc/test/Food101": 0.9138217568397522,
            "normalized_acc/test/Food101": 1.0053154230117798
        }
    ],
    "avg": [
        {
            "acc/test/avg": 0.7927286624908447,
            "normalized_acc/test/avg": 0.9581565856933594
        }
    ]
}