{
    "FER2013": [
        {
            "acc/test/FER2013_epoch": 0.6507383584976196,
            "loss/test/FER2013_epoch": 0.9727136492729187,
            "acc/test/FER2013": 0.6507383584976196,
            "normalized_acc/test/FER2013": 0.8826530575752258
        }
    ],
    "CIFAR100": [
        {
            "acc/test/CIFAR100_epoch": 0.8388000130653381,
            "loss/test/CIFAR100_epoch": 0.5959682464599609,
            "acc/test/CIFAR100": 0.8388000130653381,
            "normalized_acc/test/CIFAR100": 0.9396213889122009
        }
    ],
    "avg": [
        {
            "acc/test/avg": 0.7447691857814789,
            "normalized_acc/test/avg": 0.9111372232437134
        }
    ]
}