{
    "DTD": [
        {
            "acc/test/DTD_epoch": 0.625,
            "loss/test/DTD_epoch": 1.2942588329315186,
            "acc/test/DTD": 0.625,
            "normalized_acc/test/DTD": 0.7541719675064087
        }
    ],
    "Food101": [
        {
            "acc/test/Food101_epoch": 0.9140198230743408,
            "loss/test/Food101_epoch": 0.30995306372642517,
            "acc/test/Food101": 0.9140198230743408,
            "normalized_acc/test/Food101": 1.0055333375930786
        }
    ],
    "avg": [
        {
            "acc/test/avg": 0.7695099115371704,
            "normalized_acc/test/avg": 0.8798526525497437
        }
    ]
}