{
    "FashionMNIST": [
        {
            "acc/test/FashionMNIST_epoch": 0.8783000111579895,
            "loss/test/FashionMNIST_epoch": 0.3668442666530609,
            "acc/test/FashionMNIST": 0.8783000111579895,
            "normalized_acc/test/FashionMNIST": 0.9225839972496033
        }
    ],
    "EMNIST": [
        {
            "acc/test/EMNIST_epoch": 0.9854000210762024,
            "loss/test/EMNIST_epoch": 0.17410480976104736,
            "acc/test/EMNIST": 0.9854000210762024,
            "normalized_acc/test/EMNIST": 0.9910489916801453
        }
    ],
    "avg": [
        {
            "acc/test/avg": 0.931850016117096,
            "normalized_acc/test/avg": 0.9568164944648743
        }
    ]
}