{
    "GTSRB": [
        {
            "acc/test/GTSRB_epoch": 0.8926365971565247,
            "loss/test/GTSRB_epoch": 0.500413179397583,
            "acc/test/GTSRB": 0.8926365971565247,
            "normalized_acc/test/GTSRB": 0.9024254083633423
        }
    ],
    "STL10": [
        {
            "acc/test/STL10_epoch": 0.9882500171661377,
            "loss/test/STL10_epoch": 0.03933911398053169,
            "acc/test/STL10": 0.9882500171661377,
            "normalized_acc/test/STL10": 1.0003796815872192
        }
    ],
    "avg": [
        {
            "acc/test/avg": 0.9404433071613312,
            "normalized_acc/test/avg": 0.9514025449752808
        }
    ]
}