{
    "SVHN": [
        {
            "acc/test/SVHN_epoch": 0.9773740172386169,
            "loss/test/SVHN_epoch": 0.10307133197784424,
            "acc/test/SVHN": 0.9773740172386169,
            "normalized_acc/test/SVHN": 1.002561330795288
        }
    ],
    "OxfordIIITPet": [
        {
            "acc/test/OxfordIIITPet_epoch": 0.9348596334457397,
            "loss/test/OxfordIIITPet_epoch": 0.24700656533241272,
            "acc/test/OxfordIIITPet": 0.9348596334457397,
            "normalized_acc/test/OxfordIIITPet": 0.9836535453796387
        }
    ],
    "avg": [
        {
            "acc/test/avg": 0.9561168253421783,
            "normalized_acc/test/avg": 0.9931074380874634
        }
    ]
}