{
    "SVHN": [
        {
            "acc/test/SVHN_epoch": 0.9752228260040283,
            "loss/test/SVHN_epoch": 0.11056268960237503,
            "acc/test/SVHN": 0.9752228260040283,
            "normalized_acc/test/SVHN": 1.0003546476364136
        }
    ],
    "CIFAR100": [
        {
            "acc/test/CIFAR100_epoch": 0.8090999722480774,
            "loss/test/CIFAR100_epoch": 0.8712410926818848,
            "acc/test/CIFAR100": 0.8090999722480774,
            "normalized_acc/test/CIFAR100": 0.9063514471054077
        }
    ],
    "avg": [
        {
            "acc/test/avg": 0.8921613991260529,
            "normalized_acc/test/avg": 0.9533530473709106
        }
    ]
}