{
    "RESISC45": [
        {
            "acc/test/RESISC45_epoch": 0.9538094997406006,
            "loss/test/RESISC45_epoch": 0.17560900747776031,
            "acc/test/RESISC45": 0.9538094997406006,
            "normalized_acc/test/RESISC45": 0.9866995215415955
        }
    ],
    "EMNIST": [
        {
            "acc/test/EMNIST_epoch": 0.9972000122070312,
            "loss/test/EMNIST_epoch": 0.027393408119678497,
            "acc/test/EMNIST": 0.9972000122070312,
            "normalized_acc/test/EMNIST": 1.0029165744781494
        }
    ],
    "avg": [
        {
            "acc/test/avg": 0.9755047559738159,
            "normalized_acc/test/avg": 0.9948080480098724
        }
    ]
}