{
    "OxfordIIITPet": [
        {
            "acc/test/OxfordIIITPet_epoch": 0.9324066638946533,
            "loss/test/OxfordIIITPet_epoch": 0.24963121116161346,
            "acc/test/OxfordIIITPet": 0.9324066638946533,
            "normalized_acc/test/OxfordIIITPet": 0.9810725450515747
        }
    ],
    "CIFAR100": [
        {
            "acc/test/CIFAR100_epoch": 0.892799973487854,
            "loss/test/CIFAR100_epoch": 0.474026083946228,
            "acc/test/CIFAR100": 0.892799973487854,
            "normalized_acc/test/CIFAR100": 1.0001119375228882
        }
    ],
    "avg": [
        {
            "acc/test/avg": 0.9126033186912537,
            "normalized_acc/test/avg": 0.9905922412872314
        }
    ]
}