{
    "OxfordIIITPet": [
        {
            "acc/test/OxfordIIITPet_epoch": 0.9473971128463745,
            "loss/test/OxfordIIITPet_epoch": 0.21016660332679749,
            "acc/test/OxfordIIITPet": 0.9473971128463745,
            "normalized_acc/test/OxfordIIITPet": 0.9968454241752625
        }
    ],
    "Food101": [
        {
            "acc/test/Food101_epoch": 0.9195643663406372,
            "loss/test/Food101_epoch": 0.33947765827178955,
            "acc/test/Food101": 0.9195643663406372,
            "normalized_acc/test/Food101": 1.011633038520813
        }
    ],
    "avg": [
        {
            "acc/test/avg": 0.9334807395935059,
            "normalized_acc/test/avg": 1.0042392313480377
        }
    ]
}