{
    "SUN397": [
        {
            "acc/test/SUN397_epoch": 0.7273551821708679,
            "loss/test/SUN397_epoch": 0.9700509905815125,
            "acc/test/SUN397": 0.7273551821708679,
            "normalized_acc/test/SUN397": 0.9224380850791931
        }
    ],
    "PCAM": [
        {
            "acc/test/PCAM_epoch": 0.871124267578125,
            "loss/test/PCAM_epoch": 0.3953815698623657,
            "acc/test/PCAM": 0.871124267578125,
            "normalized_acc/test/PCAM": 0.9818388223648071
        }
    ],
    "avg": [
        {
            "acc/test/avg": 0.7992397248744965,
            "normalized_acc/test/avg": 0.9521384537220001
        }
    ]
}