{
    "SUN397": [
        {
            "acc/test/SUN397_epoch": 0.7589924335479736,
            "loss/test/SUN397_epoch": 0.9400932788848877,
            "acc/test/SUN397": 0.7589924335479736,
            "normalized_acc/test/SUN397": 0.9625607132911682
        }
    ],
    "CIFAR100": [
        {
            "acc/test/CIFAR100_epoch": 0.8895000219345093,
            "loss/test/CIFAR100_epoch": 0.5058669447898865,
            "acc/test/CIFAR100": 0.8895000219345093,
            "normalized_acc/test/CIFAR100": 0.996415376663208
        }
    ],
    "avg": [
        {
            "acc/test/avg": 0.8242462277412415,
            "normalized_acc/test/avg": 0.9794880449771881
        }
    ]
}