{
    "CIFAR100": [
        {
            "acc/test/CIFAR100_epoch": 0.8615000247955322,
            "loss/test/CIFAR100_epoch": 0.5672349333763123,
            "acc/test/CIFAR100": 0.8615000247955322,
            "normalized_acc/test/CIFAR100": 0.9650498628616333
        }
    ],
    "FashionMNIST": [
        {
            "acc/test/FashionMNIST_epoch": 0.9426000118255615,
            "loss/test/FashionMNIST_epoch": 0.19085103273391724,
            "acc/test/FashionMNIST": 0.9426000118255615,
            "normalized_acc/test/FashionMNIST": 0.9901260137557983
        }
    ],
    "avg": [
        {
            "acc/test/avg": 0.9020500183105469,
            "normalized_acc/test/avg": 0.9775879383087158
        }
    ]
}