{
    "EuroSAT": [
        {
            "acc/test/EuroSAT_epoch": 0.9844444394111633,
            "loss/test/EuroSAT_epoch": 0.05725458264350891,
            "acc/test/EuroSAT": 0.9844444394111633,
            "normalized_acc/test/EuroSAT": 0.9936448931694031
        }
    ],
    "FashionMNIST": [
        {
            "acc/test/FashionMNIST_epoch": 0.9430999755859375,
            "loss/test/FashionMNIST_epoch": 0.1852158010005951,
            "acc/test/FashionMNIST": 0.9430999755859375,
            "normalized_acc/test/FashionMNIST": 0.9906511902809143
        }
    ],
    "avg": [
        {
            "acc/test/avg": 0.9637722074985504,
            "normalized_acc/test/avg": 0.9921480417251587
        }
    ]
}