{
    "Food101": [
        {
            "acc/test/Food101_epoch": 0.9155247807502747,
            "loss/test/Food101_epoch": 0.3560248017311096,
            "acc/test/Food101": 0.9155247807502747,
            "normalized_acc/test/Food101": 1.0071889162063599
        }
    ],
    "RenderedSST2": [
        {
            "acc/test/RenderedSST2_epoch": 0.7951675057411194,
            "loss/test/RenderedSST2_epoch": 0.871525764465332,
            "acc/test/RenderedSST2": 0.7951675057411194,
            "normalized_acc/test/RenderedSST2": 1.0306049585342407
        }
    ],
    "avg": [
        {
            "acc/test/avg": 0.855346143245697,
            "normalized_acc/test/avg": 1.0188969373703003
        }
    ]
}