{
    "Cars": [
        {
            "acc/test/Cars_epoch": 0.8640716075897217,
            "loss/test/Cars_epoch": 0.46433037519454956,
            "acc/test/Cars": 0.8640716075897217,
            "normalized_acc/test/Cars": 1.0071024894714355
        }
    ],
    "RESISC45": [
        {
            "acc/test/RESISC45_epoch": 0.9577777981758118,
            "loss/test/RESISC45_epoch": 0.15027059614658356,
            "acc/test/RESISC45": 0.9577777981758118,
            "normalized_acc/test/RESISC45": 0.9908046722412109
        }
    ],
    "avg": [
        {
            "acc/test/avg": 0.9109247028827667,
            "normalized_acc/test/avg": 0.9989535808563232
        }
    ]
}