{
    "Cars": [
        {
            "acc/test/Cars_epoch": 0.871782124042511,
            "loss/test/Cars_epoch": 0.4485958516597748,
            "acc/test/Cars": 0.871782124042511,
            "normalized_acc/test/Cars": 1.0160893201828003
        }
    ],
    "RenderedSST2": [
        {
            "acc/test/RenderedSST2_epoch": 0.7863811254501343,
            "loss/test/RenderedSST2_epoch": 0.9133116602897644,
            "acc/test/RenderedSST2": 0.7863811254501343,
            "normalized_acc/test/RenderedSST2": 1.0192171335220337
        }
    ],
    "avg": [
        {
            "acc/test/avg": 0.8290816247463226,
            "normalized_acc/test/avg": 1.017653226852417
        }
    ]
}