{
    "GTSRB": [
        {
            "acc/test/GTSRB_epoch": 0.9888361096382141,
            "loss/test/GTSRB_epoch": 0.04882155358791351,
            "acc/test/GTSRB": 0.9888361096382141,
            "normalized_acc/test/GTSRB": 0.9996798634529114
        }
    ],
    "Flowers102": [
        {
            "acc/test/Flowers102_epoch": 0.8845340609550476,
            "loss/test/Flowers102_epoch": 0.4547974169254303,
            "acc/test/Flowers102": 0.8845340609550476,
            "normalized_acc/test/Flowers102": 0.9387297034263611
        }
    ],
    "avg": [
        {
            "acc/test/avg": 0.9366850852966309,
            "normalized_acc/test/avg": 0.9692047834396362
        }
    ]
}