{
    "STL10": [
        {
            "acc/test/STL10_epoch": 0.981124997138977,
            "loss/test/STL10_epoch": 0.059352848678827286,
            "acc/test/STL10": 0.981124997138977,
            "normalized_acc/test/STL10": 0.9931671619415283
        }
    ],
    "FashionMNIST": [
        {
            "acc/test/FashionMNIST_epoch": 0.9435999989509583,
            "loss/test/FashionMNIST_epoch": 0.17164669930934906,
            "acc/test/FashionMNIST": 0.9435999989509583,
            "normalized_acc/test/FashionMNIST": 0.991176426410675
        }
    ],
    "avg": [
        {
            "acc/test/avg": 0.9623624980449677,
            "normalized_acc/test/avg": 0.9921717941761017
        }
    ]
}