{
    "Flowers102": [
        {
            "acc/test/Flowers102_epoch": 0.8824198842048645,
            "loss/test/Flowers102_epoch": 0.4748571217060089,
            "acc/test/Flowers102": 0.8824198842048645,
            "normalized_acc/test/Flowers102": 0.9364859461784363
        }
    ],
    "Food101": [
        {
            "acc/test/Food101_epoch": 0.918772280216217,
            "loss/test/Food101_epoch": 0.34460368752479553,
            "acc/test/Food101": 0.918772280216217,
            "normalized_acc/test/Food101": 1.0107616186141968
        }
    ],
    "avg": [
        {
            "acc/test/avg": 0.9005960822105408,
            "normalized_acc/test/avg": 0.9736237823963165
        }
    ]
}