{
    "FashionMNIST": [
        {
            "acc/test/FashionMNIST_epoch": 0.930400013923645,
            "loss/test/FashionMNIST_epoch": 0.23841287195682526,
            "acc/test/FashionMNIST": 0.930400013923645,
            "normalized_acc/test/FashionMNIST": 0.9773108959197998
        }
    ],
    "EMNIST": [
        {
            "acc/test/EMNIST_epoch": 0.9958999752998352,
            "loss/test/EMNIST_epoch": 0.03501389920711517,
            "acc/test/EMNIST": 0.9958999752998352,
            "normalized_acc/test/EMNIST": 1.0016090869903564
        }
    ],
    "avg": [
        {
            "acc/test/avg": 0.9631499946117401,
            "normalized_acc/test/avg": 0.9894599914550781
        }
    ]
}