{
    "Food101": [
        {
            "acc/test/Food101_epoch": 0.8902574181556702,
            "loss/test/Food101_epoch": 0.4492953419685364,
            "acc/test/Food101": 0.8902574181556702,
            "normalized_acc/test/Food101": 0.9793917536735535
        }
    ],
    "FashionMNIST": [
        {
            "acc/test/FashionMNIST_epoch": 0.9434000253677368,
            "loss/test/FashionMNIST_epoch": 0.18047276139259338,
            "acc/test/FashionMNIST": 0.9434000253677368,
            "normalized_acc/test/FashionMNIST": 0.9909663796424866
        }
    ],
    "avg": [
        {
            "acc/test/avg": 0.9168287217617035,
            "normalized_acc/test/avg": 0.98517906665802
        }
    ]
}