{
    "PCAM": [
        {
            "acc/test/PCAM_epoch": 0.859832763671875,
            "loss/test/PCAM_epoch": 0.4561593532562256,
            "acc/test/PCAM": 0.859832763671875,
            "normalized_acc/test/PCAM": 0.9691122174263
        }
    ],
    "FER2013": [
        {
            "acc/test/FER2013_epoch": 0.7127333283424377,
            "loss/test/FER2013_epoch": 1.0289138555526733,
            "acc/test/FER2013": 0.7127333283424377,
            "normalized_acc/test/FER2013": 0.966742217540741
        }
    ],
    "avg": [
        {
            "acc/test/avg": 0.7862830460071564,
            "normalized_acc/test/avg": 0.9679272174835205
        }
    ]
}