{
    "DTD": [
        {
            "acc/test/DTD_epoch": 0.7734042406082153,
            "loss/test/DTD_epoch": 0.9986069202423096,
            "acc/test/DTD": 0.7734042406082153,
            "normalized_acc/test/DTD": 0.9332476854324341
        }
    ],
    "KMNIST": [
        {
            "acc/test/KMNIST_epoch": 0.9840999841690063,
            "loss/test/KMNIST_epoch": 0.06775808334350586,
            "acc/test/KMNIST": 0.9840999841690063,
            "normalized_acc/test/KMNIST": 1.0006099939346313
        }
    ],
    "avg": [
        {
            "acc/test/avg": 0.8787521123886108,
            "normalized_acc/test/avg": 0.9669288396835327
        }
    ]
}