{
    "SVHN": [
        {
            "acc/test/SVHN_epoch": 0.9627381563186646,
            "loss/test/SVHN_epoch": 0.14970704913139343,
            "acc/test/SVHN": 0.9627381563186646,
            "normalized_acc/test/SVHN": 0.987548291683197
        }
    ],
    "EMNIST": [
        {
            "acc/test/EMNIST_epoch": 0.9937999844551086,
            "loss/test/EMNIST_epoch": 0.04175986349582672,
            "acc/test/EMNIST": 0.9937999844551086,
            "normalized_acc/test/EMNIST": 0.99949711561203
        }
    ],
    "avg": [
        {
            "acc/test/avg": 0.9782690703868866,
            "normalized_acc/test/avg": 0.9935227036476135
        }
    ]
}