{
    "FER2013": [
        {
            "acc/test/FER2013_epoch": 0.7365561723709106,
            "loss/test/FER2013_epoch": 1.225434422492981,
            "acc/test/FER2013": 0.7365561723709106,
            "normalized_acc/test/FER2013": 0.9990552067756653
        }
    ],
    "RenderedSST2": [
        {
            "acc/test/RenderedSST2_epoch": 0.7699066400527954,
            "loss/test/RenderedSST2_epoch": 0.9510674476623535,
            "acc/test/RenderedSST2": 0.7699066400527954,
            "normalized_acc/test/RenderedSST2": 0.9978647232055664
        }
    ],
    "avg": [
        {
            "acc/test/avg": 0.753231406211853,
            "normalized_acc/test/avg": 0.9984599649906158
        }
    ]
}