{
    "SVHN": [
        {
            "acc/test/SVHN_epoch": 0.9766441583633423,
            "loss/test/SVHN_epoch": 0.10449816286563873,
            "acc/test/SVHN": 0.9766441583633423,
            "normalized_acc/test/SVHN": 1.0018126964569092
        }
    ],
    "Flowers102": [
        {
            "acc/test/Flowers102_epoch": 0.8315173387527466,
            "loss/test/Flowers102_epoch": 0.6543101072311401,
            "acc/test/Flowers102": 0.8315173387527466,
            "normalized_acc/test/Flowers102": 0.882464587688446
        }
    ],
    "avg": [
        {
            "acc/test/avg": 0.9040807485580444,
            "normalized_acc/test/avg": 0.9421386420726776
        }
    ]
}