{
    "CIFAR100": [
        {
            "acc/test/CIFAR100_epoch": 0.8676000237464905,
            "loss/test/CIFAR100_epoch": 0.49023163318634033,
            "acc/test/CIFAR100": 0.8676000237464905,
            "normalized_acc/test/CIFAR100": 0.9718830585479736
        }
    ],
    "CIFAR10": [
        {
            "acc/test/CIFAR10_epoch": 0.9824000000953674,
            "loss/test/CIFAR10_epoch": 0.07860518991947174,
            "acc/test/CIFAR10": 0.9824000000953674,
            "normalized_acc/test/CIFAR10": 1.0008150339126587
        }
    ],
    "avg": [
        {
            "acc/test/avg": 0.925000011920929,
            "normalized_acc/test/avg": 0.9863490462303162
        }
    ]
}