{
    "Cars": [
        {
            "acc/test/Cars_epoch": 0.871782124042511,
            "loss/test/Cars_epoch": 0.43334001302719116,
            "acc/test/Cars": 0.871782124042511,
            "normalized_acc/test/Cars": 1.0160893201828003
        }
    ],
    "DTD": [
        {
            "acc/test/DTD_epoch": 0.8069148659706116,
            "loss/test/DTD_epoch": 0.8693869113922119,
            "acc/test/DTD": 0.8069148659706116,
            "normalized_acc/test/DTD": 0.9736841320991516
        }
    ],
    "avg": [
        {
            "acc/test/avg": 0.8393484950065613,
            "normalized_acc/test/avg": 0.994886726140976
        }
    ]
}