{
    "GTSRB": [
        {
            "acc/test/GTSRB_epoch": 0.9867774844169617,
            "loss/test/GTSRB_epoch": 0.05535881966352463,
            "acc/test/GTSRB": 0.9867774844169617,
            "normalized_acc/test/GTSRB": 0.9975986480712891
        }
    ],
    "Food101": [
        {
            "acc/test/Food101_epoch": 0.9056633710861206,
            "loss/test/Food101_epoch": 0.39699360728263855,
            "acc/test/Food101": 0.9056633710861206,
            "normalized_acc/test/Food101": 0.9963402152061462
        }
    ],
    "avg": [
        {
            "acc/test/avg": 0.9462204277515411,
            "normalized_acc/test/avg": 0.9969694316387177
        }
    ]
}