{
    "RESISC45": [
        {
            "acc/test/RESISC45_epoch": 0.9571428298950195,
            "loss/test/RESISC45_epoch": 0.15075883269309998,
            "acc/test/RESISC45": 0.9571428298950195,
            "normalized_acc/test/RESISC45": 0.9901477694511414
        }
    ],
    "Food101": [
        {
            "acc/test/Food101_epoch": 0.9137029647827148,
            "loss/test/Food101_epoch": 0.359201580286026,
            "acc/test/Food101": 0.9137029647827148,
            "normalized_acc/test/Food101": 1.0051847696304321
        }
    ],
    "avg": [
        {
            "acc/test/avg": 0.9354228973388672,
            "normalized_acc/test/avg": 0.9976662695407867
        }
    ]
}