{
    "CIFAR10": [
        {
            "acc/test/CIFAR10_epoch": 0.9747999906539917,
            "loss/test/CIFAR10_epoch": 0.1129654049873352,
            "acc/test/CIFAR10": 0.9747999906539917,
            "normalized_acc/test/CIFAR10": 0.993072509765625
        }
    ],
    "EMNIST": [
        {
            "acc/test/EMNIST_epoch": 0.9969000220298767,
            "loss/test/EMNIST_epoch": 0.03174583613872528,
            "acc/test/EMNIST": 0.9969000220298767,
            "normalized_acc/test/EMNIST": 1.002614974975586
        }
    ],
    "avg": [
        {
            "acc/test/avg": 0.9858500063419342,
            "normalized_acc/test/avg": 0.9978437423706055
        }
    ]
}