{
    "SUN397": [
        {
            "acc/test/SUN397_epoch": 0.7743073105812073,
            "loss/test/SUN397_epoch": 0.8834750652313232,
            "acc/test/SUN397": 0.7743073105812073,
            "normalized_acc/test/SUN397": 0.9819831848144531
        }
    ],
    "EMNIST": [
        {
            "acc/test/EMNIST_epoch": 0.9975000023841858,
            "loss/test/EMNIST_epoch": 0.027546478435397148,
            "acc/test/EMNIST": 0.9975000023841858,
            "normalized_acc/test/EMNIST": 1.0032182931900024
        }
    ],
    "avg": [
        {
            "acc/test/avg": 0.8859036564826965,
            "normalized_acc/test/avg": 0.9926007390022278
        }
    ]
}