{
    "DTD": [
        {
            "acc/test/DTD_epoch": 0.681382954120636,
            "loss/test/DTD_epoch": 1.137380599975586,
            "acc/test/DTD": 0.681382954120636,
            "normalized_acc/test/DTD": 0.8222079277038574
        }
    ],
    "PCAM": [
        {
            "acc/test/PCAM_epoch": 0.87384033203125,
            "loss/test/PCAM_epoch": 0.4026432931423187,
            "acc/test/PCAM": 0.87384033203125,
            "normalized_acc/test/PCAM": 0.9849000573158264
        }
    ],
    "avg": [
        {
            "acc/test/avg": 0.777611643075943,
            "normalized_acc/test/avg": 0.9035539925098419
        }
    ]
}