{
    "SVHN": [
        {
            "acc/test/SVHN_epoch": 0.97468501329422,
            "loss/test/SVHN_epoch": 0.11078232526779175,
            "acc/test/SVHN": 0.97468501329422,
            "normalized_acc/test/SVHN": 0.9998030066490173
        }
    ],
    "FER2013": [
        {
            "acc/test/FER2013_epoch": 0.6773474216461182,
            "loss/test/FER2013_epoch": 1.4183733463287354,
            "acc/test/FER2013": 0.6773474216461182,
            "normalized_acc/test/FER2013": 0.918745219707489
        }
    ],
    "avg": [
        {
            "acc/test/avg": 0.8260162174701691,
            "normalized_acc/test/avg": 0.9592741131782532
        }
    ]
}