{
    "EuroSAT": [
        {
            "acc/test/EuroSAT_epoch": 0.9629629850387573,
            "loss/test/EuroSAT_epoch": 0.1265578269958496,
            "acc/test/EuroSAT": 0.9629629850387573,
            "normalized_acc/test/EuroSAT": 0.9719626903533936
        }
    ],
    "PCAM": [
        {
            "acc/test/PCAM_epoch": 0.85906982421875,
            "loss/test/PCAM_epoch": 0.42598435282707214,
            "acc/test/PCAM": 0.85906982421875,
            "normalized_acc/test/PCAM": 0.9682523012161255
        }
    ],
    "avg": [
        {
            "acc/test/avg": 0.9110164046287537,
            "normalized_acc/test/avg": 0.9701074957847595
        }
    ]
}