{
    "EuroSAT": [
        {
            "acc/test/EuroSAT_epoch": 0.9788888692855835,
            "loss/test/EuroSAT_epoch": 0.07590968906879425,
            "acc/test/EuroSAT": 0.9788888692855835,
            "normalized_acc/test/EuroSAT": 0.9880374073982239
        }
    ],
    "KMNIST": [
        {
            "acc/test/KMNIST_epoch": 0.9781000018119812,
            "loss/test/KMNIST_epoch": 0.08505071699619293,
            "acc/test/KMNIST": 0.9781000018119812,
            "normalized_acc/test/KMNIST": 0.9945093989372253
        }
    ],
    "avg": [
        {
            "acc/test/avg": 0.9784944355487823,
            "normalized_acc/test/avg": 0.9912734031677246
        }
    ]
}