{
    "SUN397": [
        {
            "acc/test/SUN397_epoch": 0.7695717811584473,
            "loss/test/SUN397_epoch": 0.8982843160629272,
            "acc/test/SUN397": 0.7695717811584473,
            "normalized_acc/test/SUN397": 0.9759775400161743
        }
    ],
    "KMNIST": [
        {
            "acc/test/KMNIST_epoch": 0.9842000007629395,
            "loss/test/KMNIST_epoch": 0.0654454380273819,
            "acc/test/KMNIST": 0.9842000007629395,
            "normalized_acc/test/KMNIST": 1.0007117986679077
        }
    ],
    "avg": [
        {
            "acc/test/avg": 0.8768858909606934,
            "normalized_acc/test/avg": 0.988344669342041
        }
    ]
}