{
    "EuroSAT": [
        {
            "acc/test/EuroSAT_epoch": 0.987407386302948,
            "loss/test/EuroSAT_epoch": 0.049070168286561966,
            "acc/test/EuroSAT": 0.987407386302948,
            "normalized_acc/test/EuroSAT": 0.9966354966163635
        }
    ],
    "FER2013": [
        {
            "acc/test/FER2013_epoch": 0.7425466775894165,
            "loss/test/FER2013_epoch": 1.0868569612503052,
            "acc/test/FER2013": 0.7425466775894165,
            "normalized_acc/test/FER2013": 1.0071806907653809
        }
    ],
    "avg": [
        {
            "acc/test/avg": 0.8649770319461823,
            "normalized_acc/test/avg": 1.0019080936908722
        }
    ]
}