{
    "EMNIST": [
        {
            "acc/test/EMNIST_epoch": 0.9941999912261963,
            "loss/test/EMNIST_epoch": 0.04015012085437775,
            "acc/test/EMNIST": 0.9941999912261963,
            "normalized_acc/test/EMNIST": 0.9998993873596191
        }
    ],
    "KMNIST": [
        {
            "acc/test/KMNIST_epoch": 0.9462000131607056,
            "loss/test/KMNIST_epoch": 0.23868678510189056,
            "acc/test/KMNIST": 0.9462000131607056,
            "normalized_acc/test/KMNIST": 0.9620742201805115
        }
    ],
    "avg": [
        {
            "acc/test/avg": 0.9702000021934509,
            "normalized_acc/test/avg": 0.9809868037700653
        }
    ]
}