{
    "PCAM": [
        {
            "acc/test/PCAM_epoch": 0.863616943359375,
            "loss/test/PCAM_epoch": 0.4195510149002075,
            "acc/test/PCAM": 0.863616943359375,
            "normalized_acc/test/PCAM": 0.9733773469924927
        }
    ],
    "OxfordIIITPet": [
        {
            "acc/test/OxfordIIITPet_epoch": 0.9215044975280762,
            "loss/test/OxfordIIITPet_epoch": 0.24863667786121368,
            "acc/test/OxfordIIITPet": 0.9215044975280762,
            "normalized_acc/test/OxfordIIITPet": 0.9696013331413269
        }
    ],
    "avg": [
        {
            "acc/test/avg": 0.8925607204437256,
            "normalized_acc/test/avg": 0.9714893400669098
        }
    ]
}