{
    "Food101": [
        {
            "acc/test/Food101_epoch": 0.8941782116889954,
            "loss/test/Food101_epoch": 0.4390724003314972,
            "acc/test/Food101": 0.8941782116889954,
            "normalized_acc/test/Food101": 0.9837051033973694
        }
    ],
    "KMNIST": [
        {
            "acc/test/KMNIST_epoch": 0.9771000146865845,
            "loss/test/KMNIST_epoch": 0.09328117966651917,
            "acc/test/KMNIST": 0.9771000146865845,
            "normalized_acc/test/KMNIST": 0.9934926629066467
        }
    ],
    "avg": [
        {
            "acc/test/avg": 0.9356391131877899,
            "normalized_acc/test/avg": 0.9885988831520081
        }
    ]
}