{
    "Cars": [
        {
            "acc/test/Cars_epoch": 0.8724039196968079,
            "loss/test/Cars_epoch": 0.437946617603302,
            "acc/test/Cars": 0.8724039196968079,
            "normalized_acc/test/Cars": 1.0168139934539795
        }
    ],
    "OxfordIIITPet": [
        {
            "acc/test/OxfordIIITPet_epoch": 0.9487598538398743,
            "loss/test/OxfordIIITPet_epoch": 0.2156505584716797,
            "acc/test/OxfordIIITPet": 0.9487598538398743,
            "normalized_acc/test/OxfordIIITPet": 0.9982792735099792
        }
    ],
    "avg": [
        {
            "acc/test/avg": 0.9105818867683411,
            "normalized_acc/test/avg": 1.0075466334819794
        }
    ]
}