{
    "OxfordIIITPet": [
        {
            "acc/test/OxfordIIITPet_epoch": 0.9389479160308838,
            "loss/test/OxfordIIITPet_epoch": 0.22626306116580963,
            "acc/test/OxfordIIITPet": 0.9389479160308838,
            "normalized_acc/test/OxfordIIITPet": 0.9879552125930786
        }
    ],
    "CIFAR100": [
        {
            "acc/test/CIFAR100_epoch": 0.8907999992370605,
            "loss/test/CIFAR100_epoch": 0.4650432765483856,
            "acc/test/CIFAR100": 0.8907999992370605,
            "normalized_acc/test/CIFAR100": 0.9978715777397156
        }
    ],
    "avg": [
        {
            "acc/test/avg": 0.9148739576339722,
            "normalized_acc/test/avg": 0.9929133951663971
        }
    ]
}