{
    "PCAM": [
        {
            "acc/test/PCAM_epoch": 0.8389892578125,
            "loss/test/PCAM_epoch": 0.5130715370178223,
            "acc/test/PCAM": 0.8389892578125,
            "normalized_acc/test/PCAM": 0.9456196427345276
        }
    ],
    "CIFAR100": [
        {
            "acc/test/CIFAR100_epoch": 0.8062999844551086,
            "loss/test/CIFAR100_epoch": 0.7223570942878723,
            "acc/test/CIFAR100": 0.8062999844551086,
            "normalized_acc/test/CIFAR100": 0.9032149314880371
        }
    ],
    "avg": [
        {
            "acc/test/avg": 0.8226446211338043,
            "normalized_acc/test/avg": 0.9244172871112823
        }
    ]
}