{
    "CIFAR100": [
        {
            "acc/test/CIFAR100_epoch": 0.8589000105857849,
            "loss/test/CIFAR100_epoch": 0.5642255544662476,
            "acc/test/CIFAR100": 0.8589000105857849,
            "normalized_acc/test/CIFAR100": 0.9621373414993286
        }
    ],
    "FashionMNIST": [
        {
            "acc/test/FashionMNIST_epoch": 0.9460999965667725,
            "loss/test/FashionMNIST_epoch": 0.18004125356674194,
            "acc/test/FashionMNIST": 0.9460999965667725,
            "normalized_acc/test/FashionMNIST": 0.9938024878501892
        }
    ],
    "avg": [
        {
            "acc/test/avg": 0.9025000035762787,
            "normalized_acc/test/avg": 0.9779699146747589
        }
    ]
}