{
    "OxfordIIITPet": [
        {
            "acc/test/OxfordIIITPet_epoch": 0.9547560811042786,
            "loss/test/OxfordIIITPet_epoch": 0.20284439623355865,
            "acc/test/OxfordIIITPet": 0.9547560811042786,
            "normalized_acc/test/OxfordIIITPet": 1.0045884847640991
        }
    ],
    "RenderedSST2": [
        {
            "acc/test/RenderedSST2_epoch": 0.7935200333595276,
            "loss/test/RenderedSST2_epoch": 0.8583590388298035,
            "acc/test/RenderedSST2": 0.7935200333595276,
            "normalized_acc/test/RenderedSST2": 1.0284696817398071
        }
    ],
    "avg": [
        {
            "acc/test/avg": 0.8741380572319031,
            "normalized_acc/test/avg": 1.0165290832519531
        }
    ]
}