{
    "FER2013": [
        {
            "acc/test/FER2013_epoch": 0.7163555026054382,
            "loss/test/FER2013_epoch": 1.2069147825241089,
            "acc/test/FER2013": 0.7163555026054382,
            "normalized_acc/test/FER2013": 0.9716553092002869
        }
    ],
    "EMNIST": [
        {
            "acc/test/EMNIST_epoch": 0.9962999820709229,
            "loss/test/EMNIST_epoch": 0.028437644243240356,
            "acc/test/EMNIST": 0.9962999820709229,
            "normalized_acc/test/EMNIST": 1.0020114183425903
        }
    ],
    "avg": [
        {
            "acc/test/avg": 0.8563277423381805,
            "normalized_acc/test/avg": 0.9868333637714386
        }
    ]
}