{
    "RESISC45": [
        {
            "acc/test/RESISC45_epoch": 0.9442856907844543,
            "loss/test/RESISC45_epoch": 0.19908292591571808,
            "acc/test/RESISC45": 0.9442856907844543,
            "normalized_acc/test/RESISC45": 0.9768472909927368
        }
    ],
    "CIFAR100": [
        {
            "acc/test/CIFAR100_epoch": 0.8842999935150146,
            "loss/test/CIFAR100_epoch": 0.5160027146339417,
            "acc/test/CIFAR100": 0.8842999935150146,
            "normalized_acc/test/CIFAR100": 0.9905903339385986
        }
    ],
    "avg": [
        {
            "acc/test/avg": 0.9142928421497345,
            "normalized_acc/test/avg": 0.9837188124656677
        }
    ]
}