{
    "CIFAR10": [
        {
            "acc/test/CIFAR10_epoch": 0.9837999939918518,
            "loss/test/CIFAR10_epoch": 0.06379581242799759,
            "acc/test/CIFAR10": 0.9837999939918518,
            "normalized_acc/test/CIFAR10": 1.0022412538528442
        }
    ],
    "Food101": [
        {
            "acc/test/Food101_epoch": 0.8901782035827637,
            "loss/test/Food101_epoch": 0.43540701270103455,
            "acc/test/Food101": 0.8901782035827637,
            "normalized_acc/test/Food101": 0.9793046116828918
        }
    ],
    "avg": [
        {
            "acc/test/avg": 0.9369890987873077,
            "normalized_acc/test/avg": 0.990772932767868
        }
    ]
}