{
    "MNIST": [
        {
            "acc/test/MNIST_epoch": 0.9966999888420105,
            "loss/test/MNIST_epoch": 0.026652362197637558,
            "acc/test/MNIST": 0.9966999888420105,
            "normalized_acc/test/MNIST": 1.000200629234314
        }
    ],
    "STL10": [
        {
            "acc/test/STL10_epoch": 0.9803749918937683,
            "loss/test/STL10_epoch": 0.063882015645504,
            "acc/test/STL10": 0.9803749918937683,
            "normalized_acc/test/STL10": 0.9924079775810242
        }
    ],
    "avg": [
        {
            "acc/test/avg": 0.9885374903678894,
            "normalized_acc/test/avg": 0.9963043034076691
        }
    ]
}