{
    "GTSRB": [
        {
            "acc/test/GTSRB_epoch": 0.9874109029769897,
            "loss/test/GTSRB_epoch": 0.046938203275203705,
            "acc/test/GTSRB": 0.9874109029769897,
            "normalized_acc/test/GTSRB": 0.9982390403747559
        }
    ],
    "Food101": [
        {
            "acc/test/Food101_epoch": 0.9028910994529724,
            "loss/test/Food101_epoch": 0.40701234340667725,
            "acc/test/Food101": 0.9028910994529724,
            "normalized_acc/test/Food101": 0.993290364742279
        }
    ],
    "avg": [
        {
            "acc/test/avg": 0.9451510012149811,
            "normalized_acc/test/avg": 0.9957647025585175
        }
    ]
}