{
  "EuroSAT": [
    {
      "acc/test/EuroSAT_epoch": 0.9200000166893005,
      "loss/test/EuroSAT_epoch": 0.3606871962547302,
      "acc/test/EuroSAT": 0.9200000166893005,
      "normalized_acc/test/EuroSAT": 0.928598165512085
    }
  ],
  "DTD": [
    {
      "acc/test/DTD_epoch": 0.5335106253623962,
      "loss/test/DTD_epoch": 1.6230238676071167,
      "acc/test/DTD": 0.5335106253623962,
      "normalized_acc/test/DTD": 0.6437740325927734
    }
  ],
  "PCAM": [
    {
      "acc/test/PCAM_epoch": 0.8170166015625,
      "loss/test/PCAM_epoch": 0.3956703841686249,
      "acc/test/PCAM": 0.8170166015625,
      "normalized_acc/test/PCAM": 0.920854389667511
    }
  ],
  "OxfordIIITPet": [
    {
      "acc/test/OxfordIIITPet_epoch": 0.9155083298683167,
      "loss/test/OxfordIIITPet_epoch": 0.2391304224729538,
      "acc/test/OxfordIIITPet": 0.9155083298683167,
      "normalized_acc/test/OxfordIIITPet": 0.9632922410964966
    }
  ],
  "STL10": [
    {
      "acc/test/STL10_epoch": 0.984125018119812,
      "loss/test/STL10_epoch": 0.053709033876657486,
      "acc/test/STL10": 0.984125018119812,
      "normalized_acc/test/STL10": 0.9962040185928345
    }
  ],
  "avg": [
    {
      "acc/test/avg": 0.8340321183204651,
      "normalized_acc/test/avg": 0.8905445694923401
    }
  ]
}