{
  "Flowers102": [
    {
      "acc/test/Flowers102_epoch": 0.751179039478302,
      "loss/test/Flowers102_epoch": 1.2276147603988647,
      "acc/test/Flowers102": 0.751179039478302,
      "normalized_acc/test/Flowers102": 0.7972039580345154
    }
  ],
  "CIFAR100": [
    {
      "acc/test/CIFAR100_epoch": 0.7991999983787537,
      "loss/test/CIFAR100_epoch": 0.7412701845169067,
      "acc/test/CIFAR100": 0.7991999983787537,
      "normalized_acc/test/CIFAR100": 0.8952615261077881
    }
  ],
  "Food101": [
    {
      "acc/test/Food101_epoch": 0.8915643692016602,
      "loss/test/Food101_epoch": 0.3822217583656311,
      "acc/test/Food101": 0.8915643692016602,
      "normalized_acc/test/Food101": 0.9808295965194702
    }
  ],
  "FashionMNIST": [
    {
      "acc/test/FashionMNIST_epoch": 0.8522999882698059,
      "loss/test/FashionMNIST_epoch": 0.4419086277484894,
      "acc/test/FashionMNIST": 0.8522999882698059,
      "normalized_acc/test/FashionMNIST": 0.8952730894088745
    }
  ],
  "RenderedSST2": [
    {
      "acc/test/RenderedSST2_epoch": 0.6842394471168518,
      "loss/test/RenderedSST2_epoch": 0.5872437357902527,
      "acc/test/RenderedSST2": 0.6842394471168518,
      "normalized_acc/test/RenderedSST2": 0.8868327140808105
    }
  ],
  "avg": [
    {
      "acc/test/avg": 0.7956965684890747,
      "normalized_acc/test/avg": 0.8910801768302917
    }
  ]
}