{
  "SVHN": [
    {
      "acc/test/SVHN_epoch": 0.8503380417823792,
      "loss/test/SVHN_epoch": 0.5521374940872192,
      "acc/test/SVHN": 0.8503380417823792,
      "normalized_acc/test/SVHN": 0.872251570224762
    }
  ],
  "MNIST": [
    {
      "acc/test/MNIST_epoch": 0.9768999814987183,
      "loss/test/MNIST_epoch": 0.17143267393112183,
      "acc/test/MNIST": 0.9768999814987183,
      "normalized_acc/test/MNIST": 0.9803311228752136
    }
  ],
  "PCAM": [
    {
      "acc/test/PCAM_epoch": 0.74407958984375,
      "loss/test/PCAM_epoch": 0.49606379866600037,
      "acc/test/PCAM": 0.74407958984375,
      "normalized_acc/test/PCAM": 0.8386475443840027
    }
  ],
  "OxfordIIITPet": [
    {
      "acc/test/OxfordIIITPet_epoch": 0.8920686841011047,
      "loss/test/OxfordIIITPet_epoch": 0.2998778223991394,
      "acc/test/OxfordIIITPet": 0.8920686841011047,
      "normalized_acc/test/OxfordIIITPet": 0.938629150390625
    }
  ],
  "FashionMNIST": [
    {
      "acc/test/FashionMNIST_epoch": 0.8307999968528748,
      "loss/test/FashionMNIST_epoch": 0.48443618416786194,
      "acc/test/FashionMNIST": 0.8307999968528748,
      "normalized_acc/test/FashionMNIST": 0.8726890683174133
    }
  ],
  "avg": [
    {
      "acc/test/avg": 0.8588372588157653,
      "normalized_acc/test/avg": 0.9005096912384033
    }
  ]
}