{
  "Cars": [
    {
      "acc/test/Cars_epoch": 0.7160800695419312,
      "loss/test/Cars_epoch": 0.8312108516693115,
      "acc/test/Cars": 0.7160800695419312,
      "normalized_acc/test/Cars": 0.8346136808395386
    }
  ],
  "MNIST": [
    {
      "acc/test/MNIST_epoch": 0.9739000201225281,
      "loss/test/MNIST_epoch": 0.2341734617948532,
      "acc/test/MNIST": 0.9739000201225281,
      "normalized_acc/test/MNIST": 0.9773206114768982
    }
  ],
  "Flowers102": [
    {
      "acc/test/Flowers102_epoch": 0.7407708764076233,
      "loss/test/Flowers102_epoch": 1.2383666038513184,
      "acc/test/Flowers102": 0.7407708764076233,
      "normalized_acc/test/Flowers102": 0.7861580848693848
    }
  ],
  "FER2013": [
    {
      "acc/test/FER2013_epoch": 0.6179994344711304,
      "loss/test/FER2013_epoch": 1.0746066570281982,
      "acc/test/FER2013": 0.6179994344711304,
      "normalized_acc/test/FER2013": 0.8382464051246643
    }
  ],
  "STL10": [
    {
      "acc/test/STL10_epoch": 0.984250009059906,
      "loss/test/STL10_epoch": 0.05511569231748581,
      "acc/test/STL10": 0.984250009059906,
      "normalized_acc/test/STL10": 0.9963305592536926
    }
  ],
  "avg": [
    {
      "acc/test/avg": 0.8066000819206238,
      "normalized_acc/test/avg": 0.8865338683128356
    }
  ]
}