{
  "Cars": [
    {
      "acc/test/Cars_epoch": 0.6695684790611267,
      "loss/test/Cars_epoch": 1.0014145374298096,
      "acc/test/Cars": 0.6695684790611267,
      "normalized_acc/test/Cars": 0.7804029583930969
    }
  ],
  "GTSRB": [
    {
      "acc/test/GTSRB_epoch": 0.721615195274353,
      "loss/test/GTSRB_epoch": 0.9224488735198975,
      "acc/test/GTSRB": 0.721615195274353,
      "normalized_acc/test/GTSRB": 0.729528546333313
    }
  ],
  "FER2013": [
    {
      "acc/test/FER2013_epoch": 0.5971022844314575,
      "loss/test/FER2013_epoch": 1.1160844564437866,
      "acc/test/FER2013": 0.5971022844314575,
      "normalized_acc/test/FER2013": 0.809901773929596
    }
  ],
  "CIFAR10": [
    {
      "acc/test/CIFAR10_epoch": 0.9585999846458435,
      "loss/test/CIFAR10_epoch": 0.13170641660690308,
      "acc/test/CIFAR10": 0.9585999846458435,
      "normalized_acc/test/CIFAR10": 0.976568877696991
    }
  ],
  "Food101": [
    {
      "acc/test/Food101_epoch": 0.8927128911018372,
      "loss/test/Food101_epoch": 0.38208726048469543,
      "acc/test/Food101": 0.8927128911018372,
      "normalized_acc/test/Food101": 0.982093095779419
    }
  ],
  "avg": [
    {
      "acc/test/avg": 0.7679197669029236,
      "normalized_acc/test/avg": 0.8556990504264832
    }
  ]
}