{
  "RESISC45": [
    {
      "acc/test/RESISC45_epoch": 0.7465079426765442,
      "loss/test/RESISC45_epoch": 0.7909205555915833,
      "acc/test/RESISC45": 0.7465079426765442,
      "normalized_acc/test/RESISC45": 0.7722496390342712
    }
  ],
  "SVHN": [
    {
      "acc/test/SVHN_epoch": 0.8664720058441162,
      "loss/test/SVHN_epoch": 0.4790460765361786,
      "acc/test/SVHN": 0.8664720058441162,
      "normalized_acc/test/SVHN": 0.8888013362884521
    }
  ],
  "MNIST": [
    {
      "acc/test/MNIST_epoch": 0.9801999926567078,
      "loss/test/MNIST_epoch": 0.13971376419067383,
      "acc/test/MNIST": 0.9801999926567078,
      "normalized_acc/test/MNIST": 0.9836427569389343
    }
  ],
  "Flowers102": [
    {
      "acc/test/Flowers102_epoch": 0.7072694897651672,
      "loss/test/Flowers102_epoch": 1.3504425287246704,
      "acc/test/Flowers102": 0.7072694897651672,
      "normalized_acc/test/Flowers102": 0.7506040930747986
    }
  ],
  "FashionMNIST": [
    {
      "acc/test/FashionMNIST_epoch": 0.8334000110626221,
      "loss/test/FashionMNIST_epoch": 0.5111309289932251,
      "acc/test/FashionMNIST": 0.8334000110626221,
      "normalized_acc/test/FashionMNIST": 0.8754201531410217
    }
  ],
  "avg": [
    {
      "acc/test/avg": 0.8267698884010315,
      "normalized_acc/test/avg": 0.8541435956954956
    }
  ]
}