{
  "SVHN": [
    {
      "acc/test/SVHN_epoch": 0.850952684879303,
      "loss/test/SVHN_epoch": 0.5805589556694031,
      "acc/test/SVHN": 0.850952684879303,
      "normalized_acc/test/SVHN": 0.872882068157196
    }
  ],
  "DTD": [
    {
      "acc/test/DTD_epoch": 0.5388298034667969,
      "loss/test/DTD_epoch": 1.6499828100204468,
      "acc/test/DTD": 0.5388298034667969,
      "normalized_acc/test/DTD": 0.6501925587654114
    }
  ],
  "Food101": [
    {
      "acc/test/Food101_epoch": 0.894732654094696,
      "loss/test/Food101_epoch": 0.37837812304496765,
      "acc/test/Food101": 0.894732654094696,
      "normalized_acc/test/Food101": 0.9843150973320007
    }
  ],
  "KMNIST": [
    {
      "acc/test/KMNIST_epoch": 0.25690001249313354,
      "loss/test/KMNIST_epoch": 2.0495784282684326,
      "acc/test/KMNIST": 0.25690001249313354,
      "normalized_acc/test/KMNIST": 0.26120996475219727
    }
  ],
  "RenderedSST2": [
    {
      "acc/test/RenderedSST2_epoch": 0.6880834698677063,
      "loss/test/RenderedSST2_epoch": 0.5828416347503662,
      "acc/test/RenderedSST2": 0.6880834698677063,
      "normalized_acc/test/RenderedSST2": 0.8918149471282959
    }
  ],
  "avg": [
    {
      "acc/test/avg": 0.6458997249603271,
      "normalized_acc/test/avg": 0.7320829272270203
    }
  ]
}