{
  "SVHN": [
    {
      "acc/test/SVHN_epoch": 0.7932544350624084,
      "loss/test/SVHN_epoch": 0.7901567220687866,
      "acc/test/SVHN": 0.7932544350624084,
      "normalized_acc/test/SVHN": 0.8136969208717346
    }
  ],
  "FER2013": [
    {
      "acc/test/FER2013_epoch": 0.554611325263977,
      "loss/test/FER2013_epoch": 1.2052090167999268,
      "acc/test/FER2013": 0.554611325263977,
      "normalized_acc/test/FER2013": 0.752267599105835
    }
  ],
  "CIFAR10": [
    {
      "acc/test/CIFAR10_epoch": 0.9424999952316284,
      "loss/test/CIFAR10_epoch": 0.18167701363563538,
      "acc/test/CIFAR10": 0.9424999952316284,
      "normalized_acc/test/CIFAR10": 0.9601671099662781
    }
  ],
  "FashionMNIST": [
    {
      "acc/test/FashionMNIST_epoch": 0.8296999931335449,
      "loss/test/FashionMNIST_epoch": 0.5239205360412598,
      "acc/test/FashionMNIST": 0.8296999931335449,
      "normalized_acc/test/FashionMNIST": 0.8715335726737976
    }
  ],
  "KMNIST": [
    {
      "acc/test/KMNIST_epoch": 0.22519999742507935,
      "loss/test/KMNIST_epoch": 2.1283860206604004,
      "acc/test/KMNIST": 0.22519999742507935,
      "normalized_acc/test/KMNIST": 0.22897814214229584
    }
  ],
  "avg": [
    {
      "acc/test/avg": 0.6690531492233276,
      "normalized_acc/test/avg": 0.7253286689519882
    }
  ]
}