{
  "EuroSAT": [
    {
      "acc/test/EuroSAT_epoch": 0.9225925803184509,
      "loss/test/EuroSAT_epoch": 0.3459882438182831,
      "acc/test/EuroSAT": 0.9225925803184509,
      "normalized_acc/test/EuroSAT": 0.9312149882316589
    }
  ],
  "DTD": [
    {
      "acc/test/DTD_epoch": 0.542553186416626,
      "loss/test/DTD_epoch": 1.5990030765533447,
      "acc/test/DTD": 0.542553186416626,
      "normalized_acc/test/DTD": 0.6546854376792908
    }
  ],
  "Flowers102": [
    {
      "acc/test/Flowers102_epoch": 0.7510164380073547,
      "loss/test/Flowers102_epoch": 1.0662959814071655,
      "acc/test/Flowers102": 0.7510164380073547,
      "normalized_acc/test/Flowers102": 0.7970314025878906
    }
  ],
  "PCAM": [
    {
      "acc/test/PCAM_epoch": 0.81927490234375,
      "loss/test/PCAM_epoch": 0.39570847153663635,
      "acc/test/PCAM": 0.81927490234375,
      "normalized_acc/test/PCAM": 0.9233997464179993
    }
  ],
  "RenderedSST2": [
    {
      "acc/test/RenderedSST2_epoch": 0.7215815782546997,
      "loss/test/RenderedSST2_epoch": 0.5562874674797058,
      "acc/test/RenderedSST2": 0.7215815782546997,
      "normalized_acc/test/RenderedSST2": 0.9352313280105591
    }
  ],
  "avg": [
    {
      "acc/test/avg": 0.7514037370681763,
      "normalized_acc/test/avg": 0.8483125805854798
    }
  ]
}