{
  "Cars": [
    {
      "acc/test/Cars_epoch": 0.6409650444984436,
      "loss/test/Cars_epoch": 1.124761939048767,
      "acc/test/Cars": 0.6409650444984436,
      "normalized_acc/test/Cars": 0.7470647692680359
    }
  ],
  "EuroSAT": [
    {
      "acc/test/EuroSAT_epoch": 0.8948147892951965,
      "loss/test/EuroSAT_epoch": 0.3835415244102478,
      "acc/test/EuroSAT": 0.8948147892951965,
      "normalized_acc/test/EuroSAT": 0.9031775593757629
    }
  ],
  "STL10": [
    {
      "acc/test/STL10_epoch": 0.981249988079071,
      "loss/test/STL10_epoch": 0.06274691224098206,
      "acc/test/STL10": 0.981249988079071,
      "normalized_acc/test/STL10": 0.9932937026023865
    }
  ],
  "CIFAR10": [
    {
      "acc/test/CIFAR10_epoch": 0.9613000154495239,
      "loss/test/CIFAR10_epoch": 0.12545709311962128,
      "acc/test/CIFAR10": 0.9613000154495239,
      "normalized_acc/test/CIFAR10": 0.9793195128440857
    }
  ],
  "KMNIST": [
    {
      "acc/test/KMNIST_epoch": 0.18870000541210175,
      "loss/test/KMNIST_epoch": 2.1860222816467285,
      "acc/test/KMNIST": 0.18870000541210175,
      "normalized_acc/test/KMNIST": 0.19186578691005707
    }
  ],
  "avg": [
    {
      "acc/test/avg": 0.7334059685468673,
      "normalized_acc/test/avg": 0.7629442662000656
    }
  ]
}