{
  "EuroSAT": [
    {
      "acc/test/EuroSAT_epoch": 0.9166666865348816,
      "loss/test/EuroSAT_epoch": 0.3372432589530945,
      "acc/test/EuroSAT": 0.9166666865348816,
      "normalized_acc/test/EuroSAT": 0.9252336621284485
    }
  ],
  "Flowers102": [
    {
      "acc/test/Flowers102_epoch": 0.7466254830360413,
      "loss/test/Flowers102_epoch": 1.112887978553772,
      "acc/test/Flowers102": 0.7466254830360413,
      "normalized_acc/test/Flowers102": 0.792371392250061
    }
  ],
  "FER2013": [
    {
      "acc/test/FER2013_epoch": 0.6065756678581238,
      "loss/test/FER2013_epoch": 1.0826739072799683,
      "acc/test/FER2013": 0.6065756678581238,
      "normalized_acc/test/FER2013": 0.8227513432502747
    }
  ],
  "EMNIST": [
    {
      "acc/test/EMNIST_epoch": 0.970300018787384,
      "loss/test/EMNIST_epoch": 0.27261075377464294,
      "acc/test/EMNIST": 0.970300018787384,
      "normalized_acc/test/EMNIST": 0.975862443447113
    }
  ],
  "RenderedSST2": [
    {
      "acc/test/RenderedSST2_epoch": 0.6897309422492981,
      "loss/test/RenderedSST2_epoch": 0.5828529000282288,
      "acc/test/RenderedSST2": 0.6897309422492981,
      "normalized_acc/test/RenderedSST2": 0.8939501643180847
    }
  ],
  "avg": [
    {
      "acc/test/avg": 0.7859797596931457,
      "normalized_acc/test/avg": 0.8820338010787964
    }
  ]
}