{
  "EuroSAT": [
    {
      "acc/test/EuroSAT_epoch": 0.903333306312561,
      "loss/test/EuroSAT_epoch": 0.3925095498561859,
      "acc/test/EuroSAT": 0.903333306312561,
      "normalized_acc/test/EuroSAT": 0.9117757081985474
    }
  ],
  "MNIST": [
    {
      "acc/test/MNIST_epoch": 0.9702000021934509,
      "loss/test/MNIST_epoch": 0.2775319218635559,
      "acc/test/MNIST": 0.9702000021934509,
      "normalized_acc/test/MNIST": 0.97360759973526
    }
  ],
  "DTD": [
    {
      "acc/test/DTD_epoch": 0.5292553305625916,
      "loss/test/DTD_epoch": 1.6519213914871216,
      "acc/test/DTD": 0.5292553305625916,
      "normalized_acc/test/DTD": 0.6386392712593079
    }
  ],
  "PCAM": [
    {
      "acc/test/PCAM_epoch": 0.824981689453125,
      "loss/test/PCAM_epoch": 0.38601425290107727,
      "acc/test/PCAM": 0.824981689453125,
      "normalized_acc/test/PCAM": 0.9298318028450012
    }
  ],
  "OxfordIIITPet": [
    {
      "acc/test/OxfordIIITPet_epoch": 0.9100572466850281,
      "loss/test/OxfordIIITPet_epoch": 0.256942480802536,
      "acc/test/OxfordIIITPet": 0.9100572466850281,
      "normalized_acc/test/OxfordIIITPet": 0.9575566053390503
    }
  ],
  "avg": [
    {
      "acc/test/avg": 0.8275655150413513,
      "normalized_acc/test/avg": 0.8822821974754333
    }
  ]
}