{
  "Cars": [
    {
      "acc/test/Cars_epoch": 0.7079965472221375,
      "loss/test/Cars_epoch": 0.8435201644897461,
      "acc/test/Cars": 0.7079965472221375,
      "normalized_acc/test/Cars": 0.8251920938491821
    }
  ],
  "RESISC45": [
    {
      "acc/test/RESISC45_epoch": 0.8038095235824585,
      "loss/test/RESISC45_epoch": 0.6092728972434998,
      "acc/test/RESISC45": 0.8038095235824585,
      "normalized_acc/test/RESISC45": 0.8315271139144897
    }
  ],
  "DTD": [
    {
      "acc/test/DTD_epoch": 0.542553186416626,
      "loss/test/DTD_epoch": 1.7762324810028076,
      "acc/test/DTD": 0.542553186416626,
      "normalized_acc/test/DTD": 0.6546854376792908
    }
  ],
  "CIFAR100": [
    {
      "acc/test/CIFAR100_epoch": 0.7817999720573425,
      "loss/test/CIFAR100_epoch": 0.8812775611877441,
      "acc/test/CIFAR100": 0.7817999720573425,
      "normalized_acc/test/CIFAR100": 0.875770092010498
    }
  ],
  "KMNIST": [
    {
      "acc/test/KMNIST_epoch": 0.25949999690055847,
      "loss/test/KMNIST_epoch": 2.09881329536438,
      "acc/test/KMNIST": 0.25949999690055847,
      "normalized_acc/test/KMNIST": 0.2638535797595978
    }
  ],
  "avg": [
    {
      "acc/test/avg": 0.6191318452358245,
      "normalized_acc/test/avg": 0.6902056634426117
    }
  ]
}