{
  "SVHN": [
    {
      "acc/test/SVHN_epoch": 0.8312845826148987,
      "loss/test/SVHN_epoch": 0.5891571640968323,
      "acc/test/SVHN": 0.8312845826148987,
      "normalized_acc/test/SVHN": 0.8527070879936218
    }
  ],
  "MNIST": [
    {
      "acc/test/MNIST_epoch": 0.978600025177002,
      "loss/test/MNIST_epoch": 0.14996513724327087,
      "acc/test/MNIST": 0.978600025177002,
      "normalized_acc/test/MNIST": 0.9820371270179749
    }
  ],
  "PCAM": [
    {
      "acc/test/PCAM_epoch": 0.776031494140625,
      "loss/test/PCAM_epoch": 0.4577949345111847,
      "acc/test/PCAM": 0.776031494140625,
      "normalized_acc/test/PCAM": 0.874660313129425
    }
  ],
  "FER2013": [
    {
      "acc/test/FER2013_epoch": 0.6065756678581238,
      "loss/test/FER2013_epoch": 1.081359624862671,
      "acc/test/FER2013": 0.6065756678581238,
      "normalized_acc/test/FER2013": 0.8227513432502747
    }
  ],
  "STL10": [
    {
      "acc/test/STL10_epoch": 0.9775000214576721,
      "loss/test/STL10_epoch": 0.07315921783447266,
      "acc/test/STL10": 0.9775000214576721,
      "normalized_acc/test/STL10": 0.989497721195221
    }
  ],
  "avg": [
    {
      "acc/test/avg": 0.8339983582496643,
      "normalized_acc/test/avg": 0.9043307185173035
    }
  ]
}