{
  "SUN397": [
    {
      "acc/test/SUN397_epoch": 0.696876585483551,
      "loss/test/SUN397_epoch": 1.0547373294830322,
      "acc/test/SUN397": 0.696876585483551,
      "normalized_acc/test/SUN397": 0.883784830570221
    }
  ],
  "GTSRB": [
    {
      "acc/test/GTSRB_epoch": 0.6996040940284729,
      "loss/test/GTSRB_epoch": 1.0138427019119263,
      "acc/test/GTSRB": 0.6996040940284729,
      "normalized_acc/test/GTSRB": 0.7072760462760925
    }
  ],
  "PCAM": [
    {
      "acc/test/PCAM_epoch": 0.79840087890625,
      "loss/test/PCAM_epoch": 0.4223768711090088,
      "acc/test/PCAM": 0.79840087890625,
      "normalized_acc/test/PCAM": 0.8998727202415466
    }
  ],
  "CIFAR100": [
    {
      "acc/test/CIFAR100_epoch": 0.7936999797821045,
      "loss/test/CIFAR100_epoch": 0.7599798440933228,
      "acc/test/CIFAR100": 0.7936999797821045,
      "normalized_acc/test/CIFAR100": 0.8891004323959351
    }
  ],
  "CIFAR10": [
    {
      "acc/test/CIFAR10_epoch": 0.9678999781608582,
      "loss/test/CIFAR10_epoch": 0.10769306868314743,
      "acc/test/CIFAR10": 0.9678999781608582,
      "normalized_acc/test/CIFAR10": 0.9860432147979736
    }
  ],
  "avg": [
    {
      "acc/test/avg": 0.7912963032722473,
      "normalized_acc/test/avg": 0.8732154488563537
    }
  ]
}