{
  "EuroSAT": [
    {
      "acc/test/EuroSAT_epoch": 0.8925926089286804,
      "loss/test/EuroSAT_epoch": 0.3824736475944519,
      "acc/test/EuroSAT": 0.8925926089286804,
      "normalized_acc/test/EuroSAT": 0.900934636592865
    }
  ],
  "GTSRB": [
    {
      "acc/test/GTSRB_epoch": 0.707205057144165,
      "loss/test/GTSRB_epoch": 0.9474541544914246,
      "acc/test/GTSRB": 0.707205057144165,
      "normalized_acc/test/GTSRB": 0.7149603962898254
    }
  ],
  "FER2013": [
    {
      "acc/test/FER2013_epoch": 0.5951518416404724,
      "loss/test/FER2013_epoch": 1.1114431619644165,
      "acc/test/FER2013": 0.5951518416404724,
      "normalized_acc/test/FER2013": 0.8072562217712402
    }
  ],
  "CIFAR100": [
    {
      "acc/test/CIFAR100_epoch": 0.7882000207901001,
      "loss/test/CIFAR100_epoch": 0.8278148174285889,
      "acc/test/CIFAR100": 0.7882000207901001,
      "normalized_acc/test/CIFAR100": 0.8829393982887268
    }
  ],
  "Food101": [
    {
      "acc/test/Food101_epoch": 0.8835247755050659,
      "loss/test/Food101_epoch": 0.42353108525276184,
      "acc/test/Food101": 0.8835247755050659,
      "normalized_acc/test/Food101": 0.9719850420951843
    }
  ],
  "avg": [
    {
      "acc/test/avg": 0.7733348608016968,
      "normalized_acc/test/avg": 0.8556151390075684
    }
  ]
}