{
  "Cars": [
    {
      "acc/test/Cars_epoch": 0.7174480557441711,
      "loss/test/Cars_epoch": 0.8249402642250061,
      "acc/test/Cars": 0.7174480557441711,
      "normalized_acc/test/Cars": 0.8362081050872803
    }
  ],
  "SVHN": [
    {
      "acc/test/SVHN_epoch": 0.8423094749450684,
      "loss/test/SVHN_epoch": 0.6496685743331909,
      "acc/test/SVHN": 0.8423094749450684,
      "normalized_acc/test/SVHN": 0.8640161156654358
    }
  ],
  "STL10": [
    {
      "acc/test/STL10_epoch": 0.9837499856948853,
      "loss/test/STL10_epoch": 0.05658721923828125,
      "acc/test/STL10": 0.9837499856948853,
      "normalized_acc/test/STL10": 0.99582439661026
    }
  ],
  "Food101": [
    {
      "acc/test/Food101_epoch": 0.8980990052223206,
      "loss/test/Food101_epoch": 0.35414618253707886,
      "acc/test/Food101": 0.8980990052223206,
      "normalized_acc/test/Food101": 0.9880185127258301
    }
  ],
  "RenderedSST2": [
    {
      "acc/test/RenderedSST2_epoch": 0.6831411123275757,
      "loss/test/RenderedSST2_epoch": 0.583500325679779,
      "acc/test/RenderedSST2": 0.6831411123275757,
      "normalized_acc/test/RenderedSST2": 0.8854091763496399
    }
  ],
  "avg": [
    {
      "acc/test/avg": 0.8249495267868042,
      "normalized_acc/test/avg": 0.9138952612876892
    }
  ]
}