{
  "SUN397": [
    {
      "acc/test/SUN397_epoch": 0.7015113234519958,
      "loss/test/SUN397_epoch": 1.0509382486343384,
      "acc/test/SUN397": 0.7015113234519958,
      "normalized_acc/test/SUN397": 0.8896626830101013
    }
  ],
  "MNIST": [
    {
      "acc/test/MNIST_epoch": 0.9926000237464905,
      "loss/test/MNIST_epoch": 0.06547754257917404,
      "acc/test/MNIST": 0.9926000237464905,
      "normalized_acc/test/MNIST": 0.9960862994194031
    }
  ],
  "Flowers102": [
    {
      "acc/test/Flowers102_epoch": 0.7347536087036133,
      "loss/test/Flowers102_epoch": 1.241305947303772,
      "acc/test/Flowers102": 0.7347536087036133,
      "normalized_acc/test/Flowers102": 0.779772162437439
    }
  ],
  "EMNIST": [
    {
      "acc/test/EMNIST_epoch": 0.9945999979972839,
      "loss/test/EMNIST_epoch": 0.07436918467283249,
      "acc/test/EMNIST": 0.9945999979972839,
      "normalized_acc/test/EMNIST": 1.000301718711853
    }
  ],
  "RenderedSST2": [
    {
      "acc/test/RenderedSST2_epoch": 0.6749038696289062,
      "loss/test/RenderedSST2_epoch": 0.5889057517051697,
      "acc/test/RenderedSST2": 0.6749038696289062,
      "normalized_acc/test/RenderedSST2": 0.874733030796051
    }
  ],
  "avg": [
    {
      "acc/test/avg": 0.819673764705658,
      "normalized_acc/test/avg": 0.9081111788749695
    }
  ]
}