{
  "RESISC45": [
    {
      "acc/test/RESISC45_epoch": 0.7453968524932861,
      "loss/test/RESISC45_epoch": 0.8050880432128906,
      "acc/test/RESISC45": 0.7453968524932861,
      "normalized_acc/test/RESISC45": 0.7711002230644226
    }
  ],
  "PCAM": [
    {
      "acc/test/PCAM_epoch": 0.7940673828125,
      "loss/test/PCAM_epoch": 0.4416311979293823,
      "acc/test/PCAM": 0.7940673828125,
      "normalized_acc/test/PCAM": 0.894988477230072
    }
  ],
  "FER2013": [
    {
      "acc/test/FER2013_epoch": 0.6177208423614502,
      "loss/test/FER2013_epoch": 1.0548900365829468,
      "acc/test/FER2013": 0.6177208423614502,
      "normalized_acc/test/FER2013": 0.8378685116767883
    }
  ],
  "FashionMNIST": [
    {
      "acc/test/FashionMNIST_epoch": 0.8417999744415283,
      "loss/test/FashionMNIST_epoch": 0.4694559574127197,
      "acc/test/FashionMNIST": 0.8417999744415283,
      "normalized_acc/test/FashionMNIST": 0.8842436671257019
    }
  ],
  "RenderedSST2": [
    {
      "acc/test/RenderedSST2_epoch": 0.6990664601325989,
      "loss/test/RenderedSST2_epoch": 0.5811650156974792,
      "acc/test/RenderedSST2": 0.6990664601325989,
      "normalized_acc/test/RenderedSST2": 0.9060497879981995
    }
  ],
  "avg": [
    {
      "acc/test/avg": 0.7396103024482727,
      "normalized_acc/test/avg": 0.8588501334190368
    }
  ]
}