{
  "Cars": [
    {
      "acc/test/Cars_epoch": 0.7125979065895081,
      "loss/test/Cars_epoch": 0.8312270641326904,
      "acc/test/Cars": 0.7125979065895081,
      "normalized_acc/test/Cars": 0.8305551409721375
    }
  ],
  "RESISC45": [
    {
      "acc/test/RESISC45_epoch": 0.8036507964134216,
      "loss/test/RESISC45_epoch": 0.6102031469345093,
      "acc/test/RESISC45": 0.8036507964134216,
      "normalized_acc/test/RESISC45": 0.8313629031181335
    }
  ],
  "FER2013": [
    {
      "acc/test/FER2013_epoch": 0.6044859290122986,
      "loss/test/FER2013_epoch": 1.093035101890564,
      "acc/test/FER2013": 0.6044859290122986,
      "normalized_acc/test/FER2013": 0.819916844367981
    }
  ],
  "Food101": [
    {
      "acc/test/Food101_epoch": 0.8974653482437134,
      "loss/test/Food101_epoch": 0.3631365895271301,
      "acc/test/Food101": 0.8974653482437134,
      "normalized_acc/test/Food101": 0.9873213768005371
    }
  ],
  "EMNIST": [
    {
      "acc/test/EMNIST_epoch": 0.9670000076293945,
      "loss/test/EMNIST_epoch": 0.2704890966415405,
      "acc/test/EMNIST": 0.9670000076293945,
      "normalized_acc/test/EMNIST": 0.972543478012085
    }
  ],
  "avg": [
    {
      "acc/test/avg": 0.7970399975776672,
      "normalized_acc/test/avg": 0.8883399486541748
    }
  ]
}