{
  "SUN397": [
    {
      "acc/test/SUN397_epoch": 0.7125944495201111,
      "loss/test/SUN397_epoch": 1.0200971364974976,
      "acc/test/SUN397": 0.7125944495201111,
      "normalized_acc/test/SUN397": 0.9037183523178101
    }
  ],
  "RESISC45": [
    {
      "acc/test/RESISC45_epoch": 0.8280952572822571,
      "loss/test/RESISC45_epoch": 0.5353909134864807,
      "acc/test/RESISC45": 0.8280952572822571,
      "normalized_acc/test/RESISC45": 0.8566502928733826
    }
  ],
  "DTD": [
    {
      "acc/test/DTD_epoch": 0.5462765693664551,
      "loss/test/DTD_epoch": 1.6413822174072266,
      "acc/test/DTD": 0.5462765693664551,
      "normalized_acc/test/DTD": 0.6591783761978149
    }
  ],
  "Flowers102": [
    {
      "acc/test/Flowers102_epoch": 0.7676044702529907,
      "loss/test/Flowers102_epoch": 1.0626411437988281,
      "acc/test/Flowers102": 0.7676044702529907,
      "normalized_acc/test/Flowers102": 0.8146358132362366
    }
  ],
  "RenderedSST2": [
    {
      "acc/test/RenderedSST2_epoch": 0.7023613452911377,
      "loss/test/RenderedSST2_epoch": 0.5680495500564575,
      "acc/test/RenderedSST2": 0.7023613452911377,
      "normalized_acc/test/RenderedSST2": 0.9103202819824219
    }
  ],
  "avg": [
    {
      "acc/test/avg": 0.7113864183425903,
      "normalized_acc/test/avg": 0.8289006233215332
    }
  ]
}