{
  "DTD": [
    {
      "acc/test/DTD_epoch": 0.5345744490623474,
      "loss/test/DTD_epoch": 1.607291579246521,
      "acc/test/DTD": 0.5345744490623474,
      "normalized_acc/test/DTD": 0.645057737827301
    }
  ],
  "PCAM": [
    {
      "acc/test/PCAM_epoch": 0.8138427734375,
      "loss/test/PCAM_epoch": 0.4113815128803253,
      "acc/test/PCAM": 0.8138427734375,
      "normalized_acc/test/PCAM": 0.9172772169113159
    }
  ],
  "STL10": [
    {
      "acc/test/STL10_epoch": 0.984499990940094,
      "loss/test/STL10_epoch": 0.05117972567677498,
      "acc/test/STL10": 0.984499990940094,
      "normalized_acc/test/STL10": 0.9965835809707642
    }
  ],
  "KMNIST": [
    {
      "acc/test/KMNIST_epoch": 0.19760000705718994,
      "loss/test/KMNIST_epoch": 2.165095329284668,
      "acc/test/KMNIST": 0.19760000705718994,
      "normalized_acc/test/KMNIST": 0.20091509819030762
    }
  ],
  "RenderedSST2": [
    {
      "acc/test/RenderedSST2_epoch": 0.709500253200531,
      "loss/test/RenderedSST2_epoch": 0.5637400150299072,
      "acc/test/RenderedSST2": 0.709500253200531,
      "normalized_acc/test/RenderedSST2": 0.9195728898048401
    }
  ],
  "avg": [
    {
      "acc/test/avg": 0.6480034947395324,
      "normalized_acc/test/avg": 0.7358813047409057
    }
  ]
}