{
  "SVHN": [
    {
      "acc/test/SVHN_epoch": 0.8801475167274475,
      "loss/test/SVHN_epoch": 0.44570261240005493,
      "acc/test/SVHN": 0.8801475167274475,
      "normalized_acc/test/SVHN": 0.9028292298316956
    }
  ],
  "DTD": [
    {
      "acc/test/DTD_epoch": 0.5441489219665527,
      "loss/test/DTD_epoch": 1.5956088304519653,
      "acc/test/DTD": 0.5441489219665527,
      "normalized_acc/test/DTD": 0.6566110253334045
    }
  ],
  "Flowers102": [
    {
      "acc/test/Flowers102_epoch": 0.7532932162284851,
      "loss/test/Flowers102_epoch": 1.1186249256134033,
      "acc/test/Flowers102": 0.7532932162284851,
      "normalized_acc/test/Flowers102": 0.7994476556777954
    }
  ],
  "EMNIST": [
    {
      "acc/test/EMNIST_epoch": 0.9828000068664551,
      "loss/test/EMNIST_epoch": 0.14029467105865479,
      "acc/test/EMNIST": 0.9828000068664551,
      "normalized_acc/test/EMNIST": 0.9884340763092041
    }
  ],
  "RenderedSST2": [
    {
      "acc/test/RenderedSST2_epoch": 0.6968698501586914,
      "loss/test/RenderedSST2_epoch": 0.5756895542144775,
      "acc/test/RenderedSST2": 0.6968698501586914,
      "normalized_acc/test/RenderedSST2": 0.9032028317451477
    }
  ],
  "avg": [
    {
      "acc/test/avg": 0.7714519023895263,
      "normalized_acc/test/avg": 0.8501049637794494
    }
  ]
}