{
  "SUN397": [
    {
      "acc/test/SUN397_epoch": 0.7056423425674438,
      "loss/test/SUN397_epoch": 1.0161367654800415,
      "acc/test/SUN397": 0.7056423425674438,
      "normalized_acc/test/SUN397": 0.8949016332626343
    }
  ],
  "DTD": [
    {
      "acc/test/DTD_epoch": 0.5393617153167725,
      "loss/test/DTD_epoch": 1.6187663078308105,
      "acc/test/DTD": 0.5393617153167725,
      "normalized_acc/test/DTD": 0.6508343815803528
    }
  ],
  "PCAM": [
    {
      "acc/test/PCAM_epoch": 0.82861328125,
      "loss/test/PCAM_epoch": 0.3905596137046814,
      "acc/test/PCAM": 0.82861328125,
      "normalized_acc/test/PCAM": 0.9339249730110168
    }
  ],
  "OxfordIIITPet": [
    {
      "acc/test/OxfordIIITPet_epoch": 0.9157808423042297,
      "loss/test/OxfordIIITPet_epoch": 0.23858694732189178,
      "acc/test/OxfordIIITPet": 0.9157808423042297,
      "normalized_acc/test/OxfordIIITPet": 0.9635789394378662
    }
  ],
  "EMNIST": [
    {
      "acc/test/EMNIST_epoch": 0.9731000065803528,
      "loss/test/EMNIST_epoch": 0.2927354872226715,
      "acc/test/EMNIST": 0.9731000065803528,
      "normalized_acc/test/EMNIST": 0.9786784648895264
    }
  ],
  "avg": [
    {
      "acc/test/avg": 0.7924996376037597,
      "normalized_acc/test/avg": 0.8843836784362793
    }
  ]
}