{
  "RESISC45": [
    {
      "acc/test/RESISC45_epoch": 0.8047618865966797,
      "loss/test/RESISC45_epoch": 0.6085954308509827,
      "acc/test/RESISC45": 0.8047618865966797,
      "normalized_acc/test/RESISC45": 0.8325123190879822
    }
  ],
  "EuroSAT": [
    {
      "acc/test/EuroSAT_epoch": 0.8822222352027893,
      "loss/test/EuroSAT_epoch": 0.3940618634223938,
      "acc/test/EuroSAT": 0.8822222352027893,
      "normalized_acc/test/EuroSAT": 0.8904673457145691
    }
  ],
  "DTD": [
    {
      "acc/test/DTD_epoch": 0.5223404169082642,
      "loss/test/DTD_epoch": 1.6888320446014404,
      "acc/test/DTD": 0.5223404169082642,
      "normalized_acc/test/DTD": 0.6302952170372009
    }
  ],
  "PCAM": [
    {
      "acc/test/PCAM_epoch": 0.81689453125,
      "loss/test/PCAM_epoch": 0.39405912160873413,
      "acc/test/PCAM": 0.81689453125,
      "normalized_acc/test/PCAM": 0.9207168221473694
    }
  ],
  "KMNIST": [
    {
      "acc/test/KMNIST_epoch": 0.21119999885559082,
      "loss/test/KMNIST_epoch": 2.1440529823303223,
      "acc/test/KMNIST": 0.21119999885559082,
      "normalized_acc/test/KMNIST": 0.2147432565689087
    }
  ],
  "avg": [
    {
      "acc/test/avg": 0.6474838137626648,
      "normalized_acc/test/avg": 0.697746992111206
    }
  ]
}