{
  "SUN397": [
    {
      "acc/test/SUN397_epoch": 0.7070528864860535,
      "loss/test/SUN397_epoch": 1.028692603111267,
      "acc/test/SUN397": 0.7070528864860535,
      "normalized_acc/test/SUN397": 0.8966905474662781
    }
  ],
  "Flowers102": [
    {
      "acc/test/Flowers102_epoch": 0.7449991703033447,
      "loss/test/Flowers102_epoch": 1.2416424751281738,
      "acc/test/Flowers102": 0.7449991703033447,
      "normalized_acc/test/Flowers102": 0.7906454801559448
    }
  ],
  "FER2013": [
    {
      "acc/test/FER2013_epoch": 0.607690155506134,
      "loss/test/FER2013_epoch": 1.0969911813735962,
      "acc/test/FER2013": 0.607690155506134,
      "normalized_acc/test/FER2013": 0.8242630362510681
    }
  ],
  "CIFAR100": [
    {
      "acc/test/CIFAR100_epoch": 0.7886000275611877,
      "loss/test/CIFAR100_epoch": 0.813508927822113,
      "acc/test/CIFAR100": 0.7886000275611877,
      "normalized_acc/test/CIFAR100": 0.8833875060081482
    }
  ],
  "FashionMNIST": [
    {
      "acc/test/FashionMNIST_epoch": 0.8571000099182129,
      "loss/test/FashionMNIST_epoch": 0.42509925365448,
      "acc/test/FashionMNIST": 0.8571000099182129,
      "normalized_acc/test/FashionMNIST": 0.9003151059150696
    }
  ],
  "avg": [
    {
      "acc/test/avg": 0.7410884499549866,
      "normalized_acc/test/avg": 0.8590603351593018
    }
  ]
}