{
  "SUN397": [
    {
      "acc/test/SUN397_epoch": 0.7046851515769958,
      "loss/test/SUN397_epoch": 1.0433719158172607,
      "acc/test/SUN397": 0.7046851515769958,
      "normalized_acc/test/SUN397": 0.8936877250671387
    }
  ],
  "Cars": [
    {
      "acc/test/Cars_epoch": 0.7169506549835205,
      "loss/test/Cars_epoch": 0.820586621761322,
      "acc/test/Cars": 0.7169506549835205,
      "normalized_acc/test/Cars": 0.8356283903121948
    }
  ],
  "RESISC45": [
    {
      "acc/test/RESISC45_epoch": 0.8028571605682373,
      "loss/test/RESISC45_epoch": 0.6056817770004272,
      "acc/test/RESISC45": 0.8028571605682373,
      "normalized_acc/test/RESISC45": 0.8305419087409973
    }
  ],
  "EuroSAT": [
    {
      "acc/test/EuroSAT_epoch": 0.9296296238899231,
      "loss/test/EuroSAT_epoch": 0.2566511332988739,
      "acc/test/EuroSAT": 0.9296296238899231,
      "normalized_acc/test/EuroSAT": 0.9383177757263184
    }
  ],
  "EMNIST": [
    {
      "acc/test/EMNIST_epoch": 0.9603000283241272,
      "loss/test/EMNIST_epoch": 0.2868092358112335,
      "acc/test/EMNIST": 0.9603000283241272,
      "normalized_acc/test/EMNIST": 0.9658051133155823
    }
  ],
  "avg": [
    {
      "acc/test/avg": 0.8228845238685608,
      "normalized_acc/test/avg": 0.8927961826324463
    }
  ]
}