{
  "GTSRB": [
    {
      "acc/test/GTSRB_epoch": 0.7179730534553528,
      "loss/test/GTSRB_epoch": 0.9101096391677856,
      "acc/test/GTSRB": 0.7179730534553528,
      "normalized_acc/test/GTSRB": 0.7258464694023132
    }
  ],
  "MNIST": [
    {
      "acc/test/MNIST_epoch": 0.965499997138977,
      "loss/test/MNIST_epoch": 0.2949097156524658,
      "acc/test/MNIST": 0.965499997138977,
      "normalized_acc/test/MNIST": 0.9688910841941833
    }
  ],
  "CIFAR10": [
    {
      "acc/test/CIFAR10_epoch": 0.9537000060081482,
      "loss/test/CIFAR10_epoch": 0.14718583226203918,
      "acc/test/CIFAR10": 0.9537000060081482,
      "normalized_acc/test/CIFAR10": 0.9715770483016968
    }
  ],
  "Food101": [
    {
      "acc/test/Food101_epoch": 0.8617029786109924,
      "loss/test/Food101_epoch": 0.4913291335105896,
      "acc/test/Food101": 0.8617029786109924,
      "normalized_acc/test/Food101": 0.9479784369468689
    }
  ],
  "FashionMNIST": [
    {
      "acc/test/FashionMNIST_epoch": 0.8324000239372253,
      "loss/test/FashionMNIST_epoch": 0.5080702900886536,
      "acc/test/FashionMNIST": 0.8324000239372253,
      "normalized_acc/test/FashionMNIST": 0.874369740486145
    }
  ],
  "avg": [
    {
      "acc/test/avg": 0.8662552118301392,
      "normalized_acc/test/avg": 0.8977325558662415
    }
  ]
}