{
  "EuroSAT": [
    {
      "acc/test/EuroSAT_epoch": 0.8700000047683716,
      "loss/test/EuroSAT_epoch": 0.45630374550819397,
      "acc/test/EuroSAT": 0.8700000047683716,
      "normalized_acc/test/EuroSAT": 0.8781308531761169
    }
  ],
  "GTSRB": [
    {
      "acc/test/GTSRB_epoch": 0.716389536857605,
      "loss/test/GTSRB_epoch": 0.9302718639373779,
      "acc/test/GTSRB": 0.716389536857605,
      "normalized_acc/test/GTSRB": 0.7242456078529358
    }
  ],
  "MNIST": [
    {
      "acc/test/MNIST_epoch": 0.9735999703407288,
      "loss/test/MNIST_epoch": 0.19694827497005463,
      "acc/test/MNIST": 0.9735999703407288,
      "normalized_acc/test/MNIST": 0.9770195484161377
    }
  ],
  "FER2013": [
    {
      "acc/test/FER2013_epoch": 0.6019782423973083,
      "loss/test/FER2013_epoch": 1.1107330322265625,
      "acc/test/FER2013": 0.6019782423973083,
      "normalized_acc/test/FER2013": 0.8165154457092285
    }
  ],
  "RenderedSST2": [
    {
      "acc/test/RenderedSST2_epoch": 0.7001647353172302,
      "loss/test/RenderedSST2_epoch": 0.5736393928527832,
      "acc/test/RenderedSST2": 0.7001647353172302,
      "normalized_acc/test/RenderedSST2": 0.9074732661247253
    }
  ],
  "avg": [
    {
      "acc/test/avg": 0.7724264979362487,
      "normalized_acc/test/avg": 0.8606769442558289
    }
  ]
}