{
  "EuroSAT": [
    {
      "acc/test/EuroSAT_epoch": 0.8140740990638733,
      "loss/test/EuroSAT_epoch": 0.6518889665603638,
      "acc/test/EuroSAT": 0.8140740990638733,
      "normalized_acc/test/EuroSAT": 0.8216822743415833
    }
  ],
  "SVHN": [
    {
      "acc/test/SVHN_epoch": 0.7690534591674805,
      "loss/test/SVHN_epoch": 0.9334962368011475,
      "acc/test/SVHN": 0.7690534591674805,
      "normalized_acc/test/SVHN": 0.788872241973877
    }
  ],
  "PCAM": [
    {
      "acc/test/PCAM_epoch": 0.782073974609375,
      "loss/test/PCAM_epoch": 0.4472547471523285,
      "acc/test/PCAM": 0.782073974609375,
      "normalized_acc/test/PCAM": 0.881470799446106
    }
  ],
  "CIFAR10": [
    {
      "acc/test/CIFAR10_epoch": 0.9541000127792358,
      "loss/test/CIFAR10_epoch": 0.13994522392749786,
      "acc/test/CIFAR10": 0.9541000127792358,
      "normalized_acc/test/CIFAR10": 0.9719845652580261
    }
  ],
  "Food101": [
    {
      "acc/test/Food101_epoch": 0.8562376499176025,
      "loss/test/Food101_epoch": 0.5051738023757935,
      "acc/test/Food101": 0.8562376499176025,
      "normalized_acc/test/Food101": 0.9419658780097961
    }
  ],
  "avg": [
    {
      "acc/test/avg": 0.8351078391075134,
      "normalized_acc/test/avg": 0.8811951518058777
    }
  ]
}