{
  "GTSRB": [
    {
      "acc/test/GTSRB_epoch": 0.714410126209259,
      "loss/test/GTSRB_epoch": 0.9565451145172119,
      "acc/test/GTSRB": 0.714410126209259,
      "normalized_acc/test/GTSRB": 0.7222444415092468
    }
  ],
  "FER2013": [
    {
      "acc/test/FER2013_epoch": 0.6022568941116333,
      "loss/test/FER2013_epoch": 1.0883424282073975,
      "acc/test/FER2013": 0.6022568941116333,
      "normalized_acc/test/FER2013": 0.8168933987617493
    }
  ],
  "STL10": [
    {
      "acc/test/STL10_epoch": 0.9817500114440918,
      "loss/test/STL10_epoch": 0.06229536235332489,
      "acc/test/STL10": 0.9817500114440918,
      "normalized_acc/test/STL10": 0.9937998652458191
    }
  ],
  "CIFAR10": [
    {
      "acc/test/CIFAR10_epoch": 0.9629999995231628,
      "loss/test/CIFAR10_epoch": 0.11981451511383057,
      "acc/test/CIFAR10": 0.9629999995231628,
      "normalized_acc/test/CIFAR10": 0.9810513854026794
    }
  ],
  "RenderedSST2": [
    {
      "acc/test/RenderedSST2_epoch": 0.7105985879898071,
      "loss/test/RenderedSST2_epoch": 0.5640459060668945,
      "acc/test/RenderedSST2": 0.7105985879898071,
      "normalized_acc/test/RenderedSST2": 0.9209964275360107
    }
  ],
  "avg": [
    {
      "acc/test/avg": 0.7944031238555909,
      "normalized_acc/test/avg": 0.8869971036911011
    }
  ]
}