{
    "EuroSAT": [
        {
            "acc/test/EuroSAT_epoch": 0.9788888692855835,
            "loss/test/EuroSAT_epoch": 0.07228316366672516,
            "acc/test/EuroSAT": 0.9788888692855835,
            "normalized_acc/test/EuroSAT": 0.9880374073982239
        }
    ],
    "KMNIST": [
        {
            "acc/test/KMNIST_epoch": 0.9818999767303467,
            "loss/test/KMNIST_epoch": 0.07911427319049835,
            "acc/test/KMNIST": 0.9818999767303467,
            "normalized_acc/test/KMNIST": 0.9983731508255005
        }
    ],
    "avg": [
        {
            "acc/test/avg": 0.9803944230079651,
            "normalized_acc/test/avg": 0.9932052791118622
        }
    ]
}