{
    "PCAM": [
        {
            "acc/test/PCAM_epoch": 0.856292724609375,
            "loss/test/PCAM_epoch": 0.4932895004749298,
            "acc/test/PCAM": 0.856292724609375,
            "normalized_acc/test/PCAM": 0.9651222825050354
        }
    ],
    "EMNIST": [
        {
            "acc/test/EMNIST_epoch": 0.9962000250816345,
            "loss/test/EMNIST_epoch": 0.03879297524690628,
            "acc/test/EMNIST": 0.9962000250816345,
            "normalized_acc/test/EMNIST": 1.001910924911499
        }
    ],
    "avg": [
        {
            "acc/test/avg": 0.9262463748455048,
            "normalized_acc/test/avg": 0.9835166037082672
        }
    ]
}