{
    "CIFAR100": [
        {
            "acc/test/CIFAR100_epoch": 0.857200026512146,
            "loss/test/CIFAR100_epoch": 0.5912884473800659,
            "acc/test/CIFAR100": 0.857200026512146,
            "normalized_acc/test/CIFAR100": 0.9602330327033997
        }
    ],
    "FashionMNIST": [
        {
            "acc/test/FashionMNIST_epoch": 0.9452999830245972,
            "loss/test/FashionMNIST_epoch": 0.19078698754310608,
            "acc/test/FashionMNIST": 0.9452999830245972,
            "normalized_acc/test/FashionMNIST": 0.992962121963501
        }
    ],
    "avg": [
        {
            "acc/test/avg": 0.9012500047683716,
            "normalized_acc/test/avg": 0.9765975773334503
        }
    ]
}