{
    "SVHN": [
        {
            "acc/test/SVHN_epoch": 0.9701905250549316,
            "loss/test/SVHN_epoch": 0.1262764185667038,
            "acc/test/SVHN": 0.9701905250549316,
            "normalized_acc/test/SVHN": 0.9951927065849304
        }
    ],
    "FashionMNIST": [
        {
            "acc/test/FashionMNIST_epoch": 0.9369000196456909,
            "loss/test/FashionMNIST_epoch": 0.20588573813438416,
            "acc/test/FashionMNIST": 0.9369000196456909,
            "normalized_acc/test/FashionMNIST": 0.9841386675834656
        }
    ],
    "avg": [
        {
            "acc/test/avg": 0.9535452723503113,
            "normalized_acc/test/avg": 0.989665687084198
        }
    ]
}