{
    "FashionMNIST": [
        {
            "acc/test/FashionMNIST_epoch": 0.9350000023841858,
            "loss/test/FashionMNIST_epoch": 0.22535866498947144,
            "acc/test/FashionMNIST": 0.9350000023841858,
            "normalized_acc/test/FashionMNIST": 0.9821428656578064
        }
    ],
    "EMNIST": [
        {
            "acc/test/EMNIST_epoch": 0.995199978351593,
            "loss/test/EMNIST_epoch": 0.038945384323596954,
            "acc/test/EMNIST": 0.995199978351593,
            "normalized_acc/test/EMNIST": 1.000905156135559
        }
    ],
    "avg": [
        {
            "acc/test/avg": 0.9650999903678894,
            "normalized_acc/test/avg": 0.9915240108966827
        }
    ]
}