{
    "CIFAR100": [
        {
            "acc/test/CIFAR100_epoch": 0.8810999989509583,
            "loss/test/CIFAR100_epoch": 0.5090082883834839,
            "acc/test/CIFAR100": 0.8810999989509583,
            "normalized_acc/test/CIFAR100": 0.9870057106018066
        }
    ],
    "Food101": [
        {
            "acc/test/Food101_epoch": 0.886653482913971,
            "loss/test/Food101_epoch": 0.4576411545276642,
            "acc/test/Food101": 0.886653482913971,
            "normalized_acc/test/Food101": 0.9754270315170288
        }
    ],
    "avg": [
        {
            "acc/test/avg": 0.8838767409324646,
            "normalized_acc/test/avg": 0.9812163710594177
        }
    ]
}