{
    "OxfordIIITPet": [
        {
            "acc/test/OxfordIIITPet_epoch": 0.9400381445884705,
            "loss/test/OxfordIIITPet_epoch": 0.24635106325149536,
            "acc/test/OxfordIIITPet": 0.9400381445884705,
            "normalized_acc/test/OxfordIIITPet": 0.9891023635864258
        }
    ],
    "KMNIST": [
        {
            "acc/test/KMNIST_epoch": 0.9828000068664551,
            "loss/test/KMNIST_epoch": 0.07726065814495087,
            "acc/test/KMNIST": 0.9828000068664551,
            "normalized_acc/test/KMNIST": 0.9992882609367371
        }
    ],
    "avg": [
        {
            "acc/test/avg": 0.9614190757274628,
            "normalized_acc/test/avg": 0.9941953122615814
        }
    ]
}