{
    "DTD": [
        {
            "acc/test/DTD_epoch": 0.8154255151748657,
            "loss/test/DTD_epoch": 0.8370791077613831,
            "acc/test/DTD": 0.8154255151748657,
            "normalized_acc/test/DTD": 0.9839537143707275
        }
    ],
    "RenderedSST2": [
        {
            "acc/test/RenderedSST2_epoch": 0.7841845154762268,
            "loss/test/RenderedSST2_epoch": 0.8985584378242493,
            "acc/test/RenderedSST2": 0.7841845154762268,
            "normalized_acc/test/RenderedSST2": 1.0163700580596924
        }
    ],
    "avg": [
        {
            "acc/test/avg": 0.7998050153255463,
            "normalized_acc/test/avg": 1.00016188621521
        }
    ]
}