{
    "Cars": [
        {
            "acc/test/Cars_epoch": 0.8350951671600342,
            "loss/test/Cars_epoch": 0.5624231100082397,
            "acc/test/Cars": 0.8350951671600342,
            "normalized_acc/test/Cars": 0.973329484462738
        }
    ],
    "Food101": [
        {
            "acc/test/Food101_epoch": 0.9148514866828918,
            "loss/test/Food101_epoch": 0.35409921407699585,
            "acc/test/Food101": 0.9148514866828918,
            "normalized_acc/test/Food101": 1.0064482688903809
        }
    ],
    "avg": [
        {
            "acc/test/avg": 0.874973326921463,
            "normalized_acc/test/avg": 0.9898888766765594
        }
    ]
}