{
    "RESISC45": [
        {
            "acc/test/RESISC45_epoch": 0.96317458152771,
            "loss/test/RESISC45_epoch": 0.1356693059206009,
            "acc/test/RESISC45": 0.96317458152771,
            "normalized_acc/test/RESISC45": 0.9963875412940979
        }
    ],
    "OxfordIIITPet": [
        {
            "acc/test/OxfordIIITPet_epoch": 0.9512128829956055,
            "loss/test/OxfordIIITPet_epoch": 0.20942825078964233,
            "acc/test/OxfordIIITPet": 0.9512128829956055,
            "normalized_acc/test/OxfordIIITPet": 1.000860333442688
        }
    ],
    "avg": [
        {
            "acc/test/avg": 0.9571937322616577,
            "normalized_acc/test/avg": 0.9986239373683929
        }
    ]
}