{
    "EuroSAT": [
        {
            "acc/test/EuroSAT_epoch": 0.9888888597488403,
            "loss/test/EuroSAT_epoch": 0.035331305116415024,
            "acc/test/EuroSAT": 0.9888888597488403,
            "normalized_acc/test/EuroSAT": 0.9981308579444885
        }
    ],
    "OxfordIIITPet": [
        {
            "acc/test/OxfordIIITPet_epoch": 0.9528481960296631,
            "loss/test/OxfordIIITPet_epoch": 0.2013757973909378,
            "acc/test/OxfordIIITPet": 0.9528481960296631,
            "normalized_acc/test/OxfordIIITPet": 1.002581000328064
        }
    ],
    "avg": [
        {
            "acc/test/avg": 0.9708685278892517,
            "normalized_acc/test/avg": 1.0003559291362762
        }
    ]
}