{
    "SUN397": [
        {
            "acc/test/SUN397_epoch": 0.755012571811676,
            "loss/test/SUN397_epoch": 0.9220633506774902,
            "acc/test/SUN397": 0.755012571811676,
            "normalized_acc/test/SUN397": 0.9575133919715881
        }
    ],
    "FashionMNIST": [
        {
            "acc/test/FashionMNIST_epoch": 0.9463000297546387,
            "loss/test/FashionMNIST_epoch": 0.1920662671327591,
            "acc/test/FashionMNIST": 0.9463000297546387,
            "normalized_acc/test/FashionMNIST": 0.9940125942230225
        }
    ],
    "avg": [
        {
            "acc/test/avg": 0.8506563007831573,
            "normalized_acc/test/avg": 0.9757629930973053
        }
    ]
}