{
    "MNIST": [
        {
            "acc/test/MNIST_epoch": 0.9962000250816345,
            "loss/test/MNIST_epoch": 0.028096377849578857,
            "acc/test/MNIST": 0.9962000250816345,
            "normalized_acc/test/MNIST": 0.9996989369392395
        }
    ],
    "CIFAR10": [
        {
            "acc/test/CIFAR10_epoch": 0.9746000170707703,
            "loss/test/CIFAR10_epoch": 0.10560345649719238,
            "acc/test/CIFAR10": 0.9746000170707703,
            "normalized_acc/test/CIFAR10": 0.9928688406944275
        }
    ],
    "avg": [
        {
            "acc/test/avg": 0.9854000210762024,
            "normalized_acc/test/avg": 0.9962838888168335
        }
    ]
}