{
    "Cars": [
        {
            "acc/test/Cars_epoch": 0.8435518145561218,
            "loss/test/Cars_epoch": 0.5310109257698059,
            "acc/test/Cars": 0.8435518145561218,
            "normalized_acc/test/Cars": 0.9831860065460205
        }
    ],
    "RESISC45": [
        {
            "acc/test/RESISC45_epoch": 0.9604762196540833,
            "loss/test/RESISC45_epoch": 0.14326827228069305,
            "acc/test/RESISC45": 0.9604762196540833,
            "normalized_acc/test/RESISC45": 0.9935961365699768
        }
    ],
    "avg": [
        {
            "acc/test/avg": 0.9020140171051025,
            "normalized_acc/test/avg": 0.9883910715579987
        }
    ]
}