{
    "SVHN": [
        {
            "acc/test/SVHN_epoch": 0.9701521396636963,
            "loss/test/SVHN_epoch": 0.13704603910446167,
            "acc/test/SVHN": 0.9701521396636963,
            "normalized_acc/test/SVHN": 0.9951533079147339
        }
    ],
    "Flowers102": [
        {
            "acc/test/Flowers102_epoch": 0.8103756904602051,
            "loss/test/Flowers102_epoch": 0.7916513085365295,
            "acc/test/Flowers102": 0.8103756904602051,
            "normalized_acc/test/Flowers102": 0.8600276112556458
        }
    ],
    "avg": [
        {
            "acc/test/avg": 0.8902639150619507,
            "normalized_acc/test/avg": 0.9275904595851898
        }
    ]
}