{
    "Flowers102": [
        {
            "acc/test/Flowers102_epoch": 0.8150919079780579,
            "loss/test/Flowers102_epoch": 0.7511874437332153,
            "acc/test/Flowers102": 0.8150919079780579,
            "normalized_acc/test/Flowers102": 0.8650327920913696
        }
    ],
    "FashionMNIST": [
        {
            "acc/test/FashionMNIST_epoch": 0.9355000257492065,
            "loss/test/FashionMNIST_epoch": 0.19344927370548248,
            "acc/test/FashionMNIST": 0.9355000257492065,
            "normalized_acc/test/FashionMNIST": 0.9826680421829224
        }
    ],
    "avg": [
        {
            "acc/test/avg": 0.8752959668636322,
            "normalized_acc/test/avg": 0.923850417137146
        }
    ]
}