{
    "MNIST": [
        {
            "acc/test/MNIST_epoch": 0.9937999844551086,
            "loss/test/MNIST_epoch": 0.039408277720212936,
            "acc/test/MNIST": 0.9937999844551086,
            "normalized_acc/test/MNIST": 0.9972904920578003
        }
    ],
    "Flowers102": [
        {
            "acc/test/Flowers102_epoch": 0.7880956530570984,
            "loss/test/Flowers102_epoch": 0.9468016624450684,
            "acc/test/Flowers102": 0.7880956530570984,
            "normalized_acc/test/Flowers102": 0.8363824486732483
        }
    ],
    "avg": [
        {
            "acc/test/avg": 0.8909478187561035,
            "normalized_acc/test/avg": 0.9168364703655243
        }
    ]
}