{
    "SUN397": [
        {
            "acc/test/SUN397_epoch": 0.7328463196754456,
            "loss/test/SUN397_epoch": 0.9266887307167053,
            "acc/test/SUN397": 0.7328463196754456,
            "normalized_acc/test/SUN397": 0.9294019937515259
        }
    ],
    "PCAM": [
        {
            "acc/test/PCAM_epoch": 0.90716552734375,
            "loss/test/PCAM_epoch": 0.2181703895330429,
            "acc/test/PCAM": 0.90716552734375,
            "normalized_acc/test/PCAM": 1.022460699081421
        }
    ],
    "avg": [
        {
            "acc/test/avg": 0.8200059235095978,
            "normalized_acc/test/avg": 0.9759313464164734
        }
    ]
}