{
    "SUN397": [
        {
            "acc/test/SUN397_epoch": 0.7554156184196472,
            "loss/test/SUN397_epoch": 0.9001830220222473,
            "acc/test/SUN397": 0.7554156184196472,
            "normalized_acc/test/SUN397": 0.9580245614051819
        }
    ],
    "GTSRB": [
        {
            "acc/test/GTSRB_epoch": 0.974901020526886,
            "loss/test/GTSRB_epoch": 0.11272725462913513,
            "acc/test/GTSRB": 0.974901020526886,
            "normalized_acc/test/GTSRB": 0.9855919480323792
        }
    ],
    "avg": [
        {
            "acc/test/avg": 0.8651583194732666,
            "normalized_acc/test/avg": 0.9718082547187805
        }
    ]
}