{
    "GTSRB": [
        {
            "acc/test/GTSRB_epoch": 0.9764845371246338,
            "loss/test/GTSRB_epoch": 0.10511048138141632,
            "acc/test/GTSRB": 0.9764845371246338,
            "normalized_acc/test/GTSRB": 0.9871928095817566
        }
    ],
    "DTD": [
        {
            "acc/test/DTD_epoch": 0.7250000238418579,
            "loss/test/DTD_epoch": 1.048098087310791,
            "acc/test/DTD": 0.7250000238418579,
            "normalized_acc/test/DTD": 0.8748395442962646
        }
    ],
    "avg": [
        {
            "acc/test/avg": 0.8507422804832458,
            "normalized_acc/test/avg": 0.9310161769390106
        }
    ]
}