{
    "SUN397": [
        {
            "acc/test/SUN397_epoch": 0.74528968334198,
            "loss/test/SUN397_epoch": 0.9561501145362854,
            "acc/test/SUN397": 0.74528968334198,
            "normalized_acc/test/SUN397": 0.945182740688324
        }
    ],
    "CIFAR100": [
        {
            "acc/test/CIFAR100_epoch": 0.8726000189781189,
            "loss/test/CIFAR100_epoch": 0.5538341999053955,
            "acc/test/CIFAR100": 0.8726000189781189,
            "normalized_acc/test/CIFAR100": 0.9774840474128723
        }
    ],
    "avg": [
        {
            "acc/test/avg": 0.8089448511600494,
            "normalized_acc/test/avg": 0.9613333940505981
        }
    ]
}