{
    "SUN397": [
        {
            "acc/test/SUN397_epoch": 0.7658438086509705,
            "loss/test/SUN397_epoch": 0.8367719054222107,
            "acc/test/SUN397": 0.7658438086509705,
            "normalized_acc/test/SUN397": 0.9712496995925903
        }
    ],
    "RenderedSST2": [
        {
            "acc/test/RenderedSST2_epoch": 0.7721032500267029,
            "loss/test/RenderedSST2_epoch": 0.5417613983154297,
            "acc/test/RenderedSST2": 0.7721032500267029,
            "normalized_acc/test/RenderedSST2": 1.0007116794586182
        }
    ],
    "avg": [
        {
            "acc/test/avg": 0.7689735293388367,
            "normalized_acc/test/avg": 0.9859806895256042
        }
    ]
}