{
    "SUN397": [
        {
            "acc/test/SUN397_epoch": 0.7442317605018616,
            "loss/test/SUN397_epoch": 0.9391670227050781,
            "acc/test/SUN397": 0.7442317605018616,
            "normalized_acc/test/SUN397": 0.9438410997390747
        }
    ],
    "MNIST": [
        {
            "acc/test/MNIST_epoch": 0.9941999912261963,
            "loss/test/MNIST_epoch": 0.03933718428015709,
            "acc/test/MNIST": 0.9941999912261963,
            "normalized_acc/test/MNIST": 0.9976918697357178
        }
    ],
    "avg": [
        {
            "acc/test/avg": 0.8692158758640289,
            "normalized_acc/test/avg": 0.9707664847373962
        }
    ]
}