{
    "DTD": [
        {
            "acc/test/DTD_epoch": 0.7526595592498779,
            "loss/test/DTD_epoch": 0.9430762529373169,
            "acc/test/DTD": 0.7526595592498779,
            "normalized_acc/test/DTD": 0.9082156419754028
        }
    ],
    "Flowers102": [
        {
            "acc/test/Flowers102_epoch": 0.8655065894126892,
            "loss/test/Flowers102_epoch": 0.5344297289848328,
            "acc/test/Flowers102": 0.8655065894126892,
            "normalized_acc/test/Flowers102": 0.9185364246368408
        }
    ],
    "avg": [
        {
            "acc/test/avg": 0.8090830743312836,
            "normalized_acc/test/avg": 0.9133760333061218
        }
    ]
}