{
    "MNIST": [
        {
            "acc/test/MNIST_epoch": 0.9932000041007996,
            "loss/test/MNIST_epoch": 0.06713712960481644,
            "acc/test/MNIST": 0.9932000041007996,
            "normalized_acc/test/MNIST": 0.9966884255409241
        }
    ],
    "PCAM": [
        {
            "acc/test/PCAM_epoch": 0.90020751953125,
            "loss/test/PCAM_epoch": 0.23144564032554626,
            "acc/test/PCAM": 0.90020751953125,
            "normalized_acc/test/PCAM": 1.0146183967590332
        }
    ],
    "avg": [
        {
            "acc/test/avg": 0.9467037618160248,
            "normalized_acc/test/avg": 1.0056534111499786
        }
    ]
}