{
    "RESISC45": [
        {
            "acc/test/RESISC45_epoch": 0.9290476441383362,
            "loss/test/RESISC45_epoch": 0.2343241423368454,
            "acc/test/RESISC45": 0.9290476441383362,
            "normalized_acc/test/RESISC45": 0.9610837697982788
        }
    ],
    "GTSRB": [
        {
            "acc/test/GTSRB_epoch": 0.9707838296890259,
            "loss/test/GTSRB_epoch": 0.13376620411872864,
            "acc/test/GTSRB": 0.9707838296890259,
            "normalized_acc/test/GTSRB": 0.9814295768737793
        }
    ],
    "avg": [
        {
            "acc/test/avg": 0.949915736913681,
            "normalized_acc/test/avg": 0.971256673336029
        }
    ]
}