{
    "Cars": [
        {
            "acc/test/Cars_epoch": 0.7991543412208557,
            "loss/test/Cars_epoch": 0.6345597505569458,
            "acc/test/Cars": 0.7991543412208557,
            "normalized_acc/test/Cars": 0.9314393401145935
        }
    ],
    "FER2013": [
        {
            "acc/test/FER2013_epoch": 0.7176093459129333,
            "loss/test/FER2013_epoch": 0.9257829785346985,
            "acc/test/FER2013": 0.7176093459129333,
            "normalized_acc/test/FER2013": 0.9733560085296631
        }
    ],
    "avg": [
        {
            "acc/test/avg": 0.7583818435668945,
            "normalized_acc/test/avg": 0.9523976743221283
        }
    ]
}