{
    "RESISC45": [
        {
            "acc/test/RESISC45_epoch": 0.9196825623512268,
            "loss/test/RESISC45_epoch": 0.25681617856025696,
            "acc/test/RESISC45": 0.9196825623512268,
            "normalized_acc/test/RESISC45": 0.9513958096504211
        }
    ],
    "KMNIST": [
        {
            "acc/test/KMNIST_epoch": 0.9229999780654907,
            "loss/test/KMNIST_epoch": 0.41545772552490234,
            "acc/test/KMNIST": 0.9229999780654907,
            "normalized_acc/test/KMNIST": 0.9384849667549133
        }
    ],
    "avg": [
        {
            "acc/test/avg": 0.9213412702083588,
            "normalized_acc/test/avg": 0.9449403882026672
        }
    ]
}