{
    "SUN397": [
        {
            "acc/test/SUN397_epoch": 0.755969762802124,
            "loss/test/SUN397_epoch": 0.9081783294677734,
            "acc/test/SUN397": 0.755969762802124,
            "normalized_acc/test/SUN397": 0.9587273001670837
        }
    ],
    "DTD": [
        {
            "acc/test/DTD_epoch": 0.7186170220375061,
            "loss/test/DTD_epoch": 1.0736230611801147,
            "acc/test/DTD": 0.7186170220375061,
            "normalized_acc/test/DTD": 0.8671373128890991
        }
    ],
    "avg": [
        {
            "acc/test/avg": 0.7372933924198151,
            "normalized_acc/test/avg": 0.9129323065280914
        }
    ]
}