{
    "GTSRB": [
        {
            "acc/test/GTSRB_epoch": 0.965954065322876,
            "loss/test/GTSRB_epoch": 0.13810238242149353,
            "acc/test/GTSRB": 0.965954065322876,
            "normalized_acc/test/GTSRB": 0.9765468835830688
        }
    ],
    "FER2013": [
        {
            "acc/test/FER2013_epoch": 0.6946224570274353,
            "loss/test/FER2013_epoch": 1.06197190284729,
            "acc/test/FER2013": 0.6946224570274353,
            "normalized_acc/test/FER2013": 0.942176878452301
        }
    ],
    "avg": [
        {
            "acc/test/avg": 0.8302882611751556,
            "normalized_acc/test/avg": 0.9593618810176849
        }
    ]
}