{
    "Flowers102": [
        {
            "acc/test/Flowers102_epoch": 0.8590014576911926,
            "loss/test/Flowers102_epoch": 0.545390248298645,
            "acc/test/Flowers102": 0.8590014576911926,
            "normalized_acc/test/Flowers102": 0.9116327166557312
        }
    ],
    "RenderedSST2": [
        {
            "acc/test/RenderedSST2_epoch": 0.782537043094635,
            "loss/test/RenderedSST2_epoch": 0.5542264580726624,
            "acc/test/RenderedSST2": 0.782537043094635,
            "normalized_acc/test/RenderedSST2": 1.0142347812652588
        }
    ],
    "avg": [
        {
            "acc/test/avg": 0.8207692503929138,
            "normalized_acc/test/avg": 0.962933748960495
        }
    ]
}