{
    "MNIST": [
        {
            "acc/test/MNIST_epoch": 0.9947999715805054,
            "loss/test/MNIST_epoch": 0.03869990259408951,
            "acc/test/MNIST": 0.9947999715805054,
            "normalized_acc/test/MNIST": 0.9982939958572388
        }
    ],
    "OxfordIIITPet": [
        {
            "acc/test/OxfordIIITPet_epoch": 0.9307713508605957,
            "loss/test/OxfordIIITPet_epoch": 0.2287004142999649,
            "acc/test/OxfordIIITPet": 0.9307713508605957,
            "normalized_acc/test/OxfordIIITPet": 0.9793518781661987
        }
    ],
    "avg": [
        {
            "acc/test/avg": 0.9627856612205505,
            "normalized_acc/test/avg": 0.9888229370117188
        }
    ]
}