{
    "PCAM": [
        {
            "acc/test/PCAM_epoch": 0.805877685546875,
            "loss/test/PCAM_epoch": 0.44716954231262207,
            "acc/test/PCAM": 0.805877685546875,
            "normalized_acc/test/PCAM": 0.9082998037338257
        }
    ],
    "CIFAR10": [
        {
            "acc/test/CIFAR10_epoch": 0.9711999893188477,
            "loss/test/CIFAR10_epoch": 0.1039390042424202,
            "acc/test/CIFAR10": 0.9711999893188477,
            "normalized_acc/test/CIFAR10": 0.9894050359725952
        }
    ],
    "avg": [
        {
            "acc/test/avg": 0.8885388374328613,
            "normalized_acc/test/avg": 0.9488524198532104
        }
    ]
}