{
    "Cars": [
        {
            "acc/test/Cars_epoch": 0.8180574774742126,
            "loss/test/Cars_epoch": 0.5702350735664368,
            "acc/test/Cars": 0.8180574774742126,
            "normalized_acc/test/Cars": 0.9534715414047241
        }
    ],
    "RenderedSST2": [
        {
            "acc/test/RenderedSST2_epoch": 0.780889630317688,
            "loss/test/RenderedSST2_epoch": 0.5546662211418152,
            "acc/test/RenderedSST2": 0.780889630317688,
            "normalized_acc/test/RenderedSST2": 1.0120996236801147
        }
    ],
    "avg": [
        {
            "acc/test/avg": 0.7994735538959503,
            "normalized_acc/test/avg": 0.9827855825424194
        }
    ]
}