{
    "MNIST": [
        {
            "acc/test/MNIST_epoch": 0.9951000213623047,
            "loss/test/MNIST_epoch": 0.037973325699567795,
            "acc/test/MNIST": 0.9951000213623047,
            "normalized_acc/test/MNIST": 0.998595118522644
        }
    ],
    "Flowers102": [
        {
            "acc/test/Flowers102_epoch": 0.787607729434967,
            "loss/test/Flowers102_epoch": 0.8970463275909424,
            "acc/test/Flowers102": 0.787607729434967,
            "normalized_acc/test/Flowers102": 0.8358646631240845
        }
    ],
    "avg": [
        {
            "acc/test/avg": 0.8913538753986359,
            "normalized_acc/test/avg": 0.9172298908233643
        }
    ]
}