{
    "SUN397": [
        {
            "acc/test/SUN397_epoch": 0.7495214343070984,
            "loss/test/SUN397_epoch": 0.9104973673820496,
            "acc/test/SUN397": 0.7495214343070984,
            "normalized_acc/test/SUN397": 0.9505494832992554
        }
    ],
    "KMNIST": [
        {
            "acc/test/KMNIST_epoch": 0.9298999905586243,
            "loss/test/KMNIST_epoch": 0.34847381711006165,
            "acc/test/KMNIST": 0.9298999905586243,
            "normalized_acc/test/KMNIST": 0.9455007314682007
        }
    ],
    "avg": [
        {
            "acc/test/avg": 0.8397107124328613,
            "normalized_acc/test/avg": 0.948025107383728
        }
    ]
}