{
    "MNIST": [
        {
            "acc/test/MNIST_epoch": 0.9944999814033508,
            "loss/test/MNIST_epoch": 0.041783448308706284,
            "acc/test/MNIST": 0.9944999814033508,
            "normalized_acc/test/MNIST": 0.9979929327964783
        }
    ],
    "STL10": [
        {
            "acc/test/STL10_epoch": 0.9817500114440918,
            "loss/test/STL10_epoch": 0.055041681975126266,
            "acc/test/STL10": 0.9817500114440918,
            "normalized_acc/test/STL10": 0.9937998652458191
        }
    ],
    "avg": [
        {
            "acc/test/avg": 0.9881249964237213,
            "normalized_acc/test/avg": 0.9958963990211487
        }
    ]
}