{
    "SVHN": [
        {
            "acc/test/SVHN_epoch": 0.9515596032142639,
            "loss/test/SVHN_epoch": 0.2466236650943756,
            "acc/test/SVHN": 0.9515596032142639,
            "normalized_acc/test/SVHN": 0.9760816693305969
        }
    ],
    "PCAM": [
        {
            "acc/test/PCAM_epoch": 0.779388427734375,
            "loss/test/PCAM_epoch": 0.5259701609611511,
            "acc/test/PCAM": 0.779388427734375,
            "normalized_acc/test/PCAM": 0.8784438967704773
        }
    ],
    "avg": [
        {
            "acc/test/avg": 0.8654740154743195,
            "normalized_acc/test/avg": 0.9272627830505371
        }
    ]
}