{
    "SUN397": [
        {
            "acc/test/SUN397_epoch": 0.7381359934806824,
            "loss/test/SUN397_epoch": 0.8971598744392395,
            "acc/test/SUN397": 0.7381359934806824,
            "normalized_acc/test/SUN397": 0.9361103773117065
        }
    ],
    "GTSRB": [
        {
            "acc/test/GTSRB_epoch": 0.8506730198860168,
            "loss/test/GTSRB_epoch": 0.6186106204986572,
            "acc/test/GTSRB": 0.8506730198860168,
            "normalized_acc/test/GTSRB": 0.8600016236305237
        }
    ],
    "avg": [
        {
            "acc/test/avg": 0.7944045066833496,
            "normalized_acc/test/avg": 0.8980560004711151
        }
    ]
}