{
    "SUN397": [
        {
            "acc/test/SUN397_epoch": 0.7495214343070984,
            "loss/test/SUN397_epoch": 0.8631638884544373,
            "acc/test/SUN397": 0.7495214343070984,
            "normalized_acc/test/SUN397": 0.9505494832992554
        }
    ],
    "Cars": [
        {
            "acc/test/Cars_epoch": 0.7969158291816711,
            "loss/test/Cars_epoch": 0.6016491651535034,
            "acc/test/Cars": 0.7969158291816711,
            "normalized_acc/test/Cars": 0.9288302659988403
        }
    ],
    "avg": [
        {
            "acc/test/avg": 0.7732186317443848,
            "normalized_acc/test/avg": 0.9396898746490479
        }
    ]
}