{
    "Flowers102": [
        {
            "acc/test/Flowers102_epoch": 0.7436981797218323,
            "loss/test/Flowers102_epoch": 1.0957847833633423,
            "acc/test/Flowers102": 0.7436981797218323,
            "normalized_acc/test/Flowers102": 0.7892647385597229
        }
    ],
    "KMNIST": [
        {
            "acc/test/KMNIST_epoch": 0.1647000014781952,
            "loss/test/KMNIST_epoch": 2.1666793823242188,
            "acc/test/KMNIST": 0.1647000014781952,
            "normalized_acc/test/KMNIST": 0.16746313869953156
        }
    ],
    "avg": [
        {
            "acc/test/avg": 0.45419909060001373,
            "normalized_acc/test/avg": 0.47836393862962723
        }
    ]
}