{
    "EuroSAT": [
        {
            "acc/test/EuroSAT_epoch": 0.9270370602607727,
            "loss/test/EuroSAT_epoch": 0.34256237745285034,
            "acc/test/EuroSAT": 0.9270370602607727,
            "normalized_acc/test/EuroSAT": 0.9357009530067444
        }
    ],
    "DTD": [
        {
            "acc/test/DTD_epoch": 0.5372340679168701,
            "loss/test/DTD_epoch": 1.6125737428665161,
            "acc/test/DTD": 0.5372340679168701,
            "normalized_acc/test/DTD": 0.6482670307159424
        }
    ],
    "avg": [
        {
            "acc/test/avg": 0.7321355640888214,
            "normalized_acc/test/avg": 0.7919839918613434
        }
    ]
}