{
    "MNIST": [
        {
            "acc/test/MNIST_epoch": 0.95660001039505,
            "loss/test/MNIST_epoch": 0.4719826579093933,
            "acc/test/MNIST": 0.95660001039505,
            "normalized_acc/test/MNIST": 0.959959864616394
        }
    ],
    "CIFAR100": [
        {
            "acc/test/CIFAR100_epoch": 0.796500027179718,
            "loss/test/CIFAR100_epoch": 0.7469648718833923,
            "acc/test/CIFAR100": 0.796500027179718,
            "normalized_acc/test/CIFAR100": 0.8922370672225952
        }
    ],
    "avg": [
        {
            "acc/test/avg": 0.876550018787384,
            "normalized_acc/test/avg": 0.9260984659194946
        }
    ]
}