{
    "SUN397": [
        {
            "acc/test/SUN397_epoch": 0.6952140927314758,
            "loss/test/SUN397_epoch": 1.0411688089370728,
            "acc/test/SUN397": 0.6952140927314758,
            "normalized_acc/test/SUN397": 0.881676435470581
        }
    ],
    "PCAM": [
        {
            "acc/test/PCAM_epoch": 0.70880126953125,
            "loss/test/PCAM_epoch": 0.5286787152290344,
            "acc/test/PCAM": 0.70880126953125,
            "normalized_acc/test/PCAM": 0.7988855838775635
        }
    ],
    "avg": [
        {
            "acc/test/avg": 0.7020076811313629,
            "normalized_acc/test/avg": 0.8402810096740723
        }
    ]
}