{
    "Cars": [
        {
            "acc/test/Cars_epoch": 0.7244123816490173,
            "loss/test/Cars_epoch": 0.7885001301765442,
            "acc/test/Cars": 0.7244123816490173,
            "normalized_acc/test/Cars": 0.8443252444267273
        }
    ],
    "FashionMNIST": [
        {
            "acc/test/FashionMNIST_epoch": 0.8500000238418579,
            "loss/test/FashionMNIST_epoch": 0.4408891201019287,
            "acc/test/FashionMNIST": 0.8500000238418579,
            "normalized_acc/test/FashionMNIST": 0.8928571343421936
        }
    ],
    "avg": [
        {
            "acc/test/avg": 0.7872062027454376,
            "normalized_acc/test/avg": 0.8685911893844604
        }
    ]
}