{
    "Food101": [
        {
            "acc/test/Food101_epoch": 0.9051881432533264,
            "loss/test/Food101_epoch": 0.32648035883903503,
            "acc/test/Food101": 0.9051881432533264,
            "normalized_acc/test/Food101": 0.9958174228668213
        }
    ],
    "FashionMNIST": [
        {
            "acc/test/FashionMNIST_epoch": 0.84170001745224,
            "loss/test/FashionMNIST_epoch": 0.4690098166465759,
            "acc/test/FashionMNIST": 0.84170001745224,
            "normalized_acc/test/FashionMNIST": 0.8841386437416077
        }
    ],
    "avg": [
        {
            "acc/test/avg": 0.8734440803527832,
            "normalized_acc/test/avg": 0.9399780333042145
        }
    ]
}