{
    "Cars": [
        {
            "acc/test/Cars_epoch": 0.7194378972053528,
            "loss/test/Cars_epoch": 0.7940945029258728,
            "acc/test/Cars": 0.7194378972053528,
            "normalized_acc/test/Cars": 0.8385273218154907
        }
    ],
    "SVHN": [
        {
            "acc/test/SVHN_epoch": 0.8225645422935486,
            "loss/test/SVHN_epoch": 0.8319211006164551,
            "acc/test/SVHN": 0.8225645422935486,
            "normalized_acc/test/SVHN": 0.8437623381614685
        }
    ],
    "avg": [
        {
            "acc/test/avg": 0.7710012197494507,
            "normalized_acc/test/avg": 0.8411448299884796
        }
    ]
}