{
    "SVHN": [
        {
            "acc/test/SVHN_epoch": 0.8059311509132385,
            "loss/test/SVHN_epoch": 0.8462324738502502,
            "acc/test/SVHN": 0.8059311509132385,
            "normalized_acc/test/SVHN": 0.8267002701759338
        }
    ],
    "CIFAR100": [
        {
            "acc/test/CIFAR100_epoch": 0.7883999943733215,
            "loss/test/CIFAR100_epoch": 0.7649837732315063,
            "acc/test/CIFAR100": 0.7883999943733215,
            "normalized_acc/test/CIFAR100": 0.8831633925437927
        }
    ],
    "avg": [
        {
            "acc/test/avg": 0.79716557264328,
            "normalized_acc/test/avg": 0.8549318313598633
        }
    ]
}