{
    "GTSRB": [
        {
            "acc/test/GTSRB_epoch": 0.6548693776130676,
            "loss/test/GTSRB_epoch": 1.2553393840789795,
            "acc/test/GTSRB": 0.6548693776130676,
            "normalized_acc/test/GTSRB": 0.6620507836341858
        }
    ],
    "Food101": [
        {
            "acc/test/Food101_epoch": 0.9052672982215881,
            "loss/test/Food101_epoch": 0.3226447105407715,
            "acc/test/Food101": 0.9052672982215881,
            "normalized_acc/test/Food101": 0.9959045052528381
        }
    ],
    "avg": [
        {
            "acc/test/avg": 0.7800683379173279,
            "normalized_acc/test/avg": 0.828977644443512
        }
    ]
}