{
    "RESISC45": [
        {
            "acc/test/RESISC45_epoch": 0.799047589302063,
            "loss/test/RESISC45_epoch": 0.6325311660766602,
            "acc/test/RESISC45": 0.799047589302063,
            "normalized_acc/test/RESISC45": 0.826600968837738
        }
    ],
    "CIFAR10": [
        {
            "acc/test/CIFAR10_epoch": 0.9657999873161316,
            "loss/test/CIFAR10_epoch": 0.11060881614685059,
            "acc/test/CIFAR10": 0.9657999873161316,
            "normalized_acc/test/CIFAR10": 0.9839038252830505
        }
    ],
    "avg": [
        {
            "acc/test/avg": 0.8824237883090973,
            "normalized_acc/test/avg": 0.9052523970603943
        }
    ]
}