{
    "MNIST": [
        {
            "acc/test/MNIST_epoch": 0.9611999988555908,
            "loss/test/MNIST_epoch": 0.4520546495914459,
            "acc/test/MNIST": 0.9611999988555908,
            "normalized_acc/test/MNIST": 0.964576005935669
        }
    ],
    "FER2013": [
        {
            "acc/test/FER2013_epoch": 0.5987740159034729,
            "loss/test/FER2013_epoch": 1.1136988401412964,
            "acc/test/FER2013": 0.5987740159034729,
            "normalized_acc/test/FER2013": 0.8121693134307861
        }
    ],
    "avg": [
        {
            "acc/test/avg": 0.7799870073795319,
            "normalized_acc/test/avg": 0.8883726596832275
        }
    ]
}