{
    "Cars": [
        {
            "acc/test/Cars_epoch": 0.731501042842865,
            "loss/test/Cars_epoch": 0.7637601494789124,
            "acc/test/Cars": 0.731501042842865,
            "normalized_acc/test/Cars": 0.8525872826576233
        }
    ],
    "EMNIST": [
        {
            "acc/test/EMNIST_epoch": 0.9347000122070312,
            "loss/test/EMNIST_epoch": 0.5760893821716309,
            "acc/test/EMNIST": 0.9347000122070312,
            "normalized_acc/test/EMNIST": 0.9400583505630493
        }
    ],
    "avg": [
        {
            "acc/test/avg": 0.8331005275249481,
            "normalized_acc/test/avg": 0.8963228166103363
        }
    ]
}