{
    "RESISC45": [
        {
            "acc/test/RESISC45_epoch": 0.8187301754951477,
            "loss/test/RESISC45_epoch": 0.56535804271698,
            "acc/test/RESISC45": 0.8187301754951477,
            "normalized_acc/test/RESISC45": 0.8469622731208801
        }
    ],
    "EuroSAT": [
        {
            "acc/test/EuroSAT_epoch": 0.9133333563804626,
            "loss/test/EuroSAT_epoch": 0.3493659496307373,
            "acc/test/EuroSAT": 0.9133333563804626,
            "normalized_acc/test/EuroSAT": 0.9218692183494568
        }
    ],
    "avg": [
        {
            "acc/test/avg": 0.8660317659378052,
            "normalized_acc/test/avg": 0.8844157457351685
        }
    ]
}