{
    "EuroSAT": [
        {
            "acc/test/EuroSAT_epoch": 0.8874074220657349,
            "loss/test/EuroSAT_epoch": 0.5159594416618347,
            "acc/test/EuroSAT": 0.8874074220657349,
            "normalized_acc/test/EuroSAT": 0.895700991153717
        }
    ],
    "FashionMNIST": [
        {
            "acc/test/FashionMNIST_epoch": 0.8450999855995178,
            "loss/test/FashionMNIST_epoch": 0.4541059136390686,
            "acc/test/FashionMNIST": 0.8450999855995178,
            "normalized_acc/test/FashionMNIST": 0.8877100348472595
        }
    ],
    "avg": [
        {
            "acc/test/avg": 0.8662537038326263,
            "normalized_acc/test/avg": 0.8917055130004883
        }
    ]
}