{
    "SUN397": [
        {
            "acc/test/SUN397_epoch": 0.7002518773078918,
            "loss/test/SUN397_epoch": 1.0171383619308472,
            "acc/test/SUN397": 0.7002518773078918,
            "normalized_acc/test/SUN397": 0.8880653977394104
        }
    ],
    "RenderedSST2": [
        {
            "acc/test/RenderedSST2_epoch": 0.6996155977249146,
            "loss/test/RenderedSST2_epoch": 0.583024799823761,
            "acc/test/RenderedSST2": 0.6996155977249146,
            "normalized_acc/test/RenderedSST2": 0.9067615270614624
        }
    ],
    "avg": [
        {
            "acc/test/avg": 0.6999337375164032,
            "normalized_acc/test/avg": 0.8974134624004364
        }
    ]
}