{
    "GTSRB": [
        {
            "acc/test/GTSRB_epoch": 0.6790181994438171,
            "loss/test/GTSRB_epoch": 1.1673589944839478,
            "acc/test/GTSRB": 0.6790181994438171,
            "normalized_acc/test/GTSRB": 0.6864644289016724
        }
    ],
    "MNIST": [
        {
            "acc/test/MNIST_epoch": 0.9672999978065491,
            "loss/test/MNIST_epoch": 0.37285056710243225,
            "acc/test/MNIST": 0.9672999978065491,
            "normalized_acc/test/MNIST": 0.9706974029541016
        }
    ],
    "avg": [
        {
            "acc/test/avg": 0.8231590986251831,
            "normalized_acc/test/avg": 0.828580915927887
        }
    ]
}