{
    "RESISC45": [
        {
            "acc/test/RESISC45_epoch": 0.9096825122833252,
            "loss/test/RESISC45_epoch": 0.3063850700855255,
            "acc/test/RESISC45": 0.9096825122833252,
            "normalized_acc/test/RESISC45": 0.9410508871078491
        }
    ],
    "CIFAR100": [
        {
            "acc/test/CIFAR100_epoch": 0.864799976348877,
            "loss/test/CIFAR100_epoch": 0.5410400629043579,
            "acc/test/CIFAR100": 0.864799976348877,
            "normalized_acc/test/CIFAR100": 0.9687464833259583
        }
    ],
    "avg": [
        {
            "acc/test/avg": 0.8872412443161011,
            "normalized_acc/test/avg": 0.9548986852169037
        }
    ]
}