{
    "SVHN": [
        {
            "acc/test/SVHN_epoch": 0.9713429808616638,
            "loss/test/SVHN_epoch": 0.13284654915332794,
            "acc/test/SVHN": 0.9713429808616638,
            "normalized_acc/test/SVHN": 0.9963748455047607
        }
    ],
    "Flowers102": [
        {
            "acc/test/Flowers102_epoch": 0.8048462867736816,
            "loss/test/Flowers102_epoch": 0.7757617235183716,
            "acc/test/Flowers102": 0.8048462867736816,
            "normalized_acc/test/Flowers102": 0.854159414768219
        }
    ],
    "avg": [
        {
            "acc/test/avg": 0.8880946338176727,
            "normalized_acc/test/avg": 0.9252671301364899
        }
    ]
}