{
    "RESISC45": [
        {
            "acc/test/RESISC45_epoch": 0.8909524083137512,
            "loss/test/RESISC45_epoch": 0.35031142830848694,
            "acc/test/RESISC45": 0.8909524083137512,
            "normalized_acc/test/RESISC45": 0.921674907207489
        }
    ],
    "SVHN": [
        {
            "acc/test/SVHN_epoch": 0.9674246907234192,
            "loss/test/SVHN_epoch": 0.1461086869239807,
            "acc/test/SVHN": 0.9674246907234192,
            "normalized_acc/test/SVHN": 0.9923555850982666
        }
    ],
    "avg": [
        {
            "acc/test/avg": 0.9291885495185852,
            "normalized_acc/test/avg": 0.9570152461528778
        }
    ]
}