{
    "Cars": [
        {
            "acc/test/Cars_epoch": 0.8013928532600403,
            "loss/test/Cars_epoch": 0.6254469752311707,
            "acc/test/Cars": 0.8013928532600403,
            "normalized_acc/test/Cars": 0.9340484142303467
        }
    ],
    "MNIST": [
        {
            "acc/test/MNIST_epoch": 0.9939000010490417,
            "loss/test/MNIST_epoch": 0.04224062338471413,
            "acc/test/MNIST": 0.9939000010490417,
            "normalized_acc/test/MNIST": 0.997390866279602
        }
    ],
    "avg": [
        {
            "acc/test/avg": 0.897646427154541,
            "normalized_acc/test/avg": 0.9657196402549744
        }
    ]
}