{
    "DTD": [
        {
            "acc/test/DTD_epoch": 0.6691489219665527,
            "loss/test/DTD_epoch": 1.2399704456329346,
            "acc/test/DTD": 0.6691489219665527,
            "normalized_acc/test/DTD": 0.8074454069137573
        }
    ],
    "CIFAR100": [
        {
            "acc/test/CIFAR100_epoch": 0.8738999962806702,
            "loss/test/CIFAR100_epoch": 0.5285289883613586,
            "acc/test/CIFAR100": 0.8738999962806702,
            "normalized_acc/test/CIFAR100": 0.9789402484893799
        }
    ],
    "avg": [
        {
            "acc/test/avg": 0.7715244591236115,
            "normalized_acc/test/avg": 0.8931928277015686
        }
    ]
}