{
    "Cars": [
        {
            "acc/test/Cars_epoch": 0.807113528251648,
            "loss/test/Cars_epoch": 0.594977855682373,
            "acc/test/Cars": 0.807113528251648,
            "normalized_acc/test/Cars": 0.940716028213501
        }
    ],
    "FashionMNIST": [
        {
            "acc/test/FashionMNIST_epoch": 0.9283000230789185,
            "loss/test/FashionMNIST_epoch": 0.20533259212970734,
            "acc/test/FashionMNIST": 0.9283000230789185,
            "normalized_acc/test/FashionMNIST": 0.9751050472259521
        }
    ],
    "avg": [
        {
            "acc/test/avg": 0.8677067756652832,
            "normalized_acc/test/avg": 0.9579105377197266
        }
    ]
}