{
    "FER2013": [
        {
            "acc/test/FER2013_epoch": 0.7110615968704224,
            "loss/test/FER2013_epoch": 0.9653660655021667,
            "acc/test/FER2013": 0.7110615968704224,
            "normalized_acc/test/FER2013": 0.9644747376441956
        }
    ],
    "RenderedSST2": [
        {
            "acc/test/RenderedSST2_epoch": 0.7567270994186401,
            "loss/test/RenderedSST2_epoch": 0.6331405639648438,
            "acc/test/RenderedSST2": 0.7567270994186401,
            "normalized_acc/test/RenderedSST2": 0.9807829260826111
        }
    ],
    "avg": [
        {
            "acc/test/avg": 0.7338943481445312,
            "normalized_acc/test/avg": 0.9726288318634033
        }
    ]
}