{
    "Flowers102": [
        {
            "acc/test/Flowers102_epoch": 0.8565620183944702,
            "loss/test/Flowers102_epoch": 0.5730929970741272,
            "acc/test/Flowers102": 0.8565620183944702,
            "normalized_acc/test/Flowers102": 0.9090437889099121
        }
    ],
    "OxfordIIITPet": [
        {
            "acc/test/OxfordIIITPet_epoch": 0.9490324258804321,
            "loss/test/OxfordIIITPet_epoch": 0.1796780675649643,
            "acc/test/OxfordIIITPet": 0.9490324258804321,
            "normalized_acc/test/OxfordIIITPet": 0.9985660910606384
        }
    ],
    "avg": [
        {
            "acc/test/avg": 0.9027972221374512,
            "normalized_acc/test/avg": 0.9538049399852753
        }
    ]
}