{
    "FER2013": [
        {
            "acc/test/FER2013_epoch": 0.7148230671882629,
            "loss/test/FER2013_epoch": 0.9285507202148438,
            "acc/test/FER2013": 0.7148230671882629,
            "normalized_acc/test/FER2013": 0.9695767164230347
        }
    ],
    "OxfordIIITPet": [
        {
            "acc/test/OxfordIIITPet_epoch": 0.9408558011054993,
            "loss/test/OxfordIIITPet_epoch": 0.20089174807071686,
            "acc/test/OxfordIIITPet": 0.9408558011054993,
            "normalized_acc/test/OxfordIIITPet": 0.9899626970291138
        }
    ],
    "avg": [
        {
            "acc/test/avg": 0.8278394341468811,
            "normalized_acc/test/avg": 0.9797697067260742
        }
    ]
}