{
    "GTSRB": [
        {
            "acc/test/GTSRB_epoch": 0.97292160987854,
            "loss/test/GTSRB_epoch": 0.11733004450798035,
            "acc/test/GTSRB": 0.97292160987854,
            "normalized_acc/test/GTSRB": 0.983590841293335
        }
    ],
    "Food101": [
        {
            "acc/test/Food101_epoch": 0.9003564119338989,
            "loss/test/Food101_epoch": 0.3849788308143616,
            "acc/test/Food101": 0.9003564119338989,
            "normalized_acc/test/Food101": 0.990501880645752
        }
    ],
    "avg": [
        {
            "acc/test/avg": 0.9366390109062195,
            "normalized_acc/test/avg": 0.9870463609695435
        }
    ]
}