{
    "PCAM": [
        {
            "acc/test/PCAM_epoch": 0.892425537109375,
            "loss/test/PCAM_epoch": 0.24789229035377502,
            "acc/test/PCAM": 0.892425537109375,
            "normalized_acc/test/PCAM": 1.0058473348617554
        }
    ],
    "RenderedSST2": [
        {
            "acc/test/RenderedSST2_epoch": 0.7737506628036499,
            "loss/test/RenderedSST2_epoch": 0.4719891846179962,
            "acc/test/RenderedSST2": 0.7737506628036499,
            "normalized_acc/test/RenderedSST2": 1.0028469562530518
        }
    ],
    "avg": [
        {
            "acc/test/avg": 0.8330880999565125,
            "normalized_acc/test/avg": 1.0043471455574036
        }
    ]
}