{
    "Cars": [
        {
            "acc/test/Cars_epoch": 0.8221614360809326,
            "loss/test/Cars_epoch": 0.5662904381752014,
            "acc/test/Cars": 0.8221614360809326,
            "normalized_acc/test/Cars": 0.9582548141479492
        }
    ],
    "EMNIST": [
        {
            "acc/test/EMNIST_epoch": 0.9961000084877014,
            "loss/test/EMNIST_epoch": 0.046216681599617004,
            "acc/test/EMNIST": 0.9961000084877014,
            "normalized_acc/test/EMNIST": 1.0018103122711182
        }
    ],
    "avg": [
        {
            "acc/test/avg": 0.909130722284317,
            "normalized_acc/test/avg": 0.9800325632095337
        }
    ]
}