{
    "DTD": [
        {
            "acc/test/DTD_epoch": 0.6361702084541321,
            "loss/test/DTD_epoch": 1.2677263021469116,
            "acc/test/DTD": 0.6361702084541321,
            "normalized_acc/test/DTD": 0.7676507830619812
        }
    ],
    "PCAM": [
        {
            "acc/test/PCAM_epoch": 0.90155029296875,
            "loss/test/PCAM_epoch": 0.23174527287483215,
            "acc/test/PCAM": 0.90155029296875,
            "normalized_acc/test/PCAM": 1.0161317586898804
        }
    ],
    "avg": [
        {
            "acc/test/avg": 0.768860250711441,
            "normalized_acc/test/avg": 0.8918912708759308
        }
    ]
}