{
    "SUN397": [
        {
            "acc/test/SUN397_epoch": 0.7647355198860168,
            "loss/test/SUN397_epoch": 0.8515323996543884,
            "acc/test/SUN397": 0.7647355198860168,
            "normalized_acc/test/SUN397": 0.9698441028594971
        }
    ],
    "Flowers102": [
        {
            "acc/test/Flowers102_epoch": 0.861440896987915,
            "loss/test/Flowers102_epoch": 0.5421786904335022,
            "acc/test/Flowers102": 0.861440896987915,
            "normalized_acc/test/Flowers102": 0.9142215847969055
        }
    ],
    "avg": [
        {
            "acc/test/avg": 0.8130882084369659,
            "normalized_acc/test/avg": 0.9420328438282013
        }
    ]
}