{
    "Flowers102": [
        {
            "acc/test/Flowers102_epoch": 0.8269637227058411,
            "loss/test/Flowers102_epoch": 0.7195736765861511,
            "acc/test/Flowers102": 0.8269637227058411,
            "normalized_acc/test/Flowers102": 0.8776320219039917
        }
    ],
    "Food101": [
        {
            "acc/test/Food101_epoch": 0.916633665561676,
            "loss/test/Food101_epoch": 0.310891717672348,
            "acc/test/Food101": 0.916633665561676,
            "normalized_acc/test/Food101": 1.0084089040756226
        }
    ],
    "avg": [
        {
            "acc/test/avg": 0.8717986941337585,
            "normalized_acc/test/avg": 0.9430204629898071
        }
    ]
}