{
    "Cars": [
        {
            "acc/test/Cars_epoch": 0.830866813659668,
            "loss/test/Cars_epoch": 0.531110405921936,
            "acc/test/Cars": 0.830866813659668,
            "normalized_acc/test/Cars": 0.9684011936187744
        }
    ],
    "RESISC45": [
        {
            "acc/test/RESISC45_epoch": 0.9374603033065796,
            "loss/test/RESISC45_epoch": 0.1988714635372162,
            "acc/test/RESISC45": 0.9374603033065796,
            "normalized_acc/test/RESISC45": 0.969786524772644
        }
    ],
    "avg": [
        {
            "acc/test/avg": 0.8841635584831238,
            "normalized_acc/test/avg": 0.9690938591957092
        }
    ]
}