{
    "MNIST": [
        {
            "acc/test/MNIST_epoch": 0.9585999846458435,
            "loss/test/MNIST_epoch": 0.5056031942367554,
            "acc/test/MNIST": 0.9585999846458435,
            "normalized_acc/test/MNIST": 0.961966872215271
        }
    ],
    "CIFAR10": [
        {
            "acc/test/CIFAR10_epoch": 0.9611999988555908,
            "loss/test/CIFAR10_epoch": 0.12103692442178726,
            "acc/test/CIFAR10": 0.9611999988555908,
            "normalized_acc/test/CIFAR10": 0.9792175889015198
        }
    ],
    "avg": [
        {
            "acc/test/avg": 0.9598999917507172,
            "normalized_acc/test/avg": 0.9705922305583954
        }
    ]
}