{
    "FER2013": [
        {
            "acc/test/FER2013_epoch": 0.6021175980567932,
            "loss/test/FER2013_epoch": 1.101149559020996,
            "acc/test/FER2013": 0.6021175980567932,
            "normalized_acc/test/FER2013": 0.816704511642456
        }
    ],
    "EMNIST": [
        {
            "acc/test/EMNIST_epoch": 0.9337999820709229,
            "loss/test/EMNIST_epoch": 0.49056684970855713,
            "acc/test/EMNIST": 0.9337999820709229,
            "normalized_acc/test/EMNIST": 0.9391531348228455
        }
    ],
    "avg": [
        {
            "acc/test/avg": 0.767958790063858,
            "normalized_acc/test/avg": 0.8779288232326508
        }
    ]
}