{
    "RESISC45": [
        {
            "acc/test/RESISC45_epoch": 0.8211110830307007,
            "loss/test/RESISC45_epoch": 0.5572401881217957,
            "acc/test/RESISC45": 0.8211110830307007,
            "normalized_acc/test/RESISC45": 0.8494252562522888
        }
    ],
    "DTD": [
        {
            "acc/test/DTD_epoch": 0.5367021560668945,
            "loss/test/DTD_epoch": 1.640411376953125,
            "acc/test/DTD": 0.5367021560668945,
            "normalized_acc/test/DTD": 0.6476251482963562
        }
    ],
    "avg": [
        {
            "acc/test/avg": 0.6789066195487976,
            "normalized_acc/test/avg": 0.7485252022743225
        }
    ]
}