{
    "CIFAR100": [
        {
            "acc/test/CIFAR100_epoch": 0.7997999787330627,
            "loss/test/CIFAR100_epoch": 0.7249836325645447,
            "acc/test/CIFAR100": 0.7997999787330627,
            "normalized_acc/test/CIFAR100": 0.8959336280822754
        }
    ],
    "RenderedSST2": [
        {
            "acc/test/RenderedSST2_epoch": 0.6760022044181824,
            "loss/test/RenderedSST2_epoch": 0.5994925498962402,
            "acc/test/RenderedSST2": 0.6760022044181824,
            "normalized_acc/test/RenderedSST2": 0.8761565685272217
        }
    ],
    "avg": [
        {
            "acc/test/avg": 0.7379010915756226,
            "normalized_acc/test/avg": 0.8860450983047485
        }
    ]
}