{
    "RESISC45": [
        {
            "acc/test/RESISC45_epoch": 0.8226984143257141,
            "loss/test/RESISC45_epoch": 0.5604785084724426,
            "acc/test/RESISC45": 0.8226984143257141,
            "normalized_acc/test/RESISC45": 0.8510673642158508
        }
    ],
    "EuroSAT": [
        {
            "acc/test/EuroSAT_epoch": 0.9118518233299255,
            "loss/test/EuroSAT_epoch": 0.3518536686897278,
            "acc/test/EuroSAT": 0.9118518233299255,
            "normalized_acc/test/EuroSAT": 0.920373797416687
        }
    ],
    "avg": [
        {
            "acc/test/avg": 0.8672751188278198,
            "normalized_acc/test/avg": 0.8857205808162689
        }
    ]
}