{
    "EuroSAT": [
        {
            "acc/test/EuroSAT_epoch": 0.9244444370269775,
            "loss/test/EuroSAT_epoch": 0.356785386800766,
            "acc/test/EuroSAT": 0.9244444370269775,
            "normalized_acc/test/EuroSAT": 0.9330841302871704
        }
    ],
    "STL10": [
        {
            "acc/test/STL10_epoch": 0.9862499833106995,
            "loss/test/STL10_epoch": 0.05233221873641014,
            "acc/test/STL10": 0.9862499833106995,
            "normalized_acc/test/STL10": 0.9983550310134888
        }
    ],
    "avg": [
        {
            "acc/test/avg": 0.9553472101688385,
            "normalized_acc/test/avg": 0.9657195806503296
        }
    ]
}