{
    "DTD": [
        {
            "acc/test/DTD_epoch": 0.5244680643081665,
            "loss/test/DTD_epoch": 1.687760353088379,
            "acc/test/DTD": 0.5244680643081665,
            "normalized_acc/test/DTD": 0.6328626275062561
        }
    ],
    "Food101": [
        {
            "acc/test/Food101_epoch": 0.907762348651886,
            "loss/test/Food101_epoch": 0.31910210847854614,
            "acc/test/Food101": 0.907762348651886,
            "normalized_acc/test/Food101": 0.9986493587493896
        }
    ],
    "avg": [
        {
            "acc/test/avg": 0.7161152064800262,
            "normalized_acc/test/avg": 0.8157559931278229
        }
    ]
}