{
    "SVHN": [
        {
            "acc/test/SVHN_epoch": 0.9715734720230103,
            "loss/test/SVHN_epoch": 0.12096413224935532,
            "acc/test/SVHN": 0.9715734720230103,
            "normalized_acc/test/SVHN": 0.9966112971305847
        }
    ],
    "PCAM": [
        {
            "acc/test/PCAM_epoch": 0.81884765625,
            "loss/test/PCAM_epoch": 0.586925208568573,
            "acc/test/PCAM": 0.81884765625,
            "normalized_acc/test/PCAM": 0.9229182004928589
        }
    ],
    "avg": [
        {
            "acc/test/avg": 0.8952105641365051,
            "normalized_acc/test/avg": 0.9597647488117218
        }
    ]
}