{
    "SVHN": [
        {
            "acc/test/SVHN_epoch": 0.9743392467498779,
            "loss/test/SVHN_epoch": 0.11170677095651627,
            "acc/test/SVHN": 0.9743392467498779,
            "normalized_acc/test/SVHN": 0.999448299407959
        }
    ],
    "Flowers102": [
        {
            "acc/test/Flowers102_epoch": 0.8633924126625061,
            "loss/test/Flowers102_epoch": 0.523184597492218,
            "acc/test/Flowers102": 0.8633924126625061,
            "normalized_acc/test/Flowers102": 0.916292667388916
        }
    ],
    "avg": [
        {
            "acc/test/avg": 0.918865829706192,
            "normalized_acc/test/avg": 0.9578704833984375
        }
    ]
}