{
    "Cars": [
        {
            "acc/test/Cars_epoch": 0.8654395937919617,
            "loss/test/Cars_epoch": 0.4502502381801605,
            "acc/test/Cars": 0.8654395937919617,
            "normalized_acc/test/Cars": 1.0086969137191772
        }
    ],
    "RESISC45": [
        {
            "acc/test/RESISC45_epoch": 0.9580952525138855,
            "loss/test/RESISC45_epoch": 0.1400170773267746,
            "acc/test/RESISC45": 0.9580952525138855,
            "normalized_acc/test/RESISC45": 0.9911330342292786
        }
    ],
    "avg": [
        {
            "acc/test/avg": 0.9117674231529236,
            "normalized_acc/test/avg": 0.9999149739742279
        }
    ]
}