{
    "MNIST": [
        {
            "acc/test/MNIST_epoch": 0.9954000115394592,
            "loss/test/MNIST_epoch": 0.02980448305606842,
            "acc/test/MNIST": 0.9954000115394592,
            "normalized_acc/test/MNIST": 0.9988961219787598
        }
    ],
    "FashionMNIST": [
        {
            "acc/test/FashionMNIST_epoch": 0.9261999726295471,
            "loss/test/FashionMNIST_epoch": 0.2705472707748413,
            "acc/test/FashionMNIST": 0.9261999726295471,
            "normalized_acc/test/FashionMNIST": 0.9728990793228149
        }
    ],
    "avg": [
        {
            "acc/test/avg": 0.9607999920845032,
            "normalized_acc/test/avg": 0.9858976006507874
        }
    ]
}