{
    "Flowers102": [
        {
            "acc/test/Flowers102_epoch": 0.9333224892616272,
            "loss/test/Flowers102_epoch": 0.2670740485191345,
            "acc/test/Flowers102": 0.9333224892616272,
            "normalized_acc/test/Flowers102": 0.9905073642730713
        }
    ],
    "RenderedSST2": [
        {
            "acc/test/RenderedSST2_epoch": 0.7907742857933044,
            "loss/test/RenderedSST2_epoch": 0.9483098387718201,
            "acc/test/RenderedSST2": 0.7907742857933044,
            "normalized_acc/test/RenderedSST2": 1.0249109268188477
        }
    ],
    "avg": [
        {
            "acc/test/avg": 0.8620483875274658,
            "normalized_acc/test/avg": 1.0077091455459595
        }
    ]
}