{
    "GTSRB": [
        {
            "acc/test/GTSRB_epoch": 0.9888361096382141,
            "loss/test/GTSRB_epoch": 0.04603516310453415,
            "acc/test/GTSRB": 0.9888361096382141,
            "normalized_acc/test/GTSRB": 0.9996798634529114
        }
    ],
    "DTD": [
        {
            "acc/test/DTD_epoch": 0.7872340679168701,
            "loss/test/DTD_epoch": 0.9306539297103882,
            "acc/test/DTD": 0.7872340679168701,
            "normalized_acc/test/DTD": 0.949935793876648
        }
    ],
    "avg": [
        {
            "acc/test/avg": 0.8880350887775421,
            "normalized_acc/test/avg": 0.9748078286647797
        }
    ]
}