{
    "FER2013": [
        {
            "acc/test/FER2013_epoch": 0.7422680258750916,
            "loss/test/FER2013_epoch": 1.0639668703079224,
            "acc/test/FER2013": 0.7422680258750916,
            "normalized_acc/test/FER2013": 1.0068026781082153
        }
    ],
    "STL10": [
        {
            "acc/test/STL10_epoch": 0.9901250004768372,
            "loss/test/STL10_epoch": 0.03915175795555115,
            "acc/test/STL10": 0.9901250004768372,
            "normalized_acc/test/STL10": 1.0022776126861572
        }
    ],
    "avg": [
        {
            "acc/test/avg": 0.8661965131759644,
            "normalized_acc/test/avg": 1.0045401453971863
        }
    ]
}