{
    "SVHN": [
        {
            "acc/test/SVHN_epoch": 0.8111554980278015,
            "loss/test/SVHN_epoch": 0.8477626442909241,
            "acc/test/SVHN": 0.8111554980278015,
            "normalized_acc/test/SVHN": 0.8320592641830444
        }
    ],
    "FER2013": [
        {
            "acc/test/FER2013_epoch": 0.5883254408836365,
            "loss/test/FER2013_epoch": 1.1383901834487915,
            "acc/test/FER2013": 0.5883254408836365,
            "normalized_acc/test/FER2013": 0.797996997833252
        }
    ],
    "avg": [
        {
            "acc/test/avg": 0.699740469455719,
            "normalized_acc/test/avg": 0.8150281310081482
        }
    ]
}