{
    "CIFAR100": [
        {
            "acc/test/CIFAR100_epoch": 0.7986000180244446,
            "loss/test/CIFAR100_epoch": 0.7419143319129944,
            "acc/test/CIFAR100": 0.7986000180244446,
            "normalized_acc/test/CIFAR100": 0.8945894241333008
        }
    ],
    "EMNIST": [
        {
            "acc/test/EMNIST_epoch": 0.932200014591217,
            "loss/test/EMNIST_epoch": 0.5191308259963989,
            "acc/test/EMNIST": 0.932200014591217,
            "normalized_acc/test/EMNIST": 0.9375439882278442
        }
    ],
    "avg": [
        {
            "acc/test/avg": 0.8654000163078308,
            "normalized_acc/test/avg": 0.9160667061805725
        }
    ]
}