{
    "Flowers102": [
        {
            "acc/test/Flowers102_epoch": 0.7485769987106323,
            "loss/test/Flowers102_epoch": 1.073840856552124,
            "acc/test/Flowers102": 0.7485769987106323,
            "normalized_acc/test/Flowers102": 0.7944424748420715
        }
    ],
    "FER2013": [
        {
            "acc/test/FER2013_epoch": 0.6227361559867859,
            "loss/test/FER2013_epoch": 1.0624234676361084,
            "acc/test/FER2013": 0.6227361559867859,
            "normalized_acc/test/FER2013": 0.8446712493896484
        }
    ],
    "avg": [
        {
            "acc/test/avg": 0.6856565773487091,
            "normalized_acc/test/avg": 0.81955686211586
        }
    ]
}