{
    "MNIST": [
        {
            "acc/test/MNIST_epoch": 0.9649999737739563,
            "loss/test/MNIST_epoch": 0.45430243015289307,
            "acc/test/MNIST": 0.9649999737739563,
            "normalized_acc/test/MNIST": 0.9683893322944641
        }
    ],
    "RenderedSST2": [
        {
            "acc/test/RenderedSST2_epoch": 0.6946732401847839,
            "loss/test/RenderedSST2_epoch": 0.5853675007820129,
            "acc/test/RenderedSST2": 0.6946732401847839,
            "normalized_acc/test/RenderedSST2": 0.9003558158874512
        }
    ],
    "avg": [
        {
            "acc/test/avg": 0.8298366069793701,
            "normalized_acc/test/avg": 0.9343725740909576
        }
    ]
}