{
    "GTSRB": [
        {
            "acc/test/GTSRB_epoch": 0.6434679627418518,
            "loss/test/GTSRB_epoch": 1.2459379434585571,
            "acc/test/GTSRB": 0.6434679627418518,
            "normalized_acc/test/GTSRB": 0.6505243182182312
        }
    ],
    "CIFAR100": [
        {
            "acc/test/CIFAR100_epoch": 0.7993999719619751,
            "loss/test/CIFAR100_epoch": 0.7278442978858948,
            "acc/test/CIFAR100": 0.7993999719619751,
            "normalized_acc/test/CIFAR100": 0.8954855799674988
        }
    ],
    "avg": [
        {
            "acc/test/avg": 0.7214339673519135,
            "normalized_acc/test/avg": 0.773004949092865
        }
    ]
}