{
    "CIFAR10": [
        {
            "acc/test/CIFAR10_epoch": 0.9639999866485596,
            "loss/test/CIFAR10_epoch": 0.11326788365840912,
            "acc/test/CIFAR10": 0.9639999866485596,
            "normalized_acc/test/CIFAR10": 0.9820700883865356
        }
    ],
    "EMNIST": [
        {
            "acc/test/EMNIST_epoch": 0.9379000067710876,
            "loss/test/EMNIST_epoch": 0.5416693687438965,
            "acc/test/EMNIST": 0.9379000067710876,
            "normalized_acc/test/EMNIST": 0.9432767033576965
        }
    ],
    "avg": [
        {
            "acc/test/avg": 0.9509499967098236,
            "normalized_acc/test/avg": 0.9626733958721161
        }
    ]
}