{
    "OxfordIIITPet": [
        {
            "acc/test/OxfordIIITPet_epoch": 0.9125102162361145,
            "loss/test/OxfordIIITPet_epoch": 0.25562554597854614,
            "acc/test/OxfordIIITPet": 0.9125102162361145,
            "normalized_acc/test/OxfordIIITPet": 0.9601376056671143
        }
    ],
    "CIFAR10": [
        {
            "acc/test/CIFAR10_epoch": 0.9659000039100647,
            "loss/test/CIFAR10_epoch": 0.11001162976026535,
            "acc/test/CIFAR10": 0.9659000039100647,
            "normalized_acc/test/CIFAR10": 0.9840057492256165
        }
    ],
    "avg": [
        {
            "acc/test/avg": 0.9392051100730896,
            "normalized_acc/test/avg": 0.9720716774463654
        }
    ]
}