{
    "SVHN": [
        {
            "acc/test/SVHN_epoch": 0.8088122606277466,
            "loss/test/SVHN_epoch": 0.8971855640411377,
            "acc/test/SVHN": 0.8088122606277466,
            "normalized_acc/test/SVHN": 0.829655647277832
        }
    ],
    "FashionMNIST": [
        {
            "acc/test/FashionMNIST_epoch": 0.8396999835968018,
            "loss/test/FashionMNIST_epoch": 0.46968910098075867,
            "acc/test/FashionMNIST": 0.8396999835968018,
            "normalized_acc/test/FashionMNIST": 0.8820377588272095
        }
    ],
    "avg": [
        {
            "acc/test/avg": 0.8242561221122742,
            "normalized_acc/test/avg": 0.8558467030525208
        }
    ]
}