{
    "RESISC45": [
        {
            "acc/test/RESISC45_epoch": 0.799047589302063,
            "loss/test/RESISC45_epoch": 0.6248540282249451,
            "acc/test/RESISC45": 0.799047589302063,
            "normalized_acc/test/RESISC45": 0.826600968837738
        }
    ],
    "CIFAR10": [
        {
            "acc/test/CIFAR10_epoch": 0.9679999947547913,
            "loss/test/CIFAR10_epoch": 0.1058749407529831,
            "acc/test/CIFAR10": 0.9679999947547913,
            "normalized_acc/test/CIFAR10": 0.9861450791358948
        }
    ],
    "avg": [
        {
            "acc/test/avg": 0.8835237920284271,
            "normalized_acc/test/avg": 0.9063730239868164
        }
    ]
}