{
    "SVHN": [
        {
            "acc/test/SVHN_epoch": 0.831976056098938,
            "loss/test/SVHN_epoch": 0.8444534540176392,
            "acc/test/SVHN": 0.831976056098938,
            "normalized_acc/test/SVHN": 0.853416383266449
        }
    ],
    "OxfordIIITPet": [
        {
            "acc/test/OxfordIIITPet_epoch": 0.9086944460868835,
            "loss/test/OxfordIIITPet_epoch": 0.26509547233581543,
            "acc/test/OxfordIIITPet": 0.9086944460868835,
            "normalized_acc/test/OxfordIIITPet": 0.9561226963996887
        }
    ],
    "avg": [
        {
            "acc/test/avg": 0.8703352510929108,
            "normalized_acc/test/avg": 0.9047695398330688
        }
    ]
}