{
    "RESISC45": [
        {
            "acc/test/RESISC45_epoch": 0.817460298538208,
            "loss/test/RESISC45_epoch": 0.565725564956665,
            "acc/test/RESISC45": 0.817460298538208,
            "normalized_acc/test/RESISC45": 0.8456485867500305
        }
    ],
    "Flowers102": [
        {
            "acc/test/Flowers102_epoch": 0.7531306147575378,
            "loss/test/Flowers102_epoch": 1.0802847146987915,
            "acc/test/Flowers102": 0.7531306147575378,
            "normalized_acc/test/Flowers102": 0.7992751002311707
        }
    ],
    "avg": [
        {
            "acc/test/avg": 0.7852954566478729,
            "normalized_acc/test/avg": 0.8224618434906006
        }
    ]
}