{
    "MNIST": [
        {
            "acc/test/MNIST_epoch": 0.954800009727478,
            "loss/test/MNIST_epoch": 0.5820370316505432,
            "acc/test/MNIST": 0.954800009727478,
            "normalized_acc/test/MNIST": 0.9581535458564758
        }
    ],
    "PCAM": [
        {
            "acc/test/PCAM_epoch": 0.76495361328125,
            "loss/test/PCAM_epoch": 0.4629497528076172,
            "acc/test/PCAM": 0.76495361328125,
            "normalized_acc/test/PCAM": 0.8621745109558105
        }
    ],
    "avg": [
        {
            "acc/test/avg": 0.859876811504364,
            "normalized_acc/test/avg": 0.9101640284061432
        }
    ]
}