{
    "SUN397": [
        {
            "acc/test/SUN397_epoch": 0.7035768032073975,
            "loss/test/SUN397_epoch": 1.0096821784973145,
            "acc/test/SUN397": 0.7035768032073975,
            "normalized_acc/test/SUN397": 0.8922821283340454
        }
    ],
    "STL10": [
        {
            "acc/test/STL10_epoch": 0.9858750104904175,
            "loss/test/STL10_epoch": 0.05337810143828392,
            "acc/test/STL10": 0.9858750104904175,
            "normalized_acc/test/STL10": 0.9979754686355591
        }
    ],
    "avg": [
        {
            "acc/test/avg": 0.8447259068489075,
            "normalized_acc/test/avg": 0.9451287984848022
        }
    ]
}