{
    "SVHN": [
        {
            "acc/test/SVHN_epoch": 0.8238322138786316,
            "loss/test/SVHN_epoch": 0.8661565184593201,
            "acc/test/SVHN": 0.8238322138786316,
            "normalized_acc/test/SVHN": 0.8450626730918884
        }
    ],
    "STL10": [
        {
            "acc/test/STL10_epoch": 0.984499990940094,
            "loss/test/STL10_epoch": 0.057742178440093994,
            "acc/test/STL10": 0.984499990940094,
            "normalized_acc/test/STL10": 0.9965835809707642
        }
    ],
    "avg": [
        {
            "acc/test/avg": 0.9041661024093628,
            "normalized_acc/test/avg": 0.9208231270313263
        }
    ]
}