{
    "Cars": [
        {
            "acc/test/Cars_epoch": 0.7387140989303589,
            "loss/test/Cars_epoch": 0.7440849542617798,
            "acc/test/Cars": 0.7387140989303589,
            "normalized_acc/test/Cars": 0.8609943389892578
        }
    ],
    "GTSRB": [
        {
            "acc/test/GTSRB_epoch": 0.6608867645263672,
            "loss/test/GTSRB_epoch": 1.2416187524795532,
            "acc/test/GTSRB": 0.6608867645263672,
            "normalized_acc/test/GTSRB": 0.6681341528892517
        }
    ],
    "avg": [
        {
            "acc/test/avg": 0.699800431728363,
            "normalized_acc/test/avg": 0.7645642459392548
        }
    ]
}