{
    "CIFAR100": [
        {
            "acc/test/CIFAR100_epoch": 0.79830002784729,
            "loss/test/CIFAR100_epoch": 0.7373831272125244,
            "acc/test/CIFAR100": 0.79830002784729,
            "normalized_acc/test/CIFAR100": 0.8942534327507019
        }
    ],
    "FashionMNIST": [
        {
            "acc/test/FashionMNIST_epoch": 0.8450000286102295,
            "loss/test/FashionMNIST_epoch": 0.4509792625904083,
            "acc/test/FashionMNIST": 0.8450000286102295,
            "normalized_acc/test/FashionMNIST": 0.8876050710678101
        }
    ],
    "avg": [
        {
            "acc/test/avg": 0.8216500282287598,
            "normalized_acc/test/avg": 0.890929251909256
        }
    ]
}