{
    "EuroSAT": [
        {
            "acc/test/EuroSAT_epoch": 0.9303703904151917,
            "loss/test/EuroSAT_epoch": 0.3364298641681671,
            "acc/test/EuroSAT": 0.9303703904151917,
            "normalized_acc/test/EuroSAT": 0.9390654563903809
        }
    ],
    "Flowers102": [
        {
            "acc/test/Flowers102_epoch": 0.7544316053390503,
            "loss/test/Flowers102_epoch": 1.0559985637664795,
            "acc/test/Flowers102": 0.7544316053390503,
            "normalized_acc/test/Flowers102": 0.8006558418273926
        }
    ],
    "avg": [
        {
            "acc/test/avg": 0.842400997877121,
            "normalized_acc/test/avg": 0.8698606491088867
        }
    ]
}