{
    "SUN397": [
        {
            "acc/test/SUN397_epoch": 0.6978841423988342,
            "loss/test/SUN397_epoch": 1.0289040803909302,
            "acc/test/SUN397": 0.6978841423988342,
            "normalized_acc/test/SUN397": 0.8850626349449158
        }
    ],
    "FER2013": [
        {
            "acc/test/FER2013_epoch": 0.6239899396896362,
            "loss/test/FER2013_epoch": 1.0609040260314941,
            "acc/test/FER2013": 0.6239899396896362,
            "normalized_acc/test/FER2013": 0.8463718295097351
        }
    ],
    "avg": [
        {
            "acc/test/avg": 0.6609370410442352,
            "normalized_acc/test/avg": 0.8657172322273254
        }
    ]
}