{
    "FashionMNIST": [
        {
            "acc/test/FashionMNIST_epoch": 0.8489999771118164,
            "loss/test/FashionMNIST_epoch": 0.44318071007728577,
            "acc/test/FashionMNIST": 0.8489999771118164,
            "normalized_acc/test/FashionMNIST": 0.8918066620826721
        }
    ],
    "EMNIST": [
        {
            "acc/test/EMNIST_epoch": 0.9140999913215637,
            "loss/test/EMNIST_epoch": 0.6291898488998413,
            "acc/test/EMNIST": 0.9140999913215637,
            "normalized_acc/test/EMNIST": 0.9193402528762817
        }
    ],
    "avg": [
        {
            "acc/test/avg": 0.8815499842166901,
            "normalized_acc/test/avg": 0.9055734574794769
        }
    ]
}