{
    "FER2013": [
        {
            "acc/test/FER2013_epoch": 0.6018389463424683,
            "loss/test/FER2013_epoch": 1.099937915802002,
            "acc/test/FER2013": 0.6018389463424683,
            "normalized_acc/test/FER2013": 0.8163264989852905
        }
    ],
    "EMNIST": [
        {
            "acc/test/EMNIST_epoch": 0.9269999861717224,
            "loss/test/EMNIST_epoch": 0.5205948948860168,
            "acc/test/EMNIST": 0.9269999861717224,
            "normalized_acc/test/EMNIST": 0.9323141574859619
        }
    ],
    "avg": [
        {
            "acc/test/avg": 0.7644194662570953,
            "normalized_acc/test/avg": 0.8743203282356262
        }
    ]
}