{
    "MNIST": [
        {
            "acc/test/MNIST_epoch": 0.9943000078201294,
            "loss/test/MNIST_epoch": 0.04155585542321205,
            "acc/test/MNIST": 0.9943000078201294,
            "normalized_acc/test/MNIST": 0.9977922439575195
        }
    ],
    "RenderedSST2": [
        {
            "acc/test/RenderedSST2_epoch": 0.7726523876190186,
            "loss/test/RenderedSST2_epoch": 0.5182221531867981,
            "acc/test/RenderedSST2": 0.7726523876190186,
            "normalized_acc/test/RenderedSST2": 1.0014234781265259
        }
    ],
    "avg": [
        {
            "acc/test/avg": 0.883476197719574,
            "normalized_acc/test/avg": 0.9996078610420227
        }
    ]
}