{
    "SVHN": [
        {
            "acc/test/SVHN_epoch": 0.9648893475532532,
            "loss/test/SVHN_epoch": 0.1561344563961029,
            "acc/test/SVHN": 0.9648893475532532,
            "normalized_acc/test/SVHN": 0.9897549152374268
        }
    ],
    "FER2013": [
        {
            "acc/test/FER2013_epoch": 0.6712176203727722,
            "loss/test/FER2013_epoch": 1.0744768381118774,
            "acc/test/FER2013": 0.6712176203727722,
            "normalized_acc/test/FER2013": 0.9104308485984802
        }
    ],
    "avg": [
        {
            "acc/test/avg": 0.8180534839630127,
            "normalized_acc/test/avg": 0.9500928819179535
        }
    ]
}