{
    "RESISC45": [
        {
            "acc/test/RESISC45_epoch": 0.9088888764381409,
            "loss/test/RESISC45_epoch": 0.31896117329597473,
            "acc/test/RESISC45": 0.9088888764381409,
            "normalized_acc/test/RESISC45": 0.9402298927307129
        }
    ],
    "MNIST": [
        {
            "acc/test/MNIST_epoch": 0.994700014591217,
            "loss/test/MNIST_epoch": 0.03905783221125603,
            "acc/test/MNIST": 0.994700014591217,
            "normalized_acc/test/MNIST": 0.9981936812400818
        }
    ],
    "avg": [
        {
            "acc/test/avg": 0.951794445514679,
            "normalized_acc/test/avg": 0.9692117869853973
        }
    ]
}