{
    "GTSRB": [
        {
            "acc/test/GTSRB_epoch": 0.976642906665802,
            "loss/test/GTSRB_epoch": 0.10880610346794128,
            "acc/test/GTSRB": 0.976642906665802,
            "normalized_acc/test/GTSRB": 0.9873529076576233
        }
    ],
    "Flowers102": [
        {
            "acc/test/Flowers102_epoch": 0.8333062529563904,
            "loss/test/Flowers102_epoch": 0.6728984117507935,
            "acc/test/Flowers102": 0.8333062529563904,
            "normalized_acc/test/Flowers102": 0.8843631148338318
        }
    ],
    "avg": [
        {
            "acc/test/avg": 0.9049745798110962,
            "normalized_acc/test/avg": 0.9358580112457275
        }
    ]
}