{
    "RESISC45": [
        {
            "acc/test/RESISC45_epoch": 0.8942857384681702,
            "loss/test/RESISC45_epoch": 0.35257264971733093,
            "acc/test/RESISC45": 0.8942857384681702,
            "normalized_acc/test/RESISC45": 0.9251232147216797
        }
    ],
    "SVHN": [
        {
            "acc/test/SVHN_epoch": 0.9659649729728699,
            "loss/test/SVHN_epoch": 0.15236392617225647,
            "acc/test/SVHN": 0.9659649729728699,
            "normalized_acc/test/SVHN": 0.990858256816864
        }
    ],
    "avg": [
        {
            "acc/test/avg": 0.93012535572052,
            "normalized_acc/test/avg": 0.9579907357692719
        }
    ]
}