{
    "Cars": [
        {
            "acc/test/Cars_epoch": 0.835716962814331,
            "loss/test/Cars_epoch": 0.5269253253936768,
            "acc/test/Cars": 0.835716962814331,
            "normalized_acc/test/Cars": 0.974054217338562
        }
    ],
    "Food101": [
        {
            "acc/test/Food101_epoch": 0.9137029647827148,
            "loss/test/Food101_epoch": 0.3300890326499939,
            "acc/test/Food101": 0.9137029647827148,
            "normalized_acc/test/Food101": 1.0051847696304321
        }
    ],
    "avg": [
        {
            "acc/test/avg": 0.874709963798523,
            "normalized_acc/test/avg": 0.9896194934844971
        }
    ]
}