{
    "STL10": [
        {
            "acc/test/STL10_epoch": 0.9886249899864197,
            "loss/test/STL10_epoch": 0.034369271248579025,
            "acc/test/STL10": 0.9886249899864197,
            "normalized_acc/test/STL10": 1.000759243965149
        }
    ],
    "Food101": [
        {
            "acc/test/Food101_epoch": 0.9167524576187134,
            "loss/test/Food101_epoch": 0.3029179871082306,
            "acc/test/Food101": 0.9167524576187134,
            "normalized_acc/test/Food101": 1.0085395574569702
        }
    ],
    "avg": [
        {
            "acc/test/avg": 0.9526887238025665,
            "normalized_acc/test/avg": 1.0046494007110596
        }
    ]
}