{
    "PCAM": [
        {
            "acc/test/PCAM_epoch": 0.849639892578125,
            "loss/test/PCAM_epoch": 0.3740243911743164,
            "acc/test/PCAM": 0.849639892578125,
            "normalized_acc/test/PCAM": 0.9576238989830017
        }
    ],
    "CIFAR100": [
        {
            "acc/test/CIFAR100_epoch": 0.8040000200271606,
            "loss/test/CIFAR100_epoch": 0.6951097249984741,
            "acc/test/CIFAR100": 0.8040000200271606,
            "normalized_acc/test/CIFAR100": 0.9006385207176208
        }
    ],
    "avg": [
        {
            "acc/test/avg": 0.8268199563026428,
            "normalized_acc/test/avg": 0.9291312098503113
        }
    ]
}