{
    "SUN397": [
        {
            "acc/test/SUN397_epoch": 0.6979848742485046,
            "loss/test/SUN397_epoch": 1.0274817943572998,
            "acc/test/SUN397": 0.6979848742485046,
            "normalized_acc/test/SUN397": 0.8851903676986694
        }
    ],
    "FER2013": [
        {
            "acc/test/FER2013_epoch": 0.623711347579956,
            "loss/test/FER2013_epoch": 1.0595383644104004,
            "acc/test/FER2013": 0.623711347579956,
            "normalized_acc/test/FER2013": 0.8459939956665039
        }
    ],
    "avg": [
        {
            "acc/test/avg": 0.6608481109142303,
            "normalized_acc/test/avg": 0.8655921816825867
        }
    ]
}