{
    "GTSRB": [
        {
            "acc/test/GTSRB_epoch": 0.6452890038490295,
            "loss/test/GTSRB_epoch": 1.2605563402175903,
            "acc/test/GTSRB": 0.6452890038490295,
            "normalized_acc/test/GTSRB": 0.6523653268814087
        }
    ],
    "Food101": [
        {
            "acc/test/Food101_epoch": 0.9064158201217651,
            "loss/test/Food101_epoch": 0.32085177302360535,
            "acc/test/Food101": 0.9064158201217651,
            "normalized_acc/test/Food101": 0.9971680045127869
        }
    ],
    "avg": [
        {
            "acc/test/avg": 0.7758524119853973,
            "normalized_acc/test/avg": 0.8247666656970978
        }
    ]
}