{
    "FashionMNIST": [
        {
            "acc/test/FashionMNIST_epoch": 0.8489999771118164,
            "loss/test/FashionMNIST_epoch": 0.4373891055583954,
            "acc/test/FashionMNIST": 0.8489999771118164,
            "normalized_acc/test/FashionMNIST": 0.8918066620826721
        }
    ],
    "RenderedSST2": [
        {
            "acc/test/RenderedSST2_epoch": 0.6913783550262451,
            "loss/test/RenderedSST2_epoch": 0.5903647541999817,
            "acc/test/RenderedSST2": 0.6913783550262451,
            "normalized_acc/test/RenderedSST2": 0.8960853815078735
        }
    ],
    "avg": [
        {
            "acc/test/avg": 0.7701891660690308,
            "normalized_acc/test/avg": 0.8939460217952728
        }
    ]
}