{
    "MNIST": [
        {
            "acc/test/MNIST_epoch": 0.9693999886512756,
            "loss/test/MNIST_epoch": 0.4269736409187317,
            "acc/test/MNIST": 0.9693999886512756,
            "normalized_acc/test/MNIST": 0.9728047847747803
        }
    ],
    "STL10": [
        {
            "acc/test/STL10_epoch": 0.984499990940094,
            "loss/test/STL10_epoch": 0.058119356632232666,
            "acc/test/STL10": 0.984499990940094,
            "normalized_acc/test/STL10": 0.9965835809707642
        }
    ],
    "avg": [
        {
            "acc/test/avg": 0.9769499897956848,
            "normalized_acc/test/avg": 0.9846941828727722
        }
    ]
}