{
    "Flowers102": [
        {
            "acc/test/Flowers102_epoch": 0.7492275238037109,
            "loss/test/Flowers102_epoch": 1.1139694452285767,
            "acc/test/Flowers102": 0.7492275238037109,
            "normalized_acc/test/Flowers102": 0.7951328754425049
        }
    ],
    "CIFAR10": [
        {
            "acc/test/CIFAR10_epoch": 0.9672999978065491,
            "loss/test/CIFAR10_epoch": 0.10924191772937775,
            "acc/test/CIFAR10": 0.9672999978065491,
            "normalized_acc/test/CIFAR10": 0.985431969165802
        }
    ],
    "avg": [
        {
            "acc/test/avg": 0.85826376080513,
            "normalized_acc/test/avg": 0.8902824223041534
        }
    ]
}