{
    "Flowers102": [
        {
            "acc/test/Flowers102_epoch": 0.751179039478302,
            "loss/test/Flowers102_epoch": 1.0734275579452515,
            "acc/test/Flowers102": 0.751179039478302,
            "normalized_acc/test/Flowers102": 0.7972039580345154
        }
    ],
    "FER2013": [
        {
            "acc/test/FER2013_epoch": 0.6255224347114563,
            "loss/test/FER2013_epoch": 1.054558277130127,
            "acc/test/FER2013": 0.6255224347114563,
            "normalized_acc/test/FER2013": 0.8484504818916321
        }
    ],
    "avg": [
        {
            "acc/test/avg": 0.6883507370948792,
            "normalized_acc/test/avg": 0.8228272199630737
        }
    ]
}