{
    "EuroSAT": [
        {
            "acc/test/EuroSAT_epoch": 0.9399999976158142,
            "loss/test/EuroSAT_epoch": 0.2136753499507904,
            "acc/test/EuroSAT": 0.9399999976158142,
            "normalized_acc/test/EuroSAT": 0.9487850666046143
        }
    ],
    "SVHN": [
        {
            "acc/test/SVHN_epoch": 0.9163337349891663,
            "loss/test/SVHN_epoch": 0.37987542152404785,
            "acc/test/SVHN": 0.9163337349891663,
            "normalized_acc/test/SVHN": 0.9399479627609253
        }
    ],
    "avg": [
        {
            "acc/test/avg": 0.9281668663024902,
            "normalized_acc/test/avg": 0.9443665146827698
        }
    ]
}