{
    "Flowers102": [
        {
            "acc/test/Flowers102_epoch": 0.7887461185455322,
            "loss/test/Flowers102_epoch": 0.8858454823493958,
            "acc/test/Flowers102": 0.7887461185455322,
            "normalized_acc/test/Flowers102": 0.8370727896690369
        }
    ],
    "EMNIST": [
        {
            "acc/test/EMNIST_epoch": 0.9918000102043152,
            "loss/test/EMNIST_epoch": 0.11967083811759949,
            "acc/test/EMNIST": 0.9918000102043152,
            "normalized_acc/test/EMNIST": 0.9974856972694397
        }
    ],
    "avg": [
        {
            "acc/test/avg": 0.8902730643749237,
            "normalized_acc/test/avg": 0.9172792434692383
        }
    ]
}