{
    "GTSRB": [
        {
            "acc/test/GTSRB_epoch": 0.8862232565879822,
            "loss/test/GTSRB_epoch": 0.4963141679763794,
            "acc/test/GTSRB": 0.8862232565879822,
            "normalized_acc/test/GTSRB": 0.8959417343139648
        }
    ],
    "RenderedSST2": [
        {
            "acc/test/RenderedSST2_epoch": 0.7402526140213013,
            "loss/test/RenderedSST2_epoch": 0.5237493515014648,
            "acc/test/RenderedSST2": 0.7402526140213013,
            "normalized_acc/test/RenderedSST2": 0.9594305753707886
        }
    ],
    "avg": [
        {
            "acc/test/avg": 0.8132379353046417,
            "normalized_acc/test/avg": 0.9276861548423767
        }
    ]
}