{
    "SUN397": [
        {
            "acc/test/SUN397_epoch": 0.7288160920143127,
            "loss/test/SUN397_epoch": 0.9242808222770691,
            "acc/test/SUN397": 0.7288160920143127,
            "normalized_acc/test/SUN397": 0.9242907762527466
        }
    ],
    "KMNIST": [
        {
            "acc/test/KMNIST_epoch": 0.4927999973297119,
            "loss/test/KMNIST_epoch": 1.611757755279541,
            "acc/test/KMNIST": 0.4927999973297119,
            "normalized_acc/test/KMNIST": 0.5010676383972168
        }
    ],
    "avg": [
        {
            "acc/test/avg": 0.6108080446720123,
            "normalized_acc/test/avg": 0.7126792073249817
        }
    ]
}