{
    "STL10": [
        {
            "acc/test/STL10_epoch": 0.987375020980835,
            "loss/test/STL10_epoch": 0.04167334362864494,
            "acc/test/STL10": 0.987375020980835,
            "normalized_acc/test/STL10": 0.9994938969612122
        }
    ],
    "CIFAR100": [
        {
            "acc/test/CIFAR100_epoch": 0.8389999866485596,
            "loss/test/CIFAR100_epoch": 0.5788554549217224,
            "acc/test/CIFAR100": 0.8389999866485596,
            "normalized_acc/test/CIFAR100": 0.9398453831672668
        }
    ],
    "avg": [
        {
            "acc/test/avg": 0.9131875038146973,
            "normalized_acc/test/avg": 0.9696696400642395
        }
    ]
}