{
    "MNIST": [
        {
            "acc/test/MNIST_epoch": 0.987500011920929,
            "loss/test/MNIST_epoch": 0.09713338315486908,
            "acc/test/MNIST": 0.987500011920929,
            "normalized_acc/test/MNIST": 0.9909684062004089
        }
    ],
    "KMNIST": [
        {
            "acc/test/KMNIST_epoch": 0.4666000008583069,
            "loss/test/KMNIST_epoch": 1.6810109615325928,
            "acc/test/KMNIST": 0.4666000008583069,
            "normalized_acc/test/KMNIST": 0.47442805767059326
        }
    ],
    "avg": [
        {
            "acc/test/avg": 0.7270500063896179,
            "normalized_acc/test/avg": 0.7326982319355011
        }
    ]
}