{
    "FashionMNIST": [
        {
            "acc/test/FashionMNIST_epoch": 0.8743000030517578,
            "loss/test/FashionMNIST_epoch": 0.36773309111595154,
            "acc/test/FashionMNIST": 0.8743000030517578,
            "normalized_acc/test/FashionMNIST": 0.9183823466300964
        }
    ],
    "KMNIST": [
        {
            "acc/test/KMNIST_epoch": 0.38449999690055847,
            "loss/test/KMNIST_epoch": 1.7745736837387085,
            "acc/test/KMNIST": 0.38449999690055847,
            "normalized_acc/test/KMNIST": 0.39095067977905273
        }
    ],
    "avg": [
        {
            "acc/test/avg": 0.6293999999761581,
            "normalized_acc/test/avg": 0.6546665132045746
        }
    ]
}