{
    "CIFAR100": [
        {
            "acc/test/CIFAR100_epoch": 0.8174999952316284,
            "loss/test/CIFAR100_epoch": 0.6722646951675415,
            "acc/test/CIFAR100": 0.8174999952316284,
            "normalized_acc/test/CIFAR100": 0.9157611727714539
        }
    ],
    "KMNIST": [
        {
            "acc/test/KMNIST_epoch": 0.49559998512268066,
            "loss/test/KMNIST_epoch": 1.6384623050689697,
            "acc/test/KMNIST": 0.49559998512268066,
            "normalized_acc/test/KMNIST": 0.5039145946502686
        }
    ],
    "avg": [
        {
            "acc/test/avg": 0.6565499901771545,
            "normalized_acc/test/avg": 0.7098378837108612
        }
    ]
}