{
    "Flowers102": [
        {
            "acc/test/Flowers102_epoch": 0.7957391738891602,
            "loss/test/Flowers102_epoch": 0.8629560470581055,
            "acc/test/Flowers102": 0.7957391738891602,
            "normalized_acc/test/Flowers102": 0.8444943428039551
        }
    ],
    "Food101": [
        {
            "acc/test/Food101_epoch": 0.9170693159103394,
            "loss/test/Food101_epoch": 0.2916964292526245,
            "acc/test/Food101": 0.9170693159103394,
            "normalized_acc/test/Food101": 1.0088881254196167
        }
    ],
    "avg": [
        {
            "acc/test/avg": 0.8564042448997498,
            "normalized_acc/test/avg": 0.9266912341117859
        }
    ]
}