{
    "RESISC45": [
        {
            "acc/test/RESISC45_epoch": 0.870634913444519,
            "loss/test/RESISC45_epoch": 0.41510385274887085,
            "acc/test/RESISC45": 0.870634913444519,
            "normalized_acc/test/RESISC45": 0.9006568193435669
        }
    ],
    "FashionMNIST": [
        {
            "acc/test/FashionMNIST_epoch": 0.8906000256538391,
            "loss/test/FashionMNIST_epoch": 0.3126116991043091,
            "acc/test/FashionMNIST": 0.8906000256538391,
            "normalized_acc/test/FashionMNIST": 0.9355041980743408
        }
    ],
    "avg": [
        {
            "acc/test/avg": 0.8806174695491791,
            "normalized_acc/test/avg": 0.9180805087089539
        }
    ]
}