{
    "Cars": [
        {
            "acc/test/Cars_epoch": 0.7823653817176819,
            "loss/test/Cars_epoch": 0.6391414999961853,
            "acc/test/Cars": 0.7823653817176819,
            "normalized_acc/test/Cars": 0.9118713140487671
        }
    ],
    "MNIST": [
        {
            "acc/test/MNIST_epoch": 0.9882000088691711,
            "loss/test/MNIST_epoch": 0.11045350134372711,
            "acc/test/MNIST": 0.9882000088691711,
            "normalized_acc/test/MNIST": 0.9916708469390869
        }
    ],
    "avg": [
        {
            "acc/test/avg": 0.8852826952934265,
            "normalized_acc/test/avg": 0.951771080493927
        }
    ]
}