{
    "SVHN": [
        {
            "acc/test/SVHN_epoch": 0.9617394208908081,
            "loss/test/SVHN_epoch": 0.16529162228107452,
            "acc/test/SVHN": 0.9617394208908081,
            "normalized_acc/test/SVHN": 0.9865238070487976
        }
    ],
    "CIFAR100": [
        {
            "acc/test/CIFAR100_epoch": 0.7968000173568726,
            "loss/test/CIFAR100_epoch": 0.8593416213989258,
            "acc/test/CIFAR100": 0.7968000173568726,
            "normalized_acc/test/CIFAR100": 0.8925731182098389
        }
    ],
    "avg": [
        {
            "acc/test/avg": 0.8792697191238403,
            "normalized_acc/test/avg": 0.9395484626293182
        }
    ]
}