{
    "OxfordIIITPet": [
        {
            "acc/test/OxfordIIITPet_epoch": 0.9452166557312012,
            "loss/test/OxfordIIITPet_epoch": 0.1876184642314911,
            "acc/test/OxfordIIITPet": 0.9452166557312012,
            "normalized_acc/test/OxfordIIITPet": 0.9945511221885681
        }
    ],
    "STL10": [
        {
            "acc/test/STL10_epoch": 0.9877499938011169,
            "loss/test/STL10_epoch": 0.04200955107808113,
            "acc/test/STL10": 0.9877499938011169,
            "normalized_acc/test/STL10": 0.9998734593391418
        }
    ],
    "avg": [
        {
            "acc/test/avg": 0.9664833247661591,
            "normalized_acc/test/avg": 0.997212290763855
        }
    ]
}