{
    "EuroSAT": [
        {
            "acc/test/EuroSAT_epoch": 0.9129629731178284,
            "loss/test/EuroSAT_epoch": 0.2895623743534088,
            "acc/test/EuroSAT": 0.9129629731178284,
            "normalized_acc/test/EuroSAT": 0.9214953780174255
        }
    ],
    "PCAM": [
        {
            "acc/test/PCAM_epoch": 0.87872314453125,
            "loss/test/PCAM_epoch": 0.29385513067245483,
            "acc/test/PCAM": 0.87872314453125,
            "normalized_acc/test/PCAM": 0.9904034733772278
        }
    ],
    "avg": [
        {
            "acc/test/avg": 0.8958430588245392,
            "normalized_acc/test/avg": 0.9559494256973267
        }
    ]
}