{
    "RESISC45": [
        {
            "acc/test/RESISC45_epoch": 0.9431746006011963,
            "loss/test/RESISC45_epoch": 0.1818607747554779,
            "acc/test/RESISC45": 0.9431746006011963,
            "normalized_acc/test/RESISC45": 0.9756978750228882
        }
    ],
    "RenderedSST2": [
        {
            "acc/test/RenderedSST2_epoch": 0.755628764629364,
            "loss/test/RenderedSST2_epoch": 0.5651156306266785,
            "acc/test/RenderedSST2": 0.755628764629364,
            "normalized_acc/test/RenderedSST2": 0.9793593883514404
        }
    ],
    "avg": [
        {
            "acc/test/avg": 0.8494016826152802,
            "normalized_acc/test/avg": 0.9775286316871643
        }
    ]
}