{
    "FER2013": [
        {
            "acc/test/FER2013_epoch": 0.7153803110122681,
            "loss/test/FER2013_epoch": 0.929501473903656,
            "acc/test/FER2013": 0.7153803110122681,
            "normalized_acc/test/FER2013": 0.9703325629234314
        }
    ],
    "OxfordIIITPet": [
        {
            "acc/test/OxfordIIITPet_epoch": 0.9452166557312012,
            "loss/test/OxfordIIITPet_epoch": 0.19153541326522827,
            "acc/test/OxfordIIITPet": 0.9452166557312012,
            "normalized_acc/test/OxfordIIITPet": 0.9945511221885681
        }
    ],
    "avg": [
        {
            "acc/test/avg": 0.8302984833717346,
            "normalized_acc/test/avg": 0.9824418425559998
        }
    ]
}