{
    "GTSRB": [
        {
            "acc/test/GTSRB_epoch": 0.9615201950073242,
            "loss/test/GTSRB_epoch": 0.1743340939283371,
            "acc/test/GTSRB": 0.9615201950073242,
            "normalized_acc/test/GTSRB": 0.9720643758773804
        }
    ],
    "FashionMNIST": [
        {
            "acc/test/FashionMNIST_epoch": 0.9290000200271606,
            "loss/test/FashionMNIST_epoch": 0.2124844789505005,
            "acc/test/FashionMNIST": 0.9290000200271606,
            "normalized_acc/test/FashionMNIST": 0.9758403301239014
        }
    ],
    "avg": [
        {
            "acc/test/avg": 0.9452601075172424,
            "normalized_acc/test/avg": 0.9739523530006409
        }
    ]
}