{
    "SUN397": [
        {
            "acc/test/SUN397_epoch": 0.7568765878677368,
            "loss/test/SUN397_epoch": 0.8863316774368286,
            "acc/test/SUN397": 0.7568765878677368,
            "normalized_acc/test/SUN397": 0.9598773717880249
        }
    ],
    "FER2013": [
        {
            "acc/test/FER2013_epoch": 0.7163555026054382,
            "loss/test/FER2013_epoch": 0.9859241247177124,
            "acc/test/FER2013": 0.7163555026054382,
            "normalized_acc/test/FER2013": 0.9716553092002869
        }
    ],
    "avg": [
        {
            "acc/test/avg": 0.7366160452365875,
            "normalized_acc/test/avg": 0.9657663404941559
        }
    ]
}