{
    "FER2013": [
        {
            "acc/test/FER2013_epoch": 0.6994984745979309,
            "loss/test/FER2013_epoch": 0.9344744086265564,
            "acc/test/FER2013": 0.6994984745979309,
            "normalized_acc/test/FER2013": 0.9487906694412231
        }
    ],
    "Food101": [
        {
            "acc/test/Food101_epoch": 0.906930685043335,
            "loss/test/Food101_epoch": 0.34425559639930725,
            "acc/test/Food101": 0.906930685043335,
            "normalized_acc/test/Food101": 0.9977344274520874
        }
    ],
    "avg": [
        {
            "acc/test/avg": 0.8032145798206329,
            "normalized_acc/test/avg": 0.9732625484466553
        }
    ]
}