{
    "Flowers102": [
        {
            "acc/test/Flowers102_epoch": 0.8334688544273376,
            "loss/test/Flowers102_epoch": 0.7051548957824707,
            "acc/test/Flowers102": 0.8334688544273376,
            "normalized_acc/test/Flowers102": 0.8845357298851013
        }
    ],
    "Food101": [
        {
            "acc/test/Food101_epoch": 0.9180594086647034,
            "loss/test/Food101_epoch": 0.30559414625167847,
            "acc/test/Food101": 0.9180594086647034,
            "normalized_acc/test/Food101": 1.0099773406982422
        }
    ],
    "avg": [
        {
            "acc/test/avg": 0.8757641315460205,
            "normalized_acc/test/avg": 0.9472565352916718
        }
    ]
}