{
    "PCAM": [
        {
            "acc/test/PCAM_epoch": 0.8692626953125,
            "loss/test/PCAM_epoch": 0.3025514483451843,
            "acc/test/PCAM": 0.8692626953125,
            "normalized_acc/test/PCAM": 0.9797406792640686
        }
    ],
    "CIFAR10": [
        {
            "acc/test/CIFAR10_epoch": 0.9732000231742859,
            "loss/test/CIFAR10_epoch": 0.0874367505311966,
            "acc/test/CIFAR10": 0.9732000231742859,
            "normalized_acc/test/CIFAR10": 0.9914425611495972
        }
    ],
    "avg": [
        {
            "acc/test/avg": 0.9212313592433929,
            "normalized_acc/test/avg": 0.9855916202068329
        }
    ]
}