{
    "MNIST": [
        {
            "acc/test/MNIST_epoch": 0.9884999990463257,
            "loss/test/MNIST_epoch": 0.12816201150417328,
            "acc/test/MNIST": 0.9884999990463257,
            "normalized_acc/test/MNIST": 0.9919719099998474
        }
    ],
    "Flowers102": [
        {
            "acc/test/Flowers102_epoch": 0.7741096019744873,
            "loss/test/Flowers102_epoch": 0.9377405047416687,
            "acc/test/Flowers102": 0.7741096019744873,
            "normalized_acc/test/Flowers102": 0.8215395212173462
        }
    ],
    "avg": [
        {
            "acc/test/avg": 0.8813048005104065,
            "normalized_acc/test/avg": 0.9067557156085968
        }
    ]
}