{
    "GTSRB": [
        {
            "acc/test/GTSRB_epoch": 0.8771179914474487,
            "loss/test/GTSRB_epoch": 0.5724643468856812,
            "acc/test/GTSRB": 0.8771179914474487,
            "normalized_acc/test/GTSRB": 0.8867366313934326
        }
    ],
    "FashionMNIST": [
        {
            "acc/test/FashionMNIST_epoch": 0.8992999792098999,
            "loss/test/FashionMNIST_epoch": 0.2878791093826294,
            "acc/test/FashionMNIST": 0.8992999792098999,
            "normalized_acc/test/FashionMNIST": 0.9446428418159485
        }
    ],
    "avg": [
        {
            "acc/test/avg": 0.8882089853286743,
            "normalized_acc/test/avg": 0.9156897366046906
        }
    ]
}