{
    "MNIST": [
        {
            "acc/test/MNIST_epoch": 0.9884999990463257,
            "loss/test/MNIST_epoch": 0.11788526922464371,
            "acc/test/MNIST": 0.9884999990463257,
            "normalized_acc/test/MNIST": 0.9919719099998474
        }
    ],
    "FER2013": [
        {
            "acc/test/FER2013_epoch": 0.6462802886962891,
            "loss/test/FER2013_epoch": 1.0005788803100586,
            "acc/test/FER2013": 0.6462802886962891,
            "normalized_acc/test/FER2013": 0.8766061663627625
        }
    ],
    "avg": [
        {
            "acc/test/avg": 0.8173901438713074,
            "normalized_acc/test/avg": 0.9342890381813049
        }
    ]
}