{
    "SUN397": [
        {
            "acc/test/SUN397_epoch": 0.7307304739952087,
            "loss/test/SUN397_epoch": 0.9290395975112915,
            "acc/test/SUN397": 0.7307304739952087,
            "normalized_acc/test/SUN397": 0.9267186522483826
        }
    ],
    "GTSRB": [
        {
            "acc/test/GTSRB_epoch": 0.8860649466514587,
            "loss/test/GTSRB_epoch": 0.4967672824859619,
            "acc/test/GTSRB": 0.8860649466514587,
            "normalized_acc/test/GTSRB": 0.8957816958427429
        }
    ],
    "avg": [
        {
            "acc/test/avg": 0.8083977103233337,
            "normalized_acc/test/avg": 0.9112501740455627
        }
    ]
}