{
    "SUN397": [
        {
            "acc/test/SUN397_epoch": 0.7314861416816711,
            "loss/test/SUN397_epoch": 0.9292556643486023,
            "acc/test/SUN397": 0.7314861416816711,
            "normalized_acc/test/SUN397": 0.9276769757270813
        }
    ],
    "Food101": [
        {
            "acc/test/Food101_epoch": 0.9161584377288818,
            "loss/test/Food101_epoch": 0.3018546998500824,
            "acc/test/Food101": 0.9161584377288818,
            "normalized_acc/test/Food101": 1.0078860521316528
        }
    ],
    "avg": [
        {
            "acc/test/avg": 0.8238222897052765,
            "normalized_acc/test/avg": 0.9677815139293671
        }
    ]
}