{
    "PCAM": [
        {
            "acc/test/PCAM_epoch": 0.87823486328125,
            "loss/test/PCAM_epoch": 0.295125812292099,
            "acc/test/PCAM": 0.87823486328125,
            "normalized_acc/test/PCAM": 0.9898531436920166
        }
    ],
    "RenderedSST2": [
        {
            "acc/test/RenderedSST2_epoch": 0.7254256010055542,
            "loss/test/RenderedSST2_epoch": 0.5381752252578735,
            "acc/test/RenderedSST2": 0.7254256010055542,
            "normalized_acc/test/RenderedSST2": 0.9402135014533997
        }
    ],
    "avg": [
        {
            "acc/test/avg": 0.8018302321434021,
            "normalized_acc/test/avg": 0.9650333225727081
        }
    ]
}