{
    "Cars": [
        {
            "acc/test/Cars_epoch": 0.7788832187652588,
            "loss/test/Cars_epoch": 0.6356431841850281,
            "acc/test/Cars": 0.7788832187652588,
            "normalized_acc/test/Cars": 0.9078127145767212
        }
    ],
    "MNIST": [
        {
            "acc/test/MNIST_epoch": 0.9879000186920166,
            "loss/test/MNIST_epoch": 0.13343031704425812,
            "acc/test/MNIST": 0.9879000186920166,
            "normalized_acc/test/MNIST": 0.9913697838783264
        }
    ],
    "avg": [
        {
            "acc/test/avg": 0.8833916187286377,
            "normalized_acc/test/avg": 0.9495912492275238
        }
    ]
}