{
    "FashionMNIST": [
        {
            "acc/test/FashionMNIST_epoch": 0.9132999777793884,
            "loss/test/FashionMNIST_epoch": 0.26050257682800293,
            "acc/test/FashionMNIST": 0.9132999777793884,
            "normalized_acc/test/FashionMNIST": 0.9699447154998779
        }
    ],
    "RenderedSST2": [
        {
            "acc/test/RenderedSST2_epoch": 0.6891817450523376,
            "loss/test/RenderedSST2_epoch": 0.6288615465164185,
            "acc/test/RenderedSST2": 0.6891817450523376,
            "normalized_acc/test/RenderedSST2": 1.0153721570968628
        }
    ],
    "avg": [
        {
            "acc/test/avg": 0.801240861415863,
            "normalized_acc/test/avg": 0.9926584362983704
        }
    ]
}