{
    "OxfordIIITPet": [
        {
            "acc/test/OxfordIIITPet_epoch": 0.9146906733512878,
            "loss/test/OxfordIIITPet_epoch": 0.29039114713668823,
            "acc/test/OxfordIIITPet": 0.9146906733512878,
            "normalized_acc/test/OxfordIIITPet": 0.9867686033248901
        }
    ],
    "RenderedSST2": [
        {
            "acc/test/RenderedSST2_epoch": 0.709500253200531,
            "loss/test/RenderedSST2_epoch": 0.702303409576416,
            "acc/test/RenderedSST2": 0.709500253200531,
            "normalized_acc/test/RenderedSST2": 1.0453073978424072
        }
    ],
    "avg": [
        {
            "acc/test/avg": 0.8120954632759094,
            "normalized_acc/test/avg": 1.0160380005836487
        }
    ]
}