{
    "STL10": [
        {
            "acc/test/STL10_epoch": 0.9745000004768372,
            "loss/test/STL10_epoch": 0.07967396080493927,
            "acc/test/STL10": 0.9745000004768372,
            "normalized_acc/test/STL10": 0.9989749193191528
        }
    ],
    "EMNIST": [
        {
            "acc/test/EMNIST_epoch": 0.9896000027656555,
            "loss/test/EMNIST_epoch": 0.050721973180770874,
            "acc/test/EMNIST": 0.9896000027656555,
            "normalized_acc/test/EMNIST": 0.9950729012489319
        }
    ],
    "avg": [
        {
            "acc/test/avg": 0.9820500016212463,
            "normalized_acc/test/avg": 0.9970239102840424
        }
    ]
}