{
    "CIFAR10": [
        {
            "acc/test/CIFAR10_epoch": 0.9596999883651733,
            "loss/test/CIFAR10_epoch": 0.14602042734622955,
            "acc/test/CIFAR10": 0.9596999883651733,
            "normalized_acc/test/CIFAR10": 0.9840049147605896
        }
    ],
    "FashionMNIST": [
        {
            "acc/test/FashionMNIST_epoch": 0.9103000164031982,
            "loss/test/FashionMNIST_epoch": 0.25981101393699646,
            "acc/test/FashionMNIST": 0.9103000164031982,
            "normalized_acc/test/FashionMNIST": 0.9667587280273438
        }
    ],
    "avg": [
        {
            "acc/test/avg": 0.9350000023841858,
            "normalized_acc/test/avg": 0.9753818213939667
        }
    ]
}