{
    "CIFAR100": [
        {
            "acc/test/CIFAR100_epoch": 0.8385000228881836,
            "loss/test/CIFAR100_epoch": 0.6149223446846008,
            "acc/test/CIFAR100": 0.8385000228881836,
            "normalized_acc/test/CIFAR100": 0.9642364382743835
        }
    ],
    "Food101": [
        {
            "acc/test/Food101_epoch": 0.8438416123390198,
            "loss/test/Food101_epoch": 0.6242260336875916,
            "acc/test/Food101": 0.8438416123390198,
            "normalized_acc/test/Food101": 0.9808046817779541
        }
    ],
    "avg": [
        {
            "acc/test/avg": 0.8411708176136017,
            "normalized_acc/test/avg": 0.9725205600261688
        }
    ]
}