{
    "EuroSAT": [
        {
            "acc/test/EuroSAT": 0.11296296119689941,
            "loss/test/EuroSAT": 3.285836696624756,
            "normalized_acc/test/EuroSAT": 0.11380597203969955
        }
    ],
    "DTD": [
        {
            "acc/test/DTD": 0.021276595070958138,
            "loss/test/DTD": 4.9376068115234375,
            "normalized_acc/test/DTD": 0.027210883796215057
        }
    ],
    "avg": [
        {
            "acc/test/avg": 0.06711977813392878,
            "normalized_acc/test/avg": 0.0705084279179573
        }
    ]
}