{
    "Cars": [
        {
            "acc/test/Cars": 0.004974505864083767,
            "loss/test/Cars": 8.91303539276123,
            "normalized_acc/test/Cars": 0.0062324716709554195
        }
    ],
    "EuroSAT": [
        {
            "acc/test/EuroSAT": 0.11814814805984497,
            "loss/test/EuroSAT": 2.786761522293091,
            "normalized_acc/test/EuroSAT": 0.11902984976768494
        }
    ],
    "avg": [
        {
            "acc/test/avg": 0.06156132696196437,
            "normalized_acc/test/avg": 0.06263116071932018
        }
    ]
}