{
    "EuroSAT": [
        {
            "acc/test/EuroSAT_epoch": 0.9844444394111633,
            "loss/test/EuroSAT_epoch": 0.04514478147029877,
            "acc/test/EuroSAT": 0.9844444394111633,
            "normalized_acc/test/EuroSAT": 0.9917910695075989
        }
    ],
    "Flowers102": [
        {
            "acc/test/Flowers102_epoch": 0.7788258194923401,
            "loss/test/Flowers102_epoch": 0.9011151194572449,
            "acc/test/Flowers102": 0.7788258194923401,
            "normalized_acc/test/Flowers102": 0.866630494594574
        }
    ],
    "avg": [
        {
            "acc/test/avg": 0.8816351294517517,
            "normalized_acc/test/avg": 0.9292107820510864
        }
    ]
}