{
    "Cars": [
        {
            "acc/test/Cars_epoch": 0.8659370541572571,
            "loss/test/Cars_epoch": 0.4617172181606293,
            "acc/test/Cars": 0.8659370541572571,
            "normalized_acc/test/Cars": 1.0092766284942627
        }
    ],
    "EuroSAT": [
        {
            "acc/test/EuroSAT_epoch": 0.9896296262741089,
            "loss/test/EuroSAT_epoch": 0.03772124648094177,
            "acc/test/EuroSAT": 0.9896296262741089,
            "normalized_acc/test/EuroSAT": 0.998878538608551
        }
    ],
    "avg": [
        {
            "acc/test/avg": 0.927783340215683,
            "normalized_acc/test/avg": 1.0040775835514069
        }
    ]
}