{
    "SUN397": [
        {
            "acc/test/SUN397_epoch": 0.7611587047576904,
            "loss/test/SUN397_epoch": 0.8928032517433167,
            "acc/test/SUN397": 0.7611587047576904,
            "normalized_acc/test/SUN397": 0.9653080105781555
        }
    ],
    "CIFAR10": [
        {
            "acc/test/CIFAR10_epoch": 0.9836000204086304,
            "loss/test/CIFAR10_epoch": 0.07906578481197357,
            "acc/test/CIFAR10": 0.9836000204086304,
            "normalized_acc/test/CIFAR10": 1.002037525177002
        }
    ],
    "avg": [
        {
            "acc/test/avg": 0.8723793625831604,
            "normalized_acc/test/avg": 0.9836727678775787
        }
    ]
}