{
    "SUN397": [
        {
            "acc/test/SUN397_epoch": 0.7735516428947449,
            "loss/test/SUN397_epoch": 0.8782067894935608,
            "acc/test/SUN397": 0.7735516428947449,
            "normalized_acc/test/SUN397": 0.9810248017311096
        }
    ],
    "DTD": [
        {
            "acc/test/DTD_epoch": 0.7994681000709534,
            "loss/test/DTD_epoch": 0.8795161843299866,
            "acc/test/DTD": 0.7994681000709534,
            "normalized_acc/test/DTD": 0.964698314666748
        }
    ],
    "avg": [
        {
            "acc/test/avg": 0.7865098714828491,
            "normalized_acc/test/avg": 0.9728615581989288
        }
    ]
}