{
    "EuroSAT": [
        {
            "acc/test/EuroSAT_epoch": 0.9755555391311646,
            "loss/test/EuroSAT_epoch": 0.09900849312543869,
            "acc/test/EuroSAT": 0.9755555391311646,
            "normalized_acc/test/EuroSAT": 0.9846729040145874
        }
    ],
    "KMNIST": [
        {
            "acc/test/KMNIST_epoch": 0.9775000214576721,
            "loss/test/KMNIST_epoch": 0.09041457623243332,
            "acc/test/KMNIST": 0.9775000214576721,
            "normalized_acc/test/KMNIST": 0.9938993453979492
        }
    ],
    "avg": [
        {
            "acc/test/avg": 0.9765277802944183,
            "normalized_acc/test/avg": 0.9892861247062683
        }
    ]
}