{
    "DTD": [
        {
            "acc/test/DTD_epoch": 0.7781915068626404,
            "loss/test/DTD_epoch": 0.9521170258522034,
            "acc/test/DTD": 0.7781915068626404,
            "normalized_acc/test/DTD": 0.9390243887901306
        }
    ],
    "EMNIST": [
        {
            "acc/test/EMNIST_epoch": 0.9955999851226807,
            "loss/test/EMNIST_epoch": 0.030065713450312614,
            "acc/test/EMNIST": 0.9955999851226807,
            "normalized_acc/test/EMNIST": 1.001307487487793
        }
    ],
    "avg": [
        {
            "acc/test/avg": 0.8868957459926605,
            "normalized_acc/test/avg": 0.9701659381389618
        }
    ]
}