{
    "Flowers102": [
        {
            "acc/test/Flowers102_epoch": 0.9357619285583496,
            "loss/test/Flowers102_epoch": 0.26523882150650024,
            "acc/test/Flowers102": 0.9357619285583496,
            "normalized_acc/test/Flowers102": 0.9930962920188904
        }
    ],
    "RenderedSST2": [
        {
            "acc/test/RenderedSST2_epoch": 0.7896760106086731,
            "loss/test/RenderedSST2_epoch": 0.9745065569877625,
            "acc/test/RenderedSST2": 0.7896760106086731,
            "normalized_acc/test/RenderedSST2": 1.0234875679016113
        }
    ],
    "avg": [
        {
            "acc/test/avg": 0.8627189695835114,
            "normalized_acc/test/avg": 1.0082919299602509
        }
    ]
}