{
    "GTSRB": [
        {
            "acc/test/GTSRB_epoch": 0.9889152646064758,
            "loss/test/GTSRB_epoch": 0.05087592452764511,
            "acc/test/GTSRB": 0.9889152646064758,
            "normalized_acc/test/GTSRB": 0.9997598528862
        }
    ],
    "FER2013": [
        {
            "acc/test/FER2013_epoch": 0.714962363243103,
            "loss/test/FER2013_epoch": 1.3172826766967773,
            "acc/test/FER2013": 0.714962363243103,
            "normalized_acc/test/FER2013": 0.9697656631469727
        }
    ],
    "avg": [
        {
            "acc/test/avg": 0.8519388139247894,
            "normalized_acc/test/avg": 0.9847627580165863
        }
    ]
}