{
    "EMNIST": [
        {
            "acc/test/EMNIST_epoch": 0.9923999905586243,
            "loss/test/EMNIST_epoch": 0.0460994616150856,
            "acc/test/EMNIST": 0.9923999905586243,
            "normalized_acc/test/EMNIST": 0.998089075088501
        }
    ],
    "KMNIST": [
        {
            "acc/test/KMNIST_epoch": 0.9363999962806702,
            "loss/test/KMNIST_epoch": 0.25910449028015137,
            "acc/test/KMNIST": 0.9363999962806702,
            "normalized_acc/test/KMNIST": 0.9521098136901855
        }
    ],
    "avg": [
        {
            "acc/test/avg": 0.9643999934196472,
            "normalized_acc/test/avg": 0.9750994443893433
        }
    ]
}