{
    "EuroSAT": [
        {
            "acc/test/EuroSAT_epoch": 0.9862962961196899,
            "loss/test/EuroSAT_epoch": 0.056641485542058945,
            "acc/test/EuroSAT": 0.9862962961196899,
            "normalized_acc/test/EuroSAT": 0.9955140352249146
        }
    ],
    "FER2013": [
        {
            "acc/test/FER2013_epoch": 0.738506555557251,
            "loss/test/FER2013_epoch": 1.0975172519683838,
            "acc/test/FER2013": 0.738506555557251,
            "normalized_acc/test/FER2013": 1.0017006397247314
        }
    ],
    "avg": [
        {
            "acc/test/avg": 0.8624014258384705,
            "normalized_acc/test/avg": 0.998607337474823
        }
    ]
}