{
    "CIFAR100": [
        {
            "acc/test/CIFAR100_epoch": 0.895799994468689,
            "loss/test/CIFAR100_epoch": 0.45483702421188354,
            "acc/test/CIFAR100": 0.895799994468689,
            "normalized_acc/test/CIFAR100": 1.0034725666046143
        }
    ],
    "RenderedSST2": [
        {
            "acc/test/RenderedSST2_epoch": 0.7973640561103821,
            "loss/test/RenderedSST2_epoch": 0.8517212271690369,
            "acc/test/RenderedSST2": 0.7973640561103821,
            "normalized_acc/test/RenderedSST2": 1.0334519147872925
        }
    ],
    "avg": [
        {
            "acc/test/avg": 0.8465820252895355,
            "normalized_acc/test/avg": 1.0184622406959534
        }
    ]
}