{
    "SVHN": [
        {
            "acc/test/SVHN_epoch": 0.9702673554420471,
            "loss/test/SVHN_epoch": 0.13463208079338074,
            "acc/test/SVHN": 0.9702673554420471,
            "normalized_acc/test/SVHN": 0.9952715039253235
        }
    ],
    "PCAM": [
        {
            "acc/test/PCAM_epoch": 0.82049560546875,
            "loss/test/PCAM_epoch": 0.5892186164855957,
            "acc/test/PCAM": 0.82049560546875,
            "normalized_acc/test/PCAM": 0.9247755408287048
        }
    ],
    "avg": [
        {
            "acc/test/avg": 0.8953814804553986,
            "normalized_acc/test/avg": 0.9600235223770142
        }
    ]
}