{
    "Food101": [
        {
            "acc/test/Food101_epoch": 0.8917227983474731,
            "loss/test/Food101_epoch": 0.44419777393341064,
            "acc/test/Food101": 0.8917227983474731,
            "normalized_acc/test/Food101": 0.9810038805007935
        }
    ],
    "EMNIST": [
        {
            "acc/test/EMNIST_epoch": 0.9957000017166138,
            "loss/test/EMNIST_epoch": 0.029828405007719994,
            "acc/test/EMNIST": 0.9957000017166138,
            "normalized_acc/test/EMNIST": 1.0014079809188843
        }
    ],
    "avg": [
        {
            "acc/test/avg": 0.9437114000320435,
            "normalized_acc/test/avg": 0.9912059307098389
        }
    ]
}