{
    "DTD": [
        {
            "acc/test/DTD_epoch": 0.6808510422706604,
            "loss/test/DTD_epoch": 1.1333556175231934,
            "acc/test/DTD": 0.6808510422706604,
            "normalized_acc/test/DTD": 0.8215660452842712
        }
    ],
    "PCAM": [
        {
            "acc/test/PCAM_epoch": 0.8714599609375,
            "loss/test/PCAM_epoch": 0.4136923849582672,
            "acc/test/PCAM": 0.8714599609375,
            "normalized_acc/test/PCAM": 0.9822171926498413
        }
    ],
    "avg": [
        {
            "acc/test/avg": 0.7761555016040802,
            "normalized_acc/test/avg": 0.9018916189670563
        }
    ]
}