{
    "PCAM": [
        {
            "acc/test/PCAM_epoch": 0.88653564453125,
            "loss/test/PCAM_epoch": 0.3221932649612427,
            "acc/test/PCAM": 0.88653564453125,
            "normalized_acc/test/PCAM": 0.9992088675498962
        }
    ],
    "STL10": [
        {
            "acc/test/STL10_epoch": 0.968625009059906,
            "loss/test/STL10_epoch": 0.09683222323656082,
            "acc/test/STL10": 0.968625009059906,
            "normalized_acc/test/STL10": 0.9805137515068054
        }
    ],
    "avg": [
        {
            "acc/test/avg": 0.927580326795578,
            "normalized_acc/test/avg": 0.9898613095283508
        }
    ]
}