{
    "Cars": [
        {
            "acc/test/Cars_epoch": 0.8645690679550171,
            "loss/test/Cars_epoch": 0.47283753752708435,
            "acc/test/Cars": 0.8645690679550171,
            "normalized_acc/test/Cars": 1.007682204246521
        }
    ],
    "RESISC45": [
        {
            "acc/test/RESISC45_epoch": 0.9579365253448486,
            "loss/test/RESISC45_epoch": 0.139341801404953,
            "acc/test/RESISC45": 0.9579365253448486,
            "normalized_acc/test/RESISC45": 0.9909688234329224
        }
    ],
    "avg": [
        {
            "acc/test/avg": 0.9112527966499329,
            "normalized_acc/test/avg": 0.9993255138397217
        }
    ]
}