{
    "Cars": [
        {
            "acc/test/Cars_epoch": 0.8436761498451233,
            "loss/test/Cars_epoch": 0.5415078401565552,
            "acc/test/Cars": 0.8436761498451233,
            "normalized_acc/test/Cars": 0.9833309054374695
        }
    ],
    "SVHN": [
        {
            "acc/test/SVHN_epoch": 0.9740703701972961,
            "loss/test/SVHN_epoch": 0.11454249918460846,
            "acc/test/SVHN": 0.9740703701972961,
            "normalized_acc/test/SVHN": 0.9991725087165833
        }
    ],
    "avg": [
        {
            "acc/test/avg": 0.9088732600212097,
            "normalized_acc/test/avg": 0.9912517070770264
        }
    ]
}