{
    "EuroSAT": [
        {
            "acc/test/EuroSAT_epoch": 0.9907407164573669,
            "loss/test/EuroSAT_epoch": 0.03328054025769234,
            "acc/test/EuroSAT": 0.9907407164573669,
            "normalized_acc/test/EuroSAT": 1.0
        }
    ],
    "RenderedSST2": [
        {
            "acc/test/RenderedSST2_epoch": 0.7979132533073425,
            "loss/test/RenderedSST2_epoch": 0.8459651470184326,
            "acc/test/RenderedSST2": 0.7979132533073425,
            "normalized_acc/test/RenderedSST2": 1.0341637134552002
        }
    ],
    "avg": [
        {
            "acc/test/avg": 0.8943269848823547,
            "normalized_acc/test/avg": 1.0170818567276
        }
    ]
}