{
    "RESISC45": [
        {
            "acc/test/RESISC45_epoch": 0.9463492035865784,
            "loss/test/RESISC45_epoch": 0.2022416591644287,
            "acc/test/RESISC45": 0.9463492035865784,
            "normalized_acc/test/RESISC45": 0.9789819717407227
        }
    ],
    "CIFAR100": [
        {
            "acc/test/CIFAR100_epoch": 0.8835999965667725,
            "loss/test/CIFAR100_epoch": 0.5050641298294067,
            "acc/test/CIFAR100": 0.8835999965667725,
            "normalized_acc/test/CIFAR100": 0.9898061752319336
        }
    ],
    "avg": [
        {
            "acc/test/avg": 0.9149746000766754,
            "normalized_acc/test/avg": 0.9843940734863281
        }
    ]
}