{
    "PCAM": [
        {
            "acc/test/PCAM_epoch": 0.88519287109375,
            "loss/test/PCAM_epoch": 0.3580652177333832,
            "acc/test/PCAM": 0.88519287109375,
            "normalized_acc/test/PCAM": 0.9976954460144043
        }
    ],
    "FER2013": [
        {
            "acc/test/FER2013_epoch": 0.7078573703765869,
            "loss/test/FER2013_epoch": 1.0019710063934326,
            "acc/test/FER2013": 0.7078573703765869,
            "normalized_acc/test/FER2013": 0.9601285457611084
        }
    ],
    "avg": [
        {
            "acc/test/avg": 0.7965251207351685,
            "normalized_acc/test/avg": 0.9789119958877563
        }
    ]
}