{
    "FER2013": [
        {
            "acc/test/FER2013_epoch": 0.7421287298202515,
            "loss/test/FER2013_epoch": 1.1951448917388916,
            "acc/test/FER2013": 0.7421287298202515,
            "normalized_acc/test/FER2013": 1.0066137313842773
        }
    ],
    "RenderedSST2": [
        {
            "acc/test/RenderedSST2_epoch": 0.7710049152374268,
            "loss/test/RenderedSST2_epoch": 0.9618769884109497,
            "acc/test/RenderedSST2": 0.7710049152374268,
            "normalized_acc/test/RenderedSST2": 0.9992882013320923
        }
    ],
    "avg": [
        {
            "acc/test/avg": 0.7565668225288391,
            "normalized_acc/test/avg": 1.0029509663581848
        }
    ]
}