{
    "Cars": [
        {
            "acc/test/Cars_epoch": 0.8485262989997864,
            "loss/test/Cars_epoch": 0.49991247057914734,
            "acc/test/Cars": 0.8485262989997864,
            "normalized_acc/test/Cars": 0.9889839291572571
        }
    ],
    "FashionMNIST": [
        {
            "acc/test/FashionMNIST_epoch": 0.9440000057220459,
            "loss/test/FashionMNIST_epoch": 0.2070433348417282,
            "acc/test/FashionMNIST": 0.9440000057220459,
            "normalized_acc/test/FashionMNIST": 0.9915966391563416
        }
    ],
    "avg": [
        {
            "acc/test/avg": 0.8962631523609161,
            "normalized_acc/test/avg": 0.9902902841567993
        }
    ]
}