{
    "RESISC45": [
        {
            "acc/test/RESISC45_epoch": 0.9387301802635193,
            "loss/test/RESISC45_epoch": 0.21693377196788788,
            "acc/test/RESISC45": 0.9387301802635193,
            "normalized_acc/test/RESISC45": 0.9711002111434937
        }
    ],
    "SVHN": [
        {
            "acc/test/SVHN_epoch": 0.9741088151931763,
            "loss/test/SVHN_epoch": 0.11234110593795776,
            "acc/test/SVHN": 0.9741088151931763,
            "normalized_acc/test/SVHN": 0.9992119669914246
        }
    ],
    "avg": [
        {
            "acc/test/avg": 0.9564194977283478,
            "normalized_acc/test/avg": 0.9851560890674591
        }
    ]
}