{
    "MNIST": [
        {
            "acc/test/MNIST_epoch": 0.996399998664856,
            "loss/test/MNIST_epoch": 0.024231936782598495,
            "acc/test/MNIST": 0.996399998664856,
            "normalized_acc/test/MNIST": 0.9998996257781982
        }
    ],
    "CIFAR100": [
        {
            "acc/test/CIFAR100_epoch": 0.8331999778747559,
            "loss/test/CIFAR100_epoch": 0.7276272177696228,
            "acc/test/CIFAR100": 0.8331999778747559,
            "normalized_acc/test/CIFAR100": 0.9333482384681702
        }
    ],
    "avg": [
        {
            "acc/test/avg": 0.9147999882698059,
            "normalized_acc/test/avg": 0.9666239321231842
        }
    ]
}