{
    "Cars": [
        {
            "acc/test/Cars_epoch": 0.7785101532936096,
            "loss/test/Cars_epoch": 0.6550683975219727,
            "acc/test/Cars": 0.7785101532936096,
            "normalized_acc/test/Cars": 0.9073778986930847
        }
    ],
    "RenderedSST2": [
        {
            "acc/test/RenderedSST2_epoch": 0.7149917483329773,
            "loss/test/RenderedSST2_epoch": 0.557816207408905,
            "acc/test/RenderedSST2": 0.7149917483329773,
            "normalized_acc/test/RenderedSST2": 0.9266903400421143
        }
    ],
    "avg": [
        {
            "acc/test/avg": 0.7467509508132935,
            "normalized_acc/test/avg": 0.9170341193675995
        }
    ]
}