{
    "DTD": [
        {
            "acc/test/DTD_epoch": 0.6851063966751099,
            "loss/test/DTD_epoch": 1.123430609703064,
            "acc/test/DTD": 0.6851063966751099,
            "normalized_acc/test/DTD": 0.8267008662223816
        }
    ],
    "CIFAR100": [
        {
            "acc/test/CIFAR100_epoch": 0.8307999968528748,
            "loss/test/CIFAR100_epoch": 0.6054100394248962,
            "acc/test/CIFAR100": 0.8307999968528748,
            "normalized_acc/test/CIFAR100": 0.9306597709655762
        }
    ],
    "avg": [
        {
            "acc/test/avg": 0.7579531967639923,
            "normalized_acc/test/avg": 0.8786803185939789
        }
    ]
}