{
    "Cars": [
        {
            "acc/test/Cars_epoch": 0.7939311265945435,
            "loss/test/Cars_epoch": 0.6252102255821228,
            "acc/test/Cars": 0.7939311265945435,
            "normalized_acc/test/Cars": 0.9253515005111694
        }
    ],
    "MNIST": [
        {
            "acc/test/MNIST_epoch": 0.9739000201225281,
            "loss/test/MNIST_epoch": 0.3394611179828644,
            "acc/test/MNIST": 0.9739000201225281,
            "normalized_acc/test/MNIST": 0.9773206114768982
        }
    ],
    "avg": [
        {
            "acc/test/avg": 0.8839155733585358,
            "normalized_acc/test/avg": 0.9513360559940338
        }
    ]
}