{
    "SUN397": [
        {
            "acc/test/SUN397_epoch": 0.744987428188324,
            "loss/test/SUN397_epoch": 0.8720648288726807,
            "acc/test/SUN397": 0.744987428188324,
            "normalized_acc/test/SUN397": 0.9447994232177734
        }
    ],
    "Cars": [
        {
            "acc/test/Cars_epoch": 0.7955478429794312,
            "loss/test/Cars_epoch": 0.6125862002372742,
            "acc/test/Cars": 0.7955478429794312,
            "normalized_acc/test/Cars": 0.9272358417510986
        }
    ],
    "avg": [
        {
            "acc/test/avg": 0.7702676355838776,
            "normalized_acc/test/avg": 0.936017632484436
        }
    ]
}