{
    "STL10": [
        {
            "acc/test/STL10_epoch": 0.9913750290870667,
            "loss/test/STL10_epoch": 0.02837926708161831,
            "acc/test/STL10": 0.9913750290870667,
            "normalized_acc/test/STL10": 1.0035430192947388
        }
    ],
    "Food101": [
        {
            "acc/test/Food101_epoch": 0.9124356508255005,
            "loss/test/Food101_epoch": 0.29924383759498596,
            "acc/test/Food101": 0.9124356508255005,
            "normalized_acc/test/Food101": 1.0037904977798462
        }
    ],
    "avg": [
        {
            "acc/test/avg": 0.9519053399562836,
            "normalized_acc/test/avg": 1.0036667585372925
        }
    ]
}