{
    "RESISC45": [
        {
            "acc/test/RESISC45_epoch": 0.9180952310562134,
            "loss/test/RESISC45_epoch": 0.2820785641670227,
            "acc/test/RESISC45": 0.9180952310562134,
            "normalized_acc/test/RESISC45": 0.9497537016868591
        }
    ],
    "CIFAR100": [
        {
            "acc/test/CIFAR100_epoch": 0.8374000191688538,
            "loss/test/CIFAR100_epoch": 0.5885405540466309,
            "acc/test/CIFAR100": 0.8374000191688538,
            "normalized_acc/test/CIFAR100": 0.9380531311035156
        }
    ],
    "avg": [
        {
            "acc/test/avg": 0.8777476251125336,
            "normalized_acc/test/avg": 0.9439034163951874
        }
    ]
}