{
    "DTD": [
        {
            "acc/test/DTD_epoch": 0.5739361643791199,
            "loss/test/DTD_epoch": 1.496804118156433,
            "acc/test/DTD": 0.5739361643791199,
            "normalized_acc/test/DTD": 0.6925545334815979
        }
    ],
    "STL10": [
        {
            "acc/test/STL10_epoch": 0.9903749823570251,
            "loss/test/STL10_epoch": 0.037268705666065216,
            "acc/test/STL10": 0.9903749823570251,
            "normalized_acc/test/STL10": 1.0025306940078735
        }
    ],
    "avg": [
        {
            "acc/test/avg": 0.7821555733680725,
            "normalized_acc/test/avg": 0.8475426137447357
        }
    ]
}