{
    "RESISC45": [
        {
            "acc/test/RESISC45_epoch": 0.883809506893158,
            "loss/test/RESISC45_epoch": 0.4096013605594635,
            "acc/test/RESISC45": 0.883809506893158,
            "normalized_acc/test/RESISC45": 0.9142857193946838
        }
    ],
    "RenderedSST2": [
        {
            "acc/test/RenderedSST2_epoch": 0.7012630701065063,
            "loss/test/RenderedSST2_epoch": 0.574529230594635,
            "acc/test/RenderedSST2": 0.7012630701065063,
            "normalized_acc/test/RenderedSST2": 0.908896803855896
        }
    ],
    "avg": [
        {
            "acc/test/avg": 0.7925362884998322,
            "normalized_acc/test/avg": 0.9115912616252899
        }
    ]
}