{
    "Cars": [
        {
            "acc/test/Cars_epoch": 0.7665713429450989,
            "loss/test/Cars_epoch": 0.6900961995124817,
            "acc/test/Cars": 0.7665713429450989,
            "normalized_acc/test/Cars": 0.8934628367424011
        }
    ],
    "Flowers102": [
        {
            "acc/test/Flowers102_epoch": 0.8859977126121521,
            "loss/test/Flowers102_epoch": 0.46432575583457947,
            "acc/test/Flowers102": 0.8859977126121521,
            "normalized_acc/test/Flowers102": 0.9402830004692078
        }
    ],
    "avg": [
        {
            "acc/test/avg": 0.8262845277786255,
            "normalized_acc/test/avg": 0.9168729186058044
        }
    ]
}