{
    "SUN397": [
        {
            "acc/test/SUN397_epoch": 0.7251889109611511,
            "loss/test/SUN397_epoch": 0.9445558190345764,
            "acc/test/SUN397": 0.7251889109611511,
            "normalized_acc/test/SUN397": 0.9196907877922058
        }
    ],
    "OxfordIIITPet": [
        {
            "acc/test/OxfordIIITPet_epoch": 0.9476696848869324,
            "loss/test/OxfordIIITPet_epoch": 0.16193251311779022,
            "acc/test/OxfordIIITPet": 0.9476696848869324,
            "normalized_acc/test/OxfordIIITPet": 0.9971321821212769
        }
    ],
    "avg": [
        {
            "acc/test/avg": 0.8364292979240417,
            "normalized_acc/test/avg": 0.9584114849567413
        }
    ]
}