{
    "SUN397": [
        {
            "acc/test/SUN397_epoch": 0.7326448559761047,
            "loss/test/SUN397_epoch": 0.9195250272750854,
            "acc/test/SUN397": 0.7326448559761047,
            "normalized_acc/test/SUN397": 0.9291464686393738
        }
    ],
    "DTD": [
        {
            "acc/test/DTD_epoch": 0.6409574747085571,
            "loss/test/DTD_epoch": 1.2455570697784424,
            "acc/test/DTD": 0.6409574747085571,
            "normalized_acc/test/DTD": 0.7734274864196777
        }
    ],
    "avg": [
        {
            "acc/test/avg": 0.6868011653423309,
            "normalized_acc/test/avg": 0.8512869775295258
        }
    ]
}