{
    "FER2013": [
        {
            "acc/test/FER2013_epoch": 0.6351351141929626,
            "loss/test/FER2013_epoch": 1.027859091758728,
            "acc/test/FER2013": 0.6351351141929626,
            "normalized_acc/test/FER2013": 0.8614889979362488
        }
    ],
    "KMNIST": [
        {
            "acc/test/KMNIST_epoch": 0.2522999942302704,
            "loss/test/KMNIST_epoch": 2.0755245685577393,
            "acc/test/KMNIST": 0.2522999942302704,
            "normalized_acc/test/KMNIST": 0.25653278827667236
        }
    ],
    "avg": [
        {
            "acc/test/avg": 0.4437175542116165,
            "normalized_acc/test/avg": 0.5590108931064606
        }
    ]
}