{
    "Cars": [
        {
            "acc/test/Cars_epoch": 0.7860962748527527,
            "loss/test/Cars_epoch": 0.6352145075798035,
            "acc/test/Cars": 0.7860962748527527,
            "normalized_acc/test/Cars": 0.9162197709083557
        }
    ],
    "PCAM": [
        {
            "acc/test/PCAM_epoch": 0.850830078125,
            "loss/test/PCAM_epoch": 0.3617613613605499,
            "acc/test/PCAM": 0.850830078125,
            "normalized_acc/test/PCAM": 0.9589653611183167
        }
    ],
    "avg": [
        {
            "acc/test/avg": 0.8184631764888763,
            "normalized_acc/test/avg": 0.9375925660133362
        }
    ]
}