{
    "SVHN": [
        {
            "acc/test/SVHN_epoch": 0.8980101346969604,
            "loss/test/SVHN_epoch": 0.5574368834495544,
            "acc/test/SVHN": 0.8980101346969604,
            "normalized_acc/test/SVHN": 0.9211521744728088
        }
    ],
    "Food101": [
        {
            "acc/test/Food101_epoch": 0.9150494933128357,
            "loss/test/Food101_epoch": 0.29717132449150085,
            "acc/test/Food101": 0.9150494933128357,
            "normalized_acc/test/Food101": 1.0066660642623901
        }
    ],
    "avg": [
        {
            "acc/test/avg": 0.9065298140048981,
            "normalized_acc/test/avg": 0.9639091193675995
        }
    ]
}