{
    "PCAM": [
        {
            "acc/test/PCAM_epoch": 0.85626220703125,
            "loss/test/PCAM_epoch": 0.3482666611671448,
            "acc/test/PCAM": 0.85626220703125,
            "normalized_acc/test/PCAM": 0.965087890625
        }
    ],
    "CIFAR100": [
        {
            "acc/test/CIFAR100_epoch": 0.8264999985694885,
            "loss/test/CIFAR100_epoch": 0.6148015260696411,
            "acc/test/CIFAR100": 0.8264999985694885,
            "normalized_acc/test/CIFAR100": 0.9258429408073425
        }
    ],
    "avg": [
        {
            "acc/test/avg": 0.8413811028003693,
            "normalized_acc/test/avg": 0.9454654157161713
        }
    ]
}