{
    "PCAM": [
        {
            "acc/test/PCAM_epoch": 0.858428955078125,
            "loss/test/PCAM_epoch": 0.3393835127353668,
            "acc/test/PCAM": 0.858428955078125,
            "normalized_acc/test/PCAM": 0.9675300121307373
        }
    ],
    "Food101": [
        {
            "acc/test/Food101_epoch": 0.9062178134918213,
            "loss/test/Food101_epoch": 0.3226368725299835,
            "acc/test/Food101": 0.9062178134918213,
            "normalized_acc/test/Food101": 0.9969501495361328
        }
    ],
    "avg": [
        {
            "acc/test/avg": 0.8823233842849731,
            "normalized_acc/test/avg": 0.9822400808334351
        }
    ]
}