{
    "SUN397": [
        {
            "acc/test/SUN397_epoch": 0.7270528674125671,
            "loss/test/SUN397_epoch": 0.9398282170295715,
            "acc/test/SUN397": 0.7270528674125671,
            "normalized_acc/test/SUN397": 0.922054648399353
        }
    ],
    "STL10": [
        {
            "acc/test/STL10_epoch": 0.9906250238418579,
            "loss/test/STL10_epoch": 0.03399351239204407,
            "acc/test/STL10": 0.9906250238418579,
            "normalized_acc/test/STL10": 1.0027837753295898
        }
    ],
    "avg": [
        {
            "acc/test/avg": 0.8588389456272125,
            "normalized_acc/test/avg": 0.9624192118644714
        }
    ]
}