{
    "SVHN": [
        {
            "acc/test/SVHN_epoch": 0.8313614130020142,
            "loss/test/SVHN_epoch": 0.8284813165664673,
            "acc/test/SVHN": 0.8313614130020142,
            "normalized_acc/test/SVHN": 0.8527858853340149
        }
    ],
    "RenderedSST2": [
        {
            "acc/test/RenderedSST2_epoch": 0.6919274926185608,
            "loss/test/RenderedSST2_epoch": 0.5764158964157104,
            "acc/test/RenderedSST2": 0.6919274926185608,
            "normalized_acc/test/RenderedSST2": 0.8967971205711365
        }
    ],
    "avg": [
        {
            "acc/test/avg": 0.7616444528102875,
            "normalized_acc/test/avg": 0.8747915029525757
        }
    ]
}