{
    "SUN397": [
        {
            "acc/test/SUN397_epoch": 0.7497733235359192,
            "loss/test/SUN397_epoch": 0.8603220582008362,
            "acc/test/SUN397": 0.7497733235359192,
            "normalized_acc/test/SUN397": 0.9508689641952515
        }
    ],
    "FER2013": [
        {
            "acc/test/FER2013_epoch": 0.6412649750709534,
            "loss/test/FER2013_epoch": 1.003466248512268,
            "acc/test/FER2013": 0.6412649750709534,
            "normalized_acc/test/FER2013": 0.8698034882545471
        }
    ],
    "avg": [
        {
            "acc/test/avg": 0.6955191493034363,
            "normalized_acc/test/avg": 0.9103362262248993
        }
    ]
}