{
    "CIFAR100": [
        {
            "acc/test/CIFAR100_epoch": 0.8342000246047974,
            "loss/test/CIFAR100_epoch": 0.6002187132835388,
            "acc/test/CIFAR100": 0.8342000246047974,
            "normalized_acc/test/CIFAR100": 0.9344684481620789
        }
    ],
    "EMNIST": [
        {
            "acc/test/EMNIST_epoch": 0.9478999972343445,
            "loss/test/EMNIST_epoch": 0.27039316296577454,
            "acc/test/EMNIST": 0.9478999972343445,
            "normalized_acc/test/EMNIST": 0.9533339738845825
        }
    ],
    "avg": [
        {
            "acc/test/avg": 0.8910500109195709,
            "normalized_acc/test/avg": 0.9439012110233307
        }
    ]
}