{
    "Flowers102": [
        {
            "acc/test/Flowers102_epoch": 0.8479427695274353,
            "loss/test/Flowers102_epoch": 0.621971070766449,
            "acc/test/Flowers102": 0.8479427695274353,
            "normalized_acc/test/Flowers102": 0.8998964428901672
        }
    ],
    "RenderedSST2": [
        {
            "acc/test/RenderedSST2_epoch": 0.6523888111114502,
            "loss/test/RenderedSST2_epoch": 0.6176412105560303,
            "acc/test/RenderedSST2": 0.6523888111114502,
            "normalized_acc/test/RenderedSST2": 0.845551609992981
        }
    ],
    "avg": [
        {
            "acc/test/avg": 0.7501657903194427,
            "normalized_acc/test/avg": 0.8727240264415741
        }
    ]
}