{
    "OxfordIIITPet": [
        {
            "acc/test/OxfordIIITPet_epoch": 0.9275006651878357,
            "loss/test/OxfordIIITPet_epoch": 0.2276534140110016,
            "acc/test/OxfordIIITPet": 0.9275006651878357,
            "normalized_acc/test/OxfordIIITPet": 0.975910484790802
        }
    ],
    "STL10": [
        {
            "acc/test/STL10_epoch": 0.9872499704360962,
            "loss/test/STL10_epoch": 0.04762589931488037,
            "acc/test/STL10": 0.9872499704360962,
            "normalized_acc/test/STL10": 0.9993672966957092
        }
    ],
    "avg": [
        {
            "acc/test/avg": 0.9573753178119659,
            "normalized_acc/test/avg": 0.9876388907432556
        }
    ]
}