{
    "FER2013": [
        {
            "acc/test/FER2013_epoch": 0.6124268770217896,
            "loss/test/FER2013_epoch": 1.0788283348083496,
            "acc/test/FER2013": 0.6124268770217896,
            "normalized_acc/test/FER2013": 0.8306878805160522
        }
    ],
    "RenderedSST2": [
        {
            "acc/test/RenderedSST2_epoch": 0.707852840423584,
            "loss/test/RenderedSST2_epoch": 0.5662081837654114,
            "acc/test/RenderedSST2": 0.707852840423584,
            "normalized_acc/test/RenderedSST2": 0.917437732219696
        }
    ],
    "avg": [
        {
            "acc/test/avg": 0.6601398587226868,
            "normalized_acc/test/avg": 0.8740628063678741
        }
    ]
}