{
    "RESISC45": [
        {
            "acc/test/RESISC45_epoch": 0.9146031737327576,
            "loss/test/RESISC45_epoch": 0.2957213521003723,
            "acc/test/RESISC45": 0.9146031737327576,
            "normalized_acc/test/RESISC45": 0.946141242980957
        }
    ],
    "FER2013": [
        {
            "acc/test/FER2013_epoch": 0.6271942257881165,
            "loss/test/FER2013_epoch": 1.0458017587661743,
            "acc/test/FER2013": 0.6271942257881165,
            "normalized_acc/test/FER2013": 0.850718080997467
        }
    ],
    "avg": [
        {
            "acc/test/avg": 0.770898699760437,
            "normalized_acc/test/avg": 0.898429661989212
        }
    ]
}