{
    "Food101": [
        {
            "acc/test/Food101_epoch": 0.9163960218429565,
            "loss/test/Food101_epoch": 0.28800588846206665,
            "acc/test/Food101": 0.9163960218429565,
            "normalized_acc/test/Food101": 1.0081474781036377
        }
    ],
    "KMNIST": [
        {
            "acc/test/KMNIST_epoch": 0.3041999936103821,
            "loss/test/KMNIST_epoch": 1.9389773607254028,
            "acc/test/KMNIST": 0.3041999936103821,
            "normalized_acc/test/KMNIST": 0.30930349230766296
        }
    ],
    "avg": [
        {
            "acc/test/avg": 0.6102980077266693,
            "normalized_acc/test/avg": 0.6587254852056503
        }
    ]
}