{
    "CIFAR100": [
        {
            "acc/test/CIFAR100_epoch": 0.8403000235557556,
            "loss/test/CIFAR100_epoch": 0.5673032402992249,
            "acc/test/CIFAR100": 0.8403000235557556,
            "normalized_acc/test/CIFAR100": 0.941301703453064
        }
    ],
    "CIFAR10": [
        {
            "acc/test/CIFAR10_epoch": 0.9757999777793884,
            "loss/test/CIFAR10_epoch": 0.07549287378787994,
            "acc/test/CIFAR10": 0.9757999777793884,
            "normalized_acc/test/CIFAR10": 0.994091272354126
        }
    ],
    "avg": [
        {
            "acc/test/avg": 0.908050000667572,
            "normalized_acc/test/avg": 0.967696487903595
        }
    ]
}