{
    "DTD": [
        {
            "acc/test/DTD_epoch": 0.6218085289001465,
            "loss/test/DTD_epoch": 1.3428417444229126,
            "acc/test/DTD": 0.6218085289001465,
            "normalized_acc/test/DTD": 0.7503209114074707
        }
    ],
    "EMNIST": [
        {
            "acc/test/EMNIST_epoch": 0.9122999906539917,
            "loss/test/EMNIST_epoch": 0.5101025104522705,
            "acc/test/EMNIST": 0.9122999906539917,
            "normalized_acc/test/EMNIST": 0.9175298810005188
        }
    ],
    "avg": [
        {
            "acc/test/avg": 0.7670542597770691,
            "normalized_acc/test/avg": 0.8339253962039948
        }
    ]
}