{
    "SUN397": [
        {
            "acc/test/SUN397_epoch": 0.7588917016983032,
            "loss/test/SUN397_epoch": 0.8314370512962341,
            "acc/test/SUN397": 0.7588917016983032,
            "normalized_acc/test/SUN397": 0.9624329805374146
        }
    ],
    "Food101": [
        {
            "acc/test/Food101_epoch": 0.9174257516860962,
            "loss/test/Food101_epoch": 0.2825194299221039,
            "acc/test/Food101": 0.9174257516860962,
            "normalized_acc/test/Food101": 1.0092802047729492
        }
    ],
    "avg": [
        {
            "acc/test/avg": 0.8381587266921997,
            "normalized_acc/test/avg": 0.9858565926551819
        }
    ]
}