{
    "Cars": [
        {
            "acc/test/Cars_epoch": 0.7420718669891357,
            "loss/test/Cars_epoch": 0.8175069093704224,
            "acc/test/Cars": 0.7420718669891357,
            "normalized_acc/test/Cars": 0.9297288656234741
        }
    ],
    "Food101": [
        {
            "acc/test/Food101_epoch": 0.8691484928131104,
            "loss/test/Food101_epoch": 0.49937230348587036,
            "acc/test/Food101": 0.8691484928131104,
            "normalized_acc/test/Food101": 1.0102190971374512
        }
    ],
    "avg": [
        {
            "acc/test/avg": 0.805610179901123,
            "normalized_acc/test/avg": 0.9699739813804626
        }
    ]
}