{
    "EuroSAT": [
        {
            "acc/test/EuroSAT_epoch": 0.9859259128570557,
            "loss/test/EuroSAT_epoch": 0.04915891960263252,
            "acc/test/EuroSAT": 0.9859259128570557,
            "normalized_acc/test/EuroSAT": 0.9932835698127747
        }
    ],
    "OxfordIIITPet": [
        {
            "acc/test/OxfordIIITPet_epoch": 0.9103298187255859,
            "loss/test/OxfordIIITPet_epoch": 0.29728013277053833,
            "acc/test/OxfordIIITPet": 0.9103298187255859,
            "normalized_acc/test/OxfordIIITPet": 0.9820641279220581
        }
    ],
    "avg": [
        {
            "acc/test/avg": 0.9481278657913208,
            "normalized_acc/test/avg": 0.9876738488674164
        }
    ]
}