{
    "SVHN": [
        {
            "acc/test/SVHN_epoch": 0.9503687620162964,
            "loss/test/SVHN_epoch": 0.19303348660469055,
            "acc/test/SVHN": 0.9503687620162964,
            "normalized_acc/test/SVHN": 0.9831504821777344
        }
    ],
    "GTSRB": [
        {
            "acc/test/GTSRB_epoch": 0.9102929830551147,
            "loss/test/GTSRB_epoch": 0.3275808095932007,
            "acc/test/GTSRB": 0.9102929830551147,
            "normalized_acc/test/GTSRB": 0.9201281070709229
        }
    ],
    "avg": [
        {
            "acc/test/avg": 0.9303308725357056,
            "normalized_acc/test/avg": 0.9516392946243286
        }
    ]
}