{
    "MNIST": [
        {
            "acc/test/MNIST_epoch": 0.992900013923645,
            "loss/test/MNIST_epoch": 0.037797823548316956,
            "acc/test/MNIST": 0.992900013923645,
            "normalized_acc/test/MNIST": 0.9983912110328674
        }
    ],
    "STL10": [
        {
            "acc/test/STL10_epoch": 0.971750020980835,
            "loss/test/STL10_epoch": 0.0906757041811943,
            "acc/test/STL10": 0.971750020980835,
            "normalized_acc/test/STL10": 0.996155858039856
        }
    ],
    "avg": [
        {
            "acc/test/avg": 0.98232501745224,
            "normalized_acc/test/avg": 0.9972735345363617
        }
    ]
}