{
    "Cars": [
        {
            "acc/test/Cars_epoch": 0.7119761109352112,
            "loss/test/Cars_epoch": 0.9215303063392639,
            "acc/test/Cars": 0.7119761109352112,
            "normalized_acc/test/Cars": 0.892022430896759
        }
    ],
    "FashionMNIST": [
        {
            "acc/test/FashionMNIST_epoch": 0.9143999814987183,
            "loss/test/FashionMNIST_epoch": 0.25188297033309937,
            "acc/test/FashionMNIST": 0.9143999814987183,
            "normalized_acc/test/FashionMNIST": 0.9711129665374756
        }
    ],
    "avg": [
        {
            "acc/test/avg": 0.8131880462169647,
            "normalized_acc/test/avg": 0.9315676987171173
        }
    ]
}