{
    "RESISC45": [
        {
            "acc/test/RESISC45_epoch": 0.8874602913856506,
            "loss/test/RESISC45_epoch": 0.38661354780197144,
            "acc/test/RESISC45": 0.8874602913856506,
            "normalized_acc/test/RESISC45": 0.9312124848365784
        }
    ],
    "EMNIST": [
        {
            "acc/test/EMNIST_epoch": 0.9905999898910522,
            "loss/test/EMNIST_epoch": 0.046409785747528076,
            "acc/test/EMNIST": 0.9905999898910522,
            "normalized_acc/test/EMNIST": 0.9960784316062927
        }
    ],
    "avg": [
        {
            "acc/test/avg": 0.9390301406383514,
            "normalized_acc/test/avg": 0.9636454582214355
        }
    ]
}