{
    "DTD": [
        {
            "acc/test/DTD_epoch": 0.702659547328949,
            "loss/test/DTD_epoch": 1.1195847988128662,
            "acc/test/DTD": 0.702659547328949,
            "normalized_acc/test/DTD": 0.898639440536499
        }
    ],
    "RenderedSST2": [
        {
            "acc/test/RenderedSST2_epoch": 0.6968698501586914,
            "loss/test/RenderedSST2_epoch": 0.7658083438873291,
            "acc/test/RenderedSST2": 0.6968698501586914,
            "normalized_acc/test/RenderedSST2": 1.0266990661621094
        }
    ],
    "avg": [
        {
            "acc/test/avg": 0.6997646987438202,
            "normalized_acc/test/avg": 0.9626692533493042
        }
    ]
}