{
    "SVHN": [
        {
            "acc/test/SVHN_epoch": 0.9476413726806641,
            "loss/test/SVHN_epoch": 0.1998603492975235,
            "acc/test/SVHN": 0.9476413726806641,
            "normalized_acc/test/SVHN": 0.9803290367126465
        }
    ],
    "Food101": [
        {
            "acc/test/Food101_epoch": 0.8253861665725708,
            "loss/test/Food101_epoch": 0.6677514910697937,
            "acc/test/Food101": 0.8253861665725708,
            "normalized_acc/test/Food101": 0.9593537449836731
        }
    ],
    "avg": [
        {
            "acc/test/avg": 0.8865137696266174,
            "normalized_acc/test/avg": 0.9698413908481598
        }
    ]
}