{
    "RESISC45": [
        {
            "acc/test/RESISC45_epoch": 0.9144444465637207,
            "loss/test/RESISC45_epoch": 0.28443896770477295,
            "acc/test/RESISC45": 0.9144444465637207,
            "normalized_acc/test/RESISC45": 0.9595270156860352
        }
    ],
    "FER2013": [
        {
            "acc/test/FER2013_epoch": 0.6907216310501099,
            "loss/test/FER2013_epoch": 0.9547656774520874,
            "acc/test/FER2013": 0.6907216310501099,
            "normalized_acc/test/FER2013": 0.9689270853996277
        }
    ],
    "avg": [
        {
            "acc/test/avg": 0.8025830388069153,
            "normalized_acc/test/avg": 0.9642270505428314
        }
    ]
}