{
    "Flowers102": [
        {
            "acc/test/Flowers102_epoch": 0.553585946559906,
            "loss/test/Flowers102_epoch": 1.8131319284439087,
            "acc/test/Flowers102": 0.553585946559906,
            "normalized_acc/test/Flowers102": 0.6159970760345459
        }
    ],
    "PCAM": [
        {
            "acc/test/PCAM_epoch": 0.853515625,
            "loss/test/PCAM_epoch": 0.3224245309829712,
            "acc/test/PCAM": 0.853515625,
            "normalized_acc/test/PCAM": 0.9894573092460632
        }
    ],
    "avg": [
        {
            "acc/test/avg": 0.703550785779953,
            "normalized_acc/test/avg": 0.8027271926403046
        }
    ]
}