{
    "MNIST": [
        {
            "acc/test/MNIST_epoch": 0.9919000267982483,
            "loss/test/MNIST_epoch": 0.03790256381034851,
            "acc/test/MNIST": 0.9919000267982483,
            "normalized_acc/test/MNIST": 0.9973856806755066
        }
    ],
    "Food101": [
        {
            "acc/test/Food101_epoch": 0.8353267312049866,
            "loss/test/Food101_epoch": 0.6451840400695801,
            "acc/test/Food101": 0.8353267312049866,
            "normalized_acc/test/Food101": 0.9709077477455139
        }
    ],
    "avg": [
        {
            "acc/test/avg": 0.9136133790016174,
            "normalized_acc/test/avg": 0.9841467142105103
        }
    ]
}