{
    "Flowers102": [
        {
            "acc/test/Flowers102_epoch": 0.8076109886169434,
            "loss/test/Flowers102_epoch": 0.8963737487792969,
            "acc/test/Flowers102": 0.8076109886169434,
            "normalized_acc/test/Flowers102": 0.8986608982086182
        }
    ],
    "OxfordIIITPet": [
        {
            "acc/test/OxfordIIITPet_epoch": 0.9212319254875183,
            "loss/test/OxfordIIITPet_epoch": 0.27114614844322205,
            "acc/test/OxfordIIITPet": 0.9212319254875183,
            "normalized_acc/test/OxfordIIITPet": 0.9938253164291382
        }
    ],
    "avg": [
        {
            "acc/test/avg": 0.8644214570522308,
            "normalized_acc/test/avg": 0.9462431073188782
        }
    ]
}