{
    "MNIST": [
        {
            "acc/test/MNIST_epoch": 0.9869999885559082,
            "loss/test/MNIST_epoch": 0.06472010165452957,
            "acc/test/MNIST": 0.9869999885559082,
            "normalized_acc/test/MNIST": 0.9924585223197937
        }
    ],
    "FashionMNIST": [
        {
            "acc/test/FashionMNIST_epoch": 0.8898000121116638,
            "loss/test/FashionMNIST_epoch": 0.3317815661430359,
            "acc/test/FashionMNIST": 0.8898000121116638,
            "normalized_acc/test/FashionMNIST": 0.9449872374534607
        }
    ],
    "avg": [
        {
            "acc/test/avg": 0.938400000333786,
            "normalized_acc/test/avg": 0.9687228798866272
        }
    ]
}