{
    "FER2013": [
        {
            "acc/test/FER2013_epoch": 0.6680133938789368,
            "loss/test/FER2013_epoch": 0.9220806956291199,
            "acc/test/FER2013": 0.6680133938789368,
            "normalized_acc/test/FER2013": 0.9060847163200378
        }
    ],
    "STL10": [
        {
            "acc/test/STL10_epoch": 0.987500011920929,
            "loss/test/STL10_epoch": 0.042526811361312866,
            "acc/test/STL10": 0.987500011920929,
            "normalized_acc/test/STL10": 0.9996204376220703
        }
    ],
    "avg": [
        {
            "acc/test/avg": 0.8277567028999329,
            "normalized_acc/test/avg": 0.9528525769710541
        }
    ]
}