{
    "GTSRB": [
        {
            "acc/test/GTSRB_epoch": 0.8742676377296448,
            "loss/test/GTSRB_epoch": 0.5625494718551636,
            "acc/test/GTSRB": 0.8742676377296448,
            "normalized_acc/test/GTSRB": 0.8838549852371216
        }
    ],
    "FashionMNIST": [
        {
            "acc/test/FashionMNIST_epoch": 0.892799973487854,
            "loss/test/FashionMNIST_epoch": 0.3045293390750885,
            "acc/test/FashionMNIST": 0.892799973487854,
            "normalized_acc/test/FashionMNIST": 0.9378150701522827
        }
    ],
    "avg": [
        {
            "acc/test/avg": 0.8835338056087494,
            "normalized_acc/test/avg": 0.9108350276947021
        }
    ]
}