{
    "Cars": [
        {
            "acc/test/Cars_epoch": 0.7812461256980896,
            "loss/test/Cars_epoch": 0.6321213841438293,
            "acc/test/Cars": 0.7812461256980896,
            "normalized_acc/test/Cars": 0.9105667471885681
        }
    ],
    "SVHN": [
        {
            "acc/test/SVHN_epoch": 0.9325061440467834,
            "loss/test/SVHN_epoch": 0.3408515155315399,
            "acc/test/SVHN": 0.9325061440467834,
            "normalized_acc/test/SVHN": 0.9565371870994568
        }
    ],
    "avg": [
        {
            "acc/test/avg": 0.8568761348724365,
            "normalized_acc/test/avg": 0.9335519671440125
        }
    ]
}