{
    "GTSRB": [
        {
            "acc/test/GTSRB_epoch": 0.8809184432029724,
            "loss/test/GTSRB_epoch": 0.5153847932815552,
            "acc/test/GTSRB": 0.8809184432029724,
            "normalized_acc/test/GTSRB": 0.8905787467956543
        }
    ],
    "Food101": [
        {
            "acc/test/Food101_epoch": 0.9135445356369019,
            "loss/test/Food101_epoch": 0.30379894375801086,
            "acc/test/Food101": 0.9135445356369019,
            "normalized_acc/test/Food101": 1.0050104856491089
        }
    ],
    "avg": [
        {
            "acc/test/avg": 0.8972314894199371,
            "normalized_acc/test/avg": 0.9477946162223816
        }
    ]
}