{
    "DTD": [
        {
            "acc/test/DTD_epoch": 0.6255319118499756,
            "loss/test/DTD_epoch": 1.2883882522583008,
            "acc/test/DTD": 0.6255319118499756,
            "normalized_acc/test/DTD": 0.7548138499259949
        }
    ],
    "FER2013": [
        {
            "acc/test/FER2013_epoch": 0.676650881767273,
            "loss/test/FER2013_epoch": 0.9228448271751404,
            "acc/test/FER2013": 0.676650881767273,
            "normalized_acc/test/FER2013": 0.9178004860877991
        }
    ],
    "avg": [
        {
            "acc/test/avg": 0.6510913968086243,
            "normalized_acc/test/avg": 0.836307168006897
        }
    ]
}