{
    "Food101": [
        {
            "acc/test/Food101_epoch": 0.9103366136550903,
            "loss/test/Food101_epoch": 0.3154427111148834,
            "acc/test/Food101": 0.9103366136550903,
            "normalized_acc/test/Food101": 1.001481294631958
        }
    ],
    "EMNIST": [
        {
            "acc/test/EMNIST_epoch": 0.9900000095367432,
            "loss/test/EMNIST_epoch": 0.13039349019527435,
            "acc/test/EMNIST": 0.9900000095367432,
            "normalized_acc/test/EMNIST": 0.9956753253936768
        }
    ],
    "avg": [
        {
            "acc/test/avg": 0.9501683115959167,
            "normalized_acc/test/avg": 0.9985783100128174
        }
    ]
}