{
    "Flowers102": [
        {
            "acc/test/Flowers102_epoch": 0.7801268696784973,
            "loss/test/Flowers102_epoch": 1.0439809560775757,
            "acc/test/Flowers102": 0.7801268696784973,
            "normalized_acc/test/Flowers102": 0.827925443649292
        }
    ],
    "CIFAR100": [
        {
            "acc/test/CIFAR100_epoch": 0.840399980545044,
            "loss/test/CIFAR100_epoch": 0.5723441243171692,
            "acc/test/CIFAR100": 0.840399980545044,
            "normalized_acc/test/CIFAR100": 0.9414136409759521
        }
    ],
    "avg": [
        {
            "acc/test/avg": 0.8102634251117706,
            "normalized_acc/test/avg": 0.8846695423126221
        }
    ]
}