{
    "EuroSAT": [
        {
            "acc/test/EuroSAT_epoch": 0.9466666579246521,
            "loss/test/EuroSAT_epoch": 0.20026014745235443,
            "acc/test/EuroSAT": 0.9466666579246521,
            "normalized_acc/test/EuroSAT": 0.9555140137672424
        }
    ],
    "FashionMNIST": [
        {
            "acc/test/FashionMNIST_epoch": 0.8823000192642212,
            "loss/test/FashionMNIST_epoch": 0.33565783500671387,
            "acc/test/FashionMNIST": 0.8823000192642212,
            "normalized_acc/test/FashionMNIST": 0.9267857074737549
        }
    ],
    "avg": [
        {
            "acc/test/avg": 0.9144833385944366,
            "normalized_acc/test/avg": 0.9411498606204987
        }
    ]
}