{
    "PCAM": [
        {
            "acc/test/PCAM_epoch": 0.8721923828125,
            "loss/test/PCAM_epoch": 0.29825103282928467,
            "acc/test/PCAM": 0.8721923828125,
            "normalized_acc/test/PCAM": 0.9830426573753357
        }
    ],
    "KMNIST": [
        {
            "acc/test/KMNIST_epoch": 0.41510000824928284,
            "loss/test/KMNIST_epoch": 1.8512933254241943,
            "acc/test/KMNIST": 0.41510000824928284,
            "normalized_acc/test/KMNIST": 0.42206406593322754
        }
    ],
    "avg": [
        {
            "acc/test/avg": 0.6436461955308914,
            "normalized_acc/test/avg": 0.7025533616542816
        }
    ]
}