{
    "EuroSAT": [
        {
            "acc/test/EuroSAT_epoch": 0.9666666388511658,
            "loss/test/EuroSAT_epoch": 0.13837458193302155,
            "acc/test/EuroSAT": 0.9666666388511658,
            "normalized_acc/test/EuroSAT": 0.9757009148597717
        }
    ],
    "FER2013": [
        {
            "acc/test/FER2013_epoch": 0.6684313416481018,
            "loss/test/FER2013_epoch": 0.9348793029785156,
            "acc/test/FER2013": 0.6684313416481018,
            "normalized_acc/test/FER2013": 0.9066516160964966
        }
    ],
    "avg": [
        {
            "acc/test/avg": 0.8175489902496338,
            "normalized_acc/test/avg": 0.9411762654781342
        }
    ]
}