{
    "OxfordIIITPet": [
        {
            "acc/test/OxfordIIITPet_epoch": 0.9351322054862976,
            "loss/test/OxfordIIITPet_epoch": 0.19357964396476746,
            "acc/test/OxfordIIITPet": 0.9351322054862976,
            "normalized_acc/test/OxfordIIITPet": 0.9839403629302979
        }
    ],
    "Food101": [
        {
            "acc/test/Food101_epoch": 0.9164356589317322,
            "loss/test/Food101_epoch": 0.29332658648490906,
            "acc/test/Food101": 0.9164356589317322,
            "normalized_acc/test/Food101": 1.0081909894943237
        }
    ],
    "avg": [
        {
            "acc/test/avg": 0.9257839322090149,
            "normalized_acc/test/avg": 0.9960656762123108
        }
    ]
}