{
    "FER2013": [
        {
            "acc/test/FER2013_epoch": 0.6733072996139526,
            "loss/test/FER2013_epoch": 0.9100824594497681,
            "acc/test/FER2013": 0.6733072996139526,
            "normalized_acc/test/FER2013": 0.9132652878761292
        }
    ],
    "OxfordIIITPet": [
        {
            "acc/test/OxfordIIITPet_epoch": 0.9384028315544128,
            "loss/test/OxfordIIITPet_epoch": 0.1852456033229828,
            "acc/test/OxfordIIITPet": 0.9384028315544128,
            "normalized_acc/test/OxfordIIITPet": 0.9873816967010498
        }
    ],
    "avg": [
        {
            "acc/test/avg": 0.8058550655841827,
            "normalized_acc/test/avg": 0.9503234922885895
        }
    ]
}