{
    "KMNIST": [
        {
            "acc/test/KMNIST_epoch": 0.4975999891757965,
            "loss/test/KMNIST_epoch": 1.7054564952850342,
            "acc/test/KMNIST": 0.4975999891757965,
            "normalized_acc/test/KMNIST": 0.5059481263160706
        }
    ],
    "RenderedSST2": [
        {
            "acc/test/RenderedSST2_epoch": 0.7276222109794617,
            "loss/test/RenderedSST2_epoch": 0.5321008563041687,
            "acc/test/RenderedSST2": 0.7276222109794617,
            "normalized_acc/test/RenderedSST2": 0.9430605173110962
        }
    ],
    "avg": [
        {
            "acc/test/avg": 0.6126111000776291,
            "normalized_acc/test/avg": 0.7245043218135834
        }
    ]
}