{
    "GTSRB": [
        {
            "acc/test/GTSRB_epoch": 0.8308788537979126,
            "loss/test/GTSRB_epoch": 0.6293516159057617,
            "acc/test/GTSRB": 0.8308788537979126,
            "normalized_acc/test/GTSRB": 0.8399903774261475
        }
    ],
    "CIFAR10": [
        {
            "acc/test/CIFAR10_epoch": 0.9725000262260437,
            "loss/test/CIFAR10_epoch": 0.08804121613502502,
            "acc/test/CIFAR10": 0.9725000262260437,
            "normalized_acc/test/CIFAR10": 0.9907294511795044
        }
    ],
    "avg": [
        {
            "acc/test/avg": 0.9016894400119781,
            "normalized_acc/test/avg": 0.9153599143028259
        }
    ]
}