{
    "OxfordIIITPet": [
        {
            "acc/test/OxfordIIITPet_epoch": 0.9324066638946533,
            "loss/test/OxfordIIITPet_epoch": 0.19867867231369019,
            "acc/test/OxfordIIITPet": 0.9324066638946533,
            "normalized_acc/test/OxfordIIITPet": 0.9810725450515747
        }
    ],
    "FashionMNIST": [
        {
            "acc/test/FashionMNIST_epoch": 0.8973000049591064,
            "loss/test/FashionMNIST_epoch": 0.2992801368236542,
            "acc/test/FashionMNIST": 0.8973000049591064,
            "normalized_acc/test/FashionMNIST": 0.9425420165061951
        }
    ],
    "avg": [
        {
            "acc/test/avg": 0.9148533344268799,
            "normalized_acc/test/avg": 0.9618072807788849
        }
    ]
}