{
    "Cars": [
        {
            "acc/test/Cars_epoch": 0.6751647591590881,
            "loss/test/Cars_epoch": 0.9868564605712891,
            "acc/test/Cars": 0.6751647591590881,
            "normalized_acc/test/Cars": 0.845902144908905
        }
    ],
    "OxfordIIITPet": [
        {
            "acc/test/OxfordIIITPet_epoch": 0.8639956116676331,
            "loss/test/OxfordIIITPet_epoch": 0.42483630776405334,
            "acc/test/OxfordIIITPet": 0.8639956116676331,
            "normalized_acc/test/OxfordIIITPet": 0.9320787787437439
        }
    ],
    "avg": [
        {
            "acc/test/avg": 0.7695801854133606,
            "normalized_acc/test/avg": 0.8889904618263245
        }
    ]
}