{
    "EuroSAT": [
        {
            "acc/test/EuroSAT_epoch": 0.8107407689094543,
            "loss/test/EuroSAT_epoch": 0.5614107251167297,
            "acc/test/EuroSAT": 0.8107407689094543,
            "normalized_acc/test/EuroSAT": 0.8167911171913147
        }
    ],
    "CIFAR10": [
        {
            "acc/test/CIFAR10_epoch": 0.954200029373169,
            "loss/test/CIFAR10_epoch": 0.1451333910226822,
            "acc/test/CIFAR10": 0.954200029373169,
            "normalized_acc/test/CIFAR10": 0.9783656597137451
        }
    ],
    "avg": [
        {
            "acc/test/avg": 0.8824703991413116,
            "normalized_acc/test/avg": 0.8975783884525299
        }
    ]
}