{
    "EuroSAT": [
        {
            "acc/test/EuroSAT_epoch": 0.8455555438995361,
            "loss/test/EuroSAT_epoch": 0.4975714385509491,
            "acc/test/EuroSAT": 0.8455555438995361,
            "normalized_acc/test/EuroSAT": 0.8518656492233276
        }
    ],
    "GTSRB": [
        {
            "acc/test/GTSRB_epoch": 0.6275534629821777,
            "loss/test/GTSRB_epoch": 1.3564114570617676,
            "acc/test/GTSRB": 0.6275534629821777,
            "normalized_acc/test/GTSRB": 0.6343337297439575
        }
    ],
    "avg": [
        {
            "acc/test/avg": 0.7365545034408569,
            "normalized_acc/test/avg": 0.7430996894836426
        }
    ]
}