{
    "Cars": [
        {
            "acc/test/Cars_epoch": 0.6724287867546082,
            "loss/test/Cars_epoch": 0.9885647296905518,
            "acc/test/Cars": 0.6724287867546082,
            "normalized_acc/test/Cars": 0.8424742817878723
        }
    ],
    "Flowers102": [
        {
            "acc/test/Flowers102_epoch": 0.703041136264801,
            "loss/test/Flowers102_epoch": 1.2761329412460327,
            "acc/test/Flowers102": 0.703041136264801,
            "normalized_acc/test/Flowers102": 0.7823018431663513
        }
    ],
    "avg": [
        {
            "acc/test/avg": 0.6877349615097046,
            "normalized_acc/test/avg": 0.8123880624771118
        }
    ]
}