{
    "RESISC45": [
        {
            "acc/test/RESISC45_epoch": 0.7426984310150146,
            "loss/test/RESISC45_epoch": 0.8223793506622314,
            "acc/test/RESISC45": 0.7426984310150146,
            "normalized_acc/test/RESISC45": 0.7793138027191162
        }
    ],
    "CIFAR100": [
        {
            "acc/test/CIFAR100_epoch": 0.7731999754905701,
            "loss/test/CIFAR100_epoch": 0.8124554753303528,
            "acc/test/CIFAR100": 0.7731999754905701,
            "normalized_acc/test/CIFAR100": 0.8891444206237793
        }
    ],
    "avg": [
        {
            "acc/test/avg": 0.7579492032527924,
            "normalized_acc/test/avg": 0.8342291116714478
        }
    ]
}