{
    "EuroSAT": [
        {
            "acc/test/EuroSAT_epoch": 0.8022222518920898,
            "loss/test/EuroSAT_epoch": 0.635339081287384,
            "acc/test/EuroSAT": 0.8022222518920898,
            "normalized_acc/test/EuroSAT": 0.8082090020179749
        }
    ],
    "SVHN": [
        {
            "acc/test/SVHN_epoch": 0.6925322413444519,
            "loss/test/SVHN_epoch": 1.1404975652694702,
            "acc/test/SVHN": 0.6925322413444519,
            "normalized_acc/test/SVHN": 0.7164202332496643
        }
    ],
    "avg": [
        {
            "acc/test/avg": 0.7473772466182709,
            "normalized_acc/test/avg": 0.7623146176338196
        }
    ]
}