{
    "GTSRB": [
        {
            "acc/test/GTSRB_epoch": 0.6049089431762695,
            "loss/test/GTSRB_epoch": 1.398719072341919,
            "acc/test/GTSRB": 0.6049089431762695,
            "normalized_acc/test/GTSRB": 0.6114445924758911
        }
    ],
    "FER2013": [
        {
            "acc/test/FER2013_epoch": 0.5670102834701538,
            "loss/test/FER2013_epoch": 1.2065047025680542,
            "acc/test/FER2013": 0.5670102834701538,
            "normalized_acc/test/FER2013": 0.795387864112854
        }
    ],
    "avg": [
        {
            "acc/test/avg": 0.5859596133232117,
            "normalized_acc/test/avg": 0.7034162282943726
        }
    ]
}