{
    "RESISC45": [
        {
            "acc/test/RESISC45_epoch": 0.7404761910438538,
            "loss/test/RESISC45_epoch": 0.8407338857650757,
            "acc/test/RESISC45": 0.7404761910438538,
            "normalized_acc/test/RESISC45": 0.7769820094108582
        }
    ],
    "FashionMNIST": [
        {
            "acc/test/FashionMNIST_epoch": 0.7978000044822693,
            "loss/test/FashionMNIST_epoch": 0.5858145356178284,
            "acc/test/FashionMNIST": 0.7978000044822693,
            "normalized_acc/test/FashionMNIST": 0.8472812175750732
        }
    ],
    "avg": [
        {
            "acc/test/avg": 0.7691380977630615,
            "normalized_acc/test/avg": 0.8121316134929657
        }
    ]
}