{
    "GTSRB": [
        {
            "acc/test/GTSRB_epoch": 0.664212167263031,
            "loss/test/GTSRB_epoch": 1.2721154689788818,
            "acc/test/GTSRB": 0.664212167263031,
            "normalized_acc/test/GTSRB": 0.6713885068893433
        }
    ],
    "OxfordIIITPet": [
        {
            "acc/test/OxfordIIITPet_epoch": 0.8612701296806335,
            "loss/test/OxfordIIITPet_epoch": 0.418696790933609,
            "acc/test/OxfordIIITPet": 0.8612701296806335,
            "normalized_acc/test/OxfordIIITPet": 0.9291385412216187
        }
    ],
    "avg": [
        {
            "acc/test/avg": 0.7627411484718323,
            "normalized_acc/test/avg": 0.800263524055481
        }
    ]
}