{
    "SUN397": [
        {
            "acc/test/SUN397_epoch": 0.6769269704818726,
            "loss/test/SUN397_epoch": 1.1073054075241089,
            "acc/test/SUN397": 0.6769269704818726,
            "normalized_acc/test/SUN397": 0.9040570259094238
        }
    ],
    "CIFAR10": [
        {
            "acc/test/CIFAR10_epoch": 0.9560999870300293,
            "loss/test/CIFAR10_epoch": 0.14070123434066772,
            "acc/test/CIFAR10": 0.9560999870300293,
            "normalized_acc/test/CIFAR10": 0.9803137183189392
        }
    ],
    "avg": [
        {
            "acc/test/avg": 0.8165134787559509,
            "normalized_acc/test/avg": 0.9421853721141815
        }
    ]
}