{
    "EuroSAT": [
        {
            "acc/test/EuroSAT_epoch": 0.8729629516601562,
            "loss/test/EuroSAT_epoch": 0.4443134367465973,
            "acc/test/EuroSAT": 0.8729629516601562,
            "normalized_acc/test/EuroSAT": 0.8794776201248169
        }
    ],
    "DTD": [
        {
            "acc/test/DTD_epoch": 0.5297872424125671,
            "loss/test/DTD_epoch": 1.6976310014724731,
            "acc/test/DTD": 0.5297872424125671,
            "normalized_acc/test/DTD": 0.6775510311126709
        }
    ],
    "avg": [
        {
            "acc/test/avg": 0.7013750970363617,
            "normalized_acc/test/avg": 0.7785143256187439
        }
    ]
}