{
    "SVHN": [
        {
            "acc/test/SVHN_epoch": 0.702673614025116,
            "loss/test/SVHN_epoch": 1.1293812990188599,
            "acc/test/SVHN": 0.702673614025116,
            "normalized_acc/test/SVHN": 0.7269114255905151
        }
    ],
    "Flowers102": [
        {
            "acc/test/Flowers102_epoch": 0.6936087012290955,
            "loss/test/Flowers102_epoch": 1.2813693284988403,
            "acc/test/Flowers102": 0.6936087012290955,
            "normalized_acc/test/Flowers102": 0.771806001663208
        }
    ],
    "avg": [
        {
            "acc/test/avg": 0.6981411576271057,
            "normalized_acc/test/avg": 0.7493587136268616
        }
    ]
}