{
    "GTSRB": [
        {
            "acc/test/GTSRB_epoch": 0.8857482075691223,
            "loss/test/GTSRB_epoch": 0.4644998013973236,
            "acc/test/GTSRB": 0.8857482075691223,
            "normalized_acc/test/GTSRB": 0.8954614400863647
        }
    ],
    "EMNIST": [
        {
            "acc/test/EMNIST_epoch": 0.9894000291824341,
            "loss/test/EMNIST_epoch": 0.10811043530702591,
            "acc/test/EMNIST": 0.9894000291824341,
            "normalized_acc/test/EMNIST": 0.9950719475746155
        }
    ],
    "avg": [
        {
            "acc/test/avg": 0.9375741183757782,
            "normalized_acc/test/avg": 0.9452666938304901
        }
    ]
}