{
    "SVHN": [
        {
            "acc/test/SVHN_epoch": 0.9336201548576355,
            "loss/test/SVHN_epoch": 0.2629554867744446,
            "acc/test/SVHN": 0.9336201548576355,
            "normalized_acc/test/SVHN": 0.9576798677444458
        }
    ],
    "EMNIST": [
        {
            "acc/test/EMNIST_epoch": 0.989300012588501,
            "loss/test/EMNIST_epoch": 0.0772487074136734,
            "acc/test/EMNIST": 0.989300012588501,
            "normalized_acc/test/EMNIST": 0.9949713349342346
        }
    ],
    "avg": [
        {
            "acc/test/avg": 0.9614600837230682,
            "normalized_acc/test/avg": 0.9763256013393402
        }
    ]
}