{
    "PCAM": [
        {
            "acc/test/PCAM_epoch": 0.881927490234375,
            "loss/test/PCAM_epoch": 0.2850785255432129,
            "acc/test/PCAM": 0.881927490234375,
            "normalized_acc/test/PCAM": 0.9940150380134583
        }
    ],
    "STL10": [
        {
            "acc/test/STL10_epoch": 0.9827499985694885,
            "loss/test/STL10_epoch": 0.05262136086821556,
            "acc/test/STL10": 0.9827499985694885,
            "normalized_acc/test/STL10": 0.9948121309280396
        }
    ],
    "avg": [
        {
            "acc/test/avg": 0.9323387444019318,
            "normalized_acc/test/avg": 0.9944135844707489
        }
    ]
}