{
    "RESISC45": [
        {
            "acc/test/RESISC45_epoch": 0.88698410987854,
            "loss/test/RESISC45_epoch": 0.35864540934562683,
            "acc/test/RESISC45": 0.88698410987854,
            "normalized_acc/test/RESISC45": 0.9175698161125183
        }
    ],
    "STL10": [
        {
            "acc/test/STL10_epoch": 0.9887499809265137,
            "loss/test/STL10_epoch": 0.03826624155044556,
            "acc/test/STL10": 0.9887499809265137,
            "normalized_acc/test/STL10": 1.0008857250213623
        }
    ],
    "avg": [
        {
            "acc/test/avg": 0.9378670454025269,
            "normalized_acc/test/avg": 0.9592277705669403
        }
    ]
}