{
    "Flowers102": [
        {
            "acc/test/Flowers102_epoch": 0.8009432554244995,
            "loss/test/Flowers102_epoch": 0.8394622206687927,
            "acc/test/Flowers102": 0.8009432554244995,
            "normalized_acc/test/Flowers102": 0.850017249584198
        }
    ],
    "STL10": [
        {
            "acc/test/STL10_epoch": 0.9896249771118164,
            "loss/test/STL10_epoch": 0.03531060740351677,
            "acc/test/STL10": 0.9896249771118164,
            "normalized_acc/test/STL10": 1.0017714500427246
        }
    ],
    "avg": [
        {
            "acc/test/avg": 0.895284116268158,
            "normalized_acc/test/avg": 0.9258943498134613
        }
    ]
}