{
    "FER2013": [
        {
            "acc/test/FER2013_epoch": 0.6486486196517944,
            "loss/test/FER2013_epoch": 0.9836942553520203,
            "acc/test/FER2013": 0.6486486196517944,
            "normalized_acc/test/FER2013": 0.8798185586929321
        }
    ],
    "EMNIST": [
        {
            "acc/test/EMNIST_epoch": 0.9909999966621399,
            "loss/test/EMNIST_epoch": 0.1190875768661499,
            "acc/test/EMNIST": 0.9909999966621399,
            "normalized_acc/test/EMNIST": 0.9966810941696167
        }
    ],
    "avg": [
        {
            "acc/test/avg": 0.8198243081569672,
            "normalized_acc/test/avg": 0.9382498264312744
        }
    ]
}