{
    "FER2013": [
        {
            "acc/test/FER2013_epoch": 0.6786012649536133,
            "loss/test/FER2013_epoch": 0.9077494144439697,
            "acc/test/FER2013": 0.6786012649536133,
            "normalized_acc/test/FER2013": 0.9204459190368652
        }
    ],
    "OxfordIIITPet": [
        {
            "acc/test/OxfordIIITPet_epoch": 0.9384028315544128,
            "loss/test/OxfordIIITPet_epoch": 0.18645551800727844,
            "acc/test/OxfordIIITPet": 0.9384028315544128,
            "normalized_acc/test/OxfordIIITPet": 0.9873816967010498
        }
    ],
    "avg": [
        {
            "acc/test/avg": 0.8085020482540131,
            "normalized_acc/test/avg": 0.9539138078689575
        }
    ]
}