{
    "OxfordIIITPet": [
        {
            "acc/test/OxfordIIITPet_epoch": 0.9304987788200378,
            "loss/test/OxfordIIITPet_epoch": 0.20352481305599213,
            "acc/test/OxfordIIITPet": 0.9304987788200378,
            "normalized_acc/test/OxfordIIITPet": 0.9790650606155396
        }
    ],
    "KMNIST": [
        {
            "acc/test/KMNIST_epoch": 0.5121999979019165,
            "loss/test/KMNIST_epoch": 1.6340402364730835,
            "acc/test/KMNIST": 0.5121999979019165,
            "normalized_acc/test/KMNIST": 0.520793080329895
        }
    ],
    "avg": [
        {
            "acc/test/avg": 0.7213493883609772,
            "normalized_acc/test/avg": 0.7499290704727173
        }
    ]
}