{
    "MNIST": [
        {
            "acc/test/MNIST_epoch": 0.9879999756813049,
            "loss/test/MNIST_epoch": 0.11572916060686111,
            "acc/test/MNIST": 0.9879999756813049,
            "normalized_acc/test/MNIST": 0.9914700984954834
        }
    ],
    "STL10": [
        {
            "acc/test/STL10_epoch": 0.9837499856948853,
            "loss/test/STL10_epoch": 0.049934957176446915,
            "acc/test/STL10": 0.9837499856948853,
            "normalized_acc/test/STL10": 0.99582439661026
        }
    ],
    "avg": [
        {
            "acc/test/avg": 0.9858749806880951,
            "normalized_acc/test/avg": 0.9936472475528717
        }
    ]
}