{
    "DTD": [
        {
            "acc/test/DTD_epoch": 0.6372340321540833,
            "loss/test/DTD_epoch": 1.2401151657104492,
            "acc/test/DTD": 0.6372340321540833,
            "normalized_acc/test/DTD": 0.7689344882965088
        }
    ],
    "RenderedSST2": [
        {
            "acc/test/RenderedSST2_epoch": 0.7424492239952087,
            "loss/test/RenderedSST2_epoch": 0.5205931663513184,
            "acc/test/RenderedSST2": 0.7424492239952087,
            "normalized_acc/test/RenderedSST2": 0.9622775912284851
        }
    ],
    "avg": [
        {
            "acc/test/avg": 0.689841628074646,
            "normalized_acc/test/avg": 0.865606039762497
        }
    ]
}