{
    "GTSRB": [
        {
            "acc/test/GTSRB_epoch": 0.8834521174430847,
            "loss/test/GTSRB_epoch": 0.4833284914493561,
            "acc/test/GTSRB": 0.8834521174430847,
            "normalized_acc/test/GTSRB": 0.8931401968002319
        }
    ],
    "KMNIST": [
        {
            "acc/test/KMNIST_epoch": 0.535099983215332,
            "loss/test/KMNIST_epoch": 1.556228756904602,
            "acc/test/KMNIST": 0.535099983215332,
            "normalized_acc/test/KMNIST": 0.5440772771835327
        }
    ],
    "avg": [
        {
            "acc/test/avg": 0.7092760503292084,
            "normalized_acc/test/avg": 0.7186087369918823
        }
    ]
}