{
    "CIFAR100": [
        {
            "acc/test/CIFAR100_epoch": 0.8662999868392944,
            "loss/test/CIFAR100_epoch": 0.5063216090202332,
            "acc/test/CIFAR100": 0.8662999868392944,
            "normalized_acc/test/CIFAR100": 0.9704267382621765
        }
    ],
    "CIFAR10": [
        {
            "acc/test/CIFAR10_epoch": 0.9850999712944031,
            "loss/test/CIFAR10_epoch": 0.06242256984114647,
            "acc/test/CIFAR10": 0.9850999712944031,
            "normalized_acc/test/CIFAR10": 1.0035655498504639
        }
    ],
    "avg": [
        {
            "acc/test/avg": 0.9256999790668488,
            "normalized_acc/test/avg": 0.9869961440563202
        }
    ]
}