{
    "EuroSAT": [
        {
            "acc/test/EuroSAT_epoch": 0.9870370626449585,
            "loss/test/EuroSAT_epoch": 0.0483887754380703,
            "acc/test/EuroSAT": 0.9870370626449585,
            "normalized_acc/test/EuroSAT": 0.996261715888977
        }
    ],
    "GTSRB": [
        {
            "acc/test/GTSRB_epoch": 0.9825019836425781,
            "loss/test/GTSRB_epoch": 0.07361044734716415,
            "acc/test/GTSRB": 0.9825019836425781,
            "normalized_acc/test/GTSRB": 0.9932762384414673
        }
    ],
    "avg": [
        {
            "acc/test/avg": 0.9847695231437683,
            "normalized_acc/test/avg": 0.9947689771652222
        }
    ]
}