{
    "Flowers102": [
        {
            "acc/test/Flowers102_epoch": 0.9134818911552429,
            "loss/test/Flowers102_epoch": 0.3341068923473358,
            "acc/test/Flowers102": 0.9134818911552429,
            "normalized_acc/test/Flowers102": 0.9694511294364929
        }
    ],
    "OxfordIIITPet": [
        {
            "acc/test/OxfordIIITPet_epoch": 0.9528481960296631,
            "loss/test/OxfordIIITPet_epoch": 0.1916762888431549,
            "acc/test/OxfordIIITPet": 0.9528481960296631,
            "normalized_acc/test/OxfordIIITPet": 1.002581000328064
        }
    ],
    "avg": [
        {
            "acc/test/avg": 0.933165043592453,
            "normalized_acc/test/avg": 0.9860160648822784
        }
    ]
}