{
    "KMNIST": [
        {
            "acc/test/KMNIST_epoch": 0.9815000295639038,
            "loss/test/KMNIST_epoch": 0.07873024791479111,
            "acc/test/KMNIST": 0.9815000295639038,
            "normalized_acc/test/KMNIST": 0.997966468334198
        }
    ],
    "RenderedSST2": [
        {
            "acc/test/RenderedSST2_epoch": 0.7852827906608582,
            "loss/test/RenderedSST2_epoch": 0.7375684976577759,
            "acc/test/RenderedSST2": 0.7852827906608582,
            "normalized_acc/test/RenderedSST2": 1.0177935361862183
        }
    ],
    "avg": [
        {
            "acc/test/avg": 0.883391410112381,
            "normalized_acc/test/avg": 1.0078800022602081
        }
    ]
}