{
    "SUN397": [
        {
            "acc/test/SUN397_epoch": 0.7655415534973145,
            "loss/test/SUN397_epoch": 0.8629963994026184,
            "acc/test/SUN397": 0.7655415534973145,
            "normalized_acc/test/SUN397": 0.970866322517395
        }
    ],
    "CIFAR10": [
        {
            "acc/test/CIFAR10_epoch": 0.9830999970436096,
            "loss/test/CIFAR10_epoch": 0.07128048688173294,
            "acc/test/CIFAR10": 0.9830999970436096,
            "normalized_acc/test/CIFAR10": 1.0015281438827515
        }
    ],
    "avg": [
        {
            "acc/test/avg": 0.874320775270462,
            "normalized_acc/test/avg": 0.9861972332000732
        }
    ]
}