{
    "SUN397": [
        {
            "acc/test/SUN397_epoch": 0.7587405443191528,
            "loss/test/SUN397_epoch": 0.9363852143287659,
            "acc/test/SUN397": 0.7587405443191528,
            "normalized_acc/test/SUN397": 0.9622412323951721
        }
    ],
    "CIFAR100": [
        {
            "acc/test/CIFAR100_epoch": 0.8883000016212463,
            "loss/test/CIFAR100_epoch": 0.5173531174659729,
            "acc/test/CIFAR100": 0.8883000016212463,
            "normalized_acc/test/CIFAR100": 0.9950711131095886
        }
    ],
    "avg": [
        {
            "acc/test/avg": 0.8235202729701996,
            "normalized_acc/test/avg": 0.9786561727523804
        }
    ]
}