{
    "SUN397": [
        {
            "acc/test/SUN397_epoch": 0.7741561532020569,
            "loss/test/SUN397_epoch": 0.8492494225502014,
            "acc/test/SUN397": 0.7741561532020569,
            "normalized_acc/test/SUN397": 0.9817914366722107
        }
    ],
    "EuroSAT": [
        {
            "acc/test/EuroSAT_epoch": 0.9892592430114746,
            "loss/test/EuroSAT_epoch": 0.032333891838788986,
            "acc/test/EuroSAT": 0.9892592430114746,
            "normalized_acc/test/EuroSAT": 0.9985046982765198
        }
    ],
    "avg": [
        {
            "acc/test/avg": 0.8817076981067657,
            "normalized_acc/test/avg": 0.9901480674743652
        }
    ]
}