{
    "CIFAR10": [
        {
            "acc/test/CIFAR10_epoch": 0.9753999710083008,
            "loss/test/CIFAR10_epoch": 0.09625566750764847,
            "acc/test/CIFAR10": 0.9753999710083008,
            "normalized_acc/test/CIFAR10": 0.9936837553977966
        }
    ],
    "EMNIST": [
        {
            "acc/test/EMNIST_epoch": 0.9965999722480774,
            "loss/test/EMNIST_epoch": 0.03442264720797539,
            "acc/test/EMNIST": 0.9965999722480774,
            "normalized_acc/test/EMNIST": 1.0023131370544434
        }
    ],
    "avg": [
        {
            "acc/test/avg": 0.9859999716281891,
            "normalized_acc/test/avg": 0.99799844622612
        }
    ]
}