{
    "SVHN": [
        {
            "acc/test/SVHN_epoch": 0.9729179739952087,
            "loss/test/SVHN_epoch": 0.1199430450797081,
            "acc/test/SVHN": 0.9729179739952087,
            "normalized_acc/test/SVHN": 0.9979904294013977
        }
    ],
    "STL10": [
        {
            "acc/test/STL10_epoch": 0.9838749766349792,
            "loss/test/STL10_epoch": 0.06052505597472191,
            "acc/test/STL10": 0.9838749766349792,
            "normalized_acc/test/STL10": 0.9959508776664734
        }
    ],
    "avg": [
        {
            "acc/test/avg": 0.978396475315094,
            "normalized_acc/test/avg": 0.9969706535339355
        }
    ]
}