{
    "SUN397": [
        {
            "acc/test/SUN397_epoch": 0.7860453128814697,
            "loss/test/SUN397_epoch": 0.8126209378242493,
            "acc/test/SUN397": 0.7860453128814697,
            "normalized_acc/test/SUN397": 0.9968693852424622
        }
    ],
    "RenderedSST2": [
        {
            "acc/test/RenderedSST2_epoch": 0.7896760106086731,
            "loss/test/RenderedSST2_epoch": 0.8390535712242126,
            "acc/test/RenderedSST2": 0.7896760106086731,
            "normalized_acc/test/RenderedSST2": 1.0234875679016113
        }
    ],
    "avg": [
        {
            "acc/test/avg": 0.7878606617450714,
            "normalized_acc/test/avg": 1.0101784765720367
        }
    ]
}