{
    "DTD": [
        {
            "acc/test/DTD_epoch": 0.8015957474708557,
            "loss/test/DTD_epoch": 0.8262147307395935,
            "acc/test/DTD": 0.8015957474708557,
            "normalized_acc/test/DTD": 0.9672657251358032
        }
    ],
    "OxfordIIITPet": [
        {
            "acc/test/OxfordIIITPet_epoch": 0.9506677389144897,
            "loss/test/OxfordIIITPet_epoch": 0.19745555520057678,
            "acc/test/OxfordIIITPet": 0.9506677389144897,
            "normalized_acc/test/OxfordIIITPet": 1.0002866983413696
        }
    ],
    "avg": [
        {
            "acc/test/avg": 0.8761317431926727,
            "normalized_acc/test/avg": 0.9837762117385864
        }
    ]
}