{
    "OxfordIIITPet": [
        {
            "acc/test/OxfordIIITPet_epoch": 0.9476696848869324,
            "loss/test/OxfordIIITPet_epoch": 0.1997930258512497,
            "acc/test/OxfordIIITPet": 0.9476696848869324,
            "normalized_acc/test/OxfordIIITPet": 0.9971321821212769
        }
    ],
    "EMNIST": [
        {
            "acc/test/EMNIST_epoch": 0.9966999888420105,
            "loss/test/EMNIST_epoch": 0.028332984074950218,
            "acc/test/EMNIST": 0.9966999888420105,
            "normalized_acc/test/EMNIST": 1.0024137496948242
        }
    ],
    "avg": [
        {
            "acc/test/avg": 0.9721848368644714,
            "normalized_acc/test/avg": 0.9997729659080505
        }
    ]
}