{
    "CIFAR10": [
        {
            "acc/test/CIFAR10_epoch": 0.9771000146865845,
            "loss/test/CIFAR10_epoch": 0.0853361189365387,
            "acc/test/CIFAR10": 0.9771000146865845,
            "normalized_acc/test/CIFAR10": 0.9954156875610352
        }
    ],
    "FashionMNIST": [
        {
            "acc/test/FashionMNIST_epoch": 0.9416999816894531,
            "loss/test/FashionMNIST_epoch": 0.18639910221099854,
            "acc/test/FashionMNIST": 0.9416999816894531,
            "normalized_acc/test/FashionMNIST": 0.9891806244850159
        }
    ],
    "avg": [
        {
            "acc/test/avg": 0.9593999981880188,
            "normalized_acc/test/avg": 0.9922981560230255
        }
    ]
}