{
    "FER2013": [
        {
            "acc/test/FER2013_epoch": 0.723321259021759,
            "loss/test/FER2013_epoch": 1.021979570388794,
            "acc/test/FER2013": 0.723321259021759,
            "normalized_acc/test/FER2013": 0.9811035394668579
        }
    ],
    "CIFAR10": [
        {
            "acc/test/CIFAR10_epoch": 0.9829000234603882,
            "loss/test/CIFAR10_epoch": 0.07677368074655533,
            "acc/test/CIFAR10": 0.9829000234603882,
            "normalized_acc/test/CIFAR10": 1.0013244152069092
        }
    ],
    "avg": [
        {
            "acc/test/avg": 0.8531106412410736,
            "normalized_acc/test/avg": 0.9912139773368835
        }
    ]
}