{
    "DTD": [
        {
            "acc/test/DTD_epoch": 0.7063829898834229,
            "loss/test/DTD_epoch": 1.090356707572937,
            "acc/test/DTD": 0.7063829898834229,
            "normalized_acc/test/DTD": 0.8523748517036438
        }
    ],
    "PCAM": [
        {
            "acc/test/PCAM_epoch": 0.87164306640625,
            "loss/test/PCAM_epoch": 0.3825373351573944,
            "acc/test/PCAM": 0.87164306640625,
            "normalized_acc/test/PCAM": 0.9824235439300537
        }
    ],
    "avg": [
        {
            "acc/test/avg": 0.7890130281448364,
            "normalized_acc/test/avg": 0.9173991978168488
        }
    ]
}