{
  "aggregate_metrics": {
    "train_r": 0.012571750912848985,
    "train_p": 0.4756246514324077,
    "val_r": -0.11080867440126395,
    "val_p": 0.0361066801613891
  },
  "per_fold_stats": {
    "train_r_mean": 0.06162365998649906,
    "train_r_std": 0.05652457845844592,
    "val_r_mean": 0.0851552771807484,
    "val_r_std": 0.15030054398924997
  },
  "average_coefficients": {
    "effective_rank": -2.4986214637756348,
    "effective_rank_mergeability_score": -2.354797840118408,
    "stable_rank": -4.661694526672363,
    "spectral_gap": -4.3345723152160645,
    "singular_value_ratio": 5.895271301269531,
    "layerwise_effective_rank": 6.811549186706543,
    "layerwise_effective_rank_mergeability_score": 2.141899585723877
  },
  "coefficient_std": {
    "effective_rank": 11.733248710632324,
    "effective_rank_mergeability_score": 13.687714576721191,
    "stable_rank": 7.943358421325684,
    "spectral_gap": 18.958026885986328,
    "singular_value_ratio": 20.509607315063477,
    "layerwise_effective_rank": 17.566164016723633,
    "layerwise_effective_rank_mergeability_score": 14.859391212463379
  },
  "fold_results": [
    {
      "fold": 0,
      "held_out_task": "SUN397",
      "n_train_pairs": 160,
      "n_val_pairs": 19,
      "train_r": 0.08473496457447977,
      "val_r": 0.027480088830029843,
      "n_iterations": 519,
      "coefficients": {
        "effective_rank": -0.16557830572128296,
        "effective_rank_mergeability_score": 0.20036283135414124,
        "stable_rank": 0.018342019990086555,
        "spectral_gap": 0.30599159002304077,
        "singular_value_ratio": 0.3126361072063446,
        "layerwise_effective_rank": 0.3484087288379669,
        "layerwise_effective_rank_mergeability_score": -0.019718078896403313
      }
    },
    {
      "fold": 1,
      "held_out_task": "Cars",
      "n_train_pairs": 161,
      "n_val_pairs": 18,
      "train_r": 0.04776808073274931,
      "val_r": 0.06254887550773609,
      "n_iterations": 1000,
      "coefficients": {
        "effective_rank": 5.010528564453125,
        "effective_rank_mergeability_score": -3.918335437774658,
        "stable_rank": -6.021015167236328,
        "spectral_gap": -1.7844438552856445,
        "singular_value_ratio": -0.7758996486663818,
        "layerwise_effective_rank": 2.218981981277466,
        "layerwise_effective_rank_mergeability_score": 6.268221378326416
      }
    },
    {
      "fold": 2,
      "held_out_task": "RESISC45",
      "n_train_pairs": 160,
      "n_val_pairs": 19,
      "train_r": 0.0859617542645977,
      "val_r": 0.29978436787125434,
      "n_iterations": 926,
      "coefficients": {
        "effective_rank": 1.2838371992111206,
        "effective_rank_mergeability_score": -1.217236042022705,
        "stable_rank": -2.4458467960357666,
        "spectral_gap": -0.09400396049022675,
        "singular_value_ratio": 0.8203726410865784,
        "layerwise_effective_rank": 0.8080316185951233,
        "layerwise_effective_rank_mergeability_score": 1.844458818435669
      }
    },
    {
      "fold": 3,
      "held_out_task": "EuroSAT",
      "n_train_pairs": 161,
      "n_val_pairs": 18,
      "train_r": 0.10094980046678194,
      "val_r": 0.013892944344633687,
      "n_iterations": 1000,
      "coefficients": {
        "effective_rank": 0.9328575134277344,
        "effective_rank_mergeability_score": 0.03479646518826485,
        "stable_rank": -0.5515174269676208,
        "spectral_gap": -0.2773129343986511,
        "singular_value_ratio": 0.453594446182251,
        "layerwise_effective_rank": -0.45655182003974915,
        "layerwise_effective_rank_mergeability_score": 0.8630704879760742
      }
    },
    {
      "fold": 4,
      "held_out_task": "SVHN",
      "n_train_pairs": 161,
      "n_val_pairs": 18,
      "train_r": 0.015516517519991483,
      "val_r": 0.023653050380473113,
      "n_iterations": 51,
      "coefficients": {
        "effective_rank": -0.9459608197212219,
        "effective_rank_mergeability_score": -1.035014033317566,
        "stable_rank": 0.2284320741891861,
        "spectral_gap": 1.4058817625045776,
        "singular_value_ratio": 0.5359283685684204,
        "layerwise_effective_rank": -0.11994028836488724,
        "layerwise_effective_rank_mergeability_score": 0.9289681911468506
      }
    },
    {
      "fold": 5,
      "held_out_task": "GTSRB",
      "n_train_pairs": 163,
      "n_val_pairs": 16,
      "train_r": 0.07427489533318918,
      "val_r": 0.09203211300048644,
      "n_iterations": 68,
      "coefficients": {
        "effective_rank": 0.41075757145881653,
        "effective_rank_mergeability_score": 0.15347826480865479,
        "stable_rank": -0.7620095014572144,
        "spectral_gap": -0.2565782070159912,
        "singular_value_ratio": 0.47608932852745056,
        "layerwise_effective_rank": 0.3076746463775635,
        "layerwise_effective_rank_mergeability_score": 0.6711694598197937
      }
    },
    {
      "fold": 6,
      "held_out_task": "MNIST",
      "n_train_pairs": 164,
      "n_val_pairs": 15,
      "train_r": 0.06596334225606915,
      "val_r": 0.30398205573209314,
      "n_iterations": 1000,
      "coefficients": {
        "effective_rank": -2.1793365478515625,
        "effective_rank_mergeability_score": 0.7685597538948059,
        "stable_rank": -2.2301528453826904,
        "spectral_gap": -0.9369195103645325,
        "singular_value_ratio": 1.427554965019226,
        "layerwise_effective_rank": 3.179847478866577,
        "layerwise_effective_rank_mergeability_score": 0.9694230556488037
      }
    },
    {
      "fold": 7,
      "held_out_task": "DTD",
      "n_train_pairs": 161,
      "n_val_pairs": 18,
      "train_r": 0.17218104807025822,
      "val_r": 0.08783697120176806,
      "n_iterations": 1000,
      "coefficients": {
        "effective_rank": 9.362985610961914,
        "effective_rank_mergeability_score": -5.694549560546875,
        "stable_rank": -6.335766315460205,
        "spectral_gap": -1.1829699277877808,
        "singular_value_ratio": -0.5455711483955383,
        "layerwise_effective_rank": -2.3680264949798584,
        "layerwise_effective_rank_mergeability_score": 7.761503219604492
      }
    },
    {
      "fold": 8,
      "held_out_task": "Flowers102",
      "n_train_pairs": 163,
      "n_val_pairs": 16,
      "train_r": -0.07909257710633377,
      "val_r": 0.3587156467087873,
      "n_iterations": 51,
      "coefficients": {
        "effective_rank": 0.517478346824646,
        "effective_rank_mergeability_score": 0.19537223875522614,
        "stable_rank": 0.2880026400089264,
        "spectral_gap": -1.8598178625106812,
        "singular_value_ratio": 1.6998379230499268,
        "layerwise_effective_rank": -0.37413591146469116,
        "layerwise_effective_rank_mergeability_score": 0.5198979377746582
      }
    },
    {
      "fold": 9,
      "held_out_task": "PCAM",
      "n_train_pairs": 160,
      "n_val_pairs": 19,
      "train_r": -0.029437284616869955,
      "val_r": 0.21919217262423019,
      "n_iterations": 654,
      "coefficients": {
        "effective_rank": -38.17955780029297,
        "effective_rank_mergeability_score": -57.394474029541016,
        "stable_rank": -24.375259399414062,
        "spectral_gap": -85.67465209960938,
        "singular_value_ratio": 84.4083023071289,
        "layerwise_effective_rank": 72.9358139038086,
        "layerwise_effective_rank_mergeability_score": 49.27737045288086
      }
    },
    {
      "fold": 10,
      "held_out_task": "FER2013",
      "n_train_pairs": 161,
      "n_val_pairs": 18,
      "train_r": 0.026420030978779648,
      "val_r": 0.0290155036794486,
      "n_iterations": 554,
      "coefficients": {
        "effective_rank": 13.751821517944336,
        "effective_rank_mergeability_score": -6.139449596405029,
        "stable_rank": -18.702816009521484,
        "spectral_gap": -4.561820983886719,
        "singular_value_ratio": 41.454872131347656,
        "layerwise_effective_rank": 16.38471031188965,