{
    "FER2013": [
        {
            "acc/test/FER2013_epoch": 0.7410141825675964,
            "loss/test/FER2013_epoch": 1.0680527687072754,
            "acc/test/FER2013": 0.7410141825675964,
            "normalized_acc/test/FER2013": 1.0051020383834839
        }
    ],
    "STL10": [
        {
            "acc/test/STL10_epoch": 0.9900000095367432,
            "loss/test/STL10_epoch": 0.03767304867506027,
            "acc/test/STL10": 0.9900000095367432,
            "normalized_acc/test/STL10": 1.0021511316299438
        }
    ],
    "avg": [
        {
            "acc/test/avg": 0.8655070960521698,
            "normalized_acc/test/avg": 1.0036265850067139
        }
    ]
}