{
    "CIFAR100": [
        {
            "acc/test/CIFAR100_epoch": 0.8228999972343445,
            "loss/test/CIFAR100_epoch": 0.7717419862747192,
            "acc/test/CIFAR100": 0.8228999972343445,
            "normalized_acc/test/CIFAR100": 0.9218102097511292
        }
    ],
    "KMNIST": [
        {
            "acc/test/KMNIST_epoch": 0.9739999771118164,
            "loss/test/KMNIST_epoch": 0.10290505737066269,
            "acc/test/KMNIST": 0.9739999771118164,
            "normalized_acc/test/KMNIST": 0.9903405904769897
        }
    ],
    "avg": [
        {
            "acc/test/avg": 0.8984499871730804,
            "normalized_acc/test/avg": 0.9560754001140594
        }
    ]
}