{
    "GTSRB": [
        {
            "acc/test/GTSRB_epoch": 0.9814726710319519,
            "loss/test/GTSRB_epoch": 0.06833463907241821,
            "acc/test/GTSRB": 0.9814726710319519,
            "normalized_acc/test/GTSRB": 0.9922356605529785
        }
    ],
    "FER2013": [
        {
            "acc/test/FER2013_epoch": 0.7125940322875977,
            "loss/test/FER2013_epoch": 1.3342827558517456,
            "acc/test/FER2013": 0.7125940322875977,
            "normalized_acc/test/FER2013": 0.966553270816803
        }
    ],
    "avg": [
        {
            "acc/test/avg": 0.8470333516597748,
            "normalized_acc/test/avg": 0.9793944656848907
        }
    ]
}