{
    "SUN397": [
        {
            "acc/test/SUN397_epoch": 0.7852896451950073,
            "loss/test/SUN397_epoch": 0.8299920558929443,
            "acc/test/SUN397": 0.7852896451950073,
            "normalized_acc/test/SUN397": 0.9959110617637634
        }
    ],
    "OxfordIIITPet": [
        {
            "acc/test/OxfordIIITPet_epoch": 0.9468520283699036,
            "loss/test/OxfordIIITPet_epoch": 0.2196410894393921,
            "acc/test/OxfordIIITPet": 0.9468520283699036,
            "normalized_acc/test/OxfordIIITPet": 0.9962718486785889
        }
    ],
    "avg": [
        {
            "acc/test/avg": 0.8660708367824554,
            "normalized_acc/test/avg": 0.9960914552211761
        }
    ]
}