{
    "GTSRB": [
        {
            "acc/test/GTSRB_epoch": 0.96856689453125,
            "loss/test/GTSRB_epoch": 0.13078878819942474,
            "acc/test/GTSRB": 0.96856689453125,
            "normalized_acc/test/GTSRB": 0.9791883826255798
        }
    ],
    "EMNIST": [
        {
            "acc/test/EMNIST_epoch": 0.9957000017166138,
            "loss/test/EMNIST_epoch": 0.03651167452335358,
            "acc/test/EMNIST": 0.9957000017166138,
            "normalized_acc/test/EMNIST": 1.0014079809188843
        }
    ],
    "avg": [
        {
            "acc/test/avg": 0.9821334481239319,
            "normalized_acc/test/avg": 0.9902981817722321
        }
    ]
}