{
    "EuroSAT": [
        {
            "acc/test/EuroSAT_epoch": 0.9881481528282166,
            "loss/test/EuroSAT_epoch": 0.0373988077044487,
            "acc/test/EuroSAT": 0.9881481528282166,
            "normalized_acc/test/EuroSAT": 0.997383177280426
        }
    ],
    "Food101": [
        {
            "acc/test/Food101_epoch": 0.9083960652351379,
            "loss/test/Food101_epoch": 0.37137025594711304,
            "acc/test/Food101": 0.9083960652351379,
            "normalized_acc/test/Food101": 0.9993464946746826
        }
    ],
    "avg": [
        {
            "acc/test/avg": 0.9482721090316772,
            "normalized_acc/test/avg": 0.9983648359775543
        }
    ]
}