{
    "EuroSAT": [
        {
            "acc/test/EuroSAT_epoch": 0.9759259223937988,
            "loss/test/EuroSAT_epoch": 0.08888647705316544,
            "acc/test/EuroSAT": 0.9759259223937988,
            "normalized_acc/test/EuroSAT": 0.9850467443466187
        }
    ],
    "SVHN": [
        {
            "acc/test/SVHN_epoch": 0.9697679877281189,
            "loss/test/SVHN_epoch": 0.12404218316078186,
            "acc/test/SVHN": 0.9697679877281189,
            "normalized_acc/test/SVHN": 0.9947592616081238
        }
    ],
    "avg": [
        {
            "acc/test/avg": 0.9728469550609589,
            "normalized_acc/test/avg": 0.9899030029773712
        }
    ]
}