{
    "RESISC45": [
        {
            "acc/test/RESISC45_epoch": 0.9625396728515625,
            "loss/test/RESISC45_epoch": 0.1311884969472885,
            "acc/test/RESISC45": 0.9625396728515625,
            "normalized_acc/test/RESISC45": 0.9957306981086731
        }
    ],
    "Flowers102": [
        {
            "acc/test/Flowers102_epoch": 0.8941290974617004,
            "loss/test/Flowers102_epoch": 0.4271453619003296,
            "acc/test/Flowers102": 0.8941290974617004,
            "normalized_acc/test/Flowers102": 0.9489126205444336
        }
    ],
    "avg": [
        {
            "acc/test/avg": 0.9283343851566315,
            "normalized_acc/test/avg": 0.9723216593265533
        }
    ]
}