{
    "PCAM": [
        {
            "acc/test/PCAM_epoch": 0.90655517578125,
            "loss/test/PCAM_epoch": 0.27033698558807373,
            "acc/test/PCAM": 0.90655517578125,
            "normalized_acc/test/PCAM": 1.0217727422714233
        }
    ],
    "RenderedSST2": [
        {
            "acc/test/RenderedSST2_epoch": 0.780889630317688,
            "loss/test/RenderedSST2_epoch": 0.6362472772598267,
            "acc/test/RenderedSST2": 0.780889630317688,
            "normalized_acc/test/RenderedSST2": 1.0120996236801147
        }
    ],
    "avg": [
        {
            "acc/test/avg": 0.843722403049469,
            "normalized_acc/test/avg": 1.016936182975769
        }
    ]
}