{
    "DTD": [
        {
            "acc/test/DTD_epoch": 0.7797872424125671,
            "loss/test/DTD_epoch": 0.9309760332107544,
            "acc/test/DTD": 0.7797872424125671,
            "normalized_acc/test/DTD": 0.9409499168395996
        }
    ],
    "EMNIST": [
        {
            "acc/test/EMNIST_epoch": 0.9965999722480774,
            "loss/test/EMNIST_epoch": 0.03114076890051365,
            "acc/test/EMNIST": 0.9965999722480774,
            "normalized_acc/test/EMNIST": 1.0023131370544434
        }
    ],
    "avg": [
        {
            "acc/test/avg": 0.8881936073303223,
            "normalized_acc/test/avg": 0.9716315269470215
        }
    ]
}