{
    "DTD": [
        {
            "acc/test/DTD_epoch": 0.7622340321540833,
            "loss/test/DTD_epoch": 0.9039401412010193,
            "acc/test/DTD": 0.7622340321540833,
            "normalized_acc/test/DTD": 0.9197688698768616
        }
    ],
    "CIFAR10": [
        {
            "acc/test/CIFAR10_epoch": 0.9840999841690063,
            "loss/test/CIFAR10_epoch": 0.0703757107257843,
            "acc/test/CIFAR10": 0.9840999841690063,
            "normalized_acc/test/CIFAR10": 1.0025469064712524
        }
    ],
    "avg": [
        {
            "acc/test/avg": 0.8731670081615448,
            "normalized_acc/test/avg": 0.961157888174057
        }
    ]
}