{
    "RESISC45": [
        {
            "acc/test/RESISC45_epoch": 0.958730161190033,
            "loss/test/RESISC45_epoch": 0.15091918408870697,
            "acc/test/RESISC45": 0.958730161190033,
            "normalized_acc/test/RESISC45": 0.9917898774147034
        }
    ],
    "DTD": [
        {
            "acc/test/DTD_epoch": 0.7813829779624939,
            "loss/test/DTD_epoch": 0.9139523506164551,
            "acc/test/DTD": 0.7813829779624939,
            "normalized_acc/test/DTD": 0.9428754448890686
        }
    ],
    "avg": [
        {
            "acc/test/avg": 0.8700565695762634,
            "normalized_acc/test/avg": 0.967332661151886
        }
    ]
}