{
    "SVHN": [
        {
            "acc/test/SVHN_epoch": 0.9673094749450684,
            "loss/test/SVHN_epoch": 0.1373603641986847,
            "acc/test/SVHN": 0.9673094749450684,
            "normalized_acc/test/SVHN": 0.992237389087677
        }
    ],
    "CIFAR10": [
        {
            "acc/test/CIFAR10_epoch": 0.9617000222206116,
            "loss/test/CIFAR10_epoch": 0.15399861335754395,
            "acc/test/CIFAR10": 0.9617000222206116,
            "normalized_acc/test/CIFAR10": 0.979727029800415
        }
    ],
    "avg": [
        {
            "acc/test/avg": 0.96450474858284,
            "normalized_acc/test/avg": 0.985982209444046
        }
    ]
}