{
    "GTSRB": [
        {
            "acc/test/GTSRB_epoch": 0.958748996257782,
            "loss/test/GTSRB_epoch": 0.16644607484340668,
            "acc/test/GTSRB": 0.958748996257782,
            "normalized_acc/test/GTSRB": 0.9692627787590027
        }
    ],
    "KMNIST": [
        {
            "acc/test/KMNIST_epoch": 0.9739999771118164,
            "loss/test/KMNIST_epoch": 0.10813359171152115,
            "acc/test/KMNIST": 0.9739999771118164,
            "normalized_acc/test/KMNIST": 0.9903405904769897
        }
    ],
    "avg": [
        {
            "acc/test/avg": 0.9663744866847992,
            "normalized_acc/test/avg": 0.9798016846179962
        }
    ]
}