{
    "RESISC45": [
        {
            "acc/test/RESISC45_epoch": 0.9507936239242554,
            "loss/test/RESISC45_epoch": 0.17500463128089905,
            "acc/test/RESISC45": 0.9507936239242554,
            "normalized_acc/test/RESISC45": 0.9835796356201172
        }
    ],
    "EMNIST": [
        {
            "acc/test/EMNIST_epoch": 0.9969000220298767,
            "loss/test/EMNIST_epoch": 0.02942470647394657,
            "acc/test/EMNIST": 0.9969000220298767,
            "normalized_acc/test/EMNIST": 1.002614974975586
        }
    ],
    "avg": [
        {
            "acc/test/avg": 0.973846822977066,
            "normalized_acc/test/avg": 0.9930973052978516
        }
    ]
}