{
    "DTD": [
        {
            "acc/test/DTD_epoch": 0.7627659440040588,
            "loss/test/DTD_epoch": 1.0248080492019653,
            "acc/test/DTD": 0.7627659440040588,
            "normalized_acc/test/DTD": 0.9204107522964478
        }
    ],
    "CIFAR100": [
        {
            "acc/test/CIFAR100_epoch": 0.885699987411499,
            "loss/test/CIFAR100_epoch": 0.5100479125976562,
            "acc/test/CIFAR100": 0.885699987411499,
            "normalized_acc/test/CIFAR100": 0.9921585917472839
        }
    ],
    "avg": [
        {
            "acc/test/avg": 0.8242329657077789,
            "normalized_acc/test/avg": 0.9562846720218658
        }
    ]
}