{
    "MNIST": [
        {
            "acc/test/MNIST_epoch": 0.9966999888420105,
            "loss/test/MNIST_epoch": 0.02582423761487007,
            "acc/test/MNIST": 0.9966999888420105,
            "normalized_acc/test/MNIST": 1.000200629234314
        }
    ],
    "DTD": [
        {
            "acc/test/DTD_epoch": 0.7728723287582397,
            "loss/test/DTD_epoch": 1.0136374235153198,
            "acc/test/DTD": 0.7728723287582397,
            "normalized_acc/test/DTD": 0.9326058626174927
        }
    ],
    "avg": [
        {
            "acc/test/avg": 0.8847861588001251,
            "normalized_acc/test/avg": 0.9664032459259033
        }
    ]
}