{
    "CIFAR100": [
        {
            "acc/test/CIFAR100_epoch": 0.8575000166893005,
            "loss/test/CIFAR100_epoch": 0.6110360622406006,
            "acc/test/CIFAR100": 0.8575000166893005,
            "normalized_acc/test/CIFAR100": 0.9605690836906433
        }
    ],
    "EMNIST": [
        {
            "acc/test/EMNIST_epoch": 0.996399998664856,
            "loss/test/EMNIST_epoch": 0.03203001618385315,
            "acc/test/EMNIST": 0.996399998664856,
            "normalized_acc/test/EMNIST": 1.0021120309829712
        }
    ],
    "avg": [
        {
            "acc/test/avg": 0.9269500076770782,
            "normalized_acc/test/avg": 0.9813405573368073
        }
    ]
}