{
    "EMNIST": [
        {
            "acc/test/EMNIST_epoch": 0.994700014591217,
            "loss/test/EMNIST_epoch": 0.041477758437395096,
            "acc/test/EMNIST": 0.994700014591217,
            "normalized_acc/test/EMNIST": 1.0004023313522339
        }
    ],
    "KMNIST": [
        {
            "acc/test/KMNIST_epoch": 0.9262999892234802,
            "loss/test/KMNIST_epoch": 0.3142291307449341,
            "acc/test/KMNIST": 0.9262999892234802,
            "normalized_acc/test/KMNIST": 0.9418403506278992
        }
    ],
    "avg": [
        {
            "acc/test/avg": 0.9605000019073486,
            "normalized_acc/test/avg": 0.9711213409900665
        }
    ]
}