{
    "EuroSAT": [
        {
            "acc/test/EuroSAT_epoch": 0.9900000095367432,
            "loss/test/EuroSAT_epoch": 0.029236087575554848,
            "acc/test/EuroSAT": 0.9900000095367432,
            "normalized_acc/test/EuroSAT": 0.9992523789405823
        }
    ],
    "STL10": [
        {
            "acc/test/STL10_epoch": 0.9867500066757202,
            "loss/test/STL10_epoch": 0.04597831889986992,
            "acc/test/STL10": 0.9867500066757202,
            "normalized_acc/test/STL10": 0.9988611936569214
        }
    ],
    "avg": [
        {
            "acc/test/avg": 0.9883750081062317,
            "normalized_acc/test/avg": 0.9990567862987518
        }
    ]
}