{
    "RESISC45": [
        {
            "acc/test/RESISC45_epoch": 0.9322222471237183,
            "loss/test/RESISC45_epoch": 0.24014106392860413,
            "acc/test/RESISC45": 0.9322222471237183,
            "normalized_acc/test/RESISC45": 0.9643678665161133
        }
    ],
    "SVHN": [
        {
            "acc/test/SVHN_epoch": 0.9736093878746033,
            "loss/test/SVHN_epoch": 0.1140318289399147,
            "acc/test/SVHN": 0.9736093878746033,
            "normalized_acc/test/SVHN": 0.9986996650695801
        }
    ],
    "avg": [
        {
            "acc/test/avg": 0.9529158174991608,
            "normalized_acc/test/avg": 0.9815337657928467
        }
    ]
}