{
    "RESISC45": [
        {
            "acc/test/RESISC45_epoch": 0.9620634913444519,
            "loss/test/RESISC45_epoch": 0.14051955938339233,
            "acc/test/RESISC45": 0.9620634913444519,
            "normalized_acc/test/RESISC45": 0.9952381253242493
        }
    ],
    "FER2013": [
        {
            "acc/test/FER2013_epoch": 0.7474226951599121,
            "loss/test/FER2013_epoch": 1.1448436975479126,
            "acc/test/FER2013": 0.7474226951599121,
            "normalized_acc/test/FER2013": 1.0137944221496582
        }
    ],
    "avg": [
        {
            "acc/test/avg": 0.854743093252182,
            "normalized_acc/test/avg": 1.0045162737369537
        }
    ]
}