{
    "Cars": [
        {
            "acc/test/Cars_epoch": 0.8776271343231201,
            "loss/test/Cars_epoch": 0.42886435985565186,
            "acc/test/Cars": 0.8776271343231201,
            "normalized_acc/test/Cars": 1.0229018926620483
        }
    ],
    "Flowers102": [
        {
            "acc/test/Flowers102_epoch": 0.8908765912055969,
            "loss/test/Flowers102_epoch": 0.4345661699771881,
            "acc/test/Flowers102": 0.8908765912055969,
            "normalized_acc/test/Flowers102": 0.9454607963562012
        }
    ],
    "avg": [
        {
            "acc/test/avg": 0.8842518627643585,
            "normalized_acc/test/avg": 0.9841813445091248
        }
    ]
}