{
    "MNIST": [
        {
            "acc/test/MNIST_epoch": 0.996399998664856,
            "loss/test/MNIST_epoch": 0.026432573795318604,
            "acc/test/MNIST": 0.996399998664856,
            "normalized_acc/test/MNIST": 0.9998996257781982
        }
    ],
    "Flowers102": [
        {
            "acc/test/Flowers102_epoch": 0.8233858942985535,
            "loss/test/Flowers102_epoch": 0.6538792252540588,
            "acc/test/Flowers102": 0.8233858942985535,
            "normalized_acc/test/Flowers102": 0.8738349676132202
        }
    ],
    "avg": [
        {
            "acc/test/avg": 0.9098929464817047,
            "normalized_acc/test/avg": 0.9368672966957092
        }
    ]
}