{
    "DTD": [
        {
            "acc/test/DTD_epoch": 0.6744681000709534,
            "loss/test/DTD_epoch": 1.159274697303772,
            "acc/test/DTD": 0.6744681000709534,
            "normalized_acc/test/DTD": 0.8138639330863953
        }
    ],
    "PCAM": [
        {
            "acc/test/PCAM_epoch": 0.893768310546875,
            "loss/test/PCAM_epoch": 0.31006351113319397,
            "acc/test/PCAM": 0.893768310546875,
            "normalized_acc/test/PCAM": 1.007360816001892
        }
    ],
    "avg": [
        {
            "acc/test/avg": 0.7841182053089142,
            "normalized_acc/test/avg": 0.9106123745441437
        }
    ]
}