{
    "RESISC45": [
        {
            "acc/test/RESISC45_epoch": 0.9593650698661804,
            "loss/test/RESISC45_epoch": 0.14744801819324493,
            "acc/test/RESISC45": 0.9593650698661804,
            "normalized_acc/test/RESISC45": 0.9924466609954834
        }
    ],
    "Food101": [
        {
            "acc/test/Food101_epoch": 0.9140594005584717,
            "loss/test/Food101_epoch": 0.35964423418045044,
            "acc/test/Food101": 0.9140594005584717,
            "normalized_acc/test/Food101": 1.0055768489837646
        }
    ],
    "avg": [
        {
            "acc/test/avg": 0.936712235212326,
            "normalized_acc/test/avg": 0.999011754989624
        }
    ]
}