{
    "Flowers102": [
        {
            "acc/test/Flowers102_epoch": 0.9025858044624329,
            "loss/test/Flowers102_epoch": 0.4020423889160156,
            "acc/test/Flowers102": 0.9025858044624329,
            "normalized_acc/test/Flowers102": 0.9578874707221985
        }
    ],
    "STL10": [
        {
            "acc/test/STL10_epoch": 0.9908750057220459,
            "loss/test/STL10_epoch": 0.0331801101565361,
            "acc/test/STL10": 0.9908750057220459,
            "normalized_acc/test/STL10": 1.0030368566513062
        }
    ],
    "avg": [
        {
            "acc/test/avg": 0.9467304050922394,
            "normalized_acc/test/avg": 0.9804621636867523
        }
    ]
}