{
    "PCAM": [
        {
            "acc/test/PCAM_epoch": 0.878936767578125,
            "loss/test/PCAM_epoch": 0.3523576855659485,
            "acc/test/PCAM": 0.878936767578125,
            "normalized_acc/test/PCAM": 0.9906442165374756
        }
    ],
    "FashionMNIST": [
        {
            "acc/test/FashionMNIST_epoch": 0.9373999834060669,
            "loss/test/FashionMNIST_epoch": 0.1871080994606018,
            "acc/test/FashionMNIST": 0.9373999834060669,
            "normalized_acc/test/FashionMNIST": 0.9846638441085815
        }
    ],
    "avg": [
        {
            "acc/test/avg": 0.908168375492096,
            "normalized_acc/test/avg": 0.9876540303230286
        }
    ]
}