{
    "EMNIST": [
        {
            "acc/test/EMNIST_epoch": 0.9265000224113464,
            "loss/test/EMNIST_epoch": 0.5904167890548706,
            "acc/test/EMNIST": 0.9265000224113464,
            "normalized_acc/test/EMNIST": 0.9318113327026367
        }
    ],
    "RenderedSST2": [
        {
            "acc/test/RenderedSST2_epoch": 0.701812207698822,
            "loss/test/RenderedSST2_epoch": 0.5783854126930237,
            "acc/test/RenderedSST2": 0.701812207698822,
            "normalized_acc/test/RenderedSST2": 0.9096085429191589
        }
    ],
    "avg": [
        {
            "acc/test/avg": 0.8141561150550842,
            "normalized_acc/test/avg": 0.9207099378108978
        }
    ]
}