{
    "Cars": [
        {
            "acc/test/Cars_epoch": 0.7402064204216003,
            "loss/test/Cars_epoch": 0.7473925352096558,
            "acc/test/Cars": 0.7402064204216003,
            "normalized_acc/test/Cars": 0.8627337217330933
        }
    ],
    "Flowers102": [
        {
            "acc/test/Flowers102_epoch": 0.7339404821395874,
            "loss/test/Flowers102_epoch": 1.173084020614624,
            "acc/test/Flowers102": 0.7339404821395874,
            "normalized_acc/test/Flowers102": 0.7789092063903809
        }
    ],
    "avg": [
        {
            "acc/test/avg": 0.7370734512805939,
            "normalized_acc/test/avg": 0.8208214640617371
        }
    ]
}