{
    "STL10": [
        {
            "acc/test/STL10_epoch": 0.9861249923706055,
            "loss/test/STL10_epoch": 0.05192781984806061,
            "acc/test/STL10": 0.9861249923706055,
            "normalized_acc/test/STL10": 0.9982285499572754
        }
    ],
    "CIFAR100": [
        {
            "acc/test/CIFAR100_epoch": 0.7990000247955322,
            "loss/test/CIFAR100_epoch": 0.7279480695724487,
            "acc/test/CIFAR100": 0.7990000247955322,
            "normalized_acc/test/CIFAR100": 0.8950375318527222
        }
    ],
    "avg": [
        {
            "acc/test/avg": 0.8925625085830688,
            "normalized_acc/test/avg": 0.9466330409049988
        }
    ]
}