{
    "DTD": [
        {
            "acc/test/DTD_epoch": 0.4973404109477997,
            "loss/test/DTD_epoch": 1.7946418523788452,
            "acc/test/DTD": 0.4973404109477997,
            "normalized_acc/test/DTD": 0.6001283526420593
        }
    ],
    "Food101": [
        {
            "acc/test/Food101_epoch": 0.9054257273674011,
            "loss/test/Food101_epoch": 0.3213048577308655,
            "acc/test/Food101": 0.9054257273674011,
            "normalized_acc/test/Food101": 0.9960787892341614
        }
    ],
    "avg": [
        {
            "acc/test/avg": 0.7013830691576004,
            "normalized_acc/test/avg": 0.7981035709381104
        }
    ]
}