{
    "SVHN": [
        {
            "acc/test/SVHN_epoch": 0.7803088426589966,
            "loss/test/SVHN_epoch": 1.0181825160980225,
            "acc/test/SVHN": 0.7803088426589966,
            "normalized_acc/test/SVHN": 0.8004176616668701
        }
    ],
    "PCAM": [
        {
            "acc/test/PCAM_epoch": 0.752349853515625,
            "loss/test/PCAM_epoch": 0.48159971833229065,
            "acc/test/PCAM": 0.752349853515625,
            "normalized_acc/test/PCAM": 0.8479688763618469
        }
    ],
    "avg": [
        {
            "acc/test/avg": 0.7663293480873108,
            "normalized_acc/test/avg": 0.8241932690143585
        }
    ]
}