{
    "EMNIST": [
        {
            "acc/test/EMNIST_epoch": 0.9225999712944031,
            "loss/test/EMNIST_epoch": 0.6160212159156799,
            "acc/test/EMNIST": 0.9225999712944031,
            "normalized_acc/test/EMNIST": 0.9278889298439026
        }
    ],
    "KMNIST": [
        {
            "acc/test/KMNIST_epoch": 0.15479999780654907,
            "loss/test/KMNIST_epoch": 2.1938202381134033,
            "acc/test/KMNIST": 0.15479999780654907,
            "normalized_acc/test/KMNIST": 0.1573970466852188
        }
    ],
    "avg": [
        {
            "acc/test/avg": 0.5386999845504761,
            "normalized_acc/test/avg": 0.5426429882645607
        }
    ]
}