{
    "PCAM": [
        {
            "acc/test/PCAM_epoch": 0.739410400390625,
            "loss/test/PCAM_epoch": 0.490500807762146,
            "acc/test/PCAM": 0.739410400390625,
            "normalized_acc/test/PCAM": 0.8333849310874939
        }
    ],
    "STL10": [
        {
            "acc/test/STL10_epoch": 0.9854999780654907,
            "loss/test/STL10_epoch": 0.05896716192364693,
            "acc/test/STL10": 0.9854999780654907,
            "normalized_acc/test/STL10": 0.9975958466529846
        }
    ],
    "avg": [
        {
            "acc/test/avg": 0.8624551892280579,
            "normalized_acc/test/avg": 0.9154903888702393
        }
    ]
}