{
    "OxfordIIITPet": [
        {
            "acc/test/OxfordIIITPet_epoch": 0.9035159349441528,
            "loss/test/OxfordIIITPet_epoch": 0.2784147560596466,
            "acc/test/OxfordIIITPet": 0.9035159349441528,
            "normalized_acc/test/OxfordIIITPet": 0.9506738781929016
        }
    ],
    "Food101": [
        {
            "acc/test/Food101_epoch": 0.9066930413246155,
            "loss/test/Food101_epoch": 0.3171965777873993,
            "acc/test/Food101": 0.9066930413246155,
            "normalized_acc/test/Food101": 0.9974729418754578
        }
    ],
    "avg": [
        {
            "acc/test/avg": 0.9051044881343842,
            "normalized_acc/test/avg": 0.9740734100341797
        }
    ]
}