{
    "MNIST": [
        {
            "acc/test/MNIST_epoch": 0.9269999861717224,
            "loss/test/MNIST_epoch": 0.7552492618560791,
            "acc/test/MNIST": 0.9269999861717224,
            "normalized_acc/test/MNIST": 0.9302558898925781
        }
    ],
    "PCAM": [
        {
            "acc/test/PCAM_epoch": 0.724151611328125,
            "loss/test/PCAM_epoch": 0.517636775970459,
            "acc/test/PCAM": 0.724151611328125,
            "normalized_acc/test/PCAM": 0.8161868453025818
        }
    ],
    "avg": [
        {
            "acc/test/avg": 0.8255757987499237,
            "normalized_acc/test/avg": 0.87322136759758
        }
    ]
}