{
    "Flowers102": [
        {
            "acc/test/Flowers102_epoch": 0.7536184787750244,
            "loss/test/Flowers102_epoch": 1.0866611003875732,
            "acc/test/Flowers102": 0.7536184787750244,
            "normalized_acc/test/Flowers102": 0.7997928857803345
        }
    ],
    "STL10": [
        {
            "acc/test/STL10_epoch": 0.9881250262260437,
            "loss/test/STL10_epoch": 0.04598453268408775,
            "acc/test/STL10": 0.9881250262260437,
            "normalized_acc/test/STL10": 1.0002530813217163
        }
    ],
    "avg": [
        {
            "acc/test/avg": 0.8708717525005341,
            "normalized_acc/test/avg": 0.9000229835510254
        }
    ]
}