{
    "Cars": [
        {
            "acc/test/Cars_epoch": 0.727397084236145,
            "loss/test/Cars_epoch": 0.7739893794059753,
            "acc/test/Cars": 0.727397084236145,
            "normalized_acc/test/Cars": 0.8478040099143982
        }
    ],
    "PCAM": [
        {
            "acc/test/PCAM_epoch": 0.74102783203125,
            "loss/test/PCAM_epoch": 0.4895632863044739,
            "acc/test/PCAM": 0.74102783203125,
            "normalized_acc/test/PCAM": 0.8352079391479492
        }
    ],
    "avg": [
        {
            "acc/test/avg": 0.7342124581336975,
            "normalized_acc/test/avg": 0.8415059745311737
        }
    ]
}