{
    "OxfordIIITPet": [
        {
            "acc/test/OxfordIIITPet_epoch": 0.9073317050933838,
            "loss/test/OxfordIIITPet_epoch": 0.27231377363204956,
            "acc/test/OxfordIIITPet": 0.9073317050933838,
            "normalized_acc/test/OxfordIIITPet": 0.9546888470649719
        }
    ],
    "EMNIST": [
        {
            "acc/test/EMNIST_epoch": 0.9429000020027161,
            "loss/test/EMNIST_epoch": 0.5315419435501099,
            "acc/test/EMNIST": 0.9429000020027161,
            "normalized_acc/test/EMNIST": 0.9483053088188171
        }
    ],
    "avg": [
        {
            "acc/test/avg": 0.9251158535480499,
            "normalized_acc/test/avg": 0.9514970779418945
        }
    ]
}