{
    "GTSRB": [
        {
            "acc/test/GTSRB_epoch": 0.6167062520980835,
            "loss/test/GTSRB_epoch": 1.3380663394927979,
            "acc/test/GTSRB": 0.6167062520980835,
            "normalized_acc/test/GTSRB": 0.6234691739082336
        }
    ],
    "EMNIST": [
        {
            "acc/test/EMNIST_epoch": 0.9423999786376953,
            "loss/test/EMNIST_epoch": 0.4594343304634094,
            "acc/test/EMNIST": 0.9423999786376953,
            "normalized_acc/test/EMNIST": 0.9478024244308472
        }
    ],
    "avg": [
        {
            "acc/test/avg": 0.7795531153678894,
            "normalized_acc/test/avg": 0.7856357991695404
        }
    ]
}