{
    "OxfordIIITPet": [
        {
            "acc/test/OxfordIIITPet_epoch": 0.9373126029968262,
            "loss/test/OxfordIIITPet_epoch": 0.1870867908000946,
            "acc/test/OxfordIIITPet": 0.9373126029968262,
            "normalized_acc/test/OxfordIIITPet": 0.9862345457077026
        }
    ],
    "RenderedSST2": [
        {
            "acc/test/RenderedSST2_epoch": 0.747940719127655,
            "loss/test/RenderedSST2_epoch": 0.5148370265960693,
            "acc/test/RenderedSST2": 0.747940719127655,
            "normalized_acc/test/RenderedSST2": 0.9693950414657593
        }
    ],
    "avg": [
        {
            "acc/test/avg": 0.8426266610622406,
            "normalized_acc/test/avg": 0.977814793586731
        }
    ]
}