{
    "SUN397": [
        {
            "acc/test/SUN397_epoch": 0.7300251722335815,
            "loss/test/SUN397_epoch": 0.9294739961624146,
            "acc/test/SUN397": 0.7300251722335815,
            "normalized_acc/test/SUN397": 0.9258241653442383
        }
    ],
    "EMNIST": [
        {
            "acc/test/EMNIST_epoch": 0.991100013256073,
            "loss/test/EMNIST_epoch": 0.11870142817497253,
            "acc/test/EMNIST": 0.991100013256073,
            "normalized_acc/test/EMNIST": 0.9967816472053528
        }
    ],
    "avg": [
        {
            "acc/test/avg": 0.8605625927448273,
            "normalized_acc/test/avg": 0.9613029062747955
        }
    ]
}