{
    "PCAM": [
        {
            "acc/test/PCAM_epoch": 0.882659912109375,
            "loss/test/PCAM_epoch": 0.28804370760917664,
            "acc/test/PCAM": 0.882659912109375,
            "normalized_acc/test/PCAM": 0.9948405623435974
        }
    ],
    "RenderedSST2": [
        {
            "acc/test/RenderedSST2_epoch": 0.7309170961380005,
            "loss/test/RenderedSST2_epoch": 0.5304190516471863,
            "acc/test/RenderedSST2": 0.7309170961380005,
            "normalized_acc/test/RenderedSST2": 0.9473309516906738
        }
    ],
    "avg": [
        {
            "acc/test/avg": 0.8067885041236877,
            "normalized_acc/test/avg": 0.9710857570171356
        }
    ]
}