{
    "Food101": [
        {
            "acc/test/Food101_epoch": 0.9094653725624084,
            "loss/test/Food101_epoch": 0.3185296356678009,
            "acc/test/Food101": 0.9094653725624084,
            "normalized_acc/test/Food101": 1.0005228519439697
        }
    ],
    "KMNIST": [
        {
            "acc/test/KMNIST_epoch": 0.48260000348091125,
            "loss/test/KMNIST_epoch": 1.6359996795654297,
            "acc/test/KMNIST": 0.48260000348091125,
            "normalized_acc/test/KMNIST": 0.4906964898109436
        }
    ],
    "avg": [
        {
            "acc/test/avg": 0.6960326880216599,
            "normalized_acc/test/avg": 0.7456096708774567
        }
    ]
}