{
    "SUN397": [
        {
            "acc/test/SUN397_epoch": 0.7284634709358215,
            "loss/test/SUN397_epoch": 0.9408708810806274,
            "acc/test/SUN397": 0.7284634709358215,
            "normalized_acc/test/SUN397": 0.9238436222076416
        }
    ],
    "SVHN": [
        {
            "acc/test/SVHN_epoch": 0.9327366352081299,
            "loss/test/SVHN_epoch": 0.3125212490558624,
            "acc/test/SVHN": 0.9327366352081299,
            "normalized_acc/test/SVHN": 0.956773579120636
        }
    ],
    "avg": [
        {
            "acc/test/avg": 0.8306000530719757,
            "normalized_acc/test/avg": 0.9403086006641388
        }
    ]
}