{
    "FER2013": [
        {
            "acc/test/FER2013_epoch": 0.6798551082611084,
            "loss/test/FER2013_epoch": 0.9080483913421631,
            "acc/test/FER2013": 0.6798551082611084,
            "normalized_acc/test/FER2013": 0.9221466183662415
        }
    ],
    "OxfordIIITPet": [
        {
            "acc/test/OxfordIIITPet_epoch": 0.9378577470779419,
            "loss/test/OxfordIIITPet_epoch": 0.18848282098770142,
            "acc/test/OxfordIIITPet": 0.9378577470779419,
            "normalized_acc/test/OxfordIIITPet": 0.9868081212043762
        }
    ],
    "avg": [
        {
            "acc/test/avg": 0.8088564276695251,
            "normalized_acc/test/avg": 0.9544773697853088
        }
    ]
}