{
    "Cars": [
        {
            "acc/test/Cars_epoch": 0.7807486653327942,
            "loss/test/Cars_epoch": 0.6406733393669128,
            "acc/test/Cars": 0.7807486653327942,
            "normalized_acc/test/Cars": 0.9099869728088379
        }
    ],
    "Food101": [
        {
            "acc/test/Food101_epoch": 0.913504958152771,
            "loss/test/Food101_epoch": 0.3022717833518982,
            "acc/test/Food101": 0.913504958152771,
            "normalized_acc/test/Food101": 1.0049668550491333
        }
    ],
    "avg": [
        {
            "acc/test/avg": 0.8471268117427826,
            "normalized_acc/test/avg": 0.9574769139289856
        }
    ]
}