{
    "Cars": [
        {
            "acc/test/Cars_epoch": 0.785474419593811,
            "loss/test/Cars_epoch": 0.6190682649612427,
            "acc/test/Cars": 0.785474419593811,
            "normalized_acc/test/Cars": 0.915494978427887
        }
    ],
    "GTSRB": [
        {
            "acc/test/GTSRB_epoch": 0.8929532766342163,
            "loss/test/GTSRB_epoch": 0.4690839350223541,
            "acc/test/GTSRB": 0.8929532766342163,
            "normalized_acc/test/GTSRB": 0.9027455449104309
        }
    ],
    "avg": [
        {
            "acc/test/avg": 0.8392138481140137,
            "normalized_acc/test/avg": 0.9091202616691589
        }
    ]
}