{
    "DTD": [
        {
            "acc/test/DTD_epoch": 0.6159574389457703,
            "loss/test/DTD_epoch": 1.3565138578414917,
            "acc/test/DTD": 0.6159574389457703,
            "normalized_acc/test/DTD": 0.7432605624198914
        }
    ],
    "FashionMNIST": [
        {
            "acc/test/FashionMNIST_epoch": 0.901199996471405,
            "loss/test/FashionMNIST_epoch": 0.28289586305618286,
            "acc/test/FashionMNIST": 0.901199996471405,
            "normalized_acc/test/FashionMNIST": 0.9466386437416077
        }
    ],
    "avg": [
        {
            "acc/test/avg": 0.7585787177085876,
            "normalized_acc/test/avg": 0.8449496030807495
        }
    ]
}