{
    "MNIST": [
        {
            "acc/test/MNIST_epoch": 0.9884999990463257,
            "loss/test/MNIST_epoch": 0.10552502423524857,
            "acc/test/MNIST": 0.9884999990463257,
            "normalized_acc/test/MNIST": 0.9919719099998474
        }
    ],
    "Flowers102": [
        {
            "acc/test/Flowers102_epoch": 0.7843551635742188,
            "loss/test/Flowers102_epoch": 0.9302010536193848,
            "acc/test/Flowers102": 0.7843551635742188,
            "normalized_acc/test/Flowers102": 0.8324127793312073
        }
    ],
    "avg": [
        {
            "acc/test/avg": 0.8864275813102722,
            "normalized_acc/test/avg": 0.9121923446655273
        }
    ]
}