{
    "PCAM": [
        {
            "acc/test/PCAM_epoch": 0.8853759765625,
            "loss/test/PCAM_epoch": 0.2763828635215759,
            "acc/test/PCAM": 0.8853759765625,
            "normalized_acc/test/PCAM": 0.9979018568992615
        }
    ],
    "CIFAR100": [
        {
            "acc/test/CIFAR100_epoch": 0.8148999810218811,
            "loss/test/CIFAR100_epoch": 0.6376140117645264,
            "acc/test/CIFAR100": 0.8148999810218811,
            "normalized_acc/test/CIFAR100": 0.9128486514091492
        }
    ],
    "avg": [
        {
            "acc/test/avg": 0.8501379787921906,
            "normalized_acc/test/avg": 0.9553752541542053
        }
    ]
}