{
    "SVHN": [
        {
            "acc/test/SVHN_epoch": 0.9388828873634338,
            "loss/test/SVHN_epoch": 0.2693614363670349,
            "acc/test/SVHN": 0.9388828873634338,
            "normalized_acc/test/SVHN": 0.9630782604217529
        }
    ],
    "GTSRB": [
        {
            "acc/test/GTSRB_epoch": 0.9005542397499084,
            "loss/test/GTSRB_epoch": 0.4069090187549591,
            "acc/test/GTSRB": 0.9005542397499084,
            "normalized_acc/test/GTSRB": 0.910429835319519
        }
    ],
    "avg": [
        {
            "acc/test/avg": 0.9197185635566711,
            "normalized_acc/test/avg": 0.936754047870636
        }
    ]
}