{
    "SVHN": [
        {
            "acc/test/SVHN_epoch": 0.923248291015625,
            "loss/test/SVHN_epoch": 0.3419921100139618,
            "acc/test/SVHN": 0.923248291015625,
            "normalized_acc/test/SVHN": 0.9470407366752625
        }
    ],
    "KMNIST": [
        {
            "acc/test/KMNIST_epoch": 0.5156000256538391,
            "loss/test/KMNIST_epoch": 1.6007747650146484,
            "acc/test/KMNIST": 0.5156000256538391,
            "normalized_acc/test/KMNIST": 0.5242501497268677
        }
    ],
    "avg": [
        {
            "acc/test/avg": 0.7194241583347321,
            "normalized_acc/test/avg": 0.7356454432010651
        }
    ]
}