{
    "MNIST": [
        {
            "acc/test/MNIST_epoch": 0.9879000186920166,
            "loss/test/MNIST_epoch": 0.10983432829380035,
            "acc/test/MNIST": 0.9879000186920166,
            "normalized_acc/test/MNIST": 0.9913697838783264
        }
    ],
    "Food101": [
        {
            "acc/test/Food101_epoch": 0.906930685043335,
            "loss/test/Food101_epoch": 0.3265174925327301,
            "acc/test/Food101": 0.906930685043335,
            "normalized_acc/test/Food101": 0.9977344274520874
        }
    ],
    "avg": [
        {
            "acc/test/avg": 0.9474153518676758,
            "normalized_acc/test/avg": 0.9945521056652069
        }
    ]
}