{
    "MNIST": [
        {
            "acc/test/MNIST_epoch": 0.9872000217437744,
            "loss/test/MNIST_epoch": 0.14141611754894257,
            "acc/test/MNIST": 0.9872000217437744,
            "normalized_acc/test/MNIST": 0.9906673431396484
        }
    ],
    "FashionMNIST": [
        {
            "acc/test/FashionMNIST_epoch": 0.8723999857902527,
            "loss/test/FashionMNIST_epoch": 0.3814598023891449,
            "acc/test/FashionMNIST": 0.8723999857902527,
            "normalized_acc/test/FashionMNIST": 0.9163865447044373
        }
    ],
    "avg": [
        {
            "acc/test/avg": 0.9298000037670135,
            "normalized_acc/test/avg": 0.9535269439220428
        }
    ]
}