{
    "SUN397": [
        {
            "acc/test/SUN397_epoch": 0.7260453104972839,
            "loss/test/SUN397_epoch": 0.9480416774749756,
            "acc/test/SUN397": 0.7260453104972839,
            "normalized_acc/test/SUN397": 0.920776903629303
        }
    ],
    "MNIST": [
        {
            "acc/test/MNIST_epoch": 0.9889000058174133,
            "loss/test/MNIST_epoch": 0.09838369488716125,
            "acc/test/MNIST": 0.9889000058174133,
            "normalized_acc/test/MNIST": 0.9923732876777649
        }
    ],
    "avg": [
        {
            "acc/test/avg": 0.8574726581573486,
            "normalized_acc/test/avg": 0.9565750956535339
        }
    ]
}