{
    "DTD": [
        {
            "acc/test/DTD_epoch": 0.6377659440040588,
            "loss/test/DTD_epoch": 1.2404381036758423,
            "acc/test/DTD": 0.6377659440040588,
            "normalized_acc/test/DTD": 0.7695763111114502
        }
    ],
    "RenderedSST2": [
        {
            "acc/test/RenderedSST2_epoch": 0.7413508892059326,
            "loss/test/RenderedSST2_epoch": 0.51970374584198,
            "acc/test/RenderedSST2": 0.7413508892059326,
            "normalized_acc/test/RenderedSST2": 0.9608540534973145
        }
    ],
    "avg": [
        {
            "acc/test/avg": 0.6895584166049957,
            "normalized_acc/test/avg": 0.8652151823043823
        }
    ]
}