{
    "SVHN": [
        {
            "acc/test/SVHN_epoch": 0.9169867634773254,
            "loss/test/SVHN_epoch": 0.364244282245636,
            "acc/test/SVHN": 0.9169867634773254,
            "normalized_acc/test/SVHN": 0.9406178593635559
        }
    ],
    "FER2013": [
        {
            "acc/test/FER2013_epoch": 0.6472554802894592,
            "loss/test/FER2013_epoch": 0.9918338656425476,
            "acc/test/FER2013": 0.6472554802894592,
            "normalized_acc/test/FER2013": 0.8779289126396179
        }
    ],
    "avg": [
        {
            "acc/test/avg": 0.7821211218833923,
            "normalized_acc/test/avg": 0.9092733860015869
        }
    ]
}