{
    "Flowers102": [
        {
            "acc/test/Flowers102_epoch": 0.7981785535812378,
            "loss/test/Flowers102_epoch": 0.8085488677024841,
            "acc/test/Flowers102": 0.7981785535812378,
            "normalized_acc/test/Flowers102": 0.8470831513404846
        }
    ],
    "KMNIST": [
        {
            "acc/test/KMNIST_epoch": 0.5198000073432922,
            "loss/test/KMNIST_epoch": 1.6035127639770508,
            "acc/test/KMNIST": 0.5198000073432922,
            "normalized_acc/test/KMNIST": 0.5285205841064453
        }
    ],
    "avg": [
        {
            "acc/test/avg": 0.658989280462265,
            "normalized_acc/test/avg": 0.687801867723465
        }
    ]
}