{
    "SUN397": [
        {
            "acc/test/SUN397_epoch": 0.7220151424407959,
            "loss/test/SUN397_epoch": 0.9470879435539246,
            "acc/test/SUN397": 0.7220151424407959,
            "normalized_acc/test/SUN397": 0.9156658053398132
        }
    ],
    "PCAM": [
        {
            "acc/test/PCAM_epoch": 0.8717041015625,
            "loss/test/PCAM_epoch": 0.2995772361755371,
            "acc/test/PCAM": 0.8717041015625,
            "normalized_acc/test/PCAM": 0.9824923276901245
        }
    ],
    "avg": [
        {
            "acc/test/avg": 0.796859622001648,
            "normalized_acc/test/avg": 0.9490790665149689
        }
    ]
}