{
    "SUN397": [
        {
            "acc/test/SUN397_epoch": 0.7660956978797913,
            "loss/test/SUN397_epoch": 0.8531432151794434,
            "acc/test/SUN397": 0.7660956978797913,
            "normalized_acc/test/SUN397": 0.9715691208839417
        }
    ],
    "Flowers102": [
        {
            "acc/test/Flowers102_epoch": 0.8575378060340881,
            "loss/test/Flowers102_epoch": 0.5613906383514404,
            "acc/test/Flowers102": 0.8575378060340881,
            "normalized_acc/test/Flowers102": 0.9100793600082397
        }
    ],
    "avg": [
        {
            "acc/test/avg": 0.8118167519569397,
            "normalized_acc/test/avg": 0.9408242404460907
        }
    ]
}