{
    "OxfordIIITPet": [
        {
            "acc/test/OxfordIIITPet_epoch": 0.9329517483711243,
            "loss/test/OxfordIIITPet_epoch": 0.23366965353488922,
            "acc/test/OxfordIIITPet": 0.9329517483711243,
            "normalized_acc/test/OxfordIIITPet": 0.9816460609436035
        }
    ],
    "CIFAR100": [
        {
            "acc/test/CIFAR100_epoch": 0.873199999332428,
            "loss/test/CIFAR100_epoch": 0.5063002109527588,
            "acc/test/CIFAR100": 0.873199999332428,
            "normalized_acc/test/CIFAR100": 0.9781561493873596
        }
    ],
    "avg": [
        {
            "acc/test/avg": 0.9030758738517761,
            "normalized_acc/test/avg": 0.9799011051654816
        }
    ]
}