{
    "SVHN": [
        {
            "acc/test/SVHN_epoch": 0.9639674425125122,
            "loss/test/SVHN_epoch": 0.15816602110862732,
            "acc/test/SVHN": 0.9639674425125122,
            "normalized_acc/test/SVHN": 0.9888092279434204
        }
    ],
    "GTSRB": [
        {
            "acc/test/GTSRB_epoch": 0.955898642539978,
            "loss/test/GTSRB_epoch": 0.2083154022693634,
            "acc/test/GTSRB": 0.955898642539978,
            "normalized_acc/test/GTSRB": 0.9663811922073364
        }
    ],
    "avg": [
        {
            "acc/test/avg": 0.9599330425262451,
            "normalized_acc/test/avg": 0.9775952100753784
        }
    ]
}