{
    "CIFAR100": [
        {
            "acc/test/CIFAR100_epoch": 0.8737000226974487,
            "loss/test/CIFAR100_epoch": 0.4931843876838684,
            "acc/test/CIFAR100": 0.8737000226974487,
            "normalized_acc/test/CIFAR100": 0.978716254234314
        }
    ],
    "RenderedSST2": [
        {
            "acc/test/RenderedSST2_epoch": 0.7649642825126648,
            "loss/test/RenderedSST2_epoch": 0.543104887008667,
            "acc/test/RenderedSST2": 0.7649642825126648,
            "normalized_acc/test/RenderedSST2": 0.9914590120315552
        }
    ],
    "avg": [
        {
            "acc/test/avg": 0.8193321526050568,
            "normalized_acc/test/avg": 0.9850876331329346
        }
    ]
}