{
    "RESISC45": [
        {
            "acc/test/RESISC45_epoch": 0.8990476131439209,
            "loss/test/RESISC45_epoch": 0.31762975454330444,
            "acc/test/RESISC45": 0.8990476131439209,
            "normalized_acc/test/RESISC45": 0.9300493001937866
        }
    ],
    "FashionMNIST": [
        {
            "acc/test/FashionMNIST_epoch": 0.9275000095367432,
            "loss/test/FashionMNIST_epoch": 0.21534205973148346,
            "acc/test/FashionMNIST": 0.9275000095367432,
            "normalized_acc/test/FashionMNIST": 0.9742646813392639
        }
    ],
    "avg": [
        {
            "acc/test/avg": 0.913273811340332,
            "normalized_acc/test/avg": 0.9521569907665253
        }
    ]
}