{
    "Cars": [
        {
            "acc/test/Cars_epoch": 0.8329809904098511,
            "loss/test/Cars_epoch": 0.5241003036499023,
            "acc/test/Cars": 0.8329809904098511,
            "normalized_acc/test/Cars": 0.9708653688430786
        }
    ],
    "OxfordIIITPet": [
        {
            "acc/test/OxfordIIITPet_epoch": 0.9384028315544128,
            "loss/test/OxfordIIITPet_epoch": 0.22683227062225342,
            "acc/test/OxfordIIITPet": 0.9384028315544128,
            "normalized_acc/test/OxfordIIITPet": 0.9873816967010498
        }
    ],
    "avg": [
        {
            "acc/test/avg": 0.885691910982132,
            "normalized_acc/test/avg": 0.9791235327720642
        }
    ]
}