{
    "SUN397": [
        {
            "acc/test/SUN397_epoch": 0.7570276856422424,
            "loss/test/SUN397_epoch": 0.901546835899353,
            "acc/test/SUN397": 0.7570276856422424,
            "normalized_acc/test/SUN397": 0.9600690007209778
        }
    ],
    "DTD": [
        {
            "acc/test/DTD_epoch": 0.7175531983375549,
            "loss/test/DTD_epoch": 1.056549310684204,
            "acc/test/DTD": 0.7175531983375549,
            "normalized_acc/test/DTD": 0.8658536672592163
        }
    ],
    "avg": [
        {
            "acc/test/avg": 0.7372904419898987,
            "normalized_acc/test/avg": 0.912961333990097
        }
    ]
}