{
    "DTD": [
        {
            "acc/test/DTD_epoch": 0.721276581287384,
            "loss/test/DTD_epoch": 1.031444787979126,
            "acc/test/DTD": 0.721276581287384,
            "normalized_acc/test/DTD": 0.8703465461730957
        }
    ],
    "FER2013": [
        {
            "acc/test/FER2013_epoch": 0.7176093459129333,
            "loss/test/FER2013_epoch": 0.9820957183837891,
            "acc/test/FER2013": 0.7176093459129333,
            "normalized_acc/test/FER2013": 0.9733560085296631
        }
    ],
    "avg": [
        {
            "acc/test/avg": 0.7194429636001587,
            "normalized_acc/test/avg": 0.9218512773513794
        }
    ]
}