{
    "CIFAR10": [
        {
            "acc/test/CIFAR10_epoch": 0.9700000286102295,
            "loss/test/CIFAR10_epoch": 0.10753818601369858,
            "acc/test/CIFAR10": 0.9700000286102295,
            "normalized_acc/test/CIFAR10": 0.9881826043128967
        }
    ],
    "EMNIST": [
        {
            "acc/test/EMNIST_epoch": 0.9936000108718872,
            "loss/test/EMNIST_epoch": 0.0665794387459755,
            "acc/test/EMNIST": 0.9936000108718872,
            "normalized_acc/test/EMNIST": 0.9992960095405579
        }
    ],
    "avg": [
        {
            "acc/test/avg": 0.9818000197410583,
            "normalized_acc/test/avg": 0.9937393069267273
        }
    ]
}