{
    "EuroSAT": [
        {
            "acc/test/EuroSAT_epoch": 0.9848148226737976,
            "loss/test/EuroSAT_epoch": 0.04466724395751953,
            "acc/test/EuroSAT": 0.9848148226737976,
            "normalized_acc/test/EuroSAT": 0.9940187335014343
        }
    ],
    "Flowers102": [
        {
            "acc/test/Flowers102_epoch": 0.844527542591095,
            "loss/test/Flowers102_epoch": 0.6316680908203125,
            "acc/test/Flowers102": 0.844527542591095,
            "normalized_acc/test/Flowers102": 0.8962719440460205
        }
    ],
    "avg": [
        {
            "acc/test/avg": 0.9146711826324463,
            "normalized_acc/test/avg": 0.9451453387737274
        }
    ]
}