{
    "MNIST": [
        {
            "acc/test/MNIST_epoch": 0.9948999881744385,
            "loss/test/MNIST_epoch": 0.03991999477148056,
            "acc/test/MNIST": 0.9948999881744385,
            "normalized_acc/test/MNIST": 0.9983943700790405
        }
    ],
    "RenderedSST2": [
        {
            "acc/test/RenderedSST2_epoch": 0.7742998600006104,
            "loss/test/RenderedSST2_epoch": 0.5129532217979431,
            "acc/test/RenderedSST2": 0.7742998600006104,
            "normalized_acc/test/RenderedSST2": 1.0035587549209595
        }
    ],
    "avg": [
        {
            "acc/test/avg": 0.8845999240875244,
            "normalized_acc/test/avg": 1.0009765625
        }
    ]
}