{
    "MNIST": [
        {
            "acc/test/MNIST_epoch": 0.9934999942779541,
            "loss/test/MNIST_epoch": 0.05354100465774536,
            "acc/test/MNIST": 0.9934999942779541,
            "normalized_acc/test/MNIST": 0.9969894289970398
        }
    ],
    "FashionMNIST": [
        {
            "acc/test/FashionMNIST_epoch": 0.9034000039100647,
            "loss/test/FashionMNIST_epoch": 0.3153025507926941,
            "acc/test/FashionMNIST": 0.9034000039100647,
            "normalized_acc/test/FashionMNIST": 0.9489495754241943
        }
    ],
    "avg": [
        {
            "acc/test/avg": 0.9484499990940094,
            "normalized_acc/test/avg": 0.9729695022106171
        }
    ]
}