{
    "DTD": [
        {
            "acc/test/DTD_epoch": 0.6787233948707581,
            "loss/test/DTD_epoch": 1.1216391324996948,
            "acc/test/DTD": 0.6787233948707581,
            "normalized_acc/test/DTD": 0.8189986944198608
        }
    ],
    "CIFAR10": [
        {
            "acc/test/CIFAR10_epoch": 0.9818000197410583,
            "loss/test/CIFAR10_epoch": 0.06837845593690872,
            "acc/test/CIFAR10": 0.9818000197410583,
            "normalized_acc/test/CIFAR10": 1.0002037286758423
        }
    ],
    "avg": [
        {
            "acc/test/avg": 0.8302617073059082,
            "normalized_acc/test/avg": 0.9096012115478516
        }
    ]
}