{
    "SUN397": [
        {
            "acc/test/SUN397_epoch": 0.7531989812850952,
            "loss/test/SUN397_epoch": 0.8833125233650208,
            "acc/test/SUN397": 0.7531989812850952,
            "normalized_acc/test/SUN397": 0.9552133679389954
        }
    ],
    "EuroSAT": [
        {
            "acc/test/EuroSAT_epoch": 0.9870370626449585,
            "loss/test/EuroSAT_epoch": 0.048748649656772614,
            "acc/test/EuroSAT": 0.9870370626449585,
            "normalized_acc/test/EuroSAT": 0.996261715888977
        }
    ],
    "avg": [
        {
            "acc/test/avg": 0.8701180219650269,
            "normalized_acc/test/avg": 0.9757375419139862
        }
    ]
}