{
    "RESISC45": [
        {
            "acc/test/RESISC45_epoch": 0.8992063403129578,
            "loss/test/RESISC45_epoch": 0.33867672085762024,
            "acc/test/RESISC45": 0.8992063403129578,
            "normalized_acc/test/RESISC45": 0.9302135109901428
        }
    ],
    "MNIST": [
        {
            "acc/test/MNIST_epoch": 0.9945999979972839,
            "loss/test/MNIST_epoch": 0.03995335102081299,
            "acc/test/MNIST": 0.9945999979972839,
            "normalized_acc/test/MNIST": 0.99809330701828
        }
    ],
    "avg": [
        {
            "acc/test/avg": 0.9469031691551208,
            "normalized_acc/test/avg": 0.9641534090042114
        }
    ]
}