{
    "RESISC45": [
        {
            "acc/test/RESISC45_epoch": 0.9387301802635193,
            "loss/test/RESISC45_epoch": 0.19941729307174683,
            "acc/test/RESISC45": 0.9387301802635193,
            "normalized_acc/test/RESISC45": 0.9711002111434937
        }
    ],
    "STL10": [
        {
            "acc/test/STL10_epoch": 0.9866250157356262,
            "loss/test/STL10_epoch": 0.041700251400470734,
            "acc/test/STL10": 0.9866250157356262,
            "normalized_acc/test/STL10": 0.998734712600708
        }
    ],
    "avg": [
        {
            "acc/test/avg": 0.9626775979995728,
            "normalized_acc/test/avg": 0.9849174618721008
        }
    ]
}