{
    "FER2013": [
        {
            "acc/test/FER2013_epoch": 0.6805517077445984,
            "loss/test/FER2013_epoch": 1.034888505935669,
            "acc/test/FER2013": 0.6805517077445984,
            "normalized_acc/test/FER2013": 0.923091471195221
        }
    ],
    "KMNIST": [
        {
            "acc/test/KMNIST_epoch": 0.9354000091552734,
            "loss/test/KMNIST_epoch": 0.35200589895248413,
            "acc/test/KMNIST": 0.9354000091552734,
            "normalized_acc/test/KMNIST": 0.9510930180549622
        }
    ],
    "avg": [
        {
            "acc/test/avg": 0.8079758584499359,
            "normalized_acc/test/avg": 0.9370922446250916
        }
    ]
}