{
    "Flowers102": [
        {
            "acc/test/Flowers102_epoch": 0.7811025977134705,
            "loss/test/Flowers102_epoch": 1.0685606002807617,
            "acc/test/Flowers102": 0.7811025977134705,
            "normalized_acc/test/Flowers102": 0.8289609551429749
        }
    ],
    "CIFAR100": [
        {
            "acc/test/CIFAR100_epoch": 0.8726999759674072,
            "loss/test/CIFAR100_epoch": 0.5041566491127014,
            "acc/test/CIFAR100": 0.8726999759674072,
            "normalized_acc/test/CIFAR100": 0.9775959849357605
        }
    ],
    "avg": [
        {
            "acc/test/avg": 0.8269012868404388,
            "normalized_acc/test/avg": 0.9032784700393677
        }
    ]
}