{
    "Flowers102": [
        {
            "acc/test/Flowers102_epoch": 0.8568872809410095,
            "loss/test/Flowers102_epoch": 0.5707101821899414,
            "acc/test/Flowers102": 0.8568872809410095,
            "normalized_acc/test/Flowers102": 0.9093889594078064
        }
    ],
    "OxfordIIITPet": [
        {
            "acc/test/OxfordIIITPet_epoch": 0.9501226544380188,
            "loss/test/OxfordIIITPet_epoch": 0.17787539958953857,
            "acc/test/OxfordIIITPet": 0.9501226544380188,
            "normalized_acc/test/OxfordIIITPet": 0.9997131824493408
        }
    ],
    "avg": [
        {
            "acc/test/avg": 0.9035049676895142,
            "normalized_acc/test/avg": 0.9545510709285736
        }
    ]
}