{
    "EuroSAT": [
        {
            "acc/test/EuroSAT_epoch": 0.931851863861084,
            "loss/test/EuroSAT_epoch": 0.23816688358783722,
            "acc/test/EuroSAT": 0.931851863861084,
            "normalized_acc/test/EuroSAT": 0.9405607581138611
        }
    ],
    "PCAM": [
        {
            "acc/test/PCAM_epoch": 0.88104248046875,
            "loss/test/PCAM_epoch": 0.2799606919288635,
            "acc/test/PCAM": 0.88104248046875,
            "normalized_acc/test/PCAM": 0.9930175542831421
        }
    ],
    "avg": [
        {
            "acc/test/avg": 0.906447172164917,
            "normalized_acc/test/avg": 0.9667891561985016
        }
    ]
}