{
    "PCAM": [
        {
            "acc/test/PCAM_epoch": 0.90234375,
            "loss/test/PCAM_epoch": 0.22850865125656128,
            "acc/test/PCAM": 0.90234375,
            "normalized_acc/test/PCAM": 1.0170260667800903
        }
    ],
    "RenderedSST2": [
        {
            "acc/test/RenderedSST2_epoch": 0.7682592272758484,
            "loss/test/RenderedSST2_epoch": 0.4819725453853607,
            "acc/test/RenderedSST2": 0.7682592272758484,
            "normalized_acc/test/RenderedSST2": 0.9957295656204224
        }
    ],
    "avg": [
        {
            "acc/test/avg": 0.8353014886379242,
            "normalized_acc/test/avg": 1.0063778162002563
        }
    ]
}