{
    "DTD": [
        {
            "acc/test/DTD_epoch": 0.7053191661834717,
            "loss/test/DTD_epoch": 1.0941157341003418,
            "acc/test/DTD": 0.7053191661834717,
            "normalized_acc/test/DTD": 0.8510911464691162
        }
    ],
    "KMNIST": [
        {
            "acc/test/KMNIST_epoch": 0.9340999722480774,
            "loss/test/KMNIST_epoch": 0.3082776665687561,
            "acc/test/KMNIST": 0.9340999722480774,
            "normalized_acc/test/KMNIST": 0.9497711658477783
        }
    ],
    "avg": [
        {
            "acc/test/avg": 0.8197095692157745,
            "normalized_acc/test/avg": 0.9004311561584473
        }
    ]
}