{
    "GTSRB": [
        {
            "acc/test/GTSRB_epoch": 0.9468725323677063,
            "loss/test/GTSRB_epoch": 0.21607889235019684,
            "acc/test/GTSRB": 0.9468725323677063,
            "normalized_acc/test/GTSRB": 0.9572560787200928
        }
    ],
    "KMNIST": [
        {
            "acc/test/KMNIST_epoch": 0.90420001745224,
            "loss/test/KMNIST_epoch": 0.4216955602169037,
            "acc/test/KMNIST": 0.90420001745224,
            "normalized_acc/test/KMNIST": 0.919369637966156
        }
    ],
    "avg": [
        {
            "acc/test/avg": 0.9255362749099731,
            "normalized_acc/test/avg": 0.9383128583431244
        }
    ]
}