{
    "CIFAR100": [
        {
            "acc/test/CIFAR100_epoch": 0.8343999981880188,
            "loss/test/CIFAR100_epoch": 0.6598035097122192,
            "acc/test/CIFAR100": 0.8343999981880188,
            "normalized_acc/test/CIFAR100": 0.9346925020217896
        }
    ],
    "EMNIST": [
        {
            "acc/test/EMNIST_epoch": 0.9951000213623047,
            "loss/test/EMNIST_epoch": 0.05378216505050659,
            "acc/test/EMNIST": 0.9951000213623047,
            "normalized_acc/test/EMNIST": 1.0008045434951782
        }
    ],
    "avg": [
        {
            "acc/test/avg": 0.9147500097751617,
            "normalized_acc/test/avg": 0.9677485227584839
        }
    ]
}