{
    "Flowers102": [
        {
            "acc/test/Flowers102_epoch": 0.7729712128639221,
            "loss/test/Flowers102_epoch": 1.1250274181365967,
            "acc/test/Flowers102": 0.7729712128639221,
            "normalized_acc/test/Flowers102": 0.820331335067749
        }
    ],
    "CIFAR100": [
        {
            "acc/test/CIFAR100_epoch": 0.880299985408783,
            "loss/test/CIFAR100_epoch": 0.4890303611755371,
            "acc/test/CIFAR100": 0.880299985408783,
            "normalized_acc/test/CIFAR100": 0.9861094951629639
        }
    ],
    "avg": [
        {
            "acc/test/avg": 0.8266355991363525,
            "normalized_acc/test/avg": 0.9032204151153564
        }
    ]
}