{
    "EMNIST": [
        {
            "acc/test/EMNIST_epoch": 0.8989999890327454,
            "loss/test/EMNIST_epoch": 0.6705155372619629,
            "acc/test/EMNIST": 0.8989999890327454,
            "normalized_acc/test/EMNIST": 0.9039718508720398
        }
    ],
    "RenderedSST2": [
        {
            "acc/test/RenderedSST2_epoch": 0.6705107092857361,
            "loss/test/RenderedSST2_epoch": 0.6132795810699463,
            "acc/test/RenderedSST2": 0.6705107092857361,
            "normalized_acc/test/RenderedSST2": 0.987864077091217
        }
    ],
    "avg": [
        {
            "acc/test/avg": 0.7847553491592407,
            "normalized_acc/test/avg": 0.9459179639816284
        }
    ]
}