{
    "PCAM": [
        {
            "acc/test/PCAM_epoch": 0.704437255859375,
            "loss/test/PCAM_epoch": 0.562744677066803,
            "acc/test/PCAM": 0.704437255859375,
            "normalized_acc/test/PCAM": 0.8166348338127136
        }
    ],
    "EMNIST": [
        {
            "acc/test/EMNIST_epoch": 0.8446999788284302,
            "loss/test/EMNIST_epoch": 0.9301272630691528,
            "acc/test/EMNIST": 0.8446999788284302,
            "normalized_acc/test/EMNIST": 0.8493715524673462
        }
    ],
    "avg": [
        {
            "acc/test/avg": 0.7745686173439026,
            "normalized_acc/test/avg": 0.8330031931400299
        }
    ]
}