{
    "GTSRB": [
        {
            "acc/test/GTSRB_epoch": 0.6284244060516357,
            "loss/test/GTSRB_epoch": 1.311344861984253,
            "acc/test/GTSRB": 0.6284244060516357,
            "normalized_acc/test/GTSRB": 0.63521409034729
        }
    ],
    "EMNIST": [
        {
            "acc/test/EMNIST_epoch": 0.8895999789237976,
            "loss/test/EMNIST_epoch": 0.6202933192253113,
            "acc/test/EMNIST": 0.8895999789237976,
            "normalized_acc/test/EMNIST": 0.8945198655128479
        }
    ],
    "avg": [
        {
            "acc/test/avg": 0.7590121924877167,
            "normalized_acc/test/avg": 0.764866977930069
        }
    ]
}