{
    "Food101": [
        {
            "acc/test/Food101_epoch": 0.8601188063621521,
            "loss/test/Food101_epoch": 0.47453197836875916,
            "acc/test/Food101": 0.8601188063621521,
            "normalized_acc/test/Food101": 0.9997237920761108
        }
    ],
    "RenderedSST2": [
        {
            "acc/test/RenderedSST2_epoch": 0.6628226041793823,
            "loss/test/RenderedSST2_epoch": 0.6192498207092285,
            "acc/test/RenderedSST2": 0.6628226041793823,
            "normalized_acc/test/RenderedSST2": 0.9765371680259705
        }
    ],
    "avg": [
        {
            "acc/test/avg": 0.7614707052707672,
            "normalized_acc/test/avg": 0.9881304800510406
        }
    ]
}