{
    "Flowers102": [
        {
            "acc/test/Flowers102_epoch": 0.6900308728218079,
            "loss/test/Flowers102_epoch": 1.2823947668075562,
            "acc/test/Flowers102": 0.6900308728218079,
            "normalized_acc/test/Flowers102": 0.7678247690200806
        }
    ],
    "KMNIST": [
        {
            "acc/test/KMNIST_epoch": 0.22339999675750732,
            "loss/test/KMNIST_epoch": 2.162240743637085,
            "acc/test/KMNIST": 0.22339999675750732,
            "normalized_acc/test/KMNIST": 0.22765718400478363
        }
    ],
    "avg": [
        {
            "acc/test/avg": 0.4567154347896576,
            "normalized_acc/test/avg": 0.4977409765124321
        }
    ]
}