{
    "FER2013": [
        {
            "acc/test/FER2013_epoch": 0.5806631445884705,
            "loss/test/FER2013_epoch": 1.1871588230133057,
            "acc/test/FER2013": 0.5806631445884705,
            "normalized_acc/test/FER2013": 0.8145397305488586
        }
    ],
    "FashionMNIST": [
        {
            "acc/test/FashionMNIST_epoch": 0.801800012588501,
            "loss/test/FashionMNIST_epoch": 0.5939705967903137,
            "acc/test/FashionMNIST": 0.801800012588501,
            "normalized_acc/test/FashionMNIST": 0.8515293002128601
        }
    ],
    "avg": [
        {
            "acc/test/avg": 0.6912315785884857,
            "normalized_acc/test/avg": 0.8330345153808594
        }
    ]
}