{
    "SUN397": [
        {
            "acc/test/SUN397_epoch": 0.6794458627700806,
            "loss/test/SUN397_epoch": 1.103309154510498,
            "acc/test/SUN397": 0.6794458627700806,
            "normalized_acc/test/SUN397": 0.9074211120605469
        }
    ],
    "DTD": [
        {
            "acc/test/DTD_epoch": 0.5271276831626892,
            "loss/test/DTD_epoch": 1.7189263105392456,
            "acc/test/DTD": 0.5271276831626892,
            "normalized_acc/test/DTD": 0.6741496920585632
        }
    ],
    "avg": [
        {
            "acc/test/avg": 0.6032867729663849,
            "normalized_acc/test/avg": 0.790785402059555
        }
    ]
}