{
    "RESISC45": [
        {
            "acc/test/RESISC45_epoch": 0.7374603152275085,
            "loss/test/RESISC45_epoch": 0.8502232432365417,
            "acc/test/RESISC45": 0.7374603152275085,
            "normalized_acc/test/RESISC45": 0.7738174796104431
        }
    ],
    "SVHN": [
        {
            "acc/test/SVHN_epoch": 0.7049016356468201,
            "loss/test/SVHN_epoch": 1.1069574356079102,
            "acc/test/SVHN": 0.7049016356468201,
            "normalized_acc/test/SVHN": 0.7292162775993347
        }
    ],
    "avg": [
        {
            "acc/test/avg": 0.7211809754371643,
            "normalized_acc/test/avg": 0.7515168786048889
        }
    ]
}