{
    "EMNIST": [
        {
            "acc/test/EMNIST_epoch": 0.8363999724388123,
            "loss/test/EMNIST_epoch": 0.831902265548706,
            "acc/test/EMNIST": 0.8363999724388123,
            "normalized_acc/test/EMNIST": 0.8410256505012512
        }
    ],
    "KMNIST": [
        {
            "acc/test/KMNIST_epoch": 0.21130000054836273,
            "loss/test/KMNIST_epoch": 2.1737356185913086,
            "acc/test/KMNIST": 0.21130000054836273,
            "normalized_acc/test/KMNIST": 0.21532660722732544
        }
    ],
    "avg": [
        {
            "acc/test/avg": 0.5238499864935875,
            "normalized_acc/test/avg": 0.5281761288642883
        }
    ]
}