{
    "SUN397": [
        {
            "acc/test/SUN397_epoch": 0.6746096014976501,
            "loss/test/SUN397_epoch": 1.119821548461914,
            "acc/test/SUN397": 0.6746096014976501,
            "normalized_acc/test/SUN397": 0.9009621143341064
        }
    ],
    "PCAM": [
        {
            "acc/test/PCAM_epoch": 0.713592529296875,
            "loss/test/PCAM_epoch": 0.5532652735710144,
            "acc/test/PCAM": 0.713592529296875,
            "normalized_acc/test/PCAM": 0.8272482752799988
        }
    ],
    "avg": [
        {
            "acc/test/avg": 0.6941010653972626,
            "normalized_acc/test/avg": 0.8641051948070526
        }
    ]
}