{
    "RESISC45": [
        {
            "acc/test/RESISC45_epoch": 0.7730158567428589,
            "loss/test/RESISC45_epoch": 0.7251030802726746,
            "acc/test/RESISC45": 0.7730158567428589,
            "normalized_acc/test/RESISC45": 0.8111259341239929
        }
    ],
    "DTD": [
        {
            "acc/test/DTD_epoch": 0.5313829779624939,
            "loss/test/DTD_epoch": 1.6940383911132812,
            "acc/test/DTD": 0.5313829779624939,
            "normalized_acc/test/DTD": 0.6795918345451355
        }
    ],
    "avg": [
        {
            "acc/test/avg": 0.6521994173526764,
            "normalized_acc/test/avg": 0.7453588843345642
        }
    ]
}