{
    "DTD": [
        {
            "acc/test/DTD_epoch": 0.542553186416626,
            "loss/test/DTD_epoch": 1.6429576873779297,
            "acc/test/DTD": 0.542553186416626,
            "normalized_acc/test/DTD": 0.6938775181770325
        }
    ],
    "OxfordIIITPet": [
        {
            "acc/test/OxfordIIITPet_epoch": 0.8689016103744507,
            "loss/test/OxfordIIITPet_epoch": 0.40309587121009827,
            "acc/test/OxfordIIITPet": 0.8689016103744507,
            "normalized_acc/test/OxfordIIITPet": 0.9373713731765747
        }
    ],
    "avg": [
        {
            "acc/test/avg": 0.7057273983955383,
            "normalized_acc/test/avg": 0.8156244456768036
        }
    ]
}