{
    "EuroSAT": [
        {
            "acc/test/EuroSAT_epoch": 0.8770370483398438,
            "loss/test/EuroSAT_epoch": 0.4373186230659485,
            "acc/test/EuroSAT": 0.8770370483398438,
            "normalized_acc/test/EuroSAT": 0.8835821151733398
        }
    ],
    "OxfordIIITPet": [
        {
            "acc/test/OxfordIIITPet_epoch": 0.86045241355896,
            "loss/test/OxfordIIITPet_epoch": 0.428424209356308,
            "acc/test/OxfordIIITPet": 0.86045241355896,
            "normalized_acc/test/OxfordIIITPet": 0.9282563328742981
        }
    ],
    "avg": [
        {
            "acc/test/avg": 0.8687447309494019,
            "normalized_acc/test/avg": 0.905919224023819
        }
    ]
}