{
    "Flowers102": [
        {
            "acc/test/Flowers102_epoch": 0.7114977836608887,
            "loss/test/Flowers102_epoch": 1.2178558111190796,
            "acc/test/Flowers102": 0.7114977836608887,
            "normalized_acc/test/Flowers102": 0.7917118668556213
        }
    ],
    "STL10": [
        {
            "acc/test/STL10_epoch": 0.9796249866485596,
            "loss/test/STL10_epoch": 0.07199634611606598,
            "acc/test/STL10": 0.9796249866485596,
            "normalized_acc/test/STL10": 1.0042285919189453
        }
    ],
    "avg": [
        {
            "acc/test/avg": 0.8455613851547241,
            "normalized_acc/test/avg": 0.8979702293872833
        }
    ]
}