{
    "MNIST": [
        {
            "acc/test/MNIST_epoch": 0.9211999773979187,
            "loss/test/MNIST_epoch": 0.526061475276947,
            "acc/test/MNIST": 0.9211999773979187,
            "normalized_acc/test/MNIST": 0.9262946248054504
        }
    ],
    "DTD": [
        {
            "acc/test/DTD_epoch": 0.5255318880081177,
            "loss/test/DTD_epoch": 1.7511261701583862,
            "acc/test/DTD": 0.5255318880081177,
            "normalized_acc/test/DTD": 0.6721088290214539
        }
    ],
    "avg": [
        {
            "acc/test/avg": 0.7233659327030182,
            "normalized_acc/test/avg": 0.7992017269134521
        }
    ]
}