{
    "STL10": [
        {
            "acc/test/STL10_epoch": 0.9761250019073486,
            "loss/test/STL10_epoch": 0.08703359961509705,
            "acc/test/STL10": 0.9761250019073486,
            "normalized_acc/test/STL10": 1.0006407499313354
        }
    ],
    "Food101": [
        {
            "acc/test/Food101_epoch": 0.8594455718994141,
            "loss/test/Food101_epoch": 0.4749266803264618,
            "acc/test/Food101": 0.8594455718994141,
            "normalized_acc/test/Food101": 0.9989413022994995
        }
    ],
    "avg": [
        {
            "acc/test/avg": 0.9177852869033813,
            "normalized_acc/test/avg": 0.9997910261154175
        }
    ]
}