{
    "FER2013": [
        {
            "acc/test/FER2013_epoch": 0.5645026564598083,
            "loss/test/FER2013_epoch": 1.2038742303848267,
            "acc/test/FER2013": 0.5645026564598083,
            "normalized_acc/test/FER2013": 0.7918702363967896
        }
    ],
    "CIFAR100": [
        {
            "acc/test/CIFAR100_epoch": 0.770799994468689,
            "loss/test/CIFAR100_epoch": 0.8259063363075256,
            "acc/test/CIFAR100": 0.770799994468689,
            "normalized_acc/test/CIFAR100": 0.8863845467567444
        }
    ],
    "avg": [
        {
            "acc/test/avg": 0.6676513254642487,
            "normalized_acc/test/avg": 0.839127391576767
        }
    ]
}