{
    "CIFAR10": [
        {
            "acc/test/CIFAR10_epoch": 0.9513999819755554,
            "loss/test/CIFAR10_epoch": 0.1560777723789215,
            "acc/test/CIFAR10": 0.9513999819755554,
            "normalized_acc/test/CIFAR10": 0.9754946827888489
        }
    ],
    "EMNIST": [
        {
            "acc/test/EMNIST_epoch": 0.8518000245094299,
            "loss/test/EMNIST_epoch": 0.8367297649383545,
            "acc/test/EMNIST": 0.8518000245094299,
            "normalized_acc/test/EMNIST": 0.8565108776092529
        }
    ],
    "avg": [
        {
            "acc/test/avg": 0.9016000032424927,
            "normalized_acc/test/avg": 0.9160027801990509
        }
    ]
}