{
    "CIFAR10": [
        {
            "acc/test/CIFAR10_epoch": 0.9760000109672546,
            "loss/test/CIFAR10_epoch": 0.0785837471485138,
            "acc/test/CIFAR10": 0.9760000109672546,
            "normalized_acc/test/CIFAR10": 0.994295060634613
        }
    ],
    "Food101": [
        {
            "acc/test/Food101_epoch": 0.9063762426376343,
            "loss/test/Food101_epoch": 0.3256753981113434,
            "acc/test/Food101": 0.9063762426376343,
            "normalized_acc/test/Food101": 0.997124433517456
        }
    ],
    "avg": [
        {
            "acc/test/avg": 0.9411881268024445,
            "normalized_acc/test/avg": 0.9957097470760345
        }
    ]
}