{
    "CIFAR100": [
        {
            "acc/test/CIFAR100_epoch": 0.8360000252723694,
            "loss/test/CIFAR100_epoch": 0.6068769097328186,
            "acc/test/CIFAR100": 0.8360000252723694,
            "normalized_acc/test/CIFAR100": 0.9364848136901855
        }
    ],
    "Food101": [
        {
            "acc/test/Food101_epoch": 0.9049900770187378,
            "loss/test/Food101_epoch": 0.3380097448825836,
            "acc/test/Food101": 0.9049900770187378,
            "normalized_acc/test/Food101": 0.9955995082855225
        }
    ],
    "avg": [
        {
            "acc/test/avg": 0.8704950511455536,
            "normalized_acc/test/avg": 0.966042160987854
        }
    ]
}