{
    "Cars": [
        {
            "acc/test/Cars_epoch": 0.7547568678855896,
            "loss/test/Cars_epoch": 0.714484453201294,
            "acc/test/Cars": 0.7547568678855896,
            "normalized_acc/test/Cars": 0.8796926736831665
        }
    ],
    "Food101": [
        {
            "acc/test/Food101_epoch": 0.915643572807312,
            "loss/test/Food101_epoch": 0.2967797815799713,
            "acc/test/Food101": 0.915643572807312,
            "normalized_acc/test/Food101": 1.007319688796997
        }
    ],
    "avg": [
        {
            "acc/test/avg": 0.8352002203464508,
            "normalized_acc/test/avg": 0.9435061812400818
        }
    ]
}