{
    "SVHN": [
        {
            "acc/test/SVHN_epoch": 0.9149892330169678,
            "loss/test/SVHN_epoch": 0.36791566014289856,
            "acc/test/SVHN": 0.9149892330169678,
            "normalized_acc/test/SVHN": 0.9385688304901123
        }
    ],
    "FER2013": [
        {
            "acc/test/FER2013_epoch": 0.6475341320037842,
            "loss/test/FER2013_epoch": 0.9912550449371338,
            "acc/test/FER2013": 0.6475341320037842,
            "normalized_acc/test/FER2013": 0.8783068656921387
        }
    ],
    "avg": [
        {
            "acc/test/avg": 0.781261682510376,
            "normalized_acc/test/avg": 0.9084378480911255
        }
    ]
}