{
    "DTD": [
        {
            "acc/test/DTD_epoch": 0.6186169981956482,
            "loss/test/DTD_epoch": 1.3167505264282227,
            "acc/test/DTD": 0.6186169981956482,
            "normalized_acc/test/DTD": 0.7464697957038879
        }
    ],
    "KMNIST": [
        {
            "acc/test/KMNIST_epoch": 0.5442000031471252,
            "loss/test/KMNIST_epoch": 1.6632591485977173,
            "acc/test/KMNIST": 0.5442000031471252,
            "normalized_acc/test/KMNIST": 0.5533299446105957
        }
    ],
    "avg": [
        {
            "acc/test/avg": 0.5814085006713867,
            "normalized_acc/test/avg": 0.6498998701572418
        }
    ]
}