{
    "OxfordIIITPet": [
        {
            "acc/test/OxfordIIITPet_epoch": 0.9313164353370667,
            "loss/test/OxfordIIITPet_epoch": 0.19873183965682983,
            "acc/test/OxfordIIITPet": 0.9313164353370667,
            "normalized_acc/test/OxfordIIITPet": 0.9799253940582275
        }
    ],
    "FashionMNIST": [
        {
            "acc/test/FashionMNIST_epoch": 0.8952999711036682,
            "loss/test/FashionMNIST_epoch": 0.29752883315086365,
            "acc/test/FashionMNIST": 0.8952999711036682,
            "normalized_acc/test/FashionMNIST": 0.9404411315917969
        }
    ],
    "avg": [
        {
            "acc/test/avg": 0.9133082032203674,
            "normalized_acc/test/avg": 0.9601832628250122
        }
    ]
}