{
    "PCAM": [
        {
            "acc/test/PCAM_epoch": 0.786163330078125,
            "loss/test/PCAM_epoch": 0.44185197353363037,
            "acc/test/PCAM": 0.786163330078125,
            "normalized_acc/test/PCAM": 0.8860798478126526
        }
    ],
    "RenderedSST2": [
        {
            "acc/test/RenderedSST2_epoch": 0.7413508892059326,
            "loss/test/RenderedSST2_epoch": 0.5246227383613586,
            "acc/test/RenderedSST2": 0.7413508892059326,
            "normalized_acc/test/RenderedSST2": 0.9608540534973145
        }
    ],
    "avg": [
        {
            "acc/test/avg": 0.7637571096420288,
            "normalized_acc/test/avg": 0.9234669506549835
        }
    ]
}