{
    "SVHN": [
        {
            "acc/test/SVHN_epoch": 0.9270129203796387,
            "loss/test/SVHN_epoch": 0.335742324590683,
            "acc/test/SVHN": 0.9270129203796387,
            "normalized_acc/test/SVHN": 0.9509024024009705
        }
    ],
    "Food101": [
        {
            "acc/test/Food101_epoch": 0.9072871208190918,
            "loss/test/Food101_epoch": 0.32978367805480957,
            "acc/test/Food101": 0.9072871208190918,
            "normalized_acc/test/Food101": 0.9981265068054199
        }
    ],
    "avg": [
        {
            "acc/test/avg": 0.9171500205993652,
            "normalized_acc/test/avg": 0.9745144546031952
        }
    ]
}