{
    "RESISC45": [
        {
            "acc/test/RESISC45_epoch": 0.8922222256660461,
            "loss/test/RESISC45_epoch": 0.3480832874774933,
            "acc/test/RESISC45": 0.8922222256660461,
            "normalized_acc/test/RESISC45": 0.9229885339736938
        }
    ],
    "FER2013": [
        {
            "acc/test/FER2013_epoch": 0.6751184463500977,
            "loss/test/FER2013_epoch": 0.9126554131507874,
            "acc/test/FER2013": 0.6751184463500977,
            "normalized_acc/test/FER2013": 0.9157218933105469
        }
    ],
    "avg": [
        {
            "acc/test/avg": 0.7836703360080719,
            "normalized_acc/test/avg": 0.9193552136421204
        }
    ]
}