{
    "DTD": [
        {
            "acc/test/DTD_epoch": 0.6074467897415161,
            "loss/test/DTD_epoch": 1.3543574810028076,
            "acc/test/DTD": 0.6074467897415161,
            "normalized_acc/test/DTD": 0.7329909801483154
        }
    ],
    "FashionMNIST": [
        {
            "acc/test/FashionMNIST_epoch": 0.8999999761581421,
            "loss/test/FashionMNIST_epoch": 0.2851877212524414,
            "acc/test/FashionMNIST": 0.8999999761581421,
            "normalized_acc/test/FashionMNIST": 0.9453781247138977
        }
    ],
    "avg": [
        {
            "acc/test/avg": 0.7537233829498291,
            "normalized_acc/test/avg": 0.8391845524311066
        }
    ]
}