{
    "EuroSAT": [
        {
            "acc/test/EuroSAT_epoch": 0.9725925922393799,
            "loss/test/EuroSAT_epoch": 0.11972023546695709,
            "acc/test/EuroSAT": 0.9725925922393799,
            "normalized_acc/test/EuroSAT": 0.9816822409629822
        }
    ],
    "OxfordIIITPet": [
        {
            "acc/test/OxfordIIITPet_epoch": 0.9348596334457397,
            "loss/test/OxfordIIITPet_epoch": 0.19002901017665863,
            "acc/test/OxfordIIITPet": 0.9348596334457397,
            "normalized_acc/test/OxfordIIITPet": 0.9836535453796387
        }
    ],
    "avg": [
        {
            "acc/test/avg": 0.9537261128425598,
            "normalized_acc/test/avg": 0.9826678931713104
        }
    ]
}