{
    "GTSRB": [
        {
            "acc/test/GTSRB_epoch": 0.8937450647354126,
            "loss/test/GTSRB_epoch": 0.47062480449676514,
            "acc/test/GTSRB": 0.8937450647354126,
            "normalized_acc/test/GTSRB": 0.9035460352897644
        }
    ],
    "RenderedSST2": [
        {
            "acc/test/RenderedSST2_epoch": 0.7446457743644714,
            "loss/test/RenderedSST2_epoch": 0.526888370513916,
            "acc/test/RenderedSST2": 0.7446457743644714,
            "normalized_acc/test/RenderedSST2": 0.9651244878768921
        }
    ],
    "avg": [
        {
            "acc/test/avg": 0.819195419549942,
            "normalized_acc/test/avg": 0.9343352615833282
        }
    ]
}