{
    "Cars": [
        {
            "acc/test/Cars_epoch": 0.8490237593650818,
            "loss/test/Cars_epoch": 0.518785834312439,
            "acc/test/Cars": 0.8490237593650818,
            "normalized_acc/test/Cars": 0.9895637035369873
        }
    ],
    "SVHN": [
        {
            "acc/test/SVHN_epoch": 0.9761447310447693,
            "loss/test/SVHN_epoch": 0.10985969007015228,
            "acc/test/SVHN": 0.9761447310447693,
            "normalized_acc/test/SVHN": 1.00130033493042
        }
    ],
    "avg": [
        {
            "acc/test/avg": 0.9125842452049255,
            "normalized_acc/test/avg": 0.9954320192337036
        }
    ]
}