{
    "GTSRB": [
        {
            "acc/test/GTSRB_epoch": 0.9510688781738281,
            "loss/test/GTSRB_epoch": 0.20848342776298523,
            "acc/test/GTSRB": 0.9510688781738281,
            "normalized_acc/test/GTSRB": 0.9614984393119812
        }
    ],
    "MNIST": [
        {
            "acc/test/MNIST_epoch": 0.9958000183105469,
            "loss/test/MNIST_epoch": 0.031040133908391,
            "acc/test/MNIST": 0.9958000183105469,
            "normalized_acc/test/MNIST": 0.999297559261322
        }
    ],
    "avg": [
        {
            "acc/test/avg": 0.9734344482421875,
            "normalized_acc/test/avg": 0.9803979992866516
        }
    ]
}