{
    "Cars": [
        {
            "acc/test/Cars_epoch": 0.8655639886856079,
            "loss/test/Cars_epoch": 0.464388906955719,
            "acc/test/Cars": 0.8655639886856079,
            "normalized_acc/test/Cars": 1.008841872215271
        }
    ],
    "GTSRB": [
        {
            "acc/test/GTSRB_epoch": 0.9887569546699524,
            "loss/test/GTSRB_epoch": 0.050296612083911896,
            "acc/test/GTSRB": 0.9887569546699524,
            "normalized_acc/test/GTSRB": 0.999599814414978
        }
    ],
    "avg": [
        {
            "acc/test/avg": 0.9271604716777802,
            "normalized_acc/test/avg": 1.0042208433151245
        }
    ]
}