{
    "Cars": [
        {
            "acc/test/Cars_epoch": 0.8735231757164001,
            "loss/test/Cars_epoch": 0.4407618045806885,
            "acc/test/Cars": 0.8735231757164001,
            "normalized_acc/test/Cars": 1.0181185007095337
        }
    ],
    "Flowers102": [
        {
            "acc/test/Flowers102_epoch": 0.8954301476478577,
            "loss/test/Flowers102_epoch": 0.41321712732315063,
            "acc/test/Flowers102": 0.8954301476478577,
            "normalized_acc/test/Flowers102": 0.9502933621406555
        }
    ],
    "avg": [
        {
            "acc/test/avg": 0.8844766616821289,
            "normalized_acc/test/avg": 0.9842059314250946
        }
    ]
}