{
    "SUN397": [
        {
            "acc/test/SUN397_epoch": 0.7624685168266296,
            "loss/test/SUN397_epoch": 0.8815751671791077,
            "acc/test/SUN397": 0.7624685168266296,
            "normalized_acc/test/SUN397": 0.9669690728187561
        }
    ],
    "CIFAR10": [
        {
            "acc/test/CIFAR10_epoch": 0.98089998960495,
            "loss/test/CIFAR10_epoch": 0.09014645963907242,
            "acc/test/CIFAR10": 0.98089998960495,
            "normalized_acc/test/CIFAR10": 0.9992868900299072
        }
    ],
    "avg": [
        {
            "acc/test/avg": 0.8716842532157898,
            "normalized_acc/test/avg": 0.9831279814243317
        }
    ]
}