{
    "SUN397": [
        {
            "acc/test/SUN397_epoch": 0.7853400707244873,
            "loss/test/SUN397_epoch": 0.8162313103675842,
            "acc/test/SUN397": 0.7853400707244873,
            "normalized_acc/test/SUN397": 0.9959750175476074
        }
    ],
    "STL10": [
        {
            "acc/test/STL10_epoch": 0.9883750081062317,
            "loss/test/STL10_epoch": 0.044470999389886856,
            "acc/test/STL10": 0.9883750081062317,
            "normalized_acc/test/STL10": 1.0005061626434326
        }
    ],
    "avg": [
        {
            "acc/test/avg": 0.8868575394153595,
            "normalized_acc/test/avg": 0.99824059009552
        }
    ]
}