{
    "SVHN": [
        {
            "acc/test/SVHN_epoch": 0.9643131494522095,
            "loss/test/SVHN_epoch": 0.14642100036144257,
            "acc/test/SVHN": 0.9643131494522095,
            "normalized_acc/test/SVHN": 0.989163875579834
        }
    ],
    "KMNIST": [
        {
            "acc/test/KMNIST_epoch": 0.9570000171661377,
            "loss/test/KMNIST_epoch": 0.16298045217990875,
            "acc/test/KMNIST": 0.9570000171661377,
            "normalized_acc/test/KMNIST": 0.9730554223060608
        }
    ],
    "avg": [
        {
            "acc/test/avg": 0.9606565833091736,
            "normalized_acc/test/avg": 0.9811096489429474
        }
    ]
}