{
    "RESISC45": [
        {
            "acc/test/RESISC45_epoch": 0.8985714316368103,
            "loss/test/RESISC45_epoch": 0.34062886238098145,
            "acc/test/RESISC45": 0.8985714316368103,
            "normalized_acc/test/RESISC45": 0.929556667804718
        }
    ],
    "SVHN": [
        {
            "acc/test/SVHN_epoch": 0.9666948318481445,
            "loss/test/SVHN_epoch": 0.15004181861877441,
            "acc/test/SVHN": 0.9666948318481445,
            "normalized_acc/test/SVHN": 0.9916068911552429
        }
    ],
    "avg": [
        {
            "acc/test/avg": 0.9326331317424774,
            "normalized_acc/test/avg": 0.9605817794799805
        }
    ]
}