{
    "RESISC45": [
        {
            "acc/test/RESISC45_epoch": 0.9136508107185364,
            "loss/test/RESISC45_epoch": 0.2797449231147766,
            "acc/test/RESISC45": 0.9136508107185364,
            "normalized_acc/test/RESISC45": 0.9451560378074646
        }
    ],
    "FashionMNIST": [
        {
            "acc/test/FashionMNIST_epoch": 0.928600013256073,
            "loss/test/FashionMNIST_epoch": 0.20190192759037018,
            "acc/test/FashionMNIST": 0.928600013256073,
            "normalized_acc/test/FashionMNIST": 0.9754201769828796
        }
    ],
    "avg": [
        {
            "acc/test/avg": 0.9211254119873047,
            "normalized_acc/test/avg": 0.9602881073951721
        }
    ]
}