{
    "PCAM": [
        {
            "acc/test/PCAM_epoch": 0.848785400390625,
            "loss/test/PCAM_epoch": 0.3765254616737366,
            "acc/test/PCAM": 0.848785400390625,
            "normalized_acc/test/PCAM": 0.956660807132721
        }
    ],
    "CIFAR100": [
        {
            "acc/test/CIFAR100_epoch": 0.7980999946594238,
            "loss/test/CIFAR100_epoch": 0.7216875553131104,
            "acc/test/CIFAR100": 0.7980999946594238,
            "normalized_acc/test/CIFAR100": 0.8940293192863464
        }
    ],
    "avg": [
        {
            "acc/test/avg": 0.8234426975250244,
            "normalized_acc/test/avg": 0.9253450632095337
        }
    ]
}