{
    "Cars": [
        {
            "acc/test/Cars_epoch": 0.7798781394958496,
            "loss/test/Cars_epoch": 0.6474196910858154,
            "acc/test/Cars": 0.7798781394958496,
            "normalized_acc/test/Cars": 0.9089723229408264
        }
    ],
    "Food101": [
        {
            "acc/test/Food101_epoch": 0.9123168587684631,
            "loss/test/Food101_epoch": 0.30371174216270447,
            "acc/test/Food101": 0.9123168587684631,
            "normalized_acc/test/Food101": 1.0036598443984985
        }
    ],
    "avg": [
        {
            "acc/test/avg": 0.8460974991321564,
            "normalized_acc/test/avg": 0.9563160836696625
        }
    ]
}