{
    "GTSRB": [
        {
            "acc/test/GTSRB_epoch": 0.8983373045921326,
            "loss/test/GTSRB_epoch": 0.4682327210903168,
            "acc/test/GTSRB": 0.8983373045921326,
            "normalized_acc/test/GTSRB": 0.9081886410713196
        }
    ],
    "DTD": [
        {
            "acc/test/DTD_epoch": 0.6191489100456238,
            "loss/test/DTD_epoch": 1.3457512855529785,
            "acc/test/DTD": 0.6191489100456238,
            "normalized_acc/test/DTD": 0.7471116185188293
        }
    ],
    "avg": [
        {
            "acc/test/avg": 0.7587431073188782,
            "normalized_acc/test/avg": 0.8276501297950745
        }
    ]
}