{
    "EuroSAT": [
        {
            "acc/test/EuroSAT_epoch": 0.9477777481079102,
            "loss/test/EuroSAT_epoch": 0.17642715573310852,
            "acc/test/EuroSAT": 0.9477777481079102,
            "normalized_acc/test/EuroSAT": 0.9566355347633362
        }
    ],
    "KMNIST": [
        {
            "acc/test/KMNIST_epoch": 0.39340001344680786,
            "loss/test/KMNIST_epoch": 1.7934857606887817,
            "acc/test/KMNIST": 0.39340001344680786,
            "normalized_acc/test/KMNIST": 0.4000000059604645
        }
    ],
    "avg": [
        {
            "acc/test/avg": 0.670588880777359,
            "normalized_acc/test/avg": 0.6783177703619003
        }
    ]
}