{
    "SVHN": [
        {
            "acc/test/SVHN_epoch": 0.9278964400291443,
            "loss/test/SVHN_epoch": 0.2718294560909271,
            "acc/test/SVHN": 0.9278964400291443,
            "normalized_acc/test/SVHN": 0.9518086910247803
        }
    ],
    "MNIST": [
        {
            "acc/test/MNIST_epoch": 0.9879000186920166,
            "loss/test/MNIST_epoch": 0.07626260071992874,
            "acc/test/MNIST": 0.9879000186920166,
            "normalized_acc/test/MNIST": 0.9913697838783264
        }
    ],
    "avg": [
        {
            "acc/test/avg": 0.9578982293605804,
            "normalized_acc/test/avg": 0.9715892374515533
        }
    ]
}