{
    "Cars": [
        {
            "acc/test/Cars_epoch": 0.7756497859954834,
            "loss/test/Cars_epoch": 0.6472398042678833,
            "acc/test/Cars": 0.7756497859954834,
            "normalized_acc/test/Cars": 0.9040440320968628
        }
    ],
    "FashionMNIST": [
        {
            "acc/test/FashionMNIST_epoch": 0.8956000208854675,
            "loss/test/FashionMNIST_epoch": 0.2986030578613281,
            "acc/test/FashionMNIST": 0.8956000208854675,
            "normalized_acc/test/FashionMNIST": 0.9407563209533691
        }
    ],
    "avg": [
        {
            "acc/test/avg": 0.8356249034404755,
            "normalized_acc/test/avg": 0.922400176525116
        }
    ]
}