{
    "Food101": [
        {
            "acc/test/Food101_epoch": 0.8845148682594299,
            "loss/test/Food101_epoch": 0.45231276750564575,
            "acc/test/Food101": 0.8845148682594299,
            "normalized_acc/test/Food101": 0.9730742573738098
        }
    ],
    "FashionMNIST": [
        {
            "acc/test/FashionMNIST_epoch": 0.9484000205993652,
            "loss/test/FashionMNIST_epoch": 0.17253731191158295,
            "acc/test/FashionMNIST": 0.9484000205993652,
            "normalized_acc/test/FashionMNIST": 0.9962185025215149
        }
    ],
    "avg": [
        {
            "acc/test/avg": 0.9164574444293976,
            "normalized_acc/test/avg": 0.9846463799476624
        }
    ]
}