{
    "SUN397": [
        {
            "acc/test/SUN397_epoch": 0.7641310095787048,
            "loss/test/SUN397_epoch": 0.9145562648773193,
            "acc/test/SUN397": 0.7641310095787048,
            "normalized_acc/test/SUN397": 0.969077467918396
        }
    ],
    "KMNIST": [
        {
            "acc/test/KMNIST_epoch": 0.9793000221252441,
            "loss/test/KMNIST_epoch": 0.08760786801576614,
            "acc/test/KMNIST": 0.9793000221252441,
            "normalized_acc/test/KMNIST": 0.9957295656204224
        }
    ],
    "avg": [
        {
            "acc/test/avg": 0.8717155158519745,
            "normalized_acc/test/avg": 0.9824035167694092
        }
    ]
}