{
    "RESISC45": [
        {
            "acc/test/RESISC45_epoch": 0.9323809742927551,
            "loss/test/RESISC45_epoch": 0.2544960081577301,
            "acc/test/RESISC45": 0.9323809742927551,
            "normalized_acc/test/RESISC45": 0.9645320773124695
        }
    ],
    "SVHN": [
        {
            "acc/test/SVHN_epoch": 0.9740319848060608,
            "loss/test/SVHN_epoch": 0.11502522230148315,
            "acc/test/SVHN": 0.9740319848060608,
            "normalized_acc/test/SVHN": 0.9991331696510315
        }
    ],
    "avg": [
        {
            "acc/test/avg": 0.953206479549408,
            "normalized_acc/test/avg": 0.9818326234817505
        }
    ]
}