{
    "MNIST": [
        {
            "acc/test/MNIST_epoch": 0.9966999888420105,
            "loss/test/MNIST_epoch": 0.027574710547924042,
            "acc/test/MNIST": 0.9966999888420105,
            "normalized_acc/test/MNIST": 1.000200629234314
        }
    ],
    "CIFAR100": [
        {
            "acc/test/CIFAR100_epoch": 0.8468000292778015,
            "loss/test/CIFAR100_epoch": 0.6868663430213928,
            "acc/test/CIFAR100": 0.8468000292778015,
            "normalized_acc/test/CIFAR100": 0.9485829472541809
        }
    ],
    "avg": [
        {
            "acc/test/avg": 0.921750009059906,
            "normalized_acc/test/avg": 0.9743917882442474
        }
    ]
}