{
    "MNIST": [
        {
            "acc/test/MNIST_epoch": 0.9969000220298767,
            "loss/test/MNIST_epoch": 0.02706521935760975,
            "acc/test/MNIST": 0.9969000220298767,
            "normalized_acc/test/MNIST": 1.0004013776779175
        }
    ],
    "RenderedSST2": [
        {
            "acc/test/RenderedSST2_epoch": 0.7902251482009888,
            "loss/test/RenderedSST2_epoch": 0.6642562747001648,
            "acc/test/RenderedSST2": 0.7902251482009888,
            "normalized_acc/test/RenderedSST2": 1.0241992473602295
        }
    ],
    "avg": [
        {
            "acc/test/avg": 0.8935625851154327,
            "normalized_acc/test/avg": 1.0123003125190735
        }
    ]
}