{
    "SUN397": [
        {
            "acc/test/SUN397_epoch": 0.7744080424308777,
            "loss/test/SUN397_epoch": 0.8731450438499451,
            "acc/test/SUN397": 0.7744080424308777,
            "normalized_acc/test/SUN397": 0.9821109175682068
        }
    ],
    "EMNIST": [
        {
            "acc/test/EMNIST_epoch": 0.9968000054359436,
            "loss/test/EMNIST_epoch": 0.027320770546793938,
            "acc/test/EMNIST": 0.9968000054359436,
            "normalized_acc/test/EMNIST": 1.002514362335205
        }
    ],
    "avg": [
        {
            "acc/test/avg": 0.8856040239334106,
            "normalized_acc/test/avg": 0.9923126399517059
        }
    ]
}