{
    "EuroSAT": [
        {
            "acc/test/EuroSAT_epoch": 0.9833333492279053,
            "loss/test/EuroSAT_epoch": 0.05286770686507225,
            "acc/test/EuroSAT": 0.9833333492279053,
            "normalized_acc/test/EuroSAT": 0.9925234317779541
        }
    ],
    "FashionMNIST": [
        {
            "acc/test/FashionMNIST_epoch": 0.9470999836921692,
            "loss/test/FashionMNIST_epoch": 0.17283889651298523,
            "acc/test/FashionMNIST": 0.9470999836921692,
            "normalized_acc/test/FashionMNIST": 0.9948529005050659
        }
    ],
    "avg": [
        {
            "acc/test/avg": 0.9652166664600372,
            "normalized_acc/test/avg": 0.99368816614151
        }
    ]
}