{
    "SUN397": [
        {
            "acc/test/SUN397_epoch": 0.7753652334213257,
            "loss/test/SUN397_epoch": 0.8687700033187866,
            "acc/test/SUN397": 0.7753652334213257,
            "normalized_acc/test/SUN397": 0.9833248257637024
        }
    ],
    "Cars": [
        {
            "acc/test/Cars_epoch": 0.870414137840271,
            "loss/test/Cars_epoch": 0.45999225974082947,
            "acc/test/Cars": 0.870414137840271,
            "normalized_acc/test/Cars": 1.0144948959350586
        }
    ],
    "avg": [
        {
            "acc/test/avg": 0.8228896856307983,
            "normalized_acc/test/avg": 0.9989098608493805
        }
    ]
}