{
    "RESISC45": [
        {
            "acc/test/RESISC45_epoch": 0.9609524011611938,
            "loss/test/RESISC45_epoch": 0.13814231753349304,
            "acc/test/RESISC45": 0.9609524011611938,
            "normalized_acc/test/RESISC45": 0.9940887093544006
        }
    ],
    "STL10": [
        {
            "acc/test/STL10_epoch": 0.9879999756813049,
            "loss/test/STL10_epoch": 0.03866945579648018,
            "acc/test/STL10": 0.9879999756813049,
            "normalized_acc/test/STL10": 1.0001264810562134
        }
    ],
    "avg": [
        {
            "acc/test/avg": 0.9744761884212494,
            "normalized_acc/test/avg": 0.997107595205307
        }
    ]
}