{
    "SVHN": [
        {
            "acc/test/SVHN_epoch": 0.9743776917457581,
            "loss/test/SVHN_epoch": 0.11428438872098923,
            "acc/test/SVHN": 0.9743776917457581,
            "normalized_acc/test/SVHN": 0.9994877576828003
        }
    ],
    "DTD": [
        {
            "acc/test/DTD_epoch": 0.7452127933502197,
            "loss/test/DTD_epoch": 1.033826470375061,
            "acc/test/DTD": 0.7452127933502197,
            "normalized_acc/test/DTD": 0.8992297649383545
        }
    ],
    "avg": [
        {
            "acc/test/avg": 0.8597952425479889,
            "normalized_acc/test/avg": 0.9493587613105774
        }
    ]
}