{
    "EMNIST": [
        {
            "acc/test/EMNIST_epoch": 0.9969000220298767,
            "loss/test/EMNIST_epoch": 0.027745099738240242,
            "acc/test/EMNIST": 0.9969000220298767,
            "normalized_acc/test/EMNIST": 1.002614974975586
        }
    ],
    "RenderedSST2": [
        {
            "acc/test/RenderedSST2_epoch": 0.7792421579360962,
            "loss/test/RenderedSST2_epoch": 0.737045407295227,
            "acc/test/RenderedSST2": 0.7792421579360962,
            "normalized_acc/test/RenderedSST2": 1.0099643468856812
        }
    ],
    "avg": [
        {
            "acc/test/avg": 0.8880710899829865,
            "normalized_acc/test/avg": 1.0062896609306335
        }
    ]
}