{
    "Flowers102": [
        {
            "acc/test/Flowers102_epoch": 0.9248658418655396,
            "loss/test/Flowers102_epoch": 0.2838791012763977,
            "acc/test/Flowers102": 0.9248658418655396,
            "normalized_acc/test/Flowers102": 0.981532633304596
        }
    ],
    "RenderedSST2": [
        {
            "acc/test/RenderedSST2_epoch": 0.7951675057411194,
            "loss/test/RenderedSST2_epoch": 0.8522050380706787,
            "acc/test/RenderedSST2": 0.7951675057411194,
            "normalized_acc/test/RenderedSST2": 1.0306049585342407
        }
    ],
    "avg": [
        {
            "acc/test/avg": 0.8600166738033295,
            "normalized_acc/test/avg": 1.0060687959194183
        }
    ]
}