{
    "EuroSAT": [
        {
            "acc/test/EuroSAT_epoch": 0.9907407164573669,
            "loss/test/EuroSAT_epoch": 0.029119955375790596,
            "acc/test/EuroSAT": 0.9907407164573669,
            "normalized_acc/test/EuroSAT": 1.0
        }
    ],
    "RenderedSST2": [
        {
            "acc/test/RenderedSST2_epoch": 0.7984623908996582,
            "loss/test/RenderedSST2_epoch": 0.7964425683021545,
            "acc/test/RenderedSST2": 0.7984623908996582,
            "normalized_acc/test/RenderedSST2": 1.0348753929138184
        }
    ],
    "avg": [
        {
            "acc/test/avg": 0.8946015536785126,
            "normalized_acc/test/avg": 1.0174376964569092
        }
    ]
}