{
    "Cars": [
        {
            "acc/test/Cars_epoch": 0.8604651093482971,
            "loss/test/Cars_epoch": 0.4796201288700104,
            "acc/test/Cars": 0.8604651093482971,
            "normalized_acc/test/Cars": 1.002898931503296
        }
    ],
    "Food101": [
        {
            "acc/test/Food101_epoch": 0.9123960137367249,
            "loss/test/Food101_epoch": 0.3725653290748596,
            "acc/test/Food101": 0.9123960137367249,
            "normalized_acc/test/Food101": 1.0037469863891602
        }
    ],
    "avg": [
        {
            "acc/test/avg": 0.886430561542511,
            "normalized_acc/test/avg": 1.003322958946228
        }
    ]
}