{
    "PCAM": [
        {
            "acc/test/PCAM_epoch": 0.90380859375,
            "loss/test/PCAM_epoch": 0.2939812242984772,
            "acc/test/PCAM": 0.90380859375,
            "normalized_acc/test/PCAM": 1.0186771154403687
        }
    ],
    "RenderedSST2": [
        {
            "acc/test/RenderedSST2_epoch": 0.8023064136505127,
            "loss/test/RenderedSST2_epoch": 0.5649011135101318,
            "acc/test/RenderedSST2": 0.8023064136505127,
            "normalized_acc/test/RenderedSST2": 1.0398576259613037
        }
    ],
    "avg": [
        {
            "acc/test/avg": 0.8530575037002563,
            "normalized_acc/test/avg": 1.0292673707008362
        }
    ]
}