{
    "MNIST": [
        {
            "acc/test/MNIST_epoch": 0.9962999820709229,
            "loss/test/MNIST_epoch": 0.029125671833753586,
            "acc/test/MNIST": 0.9962999820709229,
            "normalized_acc/test/MNIST": 0.9997992515563965
        }
    ],
    "CIFAR10": [
        {
            "acc/test/CIFAR10_epoch": 0.9761999845504761,
            "loss/test/CIFAR10_epoch": 0.0982985869050026,
            "acc/test/CIFAR10": 0.9761999845504761,
            "normalized_acc/test/CIFAR10": 0.9944987893104553
        }
    ],
    "avg": [
        {
            "acc/test/avg": 0.9862499833106995,
            "normalized_acc/test/avg": 0.9971490204334259
        }
    ]
}