{
    "Flowers102": [
        {
            "acc/test/Flowers102_epoch": 0.666775107383728,
            "loss/test/Flowers102_epoch": 1.2105354070663452,
            "acc/test/Flowers102": 0.666775107383728,
            "normalized_acc/test/Flowers102": 0.707628607749939
        }
    ],
    "PCAM": [
        {
            "acc/test/PCAM_epoch": 0.8717041015625,
            "loss/test/PCAM_epoch": 0.38077619671821594,
            "acc/test/PCAM": 0.8717041015625,
            "normalized_acc/test/PCAM": 0.9824923276901245
        }
    ],
    "avg": [
        {
            "acc/test/avg": 0.769239604473114,
            "normalized_acc/test/avg": 0.8450604677200317
        }
    ]
}