{
    "RESISC45": [
        {
            "acc/test/RESISC45_epoch": 0.9638095498085022,
            "loss/test/RESISC45_epoch": 0.13578584790229797,
            "acc/test/RESISC45": 0.9638095498085022,
            "normalized_acc/test/RESISC45": 0.9970443844795227
        }
    ],
    "RenderedSST2": [
        {
            "acc/test/RenderedSST2_epoch": 0.7929708957672119,
            "loss/test/RenderedSST2_epoch": 0.8498444557189941,
            "acc/test/RenderedSST2": 0.7929708957672119,
            "normalized_acc/test/RenderedSST2": 1.027758002281189
        }
    ],
    "avg": [
        {
            "acc/test/avg": 0.8783902227878571,
            "normalized_acc/test/avg": 1.0124011933803558
        }
    ]
}