{
    "Flowers102": [
        {
            "acc/test/Flowers102_epoch": 0.7557326555252075,
            "loss/test/Flowers102_epoch": 1.0385870933532715,
            "acc/test/Flowers102": 0.7557326555252075,
            "normalized_acc/test/Flowers102": 0.8020365834236145
        }
    ],
    "RenderedSST2": [
        {
            "acc/test/RenderedSST2_epoch": 0.7045579552650452,
            "loss/test/RenderedSST2_epoch": 0.5704378485679626,
            "acc/test/RenderedSST2": 0.7045579552650452,
            "normalized_acc/test/RenderedSST2": 0.9131672382354736
        }
    ],
    "avg": [
        {
            "acc/test/avg": 0.7301453053951263,
            "normalized_acc/test/avg": 0.8576019108295441
        }
    ]
}