{
    "Flowers102": [
        {
            "acc/test/Flowers102_epoch": 0.7430476546287537,
            "loss/test/Flowers102_epoch": 1.0964128971099854,
            "acc/test/Flowers102": 0.7430476546287537,
            "normalized_acc/test/Flowers102": 0.7885743975639343
        }
    ],
    "KMNIST": [
        {
            "acc/test/KMNIST_epoch": 0.1648000031709671,
            "loss/test/KMNIST_epoch": 2.172874689102173,
            "acc/test/KMNIST": 0.1648000031709671,
            "normalized_acc/test/KMNIST": 0.16756482422351837
        }
    ],
    "avg": [
        {
            "acc/test/avg": 0.4539238288998604,
            "normalized_acc/test/avg": 0.47806961089372635
        }
    ]
}