{
    "STL10": [
        {
            "acc/test/STL10_epoch": 0.9861249923706055,
            "loss/test/STL10_epoch": 0.05264841765165329,
            "acc/test/STL10": 0.9861249923706055,
            "normalized_acc/test/STL10": 0.9982285499572754
        }
    ],
    "CIFAR100": [
        {
            "acc/test/CIFAR100_epoch": 0.7986999750137329,
            "loss/test/CIFAR100_epoch": 0.7238547205924988,
            "acc/test/CIFAR100": 0.7986999750137329,
            "normalized_acc/test/CIFAR100": 0.8947014212608337
        }
    ],
    "avg": [
        {
            "acc/test/avg": 0.8924124836921692,
            "normalized_acc/test/avg": 0.9464649856090546
        }
    ]
}