{
    "SVHN": [
        {
            "acc/test/SVHN_epoch": 0.809964656829834,
            "loss/test/SVHN_epoch": 0.8440378308296204,
            "acc/test/SVHN": 0.809964656829834,
            "normalized_acc/test/SVHN": 0.8308377265930176
        }
    ],
    "FER2013": [
        {
            "acc/test/FER2013_epoch": 0.5893006324768066,
            "loss/test/FER2013_epoch": 1.1331171989440918,
            "acc/test/FER2013": 0.5893006324768066,
            "normalized_acc/test/FER2013": 0.7993197441101074
        }
    ],
    "avg": [
        {
            "acc/test/avg": 0.6996326446533203,
            "normalized_acc/test/avg": 0.8150787353515625
        }
    ]
}