{
    "FER2013": [
        {
            "acc/test/FER2013_epoch": 0.6171635389328003,
            "loss/test/FER2013_epoch": 1.077672004699707,
            "acc/test/FER2013": 0.6171635389328003,
            "normalized_acc/test/FER2013": 0.8371126055717468
        }
    ],
    "STL10": [
        {
            "acc/test/STL10_epoch": 0.9862499833106995,
            "loss/test/STL10_epoch": 0.054339826107025146,
            "acc/test/STL10": 0.9862499833106995,
            "normalized_acc/test/STL10": 0.9983550310134888
        }
    ],
    "avg": [
        {
            "acc/test/avg": 0.8017067611217499,
            "normalized_acc/test/avg": 0.9177338182926178
        }
    ]
}