{
    "Cars": [
        {
            "acc/test/Cars_epoch": 0.712971031665802,
            "loss/test/Cars_epoch": 0.8354515433311462,
            "acc/test/Cars": 0.712971031665802,
            "normalized_acc/test/Cars": 0.8309900164604187
        }
    ],
    "CIFAR10": [
        {
            "acc/test/CIFAR10_epoch": 0.9595999717712402,
            "loss/test/CIFAR10_epoch": 0.12742026150226593,
            "acc/test/CIFAR10": 0.9595999717712402,
            "normalized_acc/test/CIFAR10": 0.9775875806808472
        }
    ],
    "avg": [
        {
            "acc/test/avg": 0.8362855017185211,
            "normalized_acc/test/avg": 0.9042887985706329
        }
    ]
}