{
    "MNIST": [
        {
            "acc/test/MNIST_epoch": 0.9950000047683716,
            "loss/test/MNIST_epoch": 0.0390586256980896,
            "acc/test/MNIST": 0.9950000047683716,
            "normalized_acc/test/MNIST": 0.9984947443008423
        }
    ],
    "OxfordIIITPet": [
        {
            "acc/test/OxfordIIITPet_epoch": 0.9299536943435669,
            "loss/test/OxfordIIITPet_epoch": 0.2260221540927887,
            "acc/test/OxfordIIITPet": 0.9299536943435669,
            "normalized_acc/test/OxfordIIITPet": 0.9784915447235107
        }
    ],
    "avg": [
        {
            "acc/test/avg": 0.9624768495559692,
            "normalized_acc/test/avg": 0.9884931445121765
        }
    ]
}