{
    "CIFAR100": [
        {
            "acc/test/CIFAR100_epoch": 0.8664000034332275,
            "loss/test/CIFAR100_epoch": 0.5323120951652527,
            "acc/test/CIFAR100": 0.8664000034332275,
            "normalized_acc/test/CIFAR100": 0.9705387949943542
        }
    ],
    "Food101": [
        {
            "acc/test/Food101_epoch": 0.8910890817642212,
            "loss/test/Food101_epoch": 0.4308275580406189,
            "acc/test/Food101": 0.8910890817642212,
            "normalized_acc/test/Food101": 0.9803066849708557
        }
    ],
    "avg": [
        {
            "acc/test/avg": 0.8787445425987244,
            "normalized_acc/test/avg": 0.975422739982605
        }
    ]
}