{
    "SVHN": [
        {
            "acc/test/SVHN_epoch": 0.9610863327980042,
            "loss/test/SVHN_epoch": 0.17969974875450134,
            "acc/test/SVHN": 0.9610863327980042,
            "normalized_acc/test/SVHN": 0.985853910446167
        }
    ],
    "CIFAR10": [
        {
            "acc/test/CIFAR10_epoch": 0.9688000082969666,
            "loss/test/CIFAR10_epoch": 0.11091011762619019,
            "acc/test/CIFAR10": 0.9688000082969666,
            "normalized_acc/test/CIFAR10": 0.9869601130485535
        }
    ],
    "avg": [
        {
            "acc/test/avg": 0.9649431705474854,
            "normalized_acc/test/avg": 0.9864070117473602
        }
    ]
}