{
    "Flowers102": [
        {
            "acc/test/Flowers102_epoch": 0.7022280097007751,
            "loss/test/Flowers102_epoch": 1.0824564695358276,
            "acc/test/Flowers102": 0.7022280097007751,
            "normalized_acc/test/Flowers102": 0.7452536821365356
        }
    ],
    "PCAM": [
        {
            "acc/test/PCAM_epoch": 0.888275146484375,
            "loss/test/PCAM_epoch": 0.2589939832687378,
            "acc/test/PCAM": 0.888275146484375,
            "normalized_acc/test/PCAM": 1.0011694431304932
        }
    ],
    "avg": [
        {
            "acc/test/avg": 0.7952515780925751,
            "normalized_acc/test/avg": 0.8732115626335144
        }
    ]
}