{
    "SUN397": [
        {
            "acc/test/SUN397_epoch": 0.75632244348526,
            "loss/test/SUN397_epoch": 0.8978381752967834,
            "acc/test/SUN397": 0.75632244348526,
            "normalized_acc/test/SUN397": 0.9591745734214783
        }
    ],
    "GTSRB": [
        {
            "acc/test/GTSRB_epoch": 0.9761678576469421,
            "loss/test/GTSRB_epoch": 0.11012497544288635,
            "acc/test/GTSRB": 0.9761678576469421,
            "normalized_acc/test/GTSRB": 0.986872673034668
        }
    ],
    "avg": [
        {
            "acc/test/avg": 0.8662451505661011,
            "normalized_acc/test/avg": 0.9730236232280731
        }
    ]
}